city,catalogue,layer,mode,weights,window,reachable,quota,hours,reference,swaps,minimum_loss_percent
Valencia,working,Full,connectors_shade,21,Morning,398,59,1610,local,0,0.0
Valencia,working,Full,connectors_shade,21,Morning,398,59,1610,local,1,0.0067002209047656944
Valencia,working,Full,connectors_shade,21,Morning,398,59,1610,local,2,0.03548095386169303
Valencia,working,Full,connectors_shade,21,Morning,398,59,1610,local,3,0.11700536036333793
Valencia,working,Full,connectors_shade,21,Morning,398,59,1610,local,4,0.22988439145366618
Valencia,working,Full,connectors_shade,21,Morning,398,59,1610,local,5,0.3505446190366855
Valencia,working,Full,connectors_shade,21,Morning,398,59,1610,local,6,0.49394332386441586
Valencia,working,Full,connectors_shade,21,Morning,398,59,1610,local,7,0.654168987543493
Valencia,working,Full,connectors_shade,21,Morning,398,59,1610,local,8,0.8411746966808804
Valencia,working,Full,connectors_shade,21,Morning,398,59,1610,local,9,1.0352337444548052
Valencia,working,Full,connectors_shade,21,Morning,398,59,1610,local,10,1.2330335355041335
Valencia,working,Full,connectors_shade,21,Morning,398,59,1610,local,11,1.4446488030670424
Valencia,working,Full,connectors_shade,21,Morning,398,59,1610,local,12,1.6621647271453592
Valencia,working,Full,connectors_shade,21,Morning,398,59,1610,local,13,1.891909952121448
Valencia,working,Full,connectors_shade,21,Morning,398,59,1610,local,14,2.1405148435808443
Valencia,working,Full,connectors_shade,21,Morning,398,59,1610,local,15,2.3964276236005393
Valencia,working,Full,connectors_shade,21,Morning,398,59,1610,local,16,2.65590529757286
Valencia,working,Full,connectors_shade,21,Morning,398,59,1610,local,17,2.9869822997204487
Valencia,working,Full,connectors_shade,21,Morning,398,59,1610,local,18,3.347518630116753
Valencia,working,Full,connectors_shade,21,Morning,398,59,1610,local,19,3.71508954160397
Valencia,working,Full,connectors_shade,21,Morning,398,59,1610,local,20,4.089955639229377
Valencia,working,Full,connectors_shade,21,Morning,398,59,1610,local,21,4.502542323525387
Valencia,working,Full,connectors_shade,21,Morning,398,59,1610,local,22,4.938053460049179
Valencia,working,Full,connectors_shade,21,Morning,398,59,1610,local,23,5.401490874245514
Valencia,working,Full,connectors_shade,21,Morning,398,59,1610,local,24,5.877873272929811
Valencia,working,Full,connectors_shade,21,Morning,398,59,1610,local,25,6.359059907975444
Valencia,working,Full,connectors_shade,21,Morning,398,59,1610,local,26,6.863895284049829
Valencia,working,Full,connectors_shade,21,Morning,398,59,1610,local,27,7.3785038588810865
Valencia,working,Full,connectors_shade,21,Morning,398,59,1610,local,28,7.923358863999285
Valencia,working,Full,connectors_shade,21,Morning,398,59,1610,local,29,8.482195933549061
Valencia,working,Full,connectors_shade,21,Morning,398,59,1610,local,30,9.107769032117657
Valencia,working,Full,connectors_shade,21,Morning,398,59,1610,local,31,9.750786744145755
Valencia,working,Full,connectors_shade,21,Morning,398,59,1610,local,32,10.428813761260344
Valencia,working,Full,connectors_shade,21,Morning,398,59,1610,local,33,11.113155263904595
Valencia,working,Full,connectors_shade,21,Morning,398,59,1610,local,34,11.810985895911982
Valencia,working,Full,connectors_shade,21,Morning,398,59,1610,local,35,12.525427390882463
Valencia,working,Full,connectors_shade,21,Morning,398,59,1610,local,36,13.262159769434295
Valencia,working,Full,connectors_shade,21,Morning,398,59,1610,local,37,14.016492791575573
Valencia,working,Full,connectors_shade,21,Morning,398,59,1610,local,38,14.82548738228278
Valencia,working,Full,connectors_shade,21,Morning,398,59,1610,local,39,15.674053800308933
Valencia,working,Full,connectors_shade,21,Morning,398,59,1610,local,40,16.53448594507633
Valencia,working,Full,connectors_shade,21,Morning,398,59,1610,local,41,17.525361807226144
Valencia,working,Full,connectors_shade,21,Morning,398,59,1610,local,42,18.538456793075003
Valencia,working,Full,connectors_shade,21,Morning,398,59,1610,local,43,19.56175414456292
Valencia,working,Full,connectors_shade,21,Morning,398,59,1610,local,44,20.612537846326525
Valencia,working,Full,connectors_shade,21,Morning,398,59,1610,local,45,21.729144405798635
Valencia,working,Full,connectors_shade,21,Morning,398,59,1610,local,46,22.859777666899213
Valencia,working,Full,connectors_shade,21,Morning,398,59,1610,local,47,24.1102501501878
Valencia,working,Full,connectors_shade,21,Morning,398,59,1610,local,48,25.53958536982943
Valencia,working,Full,connectors_shade,21,Morning,398,59,1610,local,49,26.985091215612496
Valencia,working,Full,connectors_shade,21,Morning,398,59,1610,local,50,28.439218191546015
Valencia,working,Full,connectors_shade,21,Morning,398,59,1610,local,51,30.099693731287033
Valencia,working,Full,connectors_shade,21,Morning,398,59,1610,local,52,31.844859072037917
Valencia,working,Full,connectors_shade,21,Morning,398,59,1610,local,53,33.81045294197206
Valencia,working,Full,connectors_shade,21,Morning,398,59,1610,local,54,35.80407896087933
Valencia,working,Full,connectors_shade,21,Morning,398,59,1610,local,55,37.94101506107966
Valencia,working,Full,connectors_shade,21,Morning,398,59,1610,local,56,40.217935747398116
Valencia,working,Full,connectors_shade,21,Morning,398,59,1610,local,57,42.73223797501853
Valencia,working,Full,connectors_shade,21,Morning,398,59,1610,local,58,45.98574043613969
Valencia,working,Full,connectors_shade,21,Morning,398,59,1610,local,59,49.39234631126336
Valencia,working,Full,connectors_shade,21,Morning,398,59,1610,regional,0,0.0
Valencia,working,Full,connectors_shade,21,Morning,398,59,1610,regional,1,0.009278569402479828
Valencia,working,Full,connectors_shade,21,Morning,398,59,1610,regional,2,0.05942988833774712
Valencia,working,Full,connectors_shade,21,Morning,398,59,1610,regional,3,0.1326542868473595
Valencia,working,Full,connectors_shade,21,Morning,398,59,1610,regional,4,0.23786555760694036
Valencia,working,Full,connectors_shade,21,Morning,398,59,1610,regional,5,0.36406543456662727
Valencia,working,Full,connectors_shade,21,Morning,398,59,1610,regional,6,0.5109900425717314
Valencia,working,Full,connectors_shade,21,Morning,398,59,1610,regional,7,0.6714254561491111
Valencia,working,Full,connectors_shade,21,Morning,398,59,1610,regional,8,0.8551926305231767
Valencia,working,Full,connectors_shade,21,Morning,398,59,1610,regional,9,1.0471755745314038
Valencia,working,Full,connectors_shade,21,Morning,398,59,1610,regional,10,1.2423331648220741
Valencia,working,Full,connectors_shade,21,Morning,398,59,1610,regional,11,1.4484258486978003
Valencia,working,Full,connectors_shade,21,Morning,398,59,1610,regional,12,1.690319308816594
Valencia,working,Full,connectors_shade,21,Morning,398,59,1610,regional,13,1.9375263743777986
Valencia,working,Full,connectors_shade,21,Morning,398,59,1610,regional,14,2.2008497495116943
Valencia,working,Full,connectors_shade,21,Morning,398,59,1610,regional,15,2.484209704842354
Valencia,working,Full,connectors_shade,21,Morning,398,59,1610,regional,16,2.775828730297442
Valencia,working,Full,connectors_shade,21,Morning,398,59,1610,regional,17,3.1014489912643195
Valencia,working,Full,connectors_shade,21,Morning,398,59,1610,regional,18,3.4400986435374525
Valencia,working,Full,connectors_shade,21,Morning,398,59,1610,regional,19,3.7955635268633974
Valencia,working,Full,connectors_shade,21,Morning,398,59,1610,regional,20,4.155719812306951
Valencia,working,Full,connectors_shade,21,Morning,398,59,1610,regional,21,4.550819800728928
Valencia,working,Full,connectors_shade,21,Morning,398,59,1610,regional,22,4.959472029225471
Valencia,working,Full,connectors_shade,21,Morning,398,59,1610,regional,23,5.378178642194693
Valencia,working,Full,connectors_shade,21,Morning,398,59,1610,regional,24,5.802897090979788
Valencia,working,Full,connectors_shade,21,Morning,398,59,1610,regional,25,6.263768987735865
Valencia,working,Full,connectors_shade,21,Morning,398,59,1610,regional,26,6.731918833022706
Valencia,working,Full,connectors_shade,21,Morning,398,59,1610,regional,27,7.242804927836768
Valencia,working,Full,connectors_shade,21,Morning,398,59,1610,regional,28,7.791668418050557
Valencia,working,Full,connectors_shade,21,Morning,398,59,1610,regional,29,8.365544695632755
Valencia,working,Full,connectors_shade,21,Morning,398,59,1610,regional,30,8.981938365211997
Valencia,working,Full,connectors_shade,21,Morning,398,59,1610,regional,31,9.61792958682498
Valencia,working,Full,connectors_shade,21,Morning,398,59,1610,regional,32,10.257804434460509
Valencia,working,Full,connectors_shade,21,Morning,398,59,1610,regional,33,10.907357242036564
Valencia,working,Full,connectors_shade,21,Morning,398,59,1610,regional,34,11.562694101990003
Valencia,working,Full,connectors_shade,21,Morning,398,59,1610,regional,35,12.241103791656144
Valencia,working,Full,connectors_shade,21,Morning,398,59,1610,regional,36,12.930510944625183
Valencia,working,Full,connectors_shade,21,Morning,398,59,1610,regional,37,13.626753477369379
Valencia,working,Full,connectors_shade,21,Morning,398,59,1610,regional,38,14.342674203661975
Valencia,working,Full,connectors_shade,21,Morning,398,59,1610,regional,39,15.095996718566907
Valencia,working,Full,connectors_shade,21,Morning,398,59,1610,regional,40,15.915257262581864
Valencia,working,Full,connectors_shade,21,Morning,398,59,1610,regional,41,16.827326243346896
Valencia,working,Full,connectors_shade,21,Morning,398,59,1610,regional,42,17.800320342970537
Valencia,working,Full,connectors_shade,21,Morning,398,59,1610,regional,43,18.781260558358735
Valencia,working,Full,connectors_shade,21,Morning,398,59,1610,regional,44,19.793268612362205
Valencia,working,Full,connectors_shade,21,Morning,398,59,1610,regional,45,20.864506590966048
Valencia,working,Full,connectors_shade,21,Morning,398,59,1610,regional,46,21.941434647390295
Valencia,working,Full,connectors_shade,21,Morning,398,59,1610,regional,47,23.137656649641627
Valencia,working,Full,connectors_shade,21,Morning,398,59,1610,regional,48,24.50361761572044
Valencia,working,Full,connectors_shade,21,Morning,398,59,1610,regional,49,25.877652748995242
Valencia,working,Full,connectors_shade,21,Morning,398,59,1610,regional,50,27.2700463917051
Valencia,working,Full,connectors_shade,21,Morning,398,59,1610,regional,51,28.87627268225518
Valencia,working,Full,connectors_shade,21,Morning,398,59,1610,regional,52,30.549164109914674
Valencia,working,Full,connectors_shade,21,Morning,398,59,1610,regional,53,32.4559977411581
Valencia,working,Full,connectors_shade,21,Morning,398,59,1610,regional,54,34.39528515099387
Valencia,working,Full,connectors_shade,21,Morning,398,59,1610,regional,55,36.47614463282263
Valencia,working,Full,connectors_shade,21,Morning,398,59,1610,regional,56,38.69127774945931
Valencia,working,Full,connectors_shade,21,Morning,398,59,1610,regional,57,41.13835171517188
Valencia,working,Full,connectors_shade,21,Morning,398,59,1610,regional,58,44.32747694792556
Valencia,working,Full,connectors_shade,21,Morning,398,59,1610,regional,59,47.798442971933845
Valencia,working,Full,connectors_shade,21,Morning,398,59,1610,uniform_area,0,0.0
Valencia,working,Full,connectors_shade,21,Morning,398,59,1610,uniform_area,1,0.01379446778193928
Valencia,working,Full,connectors_shade,21,Morning,398,59,1610,uniform_area,2,0.04952324658237126
Valencia,working,Full,connectors_shade,21,Morning,398,59,1610,uniform_area,3,0.12012450068563364
Valencia,working,Full,connectors_shade,21,Morning,398,59,1610,uniform_area,4,0.2021279204965026
Valencia,working,Full,connectors_shade,21,Morning,398,59,1610,uniform_area,5,0.2942757118214244
Valencia,working,Full,connectors_shade,21,Morning,398,59,1610,uniform_area,6,0.4118746720149718
Valencia,working,Full,connectors_shade,21,Morning,398,59,1610,uniform_area,7,0.5618929483953142
Valencia,working,Full,connectors_shade,21,Morning,398,59,1610,uniform_area,8,0.7296100889049307
Valencia,working,Full,connectors_shade,21,Morning,398,59,1610,uniform_area,9,0.9145516706567662
Valencia,working,Full,connectors_shade,21,Morning,398,59,1610,uniform_area,10,1.119269678613137
Valencia,working,Full,connectors_shade,21,Morning,398,59,1610,uniform_area,11,1.331208764951068
Valencia,working,Full,connectors_shade,21,Morning,398,59,1610,uniform_area,12,1.5539533773405618
Valencia,working,Full,connectors_shade,21,Morning,398,59,1610,uniform_area,13,1.795770468950007
Valencia,working,Full,connectors_shade,21,Morning,398,59,1610,uniform_area,14,2.047228679633561
Valencia,working,Full,connectors_shade,21,Morning,398,59,1610,uniform_area,15,2.3173500390851256
Valencia,working,Full,connectors_shade,21,Morning,398,59,1610,uniform_area,16,2.6206469891380406
Valencia,working,Full,connectors_shade,21,Morning,398,59,1610,uniform_area,17,2.944994400611511
Valencia,working,Full,connectors_shade,21,Morning,398,59,1610,uniform_area,18,3.3065939367590986
Valencia,working,Full,connectors_shade,21,Morning,398,59,1610,uniform_area,19,3.670327405287447
Valencia,working,Full,connectors_shade,21,Morning,398,59,1610,uniform_area,20,4.053657782442743
Valencia,working,Full,connectors_shade,21,Morning,398,59,1610,uniform_area,21,4.471238898399768
Valencia,working,Full,connectors_shade,21,Morning,398,59,1610,uniform_area,22,4.902607353629367
Valencia,working,Full,connectors_shade,21,Morning,398,59,1610,uniform_area,23,5.34736011194481
Valencia,working,Full,connectors_shade,21,Morning,398,59,1610,uniform_area,24,5.818327356489297
Valencia,working,Full,connectors_shade,21,Morning,398,59,1610,uniform_area,25,6.2957754053759025
Valencia,working,Full,connectors_shade,21,Morning,398,59,1610,uniform_area,26,6.776591859434463
Valencia,working,Full,connectors_shade,21,Morning,398,59,1610,uniform_area,27,7.303731169537557
Valencia,working,Full,connectors_shade,21,Morning,398,59,1610,uniform_area,28,7.88169058015582
Valencia,working,Full,connectors_shade,21,Morning,398,59,1610,uniform_area,29,8.494504968340493
Valencia,working,Full,connectors_shade,21,Morning,398,59,1610,uniform_area,30,9.126592000865584
Valencia,working,Full,connectors_shade,21,Morning,398,59,1610,uniform_area,31,9.779770265820538
Valencia,working,Full,connectors_shade,21,Morning,398,59,1610,uniform_area,32,10.45663787759138
Valencia,working,Full,connectors_shade,21,Morning,398,59,1610,uniform_area,33,11.145574670707317
Valencia,working,Full,connectors_shade,21,Morning,398,59,1610,uniform_area,34,11.850667516381849
Valencia,working,Full,connectors_shade,21,Morning,398,59,1610,uniform_area,35,12.57514322823217
Valencia,working,Full,connectors_shade,21,Morning,398,59,1610,uniform_area,36,13.335083985427236
Valencia,working,Full,connectors_shade,21,Morning,398,59,1610,uniform_area,37,14.123360754524143
Valencia,working,Full,connectors_shade,21,Morning,398,59,1610,uniform_area,38,14.918632147495758
Valencia,working,Full,connectors_shade,21,Morning,398,59,1610,uniform_area,39,15.763526163711076
Valencia,working,Full,connectors_shade,21,Morning,398,59,1610,uniform_area,40,16.666717739165254
Valencia,working,Full,connectors_shade,21,Morning,398,59,1610,uniform_area,41,17.615305111496866
Valencia,working,Full,connectors_shade,21,Morning,398,59,1610,uniform_area,42,18.66138398866649
Valencia,working,Full,connectors_shade,21,Morning,398,59,1610,uniform_area,43,19.719078678263678
Valencia,working,Full,connectors_shade,21,Morning,398,59,1610,uniform_area,44,20.814466572394352
Valencia,working,Full,connectors_shade,21,Morning,398,59,1610,uniform_area,45,21.970994103088607
Valencia,working,Full,connectors_shade,21,Morning,398,59,1610,uniform_area,46,23.13174454561885
Valencia,working,Full,connectors_shade,21,Morning,398,59,1610,uniform_area,47,24.408013546628613
Valencia,working,Full,connectors_shade,21,Morning,398,59,1610,uniform_area,48,25.854332427328615
Valencia,working,Full,connectors_shade,21,Morning,398,59,1610,uniform_area,49,27.318747839234792
Valencia,working,Full,connectors_shade,21,Morning,398,59,1610,uniform_area,50,28.79268464013539
Valencia,working,Full,connectors_shade,21,Morning,398,59,1610,uniform_area,51,30.480739305725837
Valencia,working,Full,connectors_shade,21,Morning,398,59,1610,uniform_area,52,32.24808218308691
Valencia,working,Full,connectors_shade,21,Morning,398,59,1610,uniform_area,53,34.23972665051567
Valencia,working,Full,connectors_shade,21,Morning,398,59,1610,uniform_area,54,36.264073274986735
Valencia,working,Full,connectors_shade,21,Morning,398,59,1610,uniform_area,55,38.42952420215344
Valencia,working,Full,connectors_shade,21,Morning,398,59,1610,uniform_area,56,40.72570442942638
Valencia,working,Full,connectors_shade,21,Morning,398,59,1610,uniform_area,57,43.26513198504773
Valencia,working,Full,connectors_shade,21,Morning,398,59,1610,uniform_area,58,46.554448270761014
Valencia,working,Full,connectors_shade,21,Morning,398,59,1610,uniform_area,59,50.047448866399904
Valencia,working,Full,connectors_shade,21,Afternoon,398,59,1610,local,0,0.0
Valencia,working,Full,connectors_shade,21,Afternoon,398,59,1610,local,1,0.00255087825725327
Valencia,working,Full,connectors_shade,21,Afternoon,398,59,1610,local,2,0.007863738118661326
Valencia,working,Full,connectors_shade,21,Afternoon,398,59,1610,local,3,0.030549532601064532
Valencia,working,Full,connectors_shade,21,Afternoon,398,59,1610,local,4,0.072101435771227
Valencia,working,Full,connectors_shade,21,Afternoon,398,59,1610,local,5,0.1176496894958803
Valencia,working,Full,connectors_shade,21,Afternoon,398,59,1610,local,6,0.17057167735461456
Valencia,working,Full,connectors_shade,21,Afternoon,398,59,1610,local,7,0.2289535761108991
Valencia,working,Full,connectors_shade,21,Afternoon,398,59,1610,local,8,0.28898094017318743
Valencia,working,Full,connectors_shade,21,Afternoon,398,59,1610,local,9,0.3676342150273098
Valencia,working,Full,connectors_shade,21,Afternoon,398,59,1610,local,10,0.4628435827514524
Valencia,working,Full,connectors_shade,21,Afternoon,398,59,1610,local,11,0.5723690468862843
Valencia,working,Full,connectors_shade,21,Afternoon,398,59,1610,local,12,0.6996935219178562
Valencia,working,Full,connectors_shade,21,Afternoon,398,59,1610,local,13,0.853103451066326
Valencia,working,Full,connectors_shade,21,Afternoon,398,59,1610,local,14,1.019174001631663
Valencia,working,Full,connectors_shade,21,Afternoon,398,59,1610,local,15,1.1938789393648426
Valencia,working,Full,connectors_shade,21,Afternoon,398,59,1610,local,16,1.3924064910696994
Valencia,working,Full,connectors_shade,21,Afternoon,398,59,1610,local,17,1.6239394308219188
Valencia,working,Full,connectors_shade,21,Afternoon,398,59,1610,local,18,1.8618612926426943
Valencia,working,Full,connectors_shade,21,Afternoon,398,59,1610,local,19,2.1162638631700665
Valencia,working,Full,connectors_shade,21,Afternoon,398,59,1610,local,20,2.3776411094060785
Valencia,working,Full,connectors_shade,21,Afternoon,398,59,1610,local,21,2.6430431500466756
Valencia,working,Full,connectors_shade,21,Afternoon,398,59,1610,local,22,2.9199630671011967
Valencia,working,Full,connectors_shade,21,Afternoon,398,59,1610,local,23,3.1983975274522787
Valencia,working,Full,connectors_shade,21,Afternoon,398,59,1610,local,24,3.480125604279037
Valencia,working,Full,connectors_shade,21,Afternoon,398,59,1610,local,25,3.770249344833801
Valencia,working,Full,connectors_shade,21,Afternoon,398,59,1610,local,26,4.073399593430033
Valencia,working,Full,connectors_shade,21,Afternoon,398,59,1610,local,27,4.424516875202789
Valencia,working,Full,connectors_shade,21,Afternoon,398,59,1610,local,28,4.861065111898027
Valencia,working,Full,connectors_shade,21,Afternoon,398,59,1610,local,29,5.3269834063134125
Valencia,working,Full,connectors_shade,21,Afternoon,398,59,1610,local,30,5.804852298854359
Valencia,working,Full,connectors_shade,21,Afternoon,398,59,1610,local,31,6.304359644413819
Valencia,working,Full,connectors_shade,21,Afternoon,398,59,1610,local,32,6.808042358879491
Valencia,working,Full,connectors_shade,21,Afternoon,398,59,1610,local,33,7.321943503993297
Valencia,working,Full,connectors_shade,21,Afternoon,398,59,1610,local,34,7.84759823082539
Valencia,working,Full,connectors_shade,21,Afternoon,398,59,1610,local,35,8.38383119020297
Valencia,working,Full,connectors_shade,21,Afternoon,398,59,1610,local,36,8.95488066119057
Valencia,working,Full,connectors_shade,21,Afternoon,398,59,1610,local,37,9.573705119179671
Valencia,working,Full,connectors_shade,21,Afternoon,398,59,1610,local,38,10.217441599598024
Valencia,working,Full,connectors_shade,21,Afternoon,398,59,1610,local,39,10.980744133243544
Valencia,working,Full,connectors_shade,21,Afternoon,398,59,1610,local,40,11.799514888122257
Valencia,working,Full,connectors_shade,21,Afternoon,398,59,1610,local,41,12.619968191223736
Valencia,working,Full,connectors_shade,21,Afternoon,398,59,1610,local,42,13.559065313341534
Valencia,working,Full,connectors_shade,21,Afternoon,398,59,1610,local,43,14.509508430442779
Valencia,working,Full,connectors_shade,21,Afternoon,398,59,1610,local,44,15.462100335395707
Valencia,working,Full,connectors_shade,21,Afternoon,398,59,1610,local,45,16.425609625483922
Valencia,working,Full,connectors_shade,21,Afternoon,398,59,1610,local,46,17.50145715736173
Valencia,working,Full,connectors_shade,21,Afternoon,398,59,1610,local,47,18.67354614853667
Valencia,working,Full,connectors_shade,21,Afternoon,398,59,1610,local,48,19.871024013700218
Valencia,working,Full,connectors_shade,21,Afternoon,398,59,1610,local,49,21.142942501147377
Valencia,working,Full,connectors_shade,21,Afternoon,398,59,1610,local,50,22.437867716096655
Valencia,working,Full,connectors_shade,21,Afternoon,398,59,1610,local,51,23.768146172361643
Valencia,working,Full,connectors_shade,21,Afternoon,398,59,1610,local,52,25.14832000116372
Valencia,working,Full,connectors_shade,21,Afternoon,398,59,1610,local,53,26.770569421492162
Valencia,working,Full,connectors_shade,21,Afternoon,398,59,1610,local,54,28.560105057203167
Valencia,working,Full,connectors_shade,21,Afternoon,398,59,1610,local,55,30.420388093432656
Valencia,working,Full,connectors_shade,21,Afternoon,398,59,1610,local,56,32.29916784210448
Valencia,working,Full,connectors_shade,21,Afternoon,398,59,1610,local,57,34.22471966382181
Valencia,working,Full,connectors_shade,21,Afternoon,398,59,1610,local,58,36.800243115408385
Valencia,working,Full,connectors_shade,21,Afternoon,398,59,1610,local,59,39.7492475818908
Valencia,working,Full,connectors_shade,21,Afternoon,398,59,1610,regional,0,0.0
Valencia,working,Full,connectors_shade,21,Afternoon,398,59,1610,regional,1,0.005313473816985034
Valencia,working,Full,connectors_shade,21,Afternoon,398,59,1610,regional,2,0.01595431653872115
Valencia,working,Full,connectors_shade,21,Afternoon,398,59,1610,regional,3,0.03821263368271417
Valencia,working,Full,connectors_shade,21,Afternoon,398,59,1610,regional,4,0.06330768494736101
Valencia,working,Full,connectors_shade,21,Afternoon,398,59,1610,regional,5,0.11439031291439726
Valencia,working,Full,connectors_shade,21,Afternoon,398,59,1610,regional,6,0.1689438989546272
Valencia,working,Full,connectors_shade,21,Afternoon,398,59,1610,regional,7,0.22384361660054508
Valencia,working,Full,connectors_shade,21,Afternoon,398,59,1610,regional,8,0.3184018121544654
Valencia,working,Full,connectors_shade,21,Afternoon,398,59,1610,regional,9,0.42025319915992587
Valencia,working,Full,connectors_shade,21,Afternoon,398,59,1610,regional,10,0.5320023288869266
Valencia,working,Full,connectors_shade,21,Afternoon,398,59,1610,regional,11,0.6501954556166956
Valencia,working,Full,connectors_shade,21,Afternoon,398,59,1610,regional,12,0.7710981438222421
Valencia,working,Full,connectors_shade,21,Afternoon,398,59,1610,regional,13,0.9071143440917727
Valencia,working,Full,connectors_shade,21,Afternoon,398,59,1610,regional,14,1.0682088608546658
Valencia,working,Full,connectors_shade,21,Afternoon,398,59,1610,regional,15,1.2447224589896917
Valencia,working,Full,connectors_shade,21,Afternoon,398,59,1610,regional,16,1.4429990818323486
Valencia,working,Full,connectors_shade,21,Afternoon,398,59,1610,regional,17,1.6473991917620223
Valencia,working,Full,connectors_shade,21,Afternoon,398,59,1610,regional,18,1.8750077640335658
Valencia,working,Full,connectors_shade,21,Afternoon,398,59,1610,regional,19,2.118127358885002
Valencia,working,Full,connectors_shade,21,Afternoon,398,59,1610,regional,20,2.3815237913513316
Valencia,working,Full,connectors_shade,21,Afternoon,398,59,1610,regional,21,2.65911848652192
Valencia,working,Full,connectors_shade,21,Afternoon,398,59,1610,regional,22,2.9549098220530547
Valencia,working,Full,connectors_shade,21,Afternoon,398,59,1610,regional,23,3.260502867372171
Valencia,working,Full,connectors_shade,21,Afternoon,398,59,1610,regional,24,3.573599911921174
Valencia,working,Full,connectors_shade,21,Afternoon,398,59,1610,regional,25,3.9095825080729534
Valencia,working,Full,connectors_shade,21,Afternoon,398,59,1610,regional,26,4.254948205939024
Valencia,working,Full,connectors_shade,21,Afternoon,398,59,1610,regional,27,4.609182977625624
Valencia,working,Full,connectors_shade,21,Afternoon,398,59,1610,regional,28,4.967802304565636
Valencia,working,Full,connectors_shade,21,Afternoon,398,59,1610,regional,29,5.32850929583689
Valencia,working,Full,connectors_shade,21,Afternoon,398,59,1610,regional,30,5.692585661957258
Valencia,working,Full,connectors_shade,21,Afternoon,398,59,1610,regional,31,6.067321838594507
Valencia,working,Full,connectors_shade,21,Afternoon,398,59,1610,regional,32,6.490149733624526
Valencia,working,Full,connectors_shade,21,Afternoon,398,59,1610,regional,33,6.919555703896206
Valencia,working,Full,connectors_shade,21,Afternoon,398,59,1610,regional,34,7.370743853831615
Valencia,working,Full,connectors_shade,21,Afternoon,398,59,1610,regional,35,7.8409823175317115
Valencia,working,Full,connectors_shade,21,Afternoon,398,59,1610,regional,36,8.32933508367794
Valencia,working,Full,connectors_shade,21,Afternoon,398,59,1610,regional,37,8.868326493272983
Valencia,working,Full,connectors_shade,21,Afternoon,398,59,1610,regional,38,9.444321489661824
Valencia,working,Full,connectors_shade,21,Afternoon,398,59,1610,regional,39,10.068169703296942
Valencia,working,Full,connectors_shade,21,Afternoon,398,59,1610,regional,40,10.6959671551558
Valencia,working,Full,connectors_shade,21,Afternoon,398,59,1610,regional,41,11.406101346823265
Valencia,working,Full,connectors_shade,21,Afternoon,398,59,1610,regional,42,12.182185974905254
Valencia,working,Full,connectors_shade,21,Afternoon,398,59,1610,regional,43,13.055593501507822
Valencia,working,Full,connectors_shade,21,Afternoon,398,59,1610,regional,44,13.94213928858754
Valencia,working,Full,connectors_shade,21,Afternoon,398,59,1610,regional,45,14.872423526955938
Valencia,working,Full,connectors_shade,21,Afternoon,398,59,1610,regional,46,15.809576501535657
Valencia,working,Full,connectors_shade,21,Afternoon,398,59,1610,regional,47,16.77580564105128
Valencia,working,Full,connectors_shade,21,Afternoon,398,59,1610,regional,48,17.80661429522425
Valencia,working,Full,connectors_shade,21,Afternoon,398,59,1610,regional,49,18.855316227658168
Valencia,working,Full,connectors_shade,21,Afternoon,398,59,1610,regional,50,19.91986181932713
Valencia,working,Full,connectors_shade,21,Afternoon,398,59,1610,regional,51,21.072403194744492
Valencia,working,Full,connectors_shade,21,Afternoon,398,59,1610,regional,52,22.485054798237044
Valencia,working,Full,connectors_shade,21,Afternoon,398,59,1610,regional,53,24.066685261060638
Valencia,working,Full,connectors_shade,21,Afternoon,398,59,1610,regional,54,25.69484524847334
Valencia,working,Full,connectors_shade,21,Afternoon,398,59,1610,regional,55,27.349830925817646
Valencia,working,Full,connectors_shade,21,Afternoon,398,59,1610,regional,56,29.054830813112535
Valencia,working,Full,connectors_shade,21,Afternoon,398,59,1610,regional,57,30.845982484032017
Valencia,working,Full,connectors_shade,21,Afternoon,398,59,1610,regional,58,33.12674950247481
Valencia,working,Full,connectors_shade,21,Afternoon,398,59,1610,regional,59,35.74605561314964
Valencia,working,Full,connectors_shade,21,Afternoon,398,59,1610,uniform_area,0,0.0
Valencia,working,Full,connectors_shade,21,Afternoon,398,59,1610,uniform_area,1,0.0008987390401298414
Valencia,working,Full,connectors_shade,21,Afternoon,398,59,1610,uniform_area,2,0.008099106192911064
Valencia,working,Full,connectors_shade,21,Afternoon,398,59,1610,uniform_area,3,0.02063882252667791
Valencia,working,Full,connectors_shade,21,Afternoon,398,59,1610,uniform_area,4,0.05840349931055321
Valencia,working,Full,connectors_shade,21,Afternoon,398,59,1610,uniform_area,5,0.11220181900274132
Valencia,working,Full,connectors_shade,21,Afternoon,398,59,1610,uniform_area,6,0.1749183563382803
Valencia,working,Full,connectors_shade,21,Afternoon,398,59,1610,uniform_area,7,0.24232856287221533
Valencia,working,Full,connectors_shade,21,Afternoon,398,59,1610,uniform_area,8,0.3272420112324488
Valencia,working,Full,connectors_shade,21,Afternoon,398,59,1610,uniform_area,9,0.4150471038726375
Valencia,working,Full,connectors_shade,21,Afternoon,398,59,1610,uniform_area,10,0.5049470725630889
Valencia,working,Full,connectors_shade,21,Afternoon,398,59,1610,uniform_area,11,0.5996472860220614
Valencia,working,Full,connectors_shade,21,Afternoon,398,59,1610,uniform_area,12,0.7072416954284745
Valencia,working,Full,connectors_shade,21,Afternoon,398,59,1610,uniform_area,13,0.8392115016030357
Valencia,working,Full,connectors_shade,21,Afternoon,398,59,1610,uniform_area,14,0.9805110142764177
Valencia,working,Full,connectors_shade,21,Afternoon,398,59,1610,uniform_area,15,1.1436233315107551
Valencia,working,Full,connectors_shade,21,Afternoon,398,59,1610,uniform_area,16,1.3255944565254187
Valencia,working,Full,connectors_shade,21,Afternoon,398,59,1610,uniform_area,17,1.52700473384479
Valencia,working,Full,connectors_shade,21,Afternoon,398,59,1610,uniform_area,18,1.732905694446525
Valencia,working,Full,connectors_shade,21,Afternoon,398,59,1610,uniform_area,19,1.94485962613779
Valencia,working,Full,connectors_shade,21,Afternoon,398,59,1610,uniform_area,20,2.177893047169593
Valencia,working,Full,connectors_shade,21,Afternoon,398,59,1610,uniform_area,21,2.443201098527346
Valencia,working,Full,connectors_shade,21,Afternoon,398,59,1610,uniform_area,22,2.727977624951969
Valencia,working,Full,connectors_shade,21,Afternoon,398,59,1610,uniform_area,23,3.018051999798884
Valencia,working,Full,connectors_shade,21,Afternoon,398,59,1610,uniform_area,24,3.309116687586125
Valencia,working,Full,connectors_shade,21,Afternoon,398,59,1610,uniform_area,25,3.6032477398746687
Valencia,working,Full,connectors_shade,21,Afternoon,398,59,1610,uniform_area,26,3.90805097435582
Valencia,working,Full,connectors_shade,21,Afternoon,398,59,1610,uniform_area,27,4.224133553211003
Valencia,working,Full,connectors_shade,21,Afternoon,398,59,1610,uniform_area,28,4.541821136983659
Valencia,working,Full,connectors_shade,21,Afternoon,398,59,1610,uniform_area,29,4.864070184118401
Valencia,working,Full,connectors_shade,21,Afternoon,398,59,1610,uniform_area,30,5.252606919010435
Valencia,working,Full,connectors_shade,21,Afternoon,398,59,1610,uniform_area,31,5.651042873604142
Valencia,working,Full,connectors_shade,21,Afternoon,398,59,1610,uniform_area,32,6.088180298450975
Valencia,working,Full,connectors_shade,21,Afternoon,398,59,1610,uniform_area,33,6.575311164813158
Valencia,working,Full,connectors_shade,21,Afternoon,398,59,1610,uniform_area,34,7.083196609830767
Valencia,working,Full,connectors_shade,21,Afternoon,398,59,1610,uniform_area,35,7.661076342468044
Valencia,working,Full,connectors_shade,21,Afternoon,398,59,1610,uniform_area,36,8.269538970299493
Valencia,working,Full,connectors_shade,21,Afternoon,398,59,1610,uniform_area,37,8.895150599269776
Valencia,working,Full,connectors_shade,21,Afternoon,398,59,1610,uniform_area,38,9.648690850975706
Valencia,working,Full,connectors_shade,21,Afternoon,398,59,1610,uniform_area,39,10.426927674197808
Valencia,working,Full,connectors_shade,21,Afternoon,398,59,1610,uniform_area,40,11.256169393225095
Valencia,working,Full,connectors_shade,21,Afternoon,398,59,1610,uniform_area,41,12.10451098933861
Valencia,working,Full,connectors_shade,21,Afternoon,398,59,1610,uniform_area,42,13.01832352206033
Valencia,working,Full,connectors_shade,21,Afternoon,398,59,1610,uniform_area,43,13.985639220962574
Valencia,working,Full,connectors_shade,21,Afternoon,398,59,1610,uniform_area,44,15.13182449306358
Valencia,working,Full,connectors_shade,21,Afternoon,398,59,1610,uniform_area,45,16.2868137543589
Valencia,working,Full,connectors_shade,21,Afternoon,398,59,1610,uniform_area,46,17.448544188351562
Valencia,working,Full,connectors_shade,21,Afternoon,398,59,1610,uniform_area,47,18.63654577550711
Valencia,working,Full,connectors_shade,21,Afternoon,398,59,1610,uniform_area,48,19.85921599017365
Valencia,working,Full,connectors_shade,21,Afternoon,398,59,1610,uniform_area,49,21.116308303943395
Valencia,working,Full,connectors_shade,21,Afternoon,398,59,1610,uniform_area,50,22.395573100342883
Valencia,working,Full,connectors_shade,21,Afternoon,398,59,1610,uniform_area,51,23.857859392058387
Valencia,working,Full,connectors_shade,21,Afternoon,398,59,1610,uniform_area,52,25.580367003356717
Valencia,working,Full,connectors_shade,21,Afternoon,398,59,1610,uniform_area,53,27.3391700834911
Valencia,working,Full,connectors_shade,21,Afternoon,398,59,1610,uniform_area,54,29.11736453068816
Valencia,working,Full,connectors_shade,21,Afternoon,398,59,1610,uniform_area,55,31.0981110328818
Valencia,working,Full,connectors_shade,21,Afternoon,398,59,1610,uniform_area,56,33.14022492126368
Valencia,working,Full,connectors_shade,21,Afternoon,398,59,1610,uniform_area,57,35.19519855677761
Valencia,working,Full,connectors_shade,21,Afternoon,398,59,1610,uniform_area,58,37.90602065718119
Valencia,working,Full,connectors_shade,21,Afternoon,398,59,1610,uniform_area,59,40.94726448570478
Valencia,working,Full,connectors_shade,41,Morning,398,59,1610,local,0,0.0
Valencia,working,Full,connectors_shade,41,Morning,398,59,1610,local,1,0.0031951242059170167
Valencia,working,Full,connectors_shade,41,Morning,398,59,1610,local,2,0.033583606304735586
Valencia,working,Full,connectors_shade,41,Morning,398,59,1610,local,3,0.09664060433835567
Valencia,working,Full,connectors_shade,41,Morning,398,59,1610,local,4,0.19289333750998075
Valencia,working,Full,connectors_shade,41,Morning,398,59,1610,local,5,0.31213252111600626
Valencia,working,Full,connectors_shade,41,Morning,398,59,1610,local,6,0.4491670519021016
Valencia,working,Full,connectors_shade,41,Morning,398,59,1610,local,7,0.6282425924134538
Valencia,working,Full,connectors_shade,41,Morning,398,59,1610,local,8,0.8156239689375744
Valencia,working,Full,connectors_shade,41,Morning,398,59,1610,local,9,1.006019743128046
Valencia,working,Full,connectors_shade,41,Morning,398,59,1610,local,10,1.2058320287387883
Valencia,working,Full,connectors_shade,41,Morning,398,59,1610,local,11,1.4146520937010043
Valencia,working,Full,connectors_shade,41,Morning,398,59,1610,local,12,1.6444361583208191
Valencia,working,Full,connectors_shade,41,Morning,398,59,1610,local,13,1.8879997472377394
Valencia,working,Full,connectors_shade,41,Morning,398,59,1610,local,14,2.1380190263266363
Valencia,working,Full,connectors_shade,41,Morning,398,59,1610,local,15,2.397388860124105
Valencia,working,Full,connectors_shade,41,Morning,398,59,1610,local,16,2.7174038734337063
Valencia,working,Full,connectors_shade,41,Morning,398,59,1610,local,17,3.050291007395257
Valencia,working,Full,connectors_shade,41,Morning,398,59,1610,local,18,3.4127985356624695
Valencia,working,Full,connectors_shade,41,Morning,398,59,1610,local,19,3.7823791059192593
Valencia,working,Full,connectors_shade,41,Morning,398,59,1610,local,20,4.159294748046054
Valencia,working,Full,connectors_shade,41,Morning,398,59,1610,local,21,4.57413721053994
Valencia,working,Full,connectors_shade,41,Morning,398,59,1610,local,22,5.0120294625095125
Valencia,working,Full,connectors_shade,41,Morning,398,59,1610,local,23,5.485724450870246
Valencia,working,Full,connectors_shade,41,Morning,398,59,1610,local,24,5.969105720897236
Valencia,working,Full,connectors_shade,41,Morning,398,59,1610,local,25,6.458285860387524
Valencia,working,Full,connectors_shade,41,Morning,398,59,1610,local,26,6.970902995374474
Valencia,working,Full,connectors_shade,41,Morning,398,59,1610,local,27,7.489830266257872
Valencia,working,Full,connectors_shade,41,Morning,398,59,1610,local,28,8.046711172537783
Valencia,working,Full,connectors_shade,41,Morning,398,59,1610,local,29,8.613813202042987
Valencia,working,Full,connectors_shade,41,Morning,398,59,1610,local,30,9.247721388020357
Valencia,working,Full,connectors_shade,41,Morning,398,59,1610,local,31,9.900936491735116
Valencia,working,Full,connectors_shade,41,Morning,398,59,1610,local,32,10.585055726434137
Valencia,working,Full,connectors_shade,41,Morning,398,59,1610,local,33,11.286469952416155
Valencia,working,Full,connectors_shade,41,Morning,398,59,1610,local,34,11.988596957175853
Valencia,working,Full,connectors_shade,41,Morning,398,59,1610,local,35,12.71626302186508
Valencia,working,Full,connectors_shade,41,Morning,398,59,1610,local,36,13.461880742987697
Valencia,working,Full,connectors_shade,41,Morning,398,59,1610,local,37,14.220792346178227
Valencia,working,Full,connectors_shade,41,Morning,398,59,1610,local,38,15.02151548380721
Valencia,working,Full,connectors_shade,41,Morning,398,59,1610,local,39,15.847013884835533
Valencia,working,Full,connectors_shade,41,Morning,398,59,1610,local,40,16.71067298542635
Valencia,working,Full,connectors_shade,41,Morning,398,59,1610,local,41,17.57974690890185
Valencia,working,Full,connectors_shade,41,Morning,398,59,1610,local,42,18.578746617866038
Valencia,working,Full,connectors_shade,41,Morning,398,59,1610,local,43,19.598649395917867
Valencia,working,Full,connectors_shade,41,Morning,398,59,1610,local,44,20.640805295840924
Valencia,working,Full,connectors_shade,41,Morning,398,59,1610,local,45,21.721368213820387
Valencia,working,Full,connectors_shade,41,Morning,398,59,1610,local,46,22.856870905555947
Valencia,working,Full,connectors_shade,41,Morning,398,59,1610,local,47,24.006337511793937
Valencia,working,Full,connectors_shade,41,Morning,398,59,1610,local,48,25.447100127548797
Valencia,working,Full,connectors_shade,41,Morning,398,59,1610,local,49,26.906900502300033
Valencia,working,Full,connectors_shade,41,Morning,398,59,1610,local,50,28.37063549314678
Valencia,working,Full,connectors_shade,41,Morning,398,59,1610,local,51,30.040404945338192
Valencia,working,Full,connectors_shade,41,Morning,398,59,1610,local,52,31.796828154779913
Valencia,working,Full,connectors_shade,41,Morning,398,59,1610,local,53,33.780037799285104
Valencia,working,Full,connectors_shade,41,Morning,398,59,1610,local,54,35.78593837640094
Valencia,working,Full,connectors_shade,41,Morning,398,59,1610,local,55,37.94488451898003
Valencia,working,Full,connectors_shade,41,Morning,398,59,1610,local,56,40.23939423322776
Valencia,working,Full,connectors_shade,41,Morning,398,59,1610,local,57,42.76958953393268
Valencia,working,Full,connectors_shade,41,Morning,398,59,1610,local,58,46.05611033502558
Valencia,working,Full,connectors_shade,41,Morning,398,59,1610,local,59,49.491322678900836
Valencia,working,Full,connectors_shade,41,Morning,398,59,1610,regional,0,0.0
Valencia,working,Full,connectors_shade,41,Morning,398,59,1610,regional,1,0.028970129600087446
Valencia,working,Full,connectors_shade,41,Morning,398,59,1610,regional,2,0.07790236259477946
Valencia,working,Full,connectors_shade,41,Morning,398,59,1610,regional,3,0.15973284486312345
Valencia,working,Full,connectors_shade,41,Morning,398,59,1610,regional,4,0.27227680130326876
Valencia,working,Full,connectors_shade,41,Morning,398,59,1610,regional,5,0.41336684614486785
Valencia,working,Full,connectors_shade,41,Morning,398,59,1610,regional,6,0.5637763496514065
Valencia,working,Full,connectors_shade,41,Morning,398,59,1610,regional,7,0.7337715918165506
Valencia,working,Full,connectors_shade,41,Morning,398,59,1610,regional,8,0.9206516826066675
Valencia,working,Full,connectors_shade,41,Morning,398,59,1610,regional,9,1.1135830257691854
Valencia,working,Full,connectors_shade,41,Morning,398,59,1610,regional,10,1.3144043828895307
Valencia,working,Full,connectors_shade,41,Morning,398,59,1610,regional,11,1.5532940629173415
Valencia,working,Full,connectors_shade,41,Morning,398,59,1610,regional,12,1.7988946523447984
Valencia,working,Full,connectors_shade,41,Morning,398,59,1610,regional,13,2.0517700226768687
Valencia,working,Full,connectors_shade,41,Morning,398,59,1610,regional,14,2.333132269027597
Valencia,working,Full,connectors_shade,41,Morning,398,59,1610,regional,15,2.6243840194018038
Valencia,working,Full,connectors_shade,41,Morning,398,59,1610,regional,16,2.9197785590379643
Valencia,working,Full,connectors_shade,41,Morning,398,59,1610,regional,17,3.252017011833255
Valencia,working,Full,connectors_shade,41,Morning,398,59,1610,regional,18,3.6020285897874267
Valencia,working,Full,connectors_shade,41,Morning,398,59,1610,regional,19,3.960860222536883
Valencia,working,Full,connectors_shade,41,Morning,398,59,1610,regional,20,4.34549394883396
Valencia,working,Full,connectors_shade,41,Morning,398,59,1610,regional,21,4.745112846103284
Valencia,working,Full,connectors_shade,41,Morning,398,59,1610,regional,22,5.155902498254745
Valencia,working,Full,connectors_shade,41,Morning,398,59,1610,regional,23,5.584661487681216
Valencia,working,Full,connectors_shade,41,Morning,398,59,1610,regional,24,6.024300799177623
Valencia,working,Full,connectors_shade,41,Morning,398,59,1610,regional,25,6.49357966010787
Valencia,working,Full,connectors_shade,41,Morning,398,59,1610,regional,26,6.976154021511628
Valencia,working,Full,connectors_shade,41,Morning,398,59,1610,regional,27,7.506291334231034
Valencia,working,Full,connectors_shade,41,Morning,398,59,1610,regional,28,8.063884521467406
Valencia,working,Full,connectors_shade,41,Morning,398,59,1610,regional,29,8.651152517463961
Valencia,working,Full,connectors_shade,41,Morning,398,59,1610,regional,30,9.273012935446198
Valencia,working,Full,connectors_shade,41,Morning,398,59,1610,regional,31,9.915570524587642
Valencia,working,Full,connectors_shade,41,Morning,398,59,1610,regional,32,10.559222829826853
Valencia,working,Full,connectors_shade,41,Morning,398,59,1610,regional,33,11.212629204182418
Valencia,working,Full,connectors_shade,41,Morning,398,59,1610,regional,34,11.875213524574894
Valencia,working,Full,connectors_shade,41,Morning,398,59,1610,regional,35,12.557418618642762
Valencia,working,Full,connectors_shade,41,Morning,398,59,1610,regional,36,13.254999924672862
Valencia,working,Full,connectors_shade,41,Morning,398,59,1610,regional,37,13.959344895574532
Valencia,working,Full,connectors_shade,41,Morning,398,59,1610,regional,38,14.686036044015571
Valencia,working,Full,connectors_shade,41,Morning,398,59,1610,regional,39,15.446873825897862
Valencia,working,Full,connectors_shade,41,Morning,398,59,1610,regional,40,16.210934690466466
Valencia,working,Full,connectors_shade,41,Morning,398,59,1610,regional,41,17.042949286674833
Valencia,working,Full,connectors_shade,41,Morning,398,59,1610,regional,42,17.969050959881773
Valencia,working,Full,connectors_shade,41,Morning,398,59,1610,regional,43,18.949256280233868
Valencia,working,Full,connectors_shade,41,Morning,398,59,1610,regional,44,19.93931180237034
Valencia,working,Full,connectors_shade,41,Morning,398,59,1610,regional,45,20.959476161581698
Valencia,working,Full,connectors_shade,41,Morning,398,59,1610,regional,46,22.043347105819024
Valencia,working,Full,connectors_shade,41,Morning,398,59,1610,regional,47,23.13609712496909
Valencia,working,Full,connectors_shade,41,Morning,398,59,1610,regional,48,24.515259885746097
Valencia,working,Full,connectors_shade,41,Morning,398,59,1610,regional,49,25.899211842526228
Valencia,working,Full,connectors_shade,41,Morning,398,59,1610,regional,50,27.305424915456634
Valencia,working,Full,connectors_shade,41,Morning,398,59,1610,regional,51,28.91959017842306
Valencia,working,Full,connectors_shade,41,Morning,398,59,1610,regional,52,30.600613196525394
Valencia,working,Full,connectors_shade,41,Morning,398,59,1610,regional,53,32.52761399660026
Valencia,working,Full,connectors_shade,41,Morning,398,59,1610,regional,54,34.47596562725123
Valencia,working,Full,connectors_shade,41,Morning,398,59,1610,regional,55,36.571451713674655
Valencia,working,Full,connectors_shade,41,Morning,398,59,1610,regional,56,38.797281019101405
Valencia,working,Full,connectors_shade,41,Morning,398,59,1610,regional,57,41.26323680473707
Valencia,working,Full,connectors_shade,41,Morning,398,59,1610,regional,58,44.46931788395739
Valencia,working,Full,connectors_shade,41,Morning,398,59,1610,regional,59,47.95829324915514
Valencia,working,Full,connectors_shade,41,Morning,398,59,1610,uniform_area,0,0.0
Valencia,working,Full,connectors_shade,41,Morning,398,59,1610,uniform_area,1,0.00604790588890889
Valencia,working,Full,connectors_shade,41,Morning,398,59,1610,uniform_area,2,0.033412319860789484
Valencia,working,Full,connectors_shade,41,Morning,398,59,1610,uniform_area,3,0.08611580295151057
Valencia,working,Full,connectors_shade,41,Morning,398,59,1610,uniform_area,4,0.16752186709577246
Valencia,working,Full,connectors_shade,41,Morning,398,59,1610,uniform_area,5,0.28548385432765333
Valencia,working,Full,connectors_shade,41,Morning,398,59,1610,uniform_area,6,0.42562583265303294
Valencia,working,Full,connectors_shade,41,Morning,398,59,1610,uniform_area,7,0.5814285757312703
Valencia,working,Full,connectors_shade,41,Morning,398,59,1610,uniform_area,8,0.752707030763504
Valencia,working,Full,connectors_shade,41,Morning,398,59,1610,uniform_area,9,0.9494366666058746
Valencia,working,Full,connectors_shade,41,Morning,398,59,1610,uniform_area,10,1.155192542865163
Valencia,working,Full,connectors_shade,41,Morning,398,59,1610,uniform_area,11,1.3697849374369868
Valencia,working,Full,connectors_shade,41,Morning,398,59,1610,uniform_area,12,1.6114985820895065
Valencia,working,Full,connectors_shade,41,Morning,398,59,1610,uniform_area,13,1.8583741036986874
Valencia,working,Full,connectors_shade,41,Morning,398,59,1610,uniform_area,14,2.1235909529276653
Valencia,working,Full,connectors_shade,41,Morning,398,59,1610,uniform_area,15,2.4250376099852247
Valencia,working,Full,connectors_shade,41,Morning,398,59,1610,uniform_area,16,2.7372064217930516
Valencia,working,Full,connectors_shade,41,Morning,398,59,1610,uniform_area,17,3.0727415560620375
Valencia,working,Full,connectors_shade,41,Morning,398,59,1610,uniform_area,18,3.4371262712240283
Valencia,working,Full,connectors_shade,41,Morning,398,59,1610,uniform_area,19,3.817174856844969
Valencia,working,Full,connectors_shade,41,Morning,398,59,1610,uniform_area,20,4.213489712442447
Valencia,working,Full,connectors_shade,41,Morning,398,59,1610,uniform_area,21,4.645974803267432
Valencia,working,Full,connectors_shade,41,Morning,398,59,1610,uniform_area,22,5.097279462837727
Valencia,working,Full,connectors_shade,41,Morning,398,59,1610,uniform_area,23,5.5593572042903325
Valencia,working,Full,connectors_shade,41,Morning,398,59,1610,uniform_area,24,6.035101347478943
Valencia,working,Full,connectors_shade,41,Morning,398,59,1610,uniform_area,25,6.519505204033906
Valencia,working,Full,connectors_shade,41,Morning,398,59,1610,uniform_area,26,7.019335554086489
Valencia,working,Full,connectors_shade,41,Morning,398,59,1610,uniform_area,27,7.562343138878762
Valencia,working,Full,connectors_shade,41,Morning,398,59,1610,uniform_area,28,8.143285214885458
Valencia,working,Full,connectors_shade,41,Morning,398,59,1610,uniform_area,29,8.761911262312896
Valencia,working,Full,connectors_shade,41,Morning,398,59,1610,uniform_area,30,9.412344844636783
Valencia,working,Full,connectors_shade,41,Morning,398,59,1610,uniform_area,31,10.072856217548773
Valencia,working,Full,connectors_shade,41,Morning,398,59,1610,uniform_area,32,10.764276748825326
Valencia,working,Full,connectors_shade,41,Morning,398,59,1610,uniform_area,33,11.462756233026145
Valencia,working,Full,connectors_shade,41,Morning,398,59,1610,uniform_area,34,12.176463612103829
Valencia,working,Full,connectors_shade,41,Morning,398,59,1610,uniform_area,35,12.915069737804387
Valencia,working,Full,connectors_shade,41,Morning,398,59,1610,uniform_area,36,13.688022651641235
Valencia,working,Full,connectors_shade,41,Morning,398,59,1610,uniform_area,37,14.484184485596334
Valencia,working,Full,connectors_shade,41,Morning,398,59,1610,uniform_area,38,15.290767543202598
Valencia,working,Full,connectors_shade,41,Morning,398,59,1610,uniform_area,39,16.129622761157414
Valencia,working,Full,connectors_shade,41,Morning,398,59,1610,uniform_area,40,16.98712603550737
Valencia,working,Full,connectors_shade,41,Morning,398,59,1610,uniform_area,41,17.90223761630723
Valencia,working,Full,connectors_shade,41,Morning,398,59,1610,uniform_area,42,18.86397995552615
Valencia,working,Full,connectors_shade,41,Morning,398,59,1610,uniform_area,43,19.92789773612745
Valencia,working,Full,connectors_shade,41,Morning,398,59,1610,uniform_area,44,21.00237618550872
Valencia,working,Full,connectors_shade,41,Morning,398,59,1610,uniform_area,45,22.10655407774692
Valencia,working,Full,connectors_shade,41,Morning,398,59,1610,uniform_area,46,23.273755187840102
Valencia,working,Full,connectors_shade,41,Morning,398,59,1610,uniform_area,47,24.44454614491579
Valencia,working,Full,connectors_shade,41,Morning,398,59,1610,uniform_area,48,25.905252514130378
Valencia,working,Full,connectors_shade,41,Morning,398,59,1610,uniform_area,49,27.381947155014075
Valencia,working,Full,connectors_shade,41,Morning,398,59,1610,uniform_area,50,28.864349761299664
Valencia,working,Full,connectors_shade,41,Morning,398,59,1610,uniform_area,51,30.56480238021022
Valencia,working,Full,connectors_shade,41,Morning,398,59,1610,uniform_area,52,32.34339568197104
Valencia,working,Full,connectors_shade,41,Morning,398,59,1610,uniform_area,53,34.35416695007802
Valencia,working,Full,connectors_shade,41,Morning,398,59,1610,uniform_area,54,36.38883810954953
Valencia,working,Full,connectors_shade,41,Morning,398,59,1610,uniform_area,55,38.5653116502411
Valencia,working,Full,connectors_shade,41,Morning,398,59,1610,uniform_area,56,40.88290022243915
Valencia,working,Full,connectors_shade,41,Morning,398,59,1610,uniform_area,57,43.445531127554574
Valencia,working,Full,connectors_shade,41,Morning,398,59,1610,uniform_area,58,46.75876812848829
Valencia,working,Full,connectors_shade,41,Morning,398,59,1610,uniform_area,59,50.27294457136224
Valencia,working,Full,connectors_shade,41,Afternoon,398,59,1610,local,0,0.0
Valencia,working,Full,connectors_shade,41,Afternoon,398,59,1610,local,1,0.0020841871819291665
Valencia,working,Full,connectors_shade,41,Afternoon,398,59,1610,local,2,0.010445733919216195
Valencia,working,Full,connectors_shade,41,Afternoon,398,59,1610,local,3,0.02259000127458064
Valencia,working,Full,connectors_shade,41,Afternoon,398,59,1610,local,4,0.049695739097042536
Valencia,working,Full,connectors_shade,41,Afternoon,398,59,1610,local,5,0.09358990537132277
Valencia,working,Full,connectors_shade,41,Afternoon,398,59,1610,local,6,0.14321735315730583
Valencia,working,Full,connectors_shade,41,Afternoon,398,59,1610,local,7,0.2011872511719273
Valencia,working,Full,connectors_shade,41,Afternoon,398,59,1610,local,8,0.2633684959740307
Valencia,working,Full,connectors_shade,41,Afternoon,398,59,1610,local,9,0.32610633396626226
Valencia,working,Full,connectors_shade,41,Afternoon,398,59,1610,local,10,0.41796552409622423
Valencia,working,Full,connectors_shade,41,Afternoon,398,59,1610,local,11,0.5355117215300301
Valencia,working,Full,connectors_shade,41,Afternoon,398,59,1610,local,12,0.6642360986627646
Valencia,working,Full,connectors_shade,41,Afternoon,398,59,1610,local,13,0.8051231005760554
Valencia,working,Full,connectors_shade,41,Afternoon,398,59,1610,local,14,0.9723866253826196
Valencia,working,Full,connectors_shade,41,Afternoon,398,59,1610,local,15,1.1570073491108779
Valencia,working,Full,connectors_shade,41,Afternoon,398,59,1610,local,16,1.3650662392455009
Valencia,working,Full,connectors_shade,41,Afternoon,398,59,1610,local,17,1.5934331436240787
Valencia,working,Full,connectors_shade,41,Afternoon,398,59,1610,local,18,1.8339765675521313
Valencia,working,Full,connectors_shade,41,Afternoon,398,59,1610,local,19,2.0771563655070806
Valencia,working,Full,connectors_shade,41,Afternoon,398,59,1610,local,20,2.3375650574962847
Valencia,working,Full,connectors_shade,41,Afternoon,398,59,1610,local,21,2.6069849787335317
Valencia,working,Full,connectors_shade,41,Afternoon,398,59,1610,local,22,2.8787947016799746
Valencia,working,Full,connectors_shade,41,Afternoon,398,59,1610,local,23,3.163489091707221
Valencia,working,Full,connectors_shade,41,Afternoon,398,59,1610,local,24,3.456698279185463
Valencia,working,Full,connectors_shade,41,Afternoon,398,59,1610,local,25,3.7586271732423144
Valencia,working,Full,connectors_shade,41,Afternoon,398,59,1610,local,26,4.069569295591977
Valencia,working,Full,connectors_shade,41,Afternoon,398,59,1610,local,27,4.427548870947122
Valencia,working,Full,connectors_shade,41,Afternoon,398,59,1610,local,28,4.870904903182509
Valencia,working,Full,connectors_shade,41,Afternoon,398,59,1610,local,29,5.317126537937467
Valencia,working,Full,connectors_shade,41,Afternoon,398,59,1610,local,30,5.7961425021138
Valencia,working,Full,connectors_shade,41,Afternoon,398,59,1610,local,31,6.287858059835416
Valencia,working,Full,connectors_shade,41,Afternoon,398,59,1610,local,32,6.799706947667144
Valencia,working,Full,connectors_shade,41,Afternoon,398,59,1610,local,33,7.31676288959203
Valencia,working,Full,connectors_shade,41,Afternoon,398,59,1610,local,34,7.8438078611344055
Valencia,working,Full,connectors_shade,41,Afternoon,398,59,1610,local,35,8.384033520277741
Valencia,working,Full,connectors_shade,41,Afternoon,398,59,1610,local,36,8.940657062098547
Valencia,working,Full,connectors_shade,41,Afternoon,398,59,1610,local,37,9.521647185842715
Valencia,working,Full,connectors_shade,41,Afternoon,398,59,1610,local,38,10.13306780376438
Valencia,working,Full,connectors_shade,41,Afternoon,398,59,1610,local,39,10.785759102141066
Valencia,working,Full,connectors_shade,41,Afternoon,398,59,1610,local,40,11.446359811192933
Valencia,working,Full,connectors_shade,41,Afternoon,398,59,1610,local,41,12.28707481987669
Valencia,working,Full,connectors_shade,41,Afternoon,398,59,1610,local,42,13.135102974861312
Valencia,working,Full,connectors_shade,41,Afternoon,398,59,1610,local,43,14.096649667366444
Valencia,working,Full,connectors_shade,41,Afternoon,398,59,1610,local,44,15.068075617999055
Valencia,working,Full,connectors_shade,41,Afternoon,398,59,1610,local,45,16.040789622156904
Valencia,working,Full,connectors_shade,41,Afternoon,398,59,1610,local,46,17.026072261311064
Valencia,working,Full,connectors_shade,41,Afternoon,398,59,1610,local,47,18.093356279965604
Valencia,working,Full,connectors_shade,41,Afternoon,398,59,1610,local,48,19.214084859040888
Valencia,working,Full,connectors_shade,41,Afternoon,398,59,1610,local,49,20.429074677623976
Valencia,working,Full,connectors_shade,41,Afternoon,398,59,1610,local,50,21.672294865644965
Valencia,working,Full,connectors_shade,41,Afternoon,398,59,1610,local,51,22.997742979841924
Valencia,working,Full,connectors_shade,41,Afternoon,398,59,1610,local,52,24.360049333657187
Valencia,working,Full,connectors_shade,41,Afternoon,398,59,1610,local,53,26.000106909336537
Valencia,working,Full,connectors_shade,41,Afternoon,398,59,1610,local,54,27.658489615783207
Valencia,working,Full,connectors_shade,41,Afternoon,398,59,1610,local,55,29.485201964359067
Valencia,working,Full,connectors_shade,41,Afternoon,398,59,1610,local,56,31.3966820395666
Valencia,working,Full,connectors_shade,41,Afternoon,398,59,1610,local,57,33.35904620855804
Valencia,working,Full,connectors_shade,41,Afternoon,398,59,1610,local,58,35.98826083963003
Valencia,working,Full,connectors_shade,41,Afternoon,398,59,1610,local,59,38.98888845796572
Valencia,working,Full,connectors_shade,41,Afternoon,398,59,1610,regional,0,0.0
Valencia,working,Full,connectors_shade,41,Afternoon,398,59,1610,regional,1,0.0045918428430966746
Valencia,working,Full,connectors_shade,41,Afternoon,398,59,1610,regional,2,0.01491868728980237
Valencia,working,Full,connectors_shade,41,Afternoon,398,59,1610,regional,3,0.028913658726767863
Valencia,working,Full,connectors_shade,41,Afternoon,398,59,1610,regional,4,0.06390750955940884
Valencia,working,Full,connectors_shade,41,Afternoon,398,59,1610,regional,5,0.10061808216053454
Valencia,working,Full,connectors_shade,41,Afternoon,398,59,1610,regional,6,0.15442118853567757
Valencia,working,Full,connectors_shade,41,Afternoon,398,59,1610,regional,7,0.22296966682061778
Valencia,working,Full,connectors_shade,41,Afternoon,398,59,1610,regional,8,0.29289047506016525
Valencia,working,Full,connectors_shade,41,Afternoon,398,59,1610,regional,9,0.3911124789660796
Valencia,working,Full,connectors_shade,41,Afternoon,398,59,1610,regional,10,0.49991365392939635
Valencia,working,Full,connectors_shade,41,Afternoon,398,59,1610,regional,11,0.6179766812948295
Valencia,working,Full,connectors_shade,41,Afternoon,398,59,1610,regional,12,0.7491514223938361
Valencia,working,Full,connectors_shade,41,Afternoon,398,59,1610,regional,13,0.8828881594399458
Valencia,working,Full,connectors_shade,41,Afternoon,398,59,1610,regional,14,1.0266863538029505
Valencia,working,Full,connectors_shade,41,Afternoon,398,59,1610,regional,15,1.1981590418601018
Valencia,working,Full,connectors_shade,41,Afternoon,398,59,1610,regional,16,1.3833875531019104
Valencia,working,Full,connectors_shade,41,Afternoon,398,59,1610,regional,17,1.59346847772811
Valencia,working,Full,connectors_shade,41,Afternoon,398,59,1610,regional,18,1.8095557157843738
Valencia,working,Full,connectors_shade,41,Afternoon,398,59,1610,regional,19,2.0460109348767475
Valencia,working,Full,connectors_shade,41,Afternoon,398,59,1610,regional,20,2.299618209667857
Valencia,working,Full,connectors_shade,41,Afternoon,398,59,1610,regional,21,2.5778729295260483
Valencia,working,Full,connectors_shade,41,Afternoon,398,59,1610,regional,22,2.8657491079593393
Valencia,working,Full,connectors_shade,41,Afternoon,398,59,1610,regional,23,3.176619551244383
Valencia,working,Full,connectors_shade,41,Afternoon,398,59,1610,regional,24,3.4971533580583474
Valencia,working,Full,connectors_shade,41,Afternoon,398,59,1610,regional,25,3.843269684188554
Valencia,working,Full,connectors_shade,41,Afternoon,398,59,1610,regional,26,4.195499498565098
Valencia,working,Full,connectors_shade,41,Afternoon,398,59,1610,regional,27,4.552430582640405
Valencia,working,Full,connectors_shade,41,Afternoon,398,59,1610,regional,28,4.914076880728109
Valencia,working,Full,connectors_shade,41,Afternoon,398,59,1610,regional,29,5.280447787236702
Valencia,working,Full,connectors_shade,41,Afternoon,398,59,1610,regional,30,5.6549298914999895
Valencia,working,Full,connectors_shade,41,Afternoon,398,59,1610,regional,31,6.036605016110829
Valencia,working,Full,connectors_shade,41,Afternoon,398,59,1610,regional,32,6.426062841870708
Valencia,working,Full,connectors_shade,41,Afternoon,398,59,1610,regional,33,6.861144556805613
Valencia,working,Full,connectors_shade,41,Afternoon,398,59,1610,regional,34,7.30770083139952
Valencia,working,Full,connectors_shade,41,Afternoon,398,59,1610,regional,35,7.775768612401109
Valencia,working,Full,connectors_shade,41,Afternoon,398,59,1610,regional,36,8.264857478954195
Valencia,working,Full,connectors_shade,41,Afternoon,398,59,1610,regional,37,8.770893544181341
Valencia,working,Full,connectors_shade,41,Afternoon,398,59,1610,regional,38,9.319791169330395
Valencia,working,Full,connectors_shade,41,Afternoon,398,59,1610,regional,39,9.906795651140168
Valencia,working,Full,connectors_shade,41,Afternoon,398,59,1610,regional,40,10.54077766800861
Valencia,working,Full,connectors_shade,41,Afternoon,398,59,1610,regional,41,11.265467484411154
Valencia,working,Full,connectors_shade,41,Afternoon,398,59,1610,regional,42,12.054950136810353
Valencia,working,Full,connectors_shade,41,Afternoon,398,59,1610,regional,43,12.92788476006506
Valencia,working,Full,connectors_shade,41,Afternoon,398,59,1610,regional,44,13.818299929077527
Valencia,working,Full,connectors_shade,41,Afternoon,398,59,1610,regional,45,14.720410082650584
Valencia,working,Full,connectors_shade,41,Afternoon,398,59,1610,regional,46,15.685768349959973
Valencia,working,Full,connectors_shade,41,Afternoon,398,59,1610,regional,47,16.655983840695644
Valencia,working,Full,connectors_shade,41,Afternoon,398,59,1610,regional,48,17.64429715201967
Valencia,working,Full,connectors_shade,41,Afternoon,398,59,1610,regional,49,18.699891881422108
Valencia,working,Full,connectors_shade,41,Afternoon,398,59,1610,regional,50,19.766761819171442
Valencia,working,Full,connectors_shade,41,Afternoon,398,59,1610,regional,51,20.854415769500434
Valencia,working,Full,connectors_shade,41,Afternoon,398,59,1610,regional,52,22.0759582600421
Valencia,working,Full,connectors_shade,41,Afternoon,398,59,1610,regional,53,23.448580429853138
Valencia,working,Full,connectors_shade,41,Afternoon,398,59,1610,regional,54,24.90133961436894
Valencia,working,Full,connectors_shade,41,Afternoon,398,59,1610,regional,55,26.568345230420974
Valencia,working,Full,connectors_shade,41,Afternoon,398,59,1610,regional,56,28.253216353486717
Valencia,working,Full,connectors_shade,41,Afternoon,398,59,1610,regional,57,30.073491547619582
Valencia,working,Full,connectors_shade,41,Afternoon,398,59,1610,regional,58,32.38774509350535
Valencia,working,Full,connectors_shade,41,Afternoon,398,59,1610,regional,59,35.0459212958532
Valencia,working,Full,connectors_shade,41,Afternoon,398,59,1610,uniform_area,0,0.0
Valencia,working,Full,connectors_shade,41,Afternoon,398,59,1610,uniform_area,1,0.004836351110436553
Valencia,working,Full,connectors_shade,41,Afternoon,398,59,1610,uniform_area,2,0.015970975510351426
Valencia,working,Full,connectors_shade,41,Afternoon,398,59,1610,uniform_area,3,0.04347223799369915
Valencia,working,Full,connectors_shade,41,Afternoon,398,59,1610,uniform_area,4,0.07669739347089184
Valencia,working,Full,connectors_shade,41,Afternoon,398,59,1610,uniform_area,5,0.1250260990112011
Valencia,working,Full,connectors_shade,41,Afternoon,398,59,1610,uniform_area,6,0.18694205611580933
Valencia,working,Full,connectors_shade,41,Afternoon,398,59,1610,uniform_area,7,0.26248163364952976
Valencia,working,Full,connectors_shade,41,Afternoon,398,59,1610,uniform_area,8,0.34142522484409343
Valencia,working,Full,connectors_shade,41,Afternoon,398,59,1610,uniform_area,9,0.4297239322356462
Valencia,working,Full,connectors_shade,41,Afternoon,398,59,1610,uniform_area,10,0.5219906804031792
Valencia,working,Full,connectors_shade,41,Afternoon,398,59,1610,uniform_area,11,0.62536173083516
Valencia,working,Full,connectors_shade,41,Afternoon,398,59,1610,uniform_area,12,0.7326489971481691
Valencia,working,Full,connectors_shade,41,Afternoon,398,59,1610,uniform_area,13,0.8443388723517568
Valencia,working,Full,connectors_shade,41,Afternoon,398,59,1610,uniform_area,14,0.9833620289477645
Valencia,working,Full,connectors_shade,41,Afternoon,398,59,1610,uniform_area,15,1.1315765091160177
Valencia,working,Full,connectors_shade,41,Afternoon,398,59,1610,uniform_area,16,1.3067074592990082
Valencia,working,Full,connectors_shade,41,Afternoon,398,59,1610,uniform_area,17,1.502159726544365
Valencia,working,Full,connectors_shade,41,Afternoon,398,59,1610,uniform_area,18,1.7086285447380163
Valencia,working,Full,connectors_shade,41,Afternoon,398,59,1610,uniform_area,19,1.9236618913885086
Valencia,working,Full,connectors_shade,41,Afternoon,398,59,1610,uniform_area,20,2.1469034814041295
Valencia,working,Full,connectors_shade,41,Afternoon,398,59,1610,uniform_area,21,2.394497580709488
Valencia,working,Full,connectors_shade,41,Afternoon,398,59,1610,uniform_area,22,2.676284356432173
Valencia,working,Full,connectors_shade,41,Afternoon,398,59,1610,uniform_area,23,2.970282767540477
Valencia,working,Full,connectors_shade,41,Afternoon,398,59,1610,uniform_area,24,3.266597282462968
Valencia,working,Full,connectors_shade,41,Afternoon,398,59,1610,uniform_area,25,3.5641820529922734
Valencia,working,Full,connectors_shade,41,Afternoon,398,59,1610,uniform_area,26,3.8746988603425367
Valencia,working,Full,connectors_shade,41,Afternoon,398,59,1610,uniform_area,27,4.195572830179693
Valencia,working,Full,connectors_shade,41,Afternoon,398,59,1610,uniform_area,28,4.518623032657521
Valencia,working,Full,connectors_shade,41,Afternoon,398,59,1610,uniform_area,29,4.850521074984352
Valencia,working,Full,connectors_shade,41,Afternoon,398,59,1610,uniform_area,30,5.186341232440359
Valencia,working,Full,connectors_shade,41,Afternoon,398,59,1610,uniform_area,31,5.5859155969673004
Valencia,working,Full,connectors_shade,41,Afternoon,398,59,1610,uniform_area,32,5.997293767107479
Valencia,working,Full,connectors_shade,41,Afternoon,398,59,1610,uniform_area,33,6.50303406886004
Valencia,working,Full,connectors_shade,41,Afternoon,398,59,1610,uniform_area,34,7.028280411581333
Valencia,working,Full,connectors_shade,41,Afternoon,398,59,1610,uniform_area,35,7.562367367572655
Valencia,working,Full,connectors_shade,41,Afternoon,398,59,1610,uniform_area,36,8.157480924766375
Valencia,working,Full,connectors_shade,41,Afternoon,398,59,1610,uniform_area,37,8.784211701492593
Valencia,working,Full,connectors_shade,41,Afternoon,398,59,1610,uniform_area,38,9.428396030650777
Valencia,working,Full,connectors_shade,41,Afternoon,398,59,1610,uniform_area,39,10.20208212989901
Valencia,working,Full,connectors_shade,41,Afternoon,398,59,1610,uniform_area,40,10.997714848066023
Valencia,working,Full,connectors_shade,41,Afternoon,398,59,1610,uniform_area,41,11.864312158845387
Valencia,working,Full,connectors_shade,41,Afternoon,398,59,1610,uniform_area,42,12.795557737248288
Valencia,working,Full,connectors_shade,41,Afternoon,398,59,1610,uniform_area,43,13.781285733405193
Valencia,working,Full,connectors_shade,41,Afternoon,398,59,1610,uniform_area,44,14.920295236191372
Valencia,working,Full,connectors_shade,41,Afternoon,398,59,1610,uniform_area,45,16.08932961132858
Valencia,working,Full,connectors_shade,41,Afternoon,398,59,1610,uniform_area,46,17.26412423357633
Valencia,working,Full,connectors_shade,41,Afternoon,398,59,1610,uniform_area,47,18.44628870541691
Valencia,working,Full,connectors_shade,41,Afternoon,398,59,1610,uniform_area,48,19.644769044936574
Valencia,working,Full,connectors_shade,41,Afternoon,398,59,1610,uniform_area,49,20.874112421983714
Valencia,working,Full,connectors_shade,41,Afternoon,398,59,1610,uniform_area,50,22.13706558548709
Valencia,working,Full,connectors_shade,41,Afternoon,398,59,1610,uniform_area,51,23.426618090173054
Valencia,working,Full,connectors_shade,41,Afternoon,398,59,1610,uniform_area,52,24.732359739313893
Valencia,working,Full,connectors_shade,41,Afternoon,398,59,1610,uniform_area,53,26.471995218989754
Valencia,working,Full,connectors_shade,41,Afternoon,398,59,1610,uniform_area,54,28.23348263465166
Valencia,working,Full,connectors_shade,41,Afternoon,398,59,1610,uniform_area,55,30.036126125500598
Valencia,working,Full,connectors_shade,41,Afternoon,398,59,1610,uniform_area,56,32.11828801317552
Valencia,working,Full,connectors_shade,41,Afternoon,398,59,1610,uniform_area,57,34.22734444041021
Valencia,working,Full,connectors_shade,41,Afternoon,398,59,1610,uniform_area,58,36.99136880119024
Valencia,working,Full,connectors_shade,41,Afternoon,398,59,1610,uniform_area,59,40.089477421415275
Valencia,working,Full,connectors_sun,21,Morning,398,59,1610,local,0,0.0
Valencia,working,Full,connectors_sun,21,Morning,398,59,1610,local,1,0.0009700711391665108
Valencia,working,Full,connectors_sun,21,Morning,398,59,1610,local,2,0.009443776046061008
Valencia,working,Full,connectors_sun,21,Morning,398,59,1610,local,3,0.043099476061193055
Valencia,working,Full,connectors_sun,21,Morning,398,59,1610,local,4,0.08372403992741852
Valencia,working,Full,connectors_sun,21,Morning,398,59,1610,local,5,0.13619068885093025
Valencia,working,Full,connectors_sun,21,Morning,398,59,1610,local,6,0.21135678643751102
Valencia,working,Full,connectors_sun,21,Morning,398,59,1610,local,7,0.28978579980095226
Valencia,working,Full,connectors_sun,21,Morning,398,59,1610,local,8,0.4103767697844793
Valencia,working,Full,connectors_sun,21,Morning,398,59,1610,local,9,0.5785489750291472
Valencia,working,Full,connectors_sun,21,Morning,398,59,1610,local,10,0.7651689660380413
Valencia,working,Full,connectors_sun,21,Morning,398,59,1610,local,11,0.9880067859105728
Valencia,working,Full,connectors_sun,21,Morning,398,59,1610,local,12,1.2189223724063163
Valencia,working,Full,connectors_sun,21,Morning,398,59,1610,local,13,1.4536855316276098
Valencia,working,Full,connectors_sun,21,Morning,398,59,1610,local,14,1.7109932685055447
Valencia,working,Full,connectors_sun,21,Morning,398,59,1610,local,15,1.9777307455812418
Valencia,working,Full,connectors_sun,21,Morning,398,59,1610,local,16,2.2479756057454123
Valencia,working,Full,connectors_sun,21,Morning,398,59,1610,local,17,2.5235694014520615
Valencia,working,Full,connectors_sun,21,Morning,398,59,1610,local,18,2.8258170310177277
Valencia,working,Full,connectors_sun,21,Morning,398,59,1610,local,19,3.142906097308348
Valencia,working,Full,connectors_sun,21,Morning,398,59,1610,local,20,3.471448393467153
Valencia,working,Full,connectors_sun,21,Morning,398,59,1610,local,21,3.8120989158173866
Valencia,working,Full,connectors_sun,21,Morning,398,59,1610,local,22,4.171023181647349
Valencia,working,Full,connectors_sun,21,Morning,398,59,1610,local,23,4.543502159260791
Valencia,working,Full,connectors_sun,21,Morning,398,59,1610,local,24,4.926239900783637
Valencia,working,Full,connectors_sun,21,Morning,398,59,1610,local,25,5.3270964663674665
Valencia,working,Full,connectors_sun,21,Morning,398,59,1610,local,26,5.737334639132532
Valencia,working,Full,connectors_sun,21,Morning,398,59,1610,local,27,6.15146441004066
Valencia,working,Full,connectors_sun,21,Morning,398,59,1610,local,28,6.5803612340086035
Valencia,working,Full,connectors_sun,21,Morning,398,59,1610,local,29,7.0312221533159445
Valencia,working,Full,connectors_sun,21,Morning,398,59,1610,local,30,7.517929132122174
Valencia,working,Full,connectors_sun,21,Morning,398,59,1610,local,31,8.022021875664805
Valencia,working,Full,connectors_sun,21,Morning,398,59,1610,local,32,8.55103310979087
Valencia,working,Full,connectors_sun,21,Morning,398,59,1610,local,33,9.083610797481859
Valencia,working,Full,connectors_sun,21,Morning,398,59,1610,local,34,9.6568769830915
Valencia,working,Full,connectors_sun,21,Morning,398,59,1610,local,35,10.275631100004762
Valencia,working,Full,connectors_sun,21,Morning,398,59,1610,local,36,10.96549590024829
Valencia,working,Full,connectors_sun,21,Morning,398,59,1610,local,37,11.679485754141632
Valencia,working,Full,connectors_sun,21,Morning,398,59,1610,local,38,12.440162295373584
Valencia,working,Full,connectors_sun,21,Morning,398,59,1610,local,39,13.22077607203236
Valencia,working,Full,connectors_sun,21,Morning,398,59,1610,local,40,14.021382110303799
Valencia,working,Full,connectors_sun,21,Morning,398,59,1610,local,41,14.963359730087605
Valencia,working,Full,connectors_sun,21,Morning,398,59,1610,local,42,15.914869318265417
Valencia,working,Full,connectors_sun,21,Morning,398,59,1610,local,43,16.86994552386523
Valencia,working,Full,connectors_sun,21,Morning,398,59,1610,local,44,17.859084770726838
Valencia,working,Full,connectors_sun,21,Morning,398,59,1610,local,45,18.922877655889113
Valencia,working,Full,connectors_sun,21,Morning,398,59,1610,local,46,20.003680782606345
Valencia,working,Full,connectors_sun,21,Morning,398,59,1610,local,47,21.187109715944594
Valencia,working,Full,connectors_sun,21,Morning,398,59,1610,local,48,22.373201572578168
Valencia,working,Full,connectors_sun,21,Morning,398,59,1610,local,49,23.61111665608013
Valencia,working,Full,connectors_sun,21,Morning,398,59,1610,local,50,24.884601591908652
Valencia,working,Full,connectors_sun,21,Morning,398,59,1610,local,51,26.202972619443106
Valencia,working,Full,connectors_sun,21,Morning,398,59,1610,local,52,27.588947431342532
Valencia,working,Full,connectors_sun,21,Morning,398,59,1610,local,53,29.139872768832927
Valencia,working,Full,connectors_sun,21,Morning,398,59,1610,local,54,30.749786207347753
Valencia,working,Full,connectors_sun,21,Morning,398,59,1610,local,55,32.41001578981243
Valencia,working,Full,connectors_sun,21,Morning,398,59,1610,local,56,34.145541319149565
Valencia,working,Full,connectors_sun,21,Morning,398,59,1610,local,57,36.0643316721841
Valencia,working,Full,connectors_sun,21,Morning,398,59,1610,local,58,38.05407922287958
Valencia,working,Full,connectors_sun,21,Morning,398,59,1610,local,59,40.40278026554921
Valencia,working,Full,connectors_sun,21,Morning,398,59,1610,regional,0,0.0
Valencia,working,Full,connectors_sun,21,Morning,398,59,1610,regional,1,0.00226535714669181
Valencia,working,Full,connectors_sun,21,Morning,398,59,1610,regional,2,0.006535976536032969
Valencia,working,Full,connectors_sun,21,Morning,398,59,1610,regional,3,0.026871226997832093
Valencia,working,Full,connectors_sun,21,Morning,398,59,1610,regional,4,0.0665339007189508
Valencia,working,Full,connectors_sun,21,Morning,398,59,1610,regional,5,0.1121180188290891
Valencia,working,Full,connectors_sun,21,Morning,398,59,1610,regional,6,0.17323875891247545
Valencia,working,Full,connectors_sun,21,Morning,398,59,1610,regional,7,0.24951913940847756
Valencia,working,Full,connectors_sun,21,Morning,398,59,1610,regional,8,0.37426189036564167
Valencia,working,Full,connectors_sun,21,Morning,398,59,1610,regional,9,0.5260586801403527
Valencia,working,Full,connectors_sun,21,Morning,398,59,1610,regional,10,0.6976419381394314
Valencia,working,Full,connectors_sun,21,Morning,398,59,1610,regional,11,0.8874463593641196
Valencia,working,Full,connectors_sun,21,Morning,398,59,1610,regional,12,1.11142055704041
Valencia,working,Full,connectors_sun,21,Morning,398,59,1610,regional,13,1.348977579328601
Valencia,working,Full,connectors_sun,21,Morning,398,59,1610,regional,14,1.589338509176957
Valencia,working,Full,connectors_sun,21,Morning,398,59,1610,regional,15,1.859058419917817
Valencia,working,Full,connectors_sun,21,Morning,398,59,1610,regional,16,2.139871484773314
Valencia,working,Full,connectors_sun,21,Morning,398,59,1610,regional,17,2.44781260883172
Valencia,working,Full,connectors_sun,21,Morning,398,59,1610,regional,18,2.7751558029730083
Valencia,working,Full,connectors_sun,21,Morning,398,59,1610,regional,19,3.1077989626041043
Valencia,working,Full,connectors_sun,21,Morning,398,59,1610,regional,20,3.4442459109275596
Valencia,working,Full,connectors_sun,21,Morning,398,59,1610,regional,21,3.7845961248382767
Valencia,working,Full,connectors_sun,21,Morning,398,59,1610,regional,22,4.129256159000324
Valencia,working,Full,connectors_sun,21,Morning,398,59,1610,regional,23,4.47514378085206
Valencia,working,Full,connectors_sun,21,Morning,398,59,1610,regional,24,4.854448442808947
Valencia,working,Full,connectors_sun,21,Morning,398,59,1610,regional,25,5.246801007085515
Valencia,working,Full,connectors_sun,21,Morning,398,59,1610,regional,26,5.648862476033433
Valencia,working,Full,connectors_sun,21,Morning,398,59,1610,regional,27,6.082358860040527
Valencia,working,Full,connectors_sun,21,Morning,398,59,1610,regional,28,6.531150299518161
Valencia,working,Full,connectors_sun,21,Morning,398,59,1610,regional,29,6.982891353098623
Valencia,working,Full,connectors_sun,21,Morning,398,59,1610,regional,30,7.459477035247427
Valencia,working,Full,connectors_sun,21,Morning,398,59,1610,regional,31,7.963375184344746
Valencia,working,Full,connectors_sun,21,Morning,398,59,1610,regional,32,8.471991188690593
Valencia,working,Full,connectors_sun,21,Morning,398,59,1610,regional,33,9.002548623589654
Valencia,working,Full,connectors_sun,21,Morning,398,59,1610,regional,34,9.573521684826616
Valencia,working,Full,connectors_sun,21,Morning,398,59,1610,regional,35,10.183920887160395
Valencia,working,Full,connectors_sun,21,Morning,398,59,1610,regional,36,10.863923134690904
Valencia,working,Full,connectors_sun,21,Morning,398,59,1610,regional,37,11.566085447164596
Valencia,working,Full,connectors_sun,21,Morning,398,59,1610,regional,38,12.303107688276954
Valencia,working,Full,connectors_sun,21,Morning,398,59,1610,regional,39,13.07305864972989
Valencia,working,Full,connectors_sun,21,Morning,398,59,1610,regional,40,13.8576590288666
Valencia,working,Full,connectors_sun,21,Morning,398,59,1610,regional,41,14.80650846177431
Valencia,working,Full,connectors_sun,21,Morning,398,59,1610,regional,42,15.764475829486097
Valencia,working,Full,connectors_sun,21,Morning,398,59,1610,regional,43,16.734212919485486
Valencia,working,Full,connectors_sun,21,Morning,398,59,1610,regional,44,17.740335576160465
Valencia,working,Full,connectors_sun,21,Morning,398,59,1610,regional,45,18.813897855058805
Valencia,working,Full,connectors_sun,21,Morning,398,59,1610,regional,46,19.901656856820264
Valencia,working,Full,connectors_sun,21,Morning,398,59,1610,regional,47,21.086881513975975
Valencia,working,Full,connectors_sun,21,Morning,398,59,1610,regional,48,22.27582148661445
Valencia,working,Full,connectors_sun,21,Morning,398,59,1610,regional,49,23.524297787972408
Valencia,working,Full,connectors_sun,21,Morning,398,59,1610,regional,50,24.790597978872174
Valencia,working,Full,connectors_sun,21,Morning,398,59,1610,regional,51,26.10772016514274
Valencia,working,Full,connectors_sun,21,Morning,398,59,1610,regional,52,27.491600983108295
Valencia,working,Full,connectors_sun,21,Morning,398,59,1610,regional,53,29.032456710379346
Valencia,working,Full,connectors_sun,21,Morning,398,59,1610,regional,54,30.63538976378289
Valencia,working,Full,connectors_sun,21,Morning,398,59,1610,regional,55,32.2930572211592
Valencia,working,Full,connectors_sun,21,Morning,398,59,1610,regional,56,34.03686791834852
Valencia,working,Full,connectors_sun,21,Morning,398,59,1610,regional,57,35.969236879654716
Valencia,working,Full,connectors_sun,21,Morning,398,59,1610,regional,58,37.972635006282864
Valencia,working,Full,connectors_sun,21,Morning,398,59,1610,regional,59,40.338435910494944
Valencia,working,Full,connectors_sun,21,Morning,398,59,1610,uniform_area,0,0.0
Valencia,working,Full,connectors_sun,21,Morning,398,59,1610,uniform_area,1,0.00255261078161425
Valencia,working,Full,connectors_sun,21,Morning,398,59,1610,uniform_area,2,0.017974946238386927
Valencia,working,Full,connectors_sun,21,Morning,398,59,1610,uniform_area,3,0.04034397186756166
Valencia,working,Full,connectors_sun,21,Morning,398,59,1610,uniform_area,4,0.07816491467383259
Valencia,working,Full,connectors_sun,21,Morning,398,59,1610,uniform_area,5,0.13040218720941368
Valencia,working,Full,connectors_sun,21,Morning,398,59,1610,uniform_area,6,0.20288518764385027
Valencia,working,Full,connectors_sun,21,Morning,398,59,1610,uniform_area,7,0.2983531214409091
Valencia,working,Full,connectors_sun,21,Morning,398,59,1610,uniform_area,8,0.42591828346688027
Valencia,working,Full,connectors_sun,21,Morning,398,59,1610,uniform_area,9,0.6158436564816272
Valencia,working,Full,connectors_sun,21,Morning,398,59,1610,uniform_area,10,0.8090007011287517
Valencia,working,Full,connectors_sun,21,Morning,398,59,1610,uniform_area,11,1.0242772396665036
Valencia,working,Full,connectors_sun,21,Morning,398,59,1610,uniform_area,12,1.2492552823794196
Valencia,working,Full,connectors_sun,21,Morning,398,59,1610,uniform_area,13,1.4854193764096908
Valencia,working,Full,connectors_sun,21,Morning,398,59,1610,uniform_area,14,1.7374137326419747
Valencia,working,Full,connectors_sun,21,Morning,398,59,1610,uniform_area,15,2.00398176310716
Valencia,working,Full,connectors_sun,21,Morning,398,59,1610,uniform_area,16,2.284854375102909
Valencia,working,Full,connectors_sun,21,Morning,398,59,1610,uniform_area,17,2.5682334763238766
Valencia,working,Full,connectors_sun,21,Morning,398,59,1610,uniform_area,18,2.8573051085709102
Valencia,working,Full,connectors_sun,21,Morning,398,59,1610,uniform_area,19,3.174897862778692
Valencia,working,Full,connectors_sun,21,Morning,398,59,1610,uniform_area,20,3.506419841093145
Valencia,working,Full,connectors_sun,21,Morning,398,59,1610,uniform_area,21,3.8471768219766274
Valencia,working,Full,connectors_sun,21,Morning,398,59,1610,uniform_area,22,4.206968889262387
Valencia,working,Full,connectors_sun,21,Morning,398,59,1610,uniform_area,23,4.572489767183106
Valencia,working,Full,connectors_sun,21,Morning,398,59,1610,uniform_area,24,4.9446884847111345
Valencia,working,Full,connectors_sun,21,Morning,398,59,1610,uniform_area,25,5.34712456315387
Valencia,working,Full,connectors_sun,21,Morning,398,59,1610,uniform_area,26,5.754525613545372
Valencia,working,Full,connectors_sun,21,Morning,398,59,1610,uniform_area,27,6.177959330520202
Valencia,working,Full,connectors_sun,21,Morning,398,59,1610,uniform_area,28,6.626736133084606
Valencia,working,Full,connectors_sun,21,Morning,398,59,1610,uniform_area,29,7.098806180496426
Valencia,working,Full,connectors_sun,21,Morning,398,59,1610,uniform_area,30,7.5903676387022205
Valencia,working,Full,connectors_sun,21,Morning,398,59,1610,uniform_area,31,8.094617918988751
Valencia,working,Full,connectors_sun,21,Morning,398,59,1610,uniform_area,32,8.614274803261848
Valencia,working,Full,connectors_sun,21,Morning,398,59,1610,uniform_area,33,9.142377587190705
Valencia,working,Full,connectors_sun,21,Morning,398,59,1610,uniform_area,34,9.710504744181762
Valencia,working,Full,connectors_sun,21,Morning,398,59,1610,uniform_area,35,10.322942405119129
Valencia,working,Full,connectors_sun,21,Morning,398,59,1610,uniform_area,36,11.005764079339494
Valencia,working,Full,connectors_sun,21,Morning,398,59,1610,uniform_area,37,11.718390635013204
Valencia,working,Full,connectors_sun,21,Morning,398,59,1610,uniform_area,38,12.454824209780048
Valencia,working,Full,connectors_sun,21,Morning,398,59,1610,uniform_area,39,13.21683520310674
Valencia,working,Full,connectors_sun,21,Morning,398,59,1610,uniform_area,40,14.018945654391093
Valencia,working,Full,connectors_sun,21,Morning,398,59,1610,uniform_area,41,14.970959255061643
Valencia,working,Full,connectors_sun,21,Morning,398,59,1610,uniform_area,42,15.933315721852475
Valencia,working,Full,connectors_sun,21,Morning,398,59,1610,uniform_area,43,16.901011284978644
Valencia,working,Full,connectors_sun,21,Morning,398,59,1610,uniform_area,44,17.905654487566576
Valencia,working,Full,connectors_sun,21,Morning,398,59,1610,uniform_area,45,18.990757361800743
Valencia,working,Full,connectors_sun,21,Morning,398,59,1610,uniform_area,46,20.09419601518799
Valencia,working,Full,connectors_sun,21,Morning,398,59,1610,uniform_area,47,21.29707783649093
Valencia,working,Full,connectors_sun,21,Morning,398,59,1610,uniform_area,48,22.50813335048987
Valencia,working,Full,connectors_sun,21,Morning,398,59,1610,uniform_area,49,23.76999711753907
Valencia,working,Full,connectors_sun,21,Morning,398,59,1610,uniform_area,50,25.037290029900472
Valencia,working,Full,connectors_sun,21,Morning,398,59,1610,uniform_area,51,26.357086882402204
Valencia,working,Full,connectors_sun,21,Morning,398,59,1610,uniform_area,52,27.74587947481126
Valencia,working,Full,connectors_sun,21,Morning,398,59,1610,uniform_area,53,29.299096589195614
Valencia,working,Full,connectors_sun,21,Morning,398,59,1610,uniform_area,54,30.92076299561497
Valencia,working,Full,connectors_sun,21,Morning,398,59,1610,uniform_area,55,32.593679976493426
Valencia,working,Full,connectors_sun,21,Morning,398,59,1610,uniform_area,56,34.33952170553618
Valencia,working,Full,connectors_sun,21,Morning,398,59,1610,uniform_area,57,36.2695028935472
Valencia,working,Full,connectors_sun,21,Morning,398,59,1610,uniform_area,58,38.270557914035805
Valencia,working,Full,connectors_sun,21,Morning,398,59,1610,uniform_area,59,40.641389340907324
Valencia,working,Full,connectors_sun,21,Afternoon,398,59,1610,local,0,0.0
Valencia,working,Full,connectors_sun,21,Afternoon,398,59,1610,local,1,0.005469590396992501
Valencia,working,Full,connectors_sun,21,Afternoon,398,59,1610,local,2,0.027028593610492566
Valencia,working,Full,connectors_sun,21,Afternoon,398,59,1610,local,3,0.08713385545115986
Valencia,working,Full,connectors_sun,21,Afternoon,398,59,1610,local,4,0.17012444785016673
Valencia,working,Full,connectors_sun,21,Afternoon,398,59,1610,local,5,0.2667955847895442
Valencia,working,Full,connectors_sun,21,Afternoon,398,59,1610,local,6,0.4071945692605923
Valencia,working,Full,connectors_sun,21,Afternoon,398,59,1610,local,7,0.5628650861639108
Valencia,working,Full,connectors_sun,21,Afternoon,398,59,1610,local,8,0.7277557092854733
Valencia,working,Full,connectors_sun,21,Afternoon,398,59,1610,local,9,0.9182160447992481
Valencia,working,Full,connectors_sun,21,Afternoon,398,59,1610,local,10,1.1184322800012736
Valencia,working,Full,connectors_sun,21,Afternoon,398,59,1610,local,11,1.3435273279170714
Valencia,working,Full,connectors_sun,21,Afternoon,398,59,1610,local,12,1.591323738964304
Valencia,working,Full,connectors_sun,21,Afternoon,398,59,1610,local,13,1.8563907473840868
Valencia,working,Full,connectors_sun,21,Afternoon,398,59,1610,local,14,2.1874622564704596
Valencia,working,Full,connectors_sun,21,Afternoon,398,59,1610,local,15,2.5435587789514464
Valencia,working,Full,connectors_sun,21,Afternoon,398,59,1610,local,16,2.90918049409972
Valencia,working,Full,connectors_sun,21,Afternoon,398,59,1610,local,17,3.2793932587690757
Valencia,working,Full,connectors_sun,21,Afternoon,398,59,1610,local,18,3.6645454018110675
Valencia,working,Full,connectors_sun,21,Afternoon,398,59,1610,local,19,4.056309273972376
Valencia,working,Full,connectors_sun,21,Afternoon,398,59,1610,local,20,4.460892018367691
Valencia,working,Full,connectors_sun,21,Afternoon,398,59,1610,local,21,4.869724945040871
Valencia,working,Full,connectors_sun,21,Afternoon,398,59,1610,local,22,5.315438589911633
Valencia,working,Full,connectors_sun,21,Afternoon,398,59,1610,local,23,5.772199964917561
Valencia,working,Full,connectors_sun,21,Afternoon,398,59,1610,local,24,6.259782216856675
Valencia,working,Full,connectors_sun,21,Afternoon,398,59,1610,local,25,6.7634740488815845
Valencia,working,Full,connectors_sun,21,Afternoon,398,59,1610,local,26,7.279677579758964
Valencia,working,Full,connectors_sun,21,Afternoon,398,59,1610,local,27,7.8258088189317725
Valencia,working,Full,connectors_sun,21,Afternoon,398,59,1610,local,28,8.446443211465224
Valencia,working,Full,connectors_sun,21,Afternoon,398,59,1610,local,29,9.07092896578357
Valencia,working,Full,connectors_sun,21,Afternoon,398,59,1610,local,30,9.711965715261366
Valencia,working,Full,connectors_sun,21,Afternoon,398,59,1610,local,31,10.358262068373497
Valencia,working,Full,connectors_sun,21,Afternoon,398,59,1610,local,32,11.010188465254497
Valencia,working,Full,connectors_sun,21,Afternoon,398,59,1610,local,33,11.692713692336689
Valencia,working,Full,connectors_sun,21,Afternoon,398,59,1610,local,34,12.428089797147717
Valencia,working,Full,connectors_sun,21,Afternoon,398,59,1610,local,35,13.195163569437362
Valencia,working,Full,connectors_sun,21,Afternoon,398,59,1610,local,36,13.965182417012771
Valencia,working,Full,connectors_sun,21,Afternoon,398,59,1610,local,37,14.763348684827172
Valencia,working,Full,connectors_sun,21,Afternoon,398,59,1610,local,38,15.620222691002663
Valencia,working,Full,connectors_sun,21,Afternoon,398,59,1610,local,39,16.51191022218765
Valencia,working,Full,connectors_sun,21,Afternoon,398,59,1610,local,40,17.412481969248887
Valencia,working,Full,connectors_sun,21,Afternoon,398,59,1610,local,41,18.32274650792919
Valencia,working,Full,connectors_sun,21,Afternoon,398,59,1610,local,42,19.30071826780251
Valencia,working,Full,connectors_sun,21,Afternoon,398,59,1610,local,43,20.389316977474703
Valencia,working,Full,connectors_sun,21,Afternoon,398,59,1610,local,44,21.50043195763898
Valencia,working,Full,connectors_sun,21,Afternoon,398,59,1610,local,45,22.622569345849705
Valencia,working,Full,connectors_sun,21,Afternoon,398,59,1610,local,46,23.75108243303834
Valencia,working,Full,connectors_sun,21,Afternoon,398,59,1610,local,47,24.888332463104522
Valencia,working,Full,connectors_sun,21,Afternoon,398,59,1610,local,48,26.111489823774434
Valencia,working,Full,connectors_sun,21,Afternoon,398,59,1610,local,49,27.3898953176798
Valencia,working,Full,connectors_sun,21,Afternoon,398,59,1610,local,50,28.681476756045107
Valencia,working,Full,connectors_sun,21,Afternoon,398,59,1610,local,51,30.02085762319089
Valencia,working,Full,connectors_sun,21,Afternoon,398,59,1610,local,52,31.411959082542705
Valencia,working,Full,connectors_sun,21,Afternoon,398,59,1610,local,53,32.830344135574244
Valencia,working,Full,connectors_sun,21,Afternoon,398,59,1610,local,54,34.50845530400464
Valencia,working,Full,connectors_sun,21,Afternoon,398,59,1610,local,55,36.36723737308268
Valencia,working,Full,connectors_sun,21,Afternoon,398,59,1610,local,56,38.30432650603938
Valencia,working,Full,connectors_sun,21,Afternoon,398,59,1610,local,57,40.719595447405524
Valencia,working,Full,connectors_sun,21,Afternoon,398,59,1610,local,58,43.27026732417738
Valencia,working,Full,connectors_sun,21,Afternoon,398,59,1610,local,59,46.57116494603574
Valencia,working,Full,connectors_sun,21,Afternoon,398,59,1610,regional,0,0.0
Valencia,working,Full,connectors_sun,21,Afternoon,398,59,1610,regional,1,0.01608555942177827
Valencia,working,Full,connectors_sun,21,Afternoon,398,59,1610,regional,2,0.04448481367522719
Valencia,working,Full,connectors_sun,21,Afternoon,398,59,1610,regional,3,0.103306344937428
Valencia,working,Full,connectors_sun,21,Afternoon,398,59,1610,regional,4,0.20784059446493372
Valencia,working,Full,connectors_sun,21,Afternoon,398,59,1610,regional,5,0.3317554572741533
Valencia,working,Full,connectors_sun,21,Afternoon,398,59,1610,regional,6,0.45779759625903754
Valencia,working,Full,connectors_sun,21,Afternoon,398,59,1610,regional,7,0.5938965154221313
Valencia,working,Full,connectors_sun,21,Afternoon,398,59,1610,regional,8,0.7366709799343503
Valencia,working,Full,connectors_sun,21,Afternoon,398,59,1610,regional,9,0.8985695450679283
Valencia,working,Full,connectors_sun,21,Afternoon,398,59,1610,regional,10,1.1297105234604143
Valencia,working,Full,connectors_sun,21,Afternoon,398,59,1610,regional,11,1.3812924244534788
Valencia,working,Full,connectors_sun,21,Afternoon,398,59,1610,regional,12,1.6482026445166502
Valencia,working,Full,connectors_sun,21,Afternoon,398,59,1610,regional,13,1.9313537448727898
Valencia,working,Full,connectors_sun,21,Afternoon,398,59,1610,regional,14,2.2328643650171487
Valencia,working,Full,connectors_sun,21,Afternoon,398,59,1610,regional,15,2.5537872414934046
Valencia,working,Full,connectors_sun,21,Afternoon,398,59,1610,regional,16,2.885997706409417
Valencia,working,Full,connectors_sun,21,Afternoon,398,59,1610,regional,17,3.239510322883194
Valencia,working,Full,connectors_sun,21,Afternoon,398,59,1610,regional,18,3.6061725570682652
Valencia,working,Full,connectors_sun,21,Afternoon,398,59,1610,regional,19,3.9808304664442145
Valencia,working,Full,connectors_sun,21,Afternoon,398,59,1610,regional,20,4.365632461269112
Valencia,working,Full,connectors_sun,21,Afternoon,398,59,1610,regional,21,4.7581771866560345
Valencia,working,Full,connectors_sun,21,Afternoon,398,59,1610,regional,22,5.157823734946974
Valencia,working,Full,connectors_sun,21,Afternoon,398,59,1610,regional,23,5.608550212885556
Valencia,working,Full,connectors_sun,21,Afternoon,398,59,1610,regional,24,6.082272370436729
Valencia,working,Full,connectors_sun,21,Afternoon,398,59,1610,regional,25,6.561854011570242
Valencia,working,Full,connectors_sun,21,Afternoon,398,59,1610,regional,26,7.077657565141501
Valencia,working,Full,connectors_sun,21,Afternoon,398,59,1610,regional,27,7.608671548721298
Valencia,working,Full,connectors_sun,21,Afternoon,398,59,1610,regional,28,8.158750690714607
Valencia,working,Full,connectors_sun,21,Afternoon,398,59,1610,regional,29,8.773266716147242
Valencia,working,Full,connectors_sun,21,Afternoon,398,59,1610,regional,30,9.398541564476632
Valencia,working,Full,connectors_sun,21,Afternoon,398,59,1610,regional,31,10.05429427770134
Valencia,working,Full,connectors_sun,21,Afternoon,398,59,1610,regional,32,10.720527804701842
Valencia,working,Full,connectors_sun,21,Afternoon,398,59,1610,regional,33,11.39363585055803
Valencia,working,Full,connectors_sun,21,Afternoon,398,59,1610,regional,34,12.088985624954175
Valencia,working,Full,connectors_sun,21,Afternoon,398,59,1610,regional,35,12.810738581565555
Valencia,working,Full,connectors_sun,21,Afternoon,398,59,1610,regional,36,13.54426323136959
Valencia,working,Full,connectors_sun,21,Afternoon,398,59,1610,regional,37,14.326283259817066
Valencia,working,Full,connectors_sun,21,Afternoon,398,59,1610,regional,38,15.141455945627394
Valencia,working,Full,connectors_sun,21,Afternoon,398,59,1610,regional,39,15.974217595798399
Valencia,working,Full,connectors_sun,21,Afternoon,398,59,1610,regional,40,16.842019015679384
Valencia,working,Full,connectors_sun,21,Afternoon,398,59,1610,regional,41,17.72895071519462
Valencia,working,Full,connectors_sun,21,Afternoon,398,59,1610,regional,42,18.71780180354891
Valencia,working,Full,connectors_sun,21,Afternoon,398,59,1610,regional,43,19.715558103852736
Valencia,working,Full,connectors_sun,21,Afternoon,398,59,1610,regional,44,20.716819790685843
Valencia,working,Full,connectors_sun,21,Afternoon,398,59,1610,regional,45,21.73163982996359
Valencia,working,Full,connectors_sun,21,Afternoon,398,59,1610,regional,46,22.77972196017445
Valencia,working,Full,connectors_sun,21,Afternoon,398,59,1610,regional,47,23.866286062733455
Valencia,working,Full,connectors_sun,21,Afternoon,398,59,1610,regional,48,24.98186776683807
Valencia,working,Full,connectors_sun,21,Afternoon,398,59,1610,regional,49,26.12099270866002
Valencia,working,Full,connectors_sun,21,Afternoon,398,59,1610,regional,50,27.319066381137933
Valencia,working,Full,connectors_sun,21,Afternoon,398,59,1610,regional,51,28.524596091917747
Valencia,working,Full,connectors_sun,21,Afternoon,398,59,1610,regional,52,29.819491978652966
Valencia,working,Full,connectors_sun,21,Afternoon,398,59,1610,regional,53,31.213191651909856
Valencia,working,Full,connectors_sun,21,Afternoon,398,59,1610,regional,54,32.744914774548974
Valencia,working,Full,connectors_sun,21,Afternoon,398,59,1610,regional,55,34.4482955488093
Valencia,working,Full,connectors_sun,21,Afternoon,398,59,1610,regional,56,36.227730512651156
Valencia,working,Full,connectors_sun,21,Afternoon,398,59,1610,regional,57,38.49954138170072
Valencia,working,Full,connectors_sun,21,Afternoon,398,59,1610,regional,58,40.87697565583048
Valencia,working,Full,connectors_sun,21,Afternoon,398,59,1610,regional,59,43.976072835589136
Valencia,working,Full,connectors_sun,21,Afternoon,398,59,1610,uniform_area,0,0.0
Valencia,working,Full,connectors_sun,21,Afternoon,398,59,1610,uniform_area,1,0.013267309413966283
Valencia,working,Full,connectors_sun,21,Afternoon,398,59,1610,uniform_area,2,0.0723870864909639
Valencia,working,Full,connectors_sun,21,Afternoon,398,59,1610,uniform_area,3,0.16635890361813827
Valencia,working,Full,connectors_sun,21,Afternoon,398,59,1610,uniform_area,4,0.32021012681357264
Valencia,working,Full,connectors_sun,21,Afternoon,398,59,1610,uniform_area,5,0.4811786113179469
Valencia,working,Full,connectors_sun,21,Afternoon,398,59,1610,uniform_area,6,0.65478690075203
Valencia,working,Full,connectors_sun,21,Afternoon,398,59,1610,uniform_area,7,0.8464850923968945
Valencia,working,Full,connectors_sun,21,Afternoon,398,59,1610,uniform_area,8,1.0470189462579282
Valencia,working,Full,connectors_sun,21,Afternoon,398,59,1610,uniform_area,9,1.2706934513567474
Valencia,working,Full,connectors_sun,21,Afternoon,398,59,1610,uniform_area,10,1.5138719289291522
Valencia,working,Full,connectors_sun,21,Afternoon,398,59,1610,uniform_area,11,1.7981649550193015
Valencia,working,Full,connectors_sun,21,Afternoon,398,59,1610,uniform_area,12,2.090930339564253
Valencia,working,Full,connectors_sun,21,Afternoon,398,59,1610,uniform_area,13,2.405986635123975
Valencia,working,Full,connectors_sun,21,Afternoon,398,59,1610,uniform_area,14,2.7825399154568022
Valencia,working,Full,connectors_sun,21,Afternoon,398,59,1610,uniform_area,15,3.170045409547295
Valencia,working,Full,connectors_sun,21,Afternoon,398,59,1610,uniform_area,16,3.5732206721750237
Valencia,working,Full,connectors_sun,21,Afternoon,398,59,1610,uniform_area,17,3.986085736563055
Valencia,working,Full,connectors_sun,21,Afternoon,398,59,1610,uniform_area,18,4.417659264130521
Valencia,working,Full,connectors_sun,21,Afternoon,398,59,1610,uniform_area,19,4.860687474569463
Valencia,working,Full,connectors_sun,21,Afternoon,398,59,1610,uniform_area,20,5.313022910020959
Valencia,working,Full,connectors_sun,21,Afternoon,398,59,1610,uniform_area,21,5.7949089910903995
Valencia,working,Full,connectors_sun,21,Afternoon,398,59,1610,uniform_area,22,6.278789732082866
Valencia,working,Full,connectors_sun,21,Afternoon,398,59,1610,uniform_area,23,6.7796641571816085
Valencia,working,Full,connectors_sun,21,Afternoon,398,59,1610,uniform_area,24,7.285982556247284
Valencia,working,Full,connectors_sun,21,Afternoon,398,59,1610,uniform_area,25,7.800418016674252
Valencia,working,Full,connectors_sun,21,Afternoon,398,59,1610,uniform_area,26,8.349472242062381
Valencia,working,Full,connectors_sun,21,Afternoon,398,59,1610,uniform_area,27,8.942564772913409
Valencia,working,Full,connectors_sun,21,Afternoon,398,59,1610,uniform_area,28,9.548826186215619
Valencia,working,Full,connectors_sun,21,Afternoon,398,59,1610,uniform_area,29,10.226340298602265
Valencia,working,Full,connectors_sun,21,Afternoon,398,59,1610,uniform_area,30,10.928395553026277
Valencia,working,Full,connectors_sun,21,Afternoon,398,59,1610,uniform_area,31,11.667194236861278
Valencia,working,Full,connectors_sun,21,Afternoon,398,59,1610,uniform_area,32,12.416014863957578
Valencia,working,Full,connectors_sun,21,Afternoon,398,59,1610,uniform_area,33,13.1876211011411
Valencia,working,Full,connectors_sun,21,Afternoon,398,59,1610,uniform_area,34,13.973566618871248
Valencia,working,Full,connectors_sun,21,Afternoon,398,59,1610,uniform_area,35,14.786009677506643
Valencia,working,Full,connectors_sun,21,Afternoon,398,59,1610,uniform_area,36,15.616627340979017
Valencia,working,Full,connectors_sun,21,Afternoon,398,59,1610,uniform_area,37,16.469472084262453
Valencia,working,Full,connectors_sun,21,Afternoon,398,59,1610,uniform_area,38,17.32973778205645
Valencia,working,Full,connectors_sun,21,Afternoon,398,59,1610,uniform_area,39,18.25050651745507
Valencia,working,Full,connectors_sun,21,Afternoon,398,59,1610,uniform_area,40,19.18633807443686
Valencia,working,Full,connectors_sun,21,Afternoon,398,59,1610,uniform_area,41,20.150223092925472
Valencia,working,Full,connectors_sun,21,Afternoon,398,59,1610,uniform_area,42,21.1348500943816
Valencia,working,Full,connectors_sun,21,Afternoon,398,59,1610,uniform_area,43,22.14486183546752
Valencia,working,Full,connectors_sun,21,Afternoon,398,59,1610,uniform_area,44,23.251132335613388
Valencia,working,Full,connectors_sun,21,Afternoon,398,59,1610,uniform_area,45,24.413991993907
Valencia,working,Full,connectors_sun,21,Afternoon,398,59,1610,uniform_area,46,25.590816671730522
Valencia,working,Full,connectors_sun,21,Afternoon,398,59,1610,uniform_area,47,26.774456598192366
Valencia,working,Full,connectors_sun,21,Afternoon,398,59,1610,uniform_area,48,28.02062243868385
Valencia,working,Full,connectors_sun,21,Afternoon,398,59,1610,uniform_area,49,29.27817219623813
Valencia,working,Full,connectors_sun,21,Afternoon,398,59,1610,uniform_area,50,30.55520608827348
Valencia,working,Full,connectors_sun,21,Afternoon,398,59,1610,uniform_area,51,31.883943100785036
Valencia,working,Full,connectors_sun,21,Afternoon,398,59,1610,uniform_area,52,33.301127662809975
Valencia,working,Full,connectors_sun,21,Afternoon,398,59,1610,uniform_area,53,34.81059271305728
Valencia,working,Full,connectors_sun,21,Afternoon,398,59,1610,uniform_area,54,36.53909795785819
Valencia,working,Full,connectors_sun,21,Afternoon,398,59,1610,uniform_area,55,38.43958147359558
Valencia,working,Full,connectors_sun,21,Afternoon,398,59,1610,uniform_area,56,40.429069079528325
Valencia,working,Full,connectors_sun,21,Afternoon,398,59,1610,uniform_area,57,42.890689268781635
Valencia,working,Full,connectors_sun,21,Afternoon,398,59,1610,uniform_area,58,45.48242341250932
Valencia,working,Full,connectors_sun,21,Afternoon,398,59,1610,uniform_area,59,48.83833663350091
Valencia,working,Full,connectors_sun,41,Morning,398,59,1610,local,0,0.0
Valencia,working,Full,connectors_sun,41,Morning,398,59,1610,local,1,0.0006589121628419608
Valencia,working,Full,connectors_sun,41,Morning,398,59,1610,local,2,0.011200138474123657
Valencia,working,Full,connectors_sun,41,Morning,398,59,1610,local,3,0.02998224181587703
Valencia,working,Full,connectors_sun,41,Morning,398,59,1610,local,4,0.07117627129906613
Valencia,working,Full,connectors_sun,41,Morning,398,59,1610,local,5,0.12667302764754448
Valencia,working,Full,connectors_sun,41,Morning,398,59,1610,local,6,0.19120671664341618
Valencia,working,Full,connectors_sun,41,Morning,398,59,1610,local,7,0.27103420369064857
Valencia,working,Full,connectors_sun,41,Morning,398,59,1610,local,8,0.36648126617807764
Valencia,working,Full,connectors_sun,41,Morning,398,59,1610,local,9,0.4705760264769603
Valencia,working,Full,connectors_sun,41,Morning,398,59,1610,local,10,0.6003388792468802
Valencia,working,Full,connectors_sun,41,Morning,398,59,1610,local,11,0.8008375733414453
Valencia,working,Full,connectors_sun,41,Morning,398,59,1610,local,12,1.0252834682631389
Valencia,working,Full,connectors_sun,41,Morning,398,59,1610,local,13,1.256586199423077
Valencia,working,Full,connectors_sun,41,Morning,398,59,1610,local,14,1.5051904984838314
Valencia,working,Full,connectors_sun,41,Morning,398,59,1610,local,15,1.7612168252704357
Valencia,working,Full,connectors_sun,41,Morning,398,59,1610,local,16,2.0266936235855986
Valencia,working,Full,connectors_sun,41,Morning,398,59,1610,local,17,2.300478711720568
Valencia,working,Full,connectors_sun,41,Morning,398,59,1610,local,18,2.5763297446392692
Valencia,working,Full,connectors_sun,41,Morning,398,59,1610,local,19,2.8539220627669732
Valencia,working,Full,connectors_sun,41,Morning,398,59,1610,local,20,3.1660041052956167
Valencia,working,Full,connectors_sun,41,Morning,398,59,1610,local,21,3.5001307804374666
Valencia,working,Full,connectors_sun,41,Morning,398,59,1610,local,22,3.8477325812910563
Valencia,working,Full,connectors_sun,41,Morning,398,59,1610,local,23,4.20353026996112
Valencia,working,Full,connectors_sun,41,Morning,398,59,1610,local,24,4.58775663323817
Valencia,working,Full,connectors_sun,41,Morning,398,59,1610,local,25,4.990172292005416
Valencia,working,Full,connectors_sun,41,Morning,398,59,1610,local,26,5.405402437130524
Valencia,working,Full,connectors_sun,41,Morning,398,59,1610,local,27,5.821150769473039
Valencia,working,Full,connectors_sun,41,Morning,398,59,1610,local,28,6.269427783987596
Valencia,working,Full,connectors_sun,41,Morning,398,59,1610,local,29,6.729620771672972
Valencia,working,Full,connectors_sun,41,Morning,398,59,1610,local,30,7.224934820681769
Valencia,working,Full,connectors_sun,41,Morning,398,59,1610,local,31,7.747189655209954
Valencia,working,Full,connectors_sun,41,Morning,398,59,1610,local,32,8.280251860485583
Valencia,working,Full,connectors_sun,41,Morning,398,59,1610,local,33,8.81572136629964
Valencia,working,Full,connectors_sun,41,Morning,398,59,1610,local,34,9.392329437081429
Valencia,working,Full,connectors_sun,41,Morning,398,59,1610,local,35,10.026010254995922
Valencia,working,Full,connectors_sun,41,Morning,398,59,1610,local,36,10.725092630537313
Valencia,working,Full,connectors_sun,41,Morning,398,59,1610,local,37,11.46107243851552
Valencia,working,Full,connectors_sun,41,Morning,398,59,1610,local,38,12.227044537421053
Valencia,working,Full,connectors_sun,41,Morning,398,59,1610,local,39,13.022930126967017
Valencia,working,Full,connectors_sun,41,Morning,398,59,1610,local,40,13.826954061203141
Valencia,working,Full,connectors_sun,41,Morning,398,59,1610,local,41,14.77566058603153
Valencia,working,Full,connectors_sun,41,Morning,398,59,1610,local,42,15.733423588430925
Valencia,working,Full,connectors_sun,41,Morning,398,59,1610,local,43,16.697213814597326
Valencia,working,Full,connectors_sun,41,Morning,398,59,1610,local,44,17.69782530108526
Valencia,working,Full,connectors_sun,41,Morning,398,59,1610,local,45,18.77255409134737
Valencia,working,Full,connectors_sun,41,Morning,398,59,1610,local,46,19.870481442325847
Valencia,working,Full,connectors_sun,41,Morning,398,59,1610,local,47,21.060391981655886
Valencia,working,Full,connectors_sun,41,Morning,398,59,1610,local,48,22.25420541193992
Valencia,working,Full,connectors_sun,41,Morning,398,59,1610,local,49,23.525091695102624
Valencia,working,Full,connectors_sun,41,Morning,398,59,1610,local,50,24.80432406814685
Valencia,working,Full,connectors_sun,41,Morning,398,59,1610,local,51,26.133658211675648
Valencia,working,Full,connectors_sun,41,Morning,398,59,1610,local,52,27.534567155272125
Valencia,working,Full,connectors_sun,41,Morning,398,59,1610,local,53,29.091731931105773
Valencia,working,Full,connectors_sun,41,Morning,398,59,1610,local,54,30.70966492508502
Valencia,working,Full,connectors_sun,41,Morning,398,59,1610,local,55,32.38127604793524
Valencia,working,Full,connectors_sun,41,Morning,398,59,1610,local,56,34.12355173744125
Valencia,working,Full,connectors_sun,41,Morning,398,59,1610,local,57,36.0498050416076
Valencia,working,Full,connectors_sun,41,Morning,398,59,1610,local,58,38.047291524652834
Valencia,working,Full,connectors_sun,41,Morning,398,59,1610,local,59,40.4051276148679
Valencia,working,Full,connectors_sun,41,Morning,398,59,1610,regional,0,0.0
Valencia,working,Full,connectors_sun,41,Morning,398,59,1610,regional,1,0.001979171131085289
Valencia,working,Full,connectors_sun,41,Morning,398,59,1610,regional,2,0.012401595664772176
Valencia,working,Full,connectors_sun,41,Morning,398,59,1610,regional,3,0.03125580545206965
Valencia,working,Full,connectors_sun,41,Morning,398,59,1610,regional,4,0.06150212549795417
Valencia,working,Full,connectors_sun,41,Morning,398,59,1610,regional,5,0.10901020006843185
Valencia,working,Full,connectors_sun,41,Morning,398,59,1610,regional,6,0.16230292430803483
Valencia,working,Full,connectors_sun,41,Morning,398,59,1610,regional,7,0.21955127260015334
Valencia,working,Full,connectors_sun,41,Morning,398,59,1610,regional,8,0.30738883222803914
Valencia,working,Full,connectors_sun,41,Morning,398,59,1610,regional,9,0.4093656498425993
Valencia,working,Full,connectors_sun,41,Morning,398,59,1610,regional,10,0.5383793045121346
Valencia,working,Full,connectors_sun,41,Morning,398,59,1610,regional,11,0.7097180332067038
Valencia,working,Full,connectors_sun,41,Morning,398,59,1610,regional,12,0.9262712029294297
Valencia,working,Full,connectors_sun,41,Morning,398,59,1610,regional,13,1.1439136670899752
Valencia,working,Full,connectors_sun,41,Morning,398,59,1610,regional,14,1.3695115109494687
Valencia,working,Full,connectors_sun,41,Morning,398,59,1610,regional,15,1.616420227068232
Valencia,working,Full,connectors_sun,41,Morning,398,59,1610,regional,16,1.8760308149043603
Valencia,working,Full,connectors_sun,41,Morning,398,59,1610,regional,17,2.169644453266997
Valencia,working,Full,connectors_sun,41,Morning,398,59,1610,regional,18,2.465719816111868
Valencia,working,Full,connectors_sun,41,Morning,398,59,1610,regional,19,2.7792515999751277
Valencia,working,Full,connectors_sun,41,Morning,398,59,1610,regional,20,3.112489991973734
Valencia,working,Full,connectors_sun,41,Morning,398,59,1610,regional,21,3.4490433604552435
Valencia,working,Full,connectors_sun,41,Morning,398,59,1610,regional,22,3.788257204715446
Valencia,working,Full,connectors_sun,41,Morning,398,59,1610,regional,23,4.130888984201322
Valencia,working,Full,connectors_sun,41,Morning,398,59,1610,regional,24,4.489758554407911
Valencia,working,Full,connectors_sun,41,Morning,398,59,1610,regional,25,4.883720136354776
Valencia,working,Full,connectors_sun,41,Morning,398,59,1610,regional,26,5.2874304386912945
Valencia,working,Full,connectors_sun,41,Morning,398,59,1610,regional,27,5.722704569055579
Valencia,working,Full,connectors_sun,41,Morning,398,59,1610,regional,28,6.173587745034444
Valencia,working,Full,connectors_sun,41,Morning,398,59,1610,regional,29,6.628470302250695
Valencia,working,Full,connectors_sun,41,Morning,398,59,1610,regional,30,7.123473652667804
Valencia,working,Full,connectors_sun,41,Morning,398,59,1610,regional,31,7.633331157698547
Valencia,working,Full,connectors_sun,41,Morning,398,59,1610,regional,32,8.155648022221236
Valencia,working,Full,connectors_sun,41,Morning,398,59,1610,regional,33,8.68887651038928
Valencia,working,Full,connectors_sun,41,Morning,398,59,1610,regional,34,9.26589433018869
Valencia,working,Full,connectors_sun,41,Morning,398,59,1610,regional,35,9.87924789240831
Valencia,working,Full,connectors_sun,41,Morning,398,59,1610,regional,36,10.571877567406482
Valencia,working,Full,connectors_sun,41,Morning,398,59,1610,regional,37,11.280674741571604
Valencia,working,Full,connectors_sun,41,Morning,398,59,1610,regional,38,12.048025903244048
Valencia,working,Full,connectors_sun,41,Morning,398,59,1610,regional,39,12.823897023499773
Valencia,working,Full,connectors_sun,41,Morning,398,59,1610,regional,40,13.635223298570802
Valencia,working,Full,connectors_sun,41,Morning,398,59,1610,regional,41,14.588858699357983
Valencia,working,Full,connectors_sun,41,Morning,398,59,1610,regional,42,15.55341554453972
Valencia,working,Full,connectors_sun,41,Morning,398,59,1610,regional,43,16.536038577051578
Valencia,working,Full,connectors_sun,41,Morning,398,59,1610,regional,44,17.547969098933667
Valencia,working,Full,connectors_sun,41,Morning,398,59,1610,regional,45,18.628510534748866
Valencia,working,Full,connectors_sun,41,Morning,398,59,1610,regional,46,19.728356792867043
Valencia,working,Full,connectors_sun,41,Morning,398,59,1610,regional,47,20.92137685303582
Valencia,working,Full,connectors_sun,41,Morning,398,59,1610,regional,48,22.134979241627285
Valencia,working,Full,connectors_sun,41,Morning,398,59,1610,regional,49,23.39747687531767
Valencia,working,Full,connectors_sun,41,Morning,398,59,1610,regional,50,24.669630634297256
Valencia,working,Full,connectors_sun,41,Morning,398,59,1610,regional,51,25.995537206325015
Valencia,working,Full,connectors_sun,41,Morning,398,59,1610,regional,52,27.386430349098813
Valencia,working,Full,connectors_sun,41,Morning,398,59,1610,regional,53,28.93683857767774
Valencia,working,Full,connectors_sun,41,Morning,398,59,1610,regional,54,30.549421853383762
Valencia,working,Full,connectors_sun,41,Morning,398,59,1610,regional,55,32.21388731967665
Valencia,working,Full,connectors_sun,41,Morning,398,59,1610,regional,56,33.964849294774915
Valencia,working,Full,connectors_sun,41,Morning,398,59,1610,regional,57,35.905142801725425
Valencia,working,Full,connectors_sun,41,Morning,398,59,1610,regional,58,37.91675676094874
Valencia,working,Full,connectors_sun,41,Morning,398,59,1610,regional,59,40.29225969289269
Valencia,working,Full,connectors_sun,41,Morning,398,59,1610,uniform_area,0,0.0
Valencia,working,Full,connectors_sun,41,Morning,398,59,1610,uniform_area,1,0.008426660469439403
Valencia,working,Full,connectors_sun,41,Morning,398,59,1610,uniform_area,2,0.020212601487338784
Valencia,working,Full,connectors_sun,41,Morning,398,59,1610,uniform_area,3,0.039421277430063205
Valencia,working,Full,connectors_sun,41,Morning,398,59,1610,uniform_area,4,0.0680458498549003
Valencia,working,Full,connectors_sun,41,Morning,398,59,1610,uniform_area,5,0.11512594931555972
Valencia,working,Full,connectors_sun,41,Morning,398,59,1610,uniform_area,6,0.19381777192659372
Valencia,working,Full,connectors_sun,41,Morning,398,59,1610,uniform_area,7,0.2758494959734302
Valencia,working,Full,connectors_sun,41,Morning,398,59,1610,uniform_area,8,0.37837681937933265
Valencia,working,Full,connectors_sun,41,Morning,398,59,1610,uniform_area,9,0.50197490762613
Valencia,working,Full,connectors_sun,41,Morning,398,59,1610,uniform_area,10,0.6526617941879396
Valencia,working,Full,connectors_sun,41,Morning,398,59,1610,uniform_area,11,0.8535453917854259
Valencia,working,Full,connectors_sun,41,Morning,398,59,1610,uniform_area,12,1.0638110864786476
Valencia,working,Full,connectors_sun,41,Morning,398,59,1610,uniform_area,13,1.2920725909286586
Valencia,working,Full,connectors_sun,41,Morning,398,59,1610,uniform_area,14,1.5224201398037869
Valencia,working,Full,connectors_sun,41,Morning,398,59,1610,uniform_area,15,1.7744179981874557
Valencia,working,Full,connectors_sun,41,Morning,398,59,1610,uniform_area,16,2.049000383662115
Valencia,working,Full,connectors_sun,41,Morning,398,59,1610,uniform_area,17,2.325646435211807
Valencia,working,Full,connectors_sun,41,Morning,398,59,1610,uniform_area,18,2.610711222811848
Valencia,working,Full,connectors_sun,41,Morning,398,59,1610,uniform_area,19,2.897609337296266
Valencia,working,Full,connectors_sun,41,Morning,398,59,1610,uniform_area,20,3.1975772459232483
Valencia,working,Full,connectors_sun,41,Morning,398,59,1610,uniform_area,21,3.5318101706678564
Valencia,working,Full,connectors_sun,41,Morning,398,59,1610,uniform_area,22,3.884665293288299
Valencia,working,Full,connectors_sun,41,Morning,398,59,1610,uniform_area,23,4.242452029850187
Valencia,working,Full,connectors_sun,41,Morning,398,59,1610,uniform_area,24,4.616100424274575
Valencia,working,Full,connectors_sun,41,Morning,398,59,1610,uniform_area,25,5.020103951119751
Valencia,working,Full,connectors_sun,41,Morning,398,59,1610,uniform_area,26,5.438352920823494
Valencia,working,Full,connectors_sun,41,Morning,398,59,1610,uniform_area,27,5.86941887737632
Valencia,working,Full,connectors_sun,41,Morning,398,59,1610,uniform_area,28,6.331072870973101
Valencia,working,Full,connectors_sun,41,Morning,398,59,1610,uniform_area,29,6.809398529700696
Valencia,working,Full,connectors_sun,41,Morning,398,59,1610,uniform_area,30,7.305919069764591
Valencia,working,Full,connectors_sun,41,Morning,398,59,1610,uniform_area,31,7.82016323317914
Valencia,working,Full,connectors_sun,41,Morning,398,59,1610,uniform_area,32,8.347355519676748
Valencia,working,Full,connectors_sun,41,Morning,398,59,1610,uniform_area,33,8.877656403577543
Valencia,working,Full,connectors_sun,41,Morning,398,59,1610,uniform_area,34,9.449158978812267
Valencia,working,Full,connectors_sun,41,Morning,398,59,1610,uniform_area,35,10.069270875667383
Valencia,working,Full,connectors_sun,41,Morning,398,59,1610,uniform_area,36,10.758032893925192
Valencia,working,Full,connectors_sun,41,Morning,398,59,1610,uniform_area,37,11.483857854070278
Valencia,working,Full,connectors_sun,41,Morning,398,59,1610,uniform_area,38,12.243086230197388
Valencia,working,Full,connectors_sun,41,Morning,398,59,1610,uniform_area,39,13.03638797416224
Valencia,working,Full,connectors_sun,41,Morning,398,59,1610,uniform_area,40,13.84261030207746
Valencia,working,Full,connectors_sun,41,Morning,398,59,1610,uniform_area,41,14.800888911520708
Valencia,working,Full,connectors_sun,41,Morning,398,59,1610,uniform_area,42,15.76869929945377
Valencia,working,Full,connectors_sun,41,Morning,398,59,1610,uniform_area,43,16.751996268544744
Valencia,working,Full,connectors_sun,41,Morning,398,59,1610,uniform_area,44,17.77260176172083
Valencia,working,Full,connectors_sun,41,Morning,398,59,1610,uniform_area,45,18.87144033628998
Valencia,working,Full,connectors_sun,41,Morning,398,59,1610,uniform_area,46,19.98887419413175
Valencia,working,Full,connectors_sun,41,Morning,398,59,1610,uniform_area,47,21.2038518880934
Valencia,working,Full,connectors_sun,41,Morning,398,59,1610,uniform_area,48,22.4216985284207
Valencia,working,Full,connectors_sun,41,Morning,398,59,1610,uniform_area,49,23.69298894322802
Valencia,working,Full,connectors_sun,41,Morning,398,59,1610,uniform_area,50,24.965506408894043
Valencia,working,Full,connectors_sun,41,Morning,398,59,1610,uniform_area,51,26.299180980902047
Valencia,working,Full,connectors_sun,41,Morning,398,59,1610,uniform_area,52,27.702349529583493
Valencia,working,Full,connectors_sun,41,Morning,398,59,1610,uniform_area,53,29.271303133518643
Valencia,working,Full,connectors_sun,41,Morning,398,59,1610,uniform_area,54,30.90101743585642
Valencia,working,Full,connectors_sun,41,Morning,398,59,1610,uniform_area,55,32.58045026158467
Valencia,working,Full,connectors_sun,41,Morning,398,59,1610,uniform_area,56,34.33309187010069
Valencia,working,Full,connectors_sun,41,Morning,398,59,1610,uniform_area,57,36.270590142418854
Valencia,working,Full,connectors_sun,41,Morning,398,59,1610,uniform_area,58,38.279439072706
Valencia,working,Full,connectors_sun,41,Morning,398,59,1610,uniform_area,59,40.65950465161202
Valencia,working,Full,connectors_sun,41,Afternoon,398,59,1610,local,0,0.0
Valencia,working,Full,connectors_sun,41,Afternoon,398,59,1610,local,1,0.004217814059895408
Valencia,working,Full,connectors_sun,41,Afternoon,398,59,1610,local,2,0.03766868468018839
Valencia,working,Full,connectors_sun,41,Afternoon,398,59,1610,local,3,0.07716143225725296
Valencia,working,Full,connectors_sun,41,Afternoon,398,59,1610,local,4,0.1230857801222097
Valencia,working,Full,connectors_sun,41,Afternoon,398,59,1610,local,5,0.21908702203330724
Valencia,working,Full,connectors_sun,41,Afternoon,398,59,1610,local,6,0.3229605742382322
Valencia,working,Full,connectors_sun,41,Afternoon,398,59,1610,local,7,0.4586456575096541
Valencia,working,Full,connectors_sun,41,Afternoon,398,59,1610,local,8,0.6428760149497506
Valencia,working,Full,connectors_sun,41,Afternoon,398,59,1610,local,9,0.8360870858639031
Valencia,working,Full,connectors_sun,41,Afternoon,398,59,1610,local,10,1.0369044332172046
Valencia,working,Full,connectors_sun,41,Afternoon,398,59,1610,local,11,1.2521462536747963
Valencia,working,Full,connectors_sun,41,Afternoon,398,59,1610,local,12,1.4902482239116521
Valencia,working,Full,connectors_sun,41,Afternoon,398,59,1610,local,13,1.7537263570448138
Valencia,working,Full,connectors_sun,41,Afternoon,398,59,1610,local,14,2.0406480790515706
Valencia,working,Full,connectors_sun,41,Afternoon,398,59,1610,local,15,2.391172130127633
Valencia,working,Full,connectors_sun,41,Afternoon,398,59,1610,local,16,2.7759986320679984
Valencia,working,Full,connectors_sun,41,Afternoon,398,59,1610,local,17,3.1640228036464997
Valencia,working,Full,connectors_sun,41,Afternoon,398,59,1610,local,18,3.5652273091314
Valencia,working,Full,connectors_sun,41,Afternoon,398,59,1610,local,19,3.9686732675883007
Valencia,working,Full,connectors_sun,41,Afternoon,398,59,1610,local,20,4.385204935608476
Valencia,working,Full,connectors_sun,41,Afternoon,398,59,1610,local,21,4.803585361692253
Valencia,working,Full,connectors_sun,41,Afternoon,398,59,1610,local,22,5.226758359263307
Valencia,working,Full,connectors_sun,41,Afternoon,398,59,1610,local,23,5.685866349526653
Valencia,working,Full,connectors_sun,41,Afternoon,398,59,1610,local,24,6.160864431709763
Valencia,working,Full,connectors_sun,41,Afternoon,398,59,1610,local,25,6.666199118115075
Valencia,working,Full,connectors_sun,41,Afternoon,398,59,1610,local,26,7.186781292853774
Valencia,working,Full,connectors_sun,41,Afternoon,398,59,1610,local,27,7.716383224290208
Valencia,working,Full,connectors_sun,41,Afternoon,398,59,1610,local,28,8.270885225330025
Valencia,working,Full,connectors_sun,41,Afternoon,398,59,1610,local,29,8.902533829873818
Valencia,working,Full,connectors_sun,41,Afternoon,398,59,1610,local,30,9.565047561820716
Valencia,working,Full,connectors_sun,41,Afternoon,398,59,1610,local,31,10.235387617446406
Valencia,working,Full,connectors_sun,41,Afternoon,398,59,1610,local,32,10.909622964175925
Valencia,working,Full,connectors_sun,41,Afternoon,398,59,1610,local,33,11.605330059178792
Valencia,working,Full,connectors_sun,41,Afternoon,398,59,1610,local,34,12.366379667067
Valencia,working,Full,connectors_sun,41,Afternoon,398,59,1610,local,35,13.164216712173793
Valencia,working,Full,connectors_sun,41,Afternoon,398,59,1610,local,36,13.969430911516147
Valencia,working,Full,connectors_sun,41,Afternoon,398,59,1610,local,37,14.789838668948704
Valencia,working,Full,connectors_sun,41,Afternoon,398,59,1610,local,38,15.668535157702836
Valencia,working,Full,connectors_sun,41,Afternoon,398,59,1610,local,39,16.584217509291644
Valencia,working,Full,connectors_sun,41,Afternoon,398,59,1610,local,40,17.505971939161842
Valencia,working,Full,connectors_sun,41,Afternoon,398,59,1610,local,41,18.439199667746717
Valencia,working,Full,connectors_sun,41,Afternoon,398,59,1610,local,42,19.44243162933809
Valencia,working,Full,connectors_sun,41,Afternoon,398,59,1610,local,43,20.55870513880973
Valencia,working,Full,connectors_sun,41,Afternoon,398,59,1610,local,44,21.700109238477655
Valencia,working,Full,connectors_sun,41,Afternoon,398,59,1610,local,45,22.85120765745198
Valencia,working,Full,connectors_sun,41,Afternoon,398,59,1610,local,46,24.009593155939505
Valencia,working,Full,connectors_sun,41,Afternoon,398,59,1610,local,47,25.173457466044802
Valencia,working,Full,connectors_sun,41,Afternoon,398,59,1610,local,48,26.428517360951755
Valencia,working,Full,connectors_sun,41,Afternoon,398,59,1610,local,49,27.73748695534202
Valencia,working,Full,connectors_sun,41,Afternoon,398,59,1610,local,50,29.0624389547684
Valencia,working,Full,connectors_sun,41,Afternoon,398,59,1610,local,51,30.438677017995094
Valencia,working,Full,connectors_sun,41,Afternoon,398,59,1610,local,52,31.8567231730503
Valencia,working,Full,connectors_sun,41,Afternoon,398,59,1610,local,53,33.304735271761935
Valencia,working,Full,connectors_sun,41,Afternoon,398,59,1610,local,54,35.00827298500398
Valencia,working,Full,connectors_sun,41,Afternoon,398,59,1610,local,55,36.893401756100666
Valencia,working,Full,connectors_sun,41,Afternoon,398,59,1610,local,56,38.85804252563673
Valencia,working,Full,connectors_sun,41,Afternoon,398,59,1610,local,57,40.92472313171021
Valencia,working,Full,connectors_sun,41,Afternoon,398,59,1610,local,58,43.50477956571409
Valencia,working,Full,connectors_sun,41,Afternoon,398,59,1610,local,59,46.843732680446166
Valencia,working,Full,connectors_sun,41,Afternoon,398,59,1610,regional,0,0.0
Valencia,working,Full,connectors_sun,41,Afternoon,398,59,1610,regional,1,0.0091252736287118
Valencia,working,Full,connectors_sun,41,Afternoon,398,59,1610,regional,2,0.04751015821646685
Valencia,working,Full,connectors_sun,41,Afternoon,398,59,1610,regional,3,0.10506198160446059
Valencia,working,Full,connectors_sun,41,Afternoon,398,59,1610,regional,4,0.1874316252316635
Valencia,working,Full,connectors_sun,41,Afternoon,398,59,1610,regional,5,0.30234472310023786
Valencia,working,Full,connectors_sun,41,Afternoon,398,59,1610,regional,6,0.43284856979580216
Valencia,working,Full,connectors_sun,41,Afternoon,398,59,1610,regional,7,0.5715631831992
Valencia,working,Full,connectors_sun,41,Afternoon,398,59,1610,regional,8,0.7170702184586585
Valencia,working,Full,connectors_sun,41,Afternoon,398,59,1610,regional,9,0.8737504158227365
Valencia,working,Full,connectors_sun,41,Afternoon,398,59,1610,regional,10,1.0552182183775403
Valencia,working,Full,connectors_sun,41,Afternoon,398,59,1610,regional,11,1.3030371770496092
Valencia,working,Full,connectors_sun,41,Afternoon,398,59,1610,regional,12,1.5693352157132143
Valencia,working,Full,connectors_sun,41,Afternoon,398,59,1610,regional,13,1.851628054867879
Valencia,working,Full,connectors_sun,41,Afternoon,398,59,1610,regional,14,2.148962555192892
Valencia,working,Full,connectors_sun,41,Afternoon,398,59,1610,regional,15,2.462956972459661
Valencia,working,Full,connectors_sun,41,Afternoon,398,59,1610,regional,16,2.7992412880728454
Valencia,working,Full,connectors_sun,41,Afternoon,398,59,1610,regional,17,3.1506596442300014
Valencia,working,Full,connectors_sun,41,Afternoon,398,59,1610,regional,18,3.5217028929188294
Valencia,working,Full,connectors_sun,41,Afternoon,398,59,1610,regional,19,3.903908733850083
Valencia,working,Full,connectors_sun,41,Afternoon,398,59,1610,regional,20,4.291548860991742
Valencia,working,Full,connectors_sun,41,Afternoon,398,59,1610,regional,21,4.68459414495035
Valencia,working,Full,connectors_sun,41,Afternoon,398,59,1610,regional,22,5.095902458849343
Valencia,working,Full,connectors_sun,41,Afternoon,398,59,1610,regional,23,5.5134248130611185
Valencia,working,Full,connectors_sun,41,Afternoon,398,59,1610,regional,24,5.972197955554146
Valencia,working,Full,connectors_sun,41,Afternoon,398,59,1610,regional,25,6.453533303114568
Valencia,working,Full,connectors_sun,41,Afternoon,398,59,1610,regional,26,6.943857714545549
Valencia,working,Full,connectors_sun,41,Afternoon,398,59,1610,regional,27,7.477758514230806
Valencia,working,Full,connectors_sun,41,Afternoon,398,59,1610,regional,28,8.023077232482803
Valencia,working,Full,connectors_sun,41,Afternoon,398,59,1610,regional,29,8.586607447309715
Valencia,working,Full,connectors_sun,41,Afternoon,398,59,1610,regional,30,9.218366747669554
Valencia,working,Full,connectors_sun,41,Afternoon,398,59,1610,regional,31,9.867942126482632
Valencia,working,Full,connectors_sun,41,Afternoon,398,59,1610,regional,32,10.550641864875823
Valencia,working,Full,connectors_sun,41,Afternoon,398,59,1610,regional,33,11.234444953067968
Valencia,working,Full,connectors_sun,41,Afternoon,398,59,1610,regional,34,11.928196001712918
Valencia,working,Full,connectors_sun,41,Afternoon,398,59,1610,regional,35,12.639142575914569
Valencia,working,Full,connectors_sun,41,Afternoon,398,59,1610,regional,36,13.37759704493182
Valencia,working,Full,connectors_sun,41,Afternoon,398,59,1610,regional,37,14.122914592678505
Valencia,working,Full,connectors_sun,41,Afternoon,398,59,1610,regional,38,14.918780229309746
Valencia,working,Full,connectors_sun,41,Afternoon,398,59,1610,regional,39,15.747806573815554
Valencia,working,Full,connectors_sun,41,Afternoon,398,59,1610,regional,40,16.60011469178404
Valencia,working,Full,connectors_sun,41,Afternoon,398,59,1610,regional,41,17.493009896224482
Valencia,working,Full,connectors_sun,41,Afternoon,398,59,1610,regional,42,18.405548689022215
Valencia,working,Full,connectors_sun,41,Afternoon,398,59,1610,regional,43,19.417909279174243
Valencia,working,Full,connectors_sun,41,Afternoon,398,59,1610,regional,44,20.4314778038933
Valencia,working,Full,connectors_sun,41,Afternoon,398,59,1610,regional,45,21.45319177742568
Valencia,working,Full,connectors_sun,41,Afternoon,398,59,1610,regional,46,22.489351373416483
Valencia,working,Full,connectors_sun,41,Afternoon,398,59,1610,regional,47,23.595575253725784
Valencia,working,Full,connectors_sun,41,Afternoon,398,59,1610,regional,48,24.73474024820528
Valencia,working,Full,connectors_sun,41,Afternoon,398,59,1610,regional,49,25.895300876171873
Valencia,working,Full,connectors_sun,41,Afternoon,398,59,1610,regional,50,27.113185927445436
Valencia,working,Full,connectors_sun,41,Afternoon,398,59,1610,regional,51,28.339955829106106
Valencia,working,Full,connectors_sun,41,Afternoon,398,59,1610,regional,52,29.65317980601573
Valencia,working,Full,connectors_sun,41,Afternoon,398,59,1610,regional,53,31.06454252829211
Valencia,working,Full,connectors_sun,41,Afternoon,398,59,1610,regional,54,32.61884462708107
Valencia,working,Full,connectors_sun,41,Afternoon,398,59,1610,regional,55,34.35115966392624
Valencia,working,Full,connectors_sun,41,Afternoon,398,59,1610,regional,56,36.16064715866746
Valencia,working,Full,connectors_sun,41,Afternoon,398,59,1610,regional,57,38.132530429731936
Valencia,working,Full,connectors_sun,41,Afternoon,398,59,1610,regional,58,40.548263551416206
Valencia,working,Full,connectors_sun,41,Afternoon,398,59,1610,regional,59,43.69314586124496
Valencia,working,Full,connectors_sun,41,Afternoon,398,59,1610,uniform_area,0,0.0
Valencia,working,Full,connectors_sun,41,Afternoon,398,59,1610,uniform_area,1,0.02476605645886719
Valencia,working,Full,connectors_sun,41,Afternoon,398,59,1610,uniform_area,2,0.07741796076524542
Valencia,working,Full,connectors_sun,41,Afternoon,398,59,1610,uniform_area,3,0.1453275327993497
Valencia,working,Full,connectors_sun,41,Afternoon,398,59,1610,uniform_area,4,0.25055673145524926
Valencia,working,Full,connectors_sun,41,Afternoon,398,59,1610,uniform_area,5,0.37008301664596815
Valencia,working,Full,connectors_sun,41,Afternoon,398,59,1610,uniform_area,6,0.5428327203682892
Valencia,working,Full,connectors_sun,41,Afternoon,398,59,1610,uniform_area,7,0.7464346386579475
Valencia,working,Full,connectors_sun,41,Afternoon,398,59,1610,uniform_area,8,0.9646954577699304
Valencia,working,Full,connectors_sun,41,Afternoon,398,59,1610,uniform_area,9,1.205909516737663
Valencia,working,Full,connectors_sun,41,Afternoon,398,59,1610,uniform_area,10,1.4703468488453662
Valencia,working,Full,connectors_sun,41,Afternoon,398,59,1610,uniform_area,11,1.7457539665455817
Valencia,working,Full,connectors_sun,41,Afternoon,398,59,1610,uniform_area,12,2.042134598277777
Valencia,working,Full,connectors_sun,41,Afternoon,398,59,1610,uniform_area,13,2.3403649017805064
Valencia,working,Full,connectors_sun,41,Afternoon,398,59,1610,uniform_area,14,2.670449755239516
Valencia,working,Full,connectors_sun,41,Afternoon,398,59,1610,uniform_area,15,3.0717648469625267
Valencia,working,Full,connectors_sun,41,Afternoon,398,59,1610,uniform_area,16,3.4763971628833454
Valencia,working,Full,connectors_sun,41,Afternoon,398,59,1610,uniform_area,17,3.898740709141953
Valencia,working,Full,connectors_sun,41,Afternoon,398,59,1610,uniform_area,18,4.333112661429416
Valencia,working,Full,connectors_sun,41,Afternoon,398,59,1610,uniform_area,19,4.777402731386719
Valencia,working,Full,connectors_sun,41,Afternoon,398,59,1610,uniform_area,20,5.229367515931027
Valencia,working,Full,connectors_sun,41,Afternoon,398,59,1610,uniform_area,21,5.689118020597102
Valencia,working,Full,connectors_sun,41,Afternoon,398,59,1610,uniform_area,22,6.183285086286473
Valencia,working,Full,connectors_sun,41,Afternoon,398,59,1610,uniform_area,23,6.6817145464501735
Valencia,working,Full,connectors_sun,41,Afternoon,398,59,1610,uniform_area,24,7.1951975188135195
Valencia,working,Full,connectors_sun,41,Afternoon,398,59,1610,uniform_area,25,7.714832223907966
Valencia,working,Full,connectors_sun,41,Afternoon,398,59,1610,uniform_area,26,8.250696814338339
Valencia,working,Full,connectors_sun,41,Afternoon,398,59,1610,uniform_area,27,8.820603669248934
Valencia,working,Full,connectors_sun,41,Afternoon,398,59,1610,uniform_area,28,9.432914100621357
Valencia,working,Full,connectors_sun,41,Afternoon,398,59,1610,uniform_area,29,10.052303237212445
Valencia,working,Full,connectors_sun,41,Afternoon,398,59,1610,uniform_area,30,10.743325598730316
Valencia,working,Full,connectors_sun,41,Afternoon,398,59,1610,uniform_area,31,11.459481883886207
Valencia,working,Full,connectors_sun,41,Afternoon,398,59,1610,uniform_area,32,12.21370769906906
Valencia,working,Full,connectors_sun,41,Afternoon,398,59,1610,uniform_area,33,12.982195143944844
Valencia,working,Full,connectors_sun,41,Afternoon,398,59,1610,uniform_area,34,13.778291563323005
Valencia,working,Full,connectors_sun,41,Afternoon,398,59,1610,uniform_area,35,14.59082610608902
Valencia,working,Full,connectors_sun,41,Afternoon,398,59,1610,uniform_area,36,15.430342621032551
Valencia,working,Full,connectors_sun,41,Afternoon,398,59,1610,uniform_area,37,16.286535233835114
Valencia,working,Full,connectors_sun,41,Afternoon,398,59,1610,uniform_area,38,17.16303354777403
Valencia,working,Full,connectors_sun,41,Afternoon,398,59,1610,uniform_area,39,18.053464405758692
Valencia,working,Full,connectors_sun,41,Afternoon,398,59,1610,uniform_area,40,19.005592965269862
Valencia,working,Full,connectors_sun,41,Afternoon,398,59,1610,uniform_area,41,19.9764766686908
Valencia,working,Full,connectors_sun,41,Afternoon,398,59,1610,uniform_area,42,20.97644120158149
Valencia,working,Full,connectors_sun,41,Afternoon,398,59,1610,uniform_area,43,22.0110379652076
Valencia,working,Full,connectors_sun,41,Afternoon,398,59,1610,uniform_area,44,23.142881767076446
Valencia,working,Full,connectors_sun,41,Afternoon,398,59,1610,uniform_area,45,24.32827326210196
Valencia,working,Full,connectors_sun,41,Afternoon,398,59,1610,uniform_area,46,25.530521287872993
Valencia,working,Full,connectors_sun,41,Afternoon,398,59,1610,uniform_area,47,26.74965905217637
Valencia,working,Full,connectors_sun,41,Afternoon,398,59,1610,uniform_area,48,28.03090704359603
Valencia,working,Full,connectors_sun,41,Afternoon,398,59,1610,uniform_area,49,29.327110273287893
Valencia,working,Full,connectors_sun,41,Afternoon,398,59,1610,uniform_area,50,30.628950857262538
Valencia,working,Full,connectors_sun,41,Afternoon,398,59,1610,uniform_area,51,31.992206495214162
Valencia,working,Full,connectors_sun,41,Afternoon,398,59,1610,uniform_area,52,33.44288125551419
Valencia,working,Full,connectors_sun,41,Afternoon,398,59,1610,uniform_area,53,34.98523045300277
Valencia,working,Full,connectors_sun,41,Afternoon,398,59,1610,uniform_area,54,36.742656056995834
Valencia,working,Full,connectors_sun,41,Afternoon,398,59,1610,uniform_area,55,38.6696842717499
Valencia,working,Full,connectors_sun,41,Afternoon,398,59,1610,uniform_area,56,40.688371209642625
Valencia,working,Full,connectors_sun,41,Afternoon,398,59,1610,uniform_area,57,42.8037438998641
Valencia,working,Full,connectors_sun,41,Afternoon,398,59,1610,uniform_area,58,45.445987756943154
Valencia,working,Full,connectors_sun,41,Afternoon,398,59,1610,uniform_area,59,48.864030052389936
Valencia,working,Full,network,21,Morning,442,66,1610,local,0,0.0
Valencia,working,Full,network,21,Morning,442,66,1610,local,1,0.015347157584514022
Valencia,working,Full,network,21,Morning,442,66,1610,local,2,0.03721519258484931
Valencia,working,Full,network,21,Morning,442,66,1610,local,3,0.098144050495877
Valencia,working,Full,network,21,Morning,442,66,1610,local,4,0.17555543430780796
Valencia,working,Full,network,21,Morning,442,66,1610,local,5,0.2600897665895455
Valencia,working,Full,network,21,Morning,442,66,1610,local,6,0.3534915646244393
Valencia,working,Full,network,21,Morning,442,66,1610,local,7,0.4482687877228841
Valencia,working,Full,network,21,Morning,442,66,1610,local,8,0.5472235955927073
Valencia,working,Full,network,21,Morning,442,66,1610,local,9,0.6518309525302529
Valencia,working,Full,network,21,Morning,442,66,1610,local,10,0.7752304264860961
Valencia,working,Full,network,21,Morning,442,66,1610,local,11,0.9071453278110413
Valencia,working,Full,network,21,Morning,442,66,1610,local,12,1.0457605843175688
Valencia,working,Full,network,21,Morning,442,66,1610,local,13,1.2045454686268617
Valencia,working,Full,network,21,Morning,442,66,1610,local,14,1.3673869870476227
Valencia,working,Full,network,21,Morning,442,66,1610,local,15,1.5867946740495307
Valencia,working,Full,network,21,Morning,442,66,1610,local,16,1.8280425497737136
Valencia,working,Full,network,21,Morning,442,66,1610,local,17,2.113091385533955
Valencia,working,Full,network,21,Morning,442,66,1610,local,18,2.461979645632749
Valencia,working,Full,network,21,Morning,442,66,1610,local,19,2.8216723420024845
Valencia,working,Full,network,21,Morning,442,66,1610,local,20,3.1969841900410416
Valencia,working,Full,network,21,Morning,442,66,1610,local,21,3.5750994500661117
Valencia,working,Full,network,21,Morning,442,66,1610,local,22,3.9654180558816936
Valencia,working,Full,network,21,Morning,442,66,1610,local,23,4.361238903477396
Valencia,working,Full,network,21,Morning,442,66,1610,local,24,4.77031869164321
Valencia,working,Full,network,21,Morning,442,66,1610,local,25,5.1939930348263745
Valencia,working,Full,network,21,Morning,442,66,1610,local,26,5.629665290866271
Valencia,working,Full,network,21,Morning,442,66,1610,local,27,6.079577571674108
Valencia,working,Full,network,21,Morning,442,66,1610,local,28,6.560718738345416
Valencia,working,Full,network,21,Morning,442,66,1610,local,29,7.061623908753589
Valencia,working,Full,network,21,Morning,442,66,1610,local,30,7.616384720143337
Valencia,working,Full,network,21,Morning,442,66,1610,local,31,8.171420846694314
Valencia,working,Full,network,21,Morning,442,66,1610,local,32,8.745813719877146
Valencia,working,Full,network,21,Morning,442,66,1610,local,33,9.341706301592017
Valencia,working,Full,network,21,Morning,442,66,1610,local,34,9.952339108796169
Valencia,working,Full,network,21,Morning,442,66,1610,local,35,10.59043292375606
Valencia,working,Full,network,21,Morning,442,66,1610,local,36,11.237418221989698
Valencia,working,Full,network,21,Morning,442,66,1610,local,37,11.906392763954525
Valencia,working,Full,network,21,Morning,442,66,1610,local,38,12.60325874216645
Valencia,working,Full,network,21,Morning,442,66,1610,local,39,13.306908195557687
Valencia,working,Full,network,21,Morning,442,66,1610,local,40,14.014761100044227
Valencia,working,Full,network,21,Morning,442,66,1610,local,41,14.751969202256776
Valencia,working,Full,network,21,Morning,442,66,1610,local,42,15.501854955042552
Valencia,working,Full,network,21,Morning,442,66,1610,local,43,16.280332519006194
Valencia,working,Full,network,21,Morning,442,66,1610,local,44,17.06290059206588
Valencia,working,Full,network,21,Morning,442,66,1610,local,45,17.878561863959053
Valencia,working,Full,network,21,Morning,442,66,1610,local,46,18.757891179929768
Valencia,working,Full,network,21,Morning,442,66,1610,local,47,19.646064489889625
Valencia,working,Full,network,21,Morning,442,66,1610,local,48,20.57484154009787
Valencia,working,Full,network,21,Morning,442,66,1610,local,49,21.53020555830761
Valencia,working,Full,network,21,Morning,442,66,1610,local,50,22.499726083604457
Valencia,working,Full,network,21,Morning,442,66,1610,local,51,23.485407223028005
Valencia,working,Full,network,21,Morning,442,66,1610,local,52,24.501295291602407
Valencia,working,Full,network,21,Morning,442,66,1610,local,53,25.599940315551724
Valencia,working,Full,network,21,Morning,442,66,1610,local,54,26.781139527265058
Valencia,working,Full,network,21,Morning,442,66,1610,local,55,27.96650789202199
Valencia,working,Full,network,21,Morning,442,66,1610,local,56,29.1701274613266
Valencia,working,Full,network,21,Morning,442,66,1610,local,57,30.482517156529468
Valencia,working,Full,network,21,Morning,442,66,1610,local,58,31.809322897807636
Valencia,working,Full,network,21,Morning,442,66,1610,local,59,33.18440637696292
Valencia,working,Full,network,21,Morning,442,66,1610,local,60,34.59765154293287
Valencia,working,Full,network,21,Morning,442,66,1610,local,61,36.13621684413884
Valencia,working,Full,network,21,Morning,442,66,1610,local,62,37.83114896835695
Valencia,working,Full,network,21,Morning,442,66,1610,local,63,39.71312522768852
Valencia,working,Full,network,21,Morning,442,66,1610,local,64,42.00034196642504
Valencia,working,Full,network,21,Morning,442,66,1610,local,65,44.47715570344974
Valencia,working,Full,network,21,Morning,442,66,1610,local,66,47.070522004566484
Valencia,working,Full,network,21,Morning,442,66,1610,regional,0,0.0
Valencia,working,Full,network,21,Morning,442,66,1610,regional,1,0.0002024327217381474
Valencia,working,Full,network,21,Morning,442,66,1610,regional,2,0.0029418444272275076
Valencia,working,Full,network,21,Morning,442,66,1610,regional,3,0.028198395550682265
Valencia,working,Full,network,21,Morning,442,66,1610,regional,4,0.06616894923393853
Valencia,working,Full,network,21,Morning,442,66,1610,regional,5,0.11883946276150721
Valencia,working,Full,network,21,Morning,442,66,1610,regional,6,0.19984978688581329
Valencia,working,Full,network,21,Morning,442,66,1610,regional,7,0.28383325588788166
Valencia,working,Full,network,21,Morning,442,66,1610,regional,8,0.37064560152938336
Valencia,working,Full,network,21,Morning,442,66,1610,regional,9,0.4607276039173508
Valencia,working,Full,network,21,Morning,442,66,1610,regional,10,0.5707827649887626
Valencia,working,Full,network,21,Morning,442,66,1610,regional,11,0.6910071943717696
Valencia,working,Full,network,21,Morning,442,66,1610,regional,12,0.818407097527032
Valencia,working,Full,network,21,Morning,442,66,1610,regional,13,0.9576344054927172
Valencia,working,Full,network,21,Morning,442,66,1610,regional,14,1.1485444001760536
Valencia,working,Full,network,21,Morning,442,66,1610,regional,15,1.3453770124321465
Valencia,working,Full,network,21,Morning,442,66,1610,regional,16,1.5566856639710884
Valencia,working,Full,network,21,Morning,442,66,1610,regional,17,1.797026948075354
Valencia,working,Full,network,21,Morning,442,66,1610,regional,18,2.068950412167652
Valencia,working,Full,network,21,Morning,442,66,1610,regional,19,2.3868639237083538
Valencia,working,Full,network,21,Morning,442,66,1610,regional,20,2.7495859732376524
Valencia,working,Full,network,21,Morning,442,66,1610,regional,21,3.1262258523379827
Valencia,working,Full,network,21,Morning,442,66,1610,regional,22,3.525322691358742
Valencia,working,Full,network,21,Morning,442,66,1610,regional,23,3.937054464800937
Valencia,working,Full,network,21,Morning,442,66,1610,regional,24,4.357454905214976
Valencia,working,Full,network,21,Morning,442,66,1610,regional,25,4.7810354358441804
Valencia,working,Full,network,21,Morning,442,66,1610,regional,26,5.219346892343615
Valencia,working,Full,network,21,Morning,442,66,1610,regional,27,5.670868802624974
Valencia,working,Full,network,21,Morning,442,66,1610,regional,28,6.146010784699607
Valencia,working,Full,network,21,Morning,442,66,1610,regional,29,6.642566482763036
Valencia,working,Full,network,21,Morning,442,66,1610,regional,30,7.171686612469783
Valencia,working,Full,network,21,Morning,442,66,1610,regional,31,7.71785040051088
Valencia,working,Full,network,21,Morning,442,66,1610,regional,32,8.270003166127788
Valencia,working,Full,network,21,Morning,442,66,1610,regional,33,8.846422408216842
Valencia,working,Full,network,21,Morning,442,66,1610,regional,34,9.441205680512676
Valencia,working,Full,network,21,Morning,442,66,1610,regional,35,10.078044850269883
Valencia,working,Full,network,21,Morning,442,66,1610,regional,36,10.728915342305559
Valencia,working,Full,network,21,Morning,442,66,1610,regional,37,11.385306960349205
Valencia,working,Full,network,21,Morning,442,66,1610,regional,38,12.059175418199034
Valencia,working,Full,network,21,Morning,442,66,1610,regional,39,12.73577709878239
Valencia,working,Full,network,21,Morning,442,66,1610,regional,40,13.42381235474494
Valencia,working,Full,network,21,Morning,442,66,1610,regional,41,14.117348294481811
Valencia,working,Full,network,21,Morning,442,66,1610,regional,42,14.849213947237162
Valencia,working,Full,network,21,Morning,442,66,1610,regional,43,15.592630143555192
Valencia,working,Full,network,21,Morning,442,66,1610,regional,44,16.39004312215279
Valencia,working,Full,network,21,Morning,442,66,1610,regional,45,17.23742321036692
Valencia,working,Full,network,21,Morning,442,66,1610,regional,46,18.10626738145658
Valencia,working,Full,network,21,Morning,442,66,1610,regional,47,18.985464453836432
Valencia,working,Full,network,21,Morning,442,66,1610,regional,48,19.897946177247153
Valencia,working,Full,network,21,Morning,442,66,1610,regional,49,20.838254788561965
Valencia,working,Full,network,21,Morning,442,66,1610,regional,50,21.798862123038077
Valencia,working,Full,network,21,Morning,442,66,1610,regional,51,22.78646206607141
Valencia,working,Full,network,21,Morning,442,66,1610,regional,52,23.807279229127154
Valencia,working,Full,network,21,Morning,442,66,1610,regional,53,24.881749775416306
Valencia,working,Full,network,21,Morning,442,66,1610,regional,54,26.071951481246675
Valencia,working,Full,network,21,Morning,442,66,1610,regional,55,27.263815112310418
Valencia,working,Full,network,21,Morning,442,66,1610,regional,56,28.46841974966319
Valencia,working,Full,network,21,Morning,442,66,1610,regional,57,29.781063712715245
Valencia,working,Full,network,21,Morning,442,66,1610,regional,58,31.109114363717612
Valencia,working,Full,network,21,Morning,442,66,1610,regional,59,32.48269262489271
Valencia,working,Full,network,21,Morning,442,66,1610,regional,60,33.88055787673839
Valencia,working,Full,network,21,Morning,442,66,1610,regional,61,35.40945196211806
Valencia,working,Full,network,21,Morning,442,66,1610,regional,62,37.09227844597394
Valencia,working,Full,network,21,Morning,442,66,1610,regional,63,38.96668251647292
Valencia,working,Full,network,21,Morning,442,66,1610,regional,64,41.28712818798102
Valencia,working,Full,network,21,Morning,442,66,1610,regional,65,43.74751170122825
Valencia,working,Full,network,21,Morning,442,66,1610,regional,66,46.43229015936704
Valencia,working,Full,network,21,Morning,442,66,1610,uniform_area,0,0.0
Valencia,working,Full,network,21,Morning,442,66,1610,uniform_area,1,0.0015145579102131415
Valencia,working,Full,network,21,Morning,442,66,1610,uniform_area,2,0.009004027374303848
Valencia,working,Full,network,21,Morning,442,66,1610,uniform_area,3,0.02981717051347304
Valencia,working,Full,network,21,Morning,442,66,1610,uniform_area,4,0.0759670076633537
Valencia,working,Full,network,21,Morning,442,66,1610,uniform_area,5,0.1418426326156868
Valencia,working,Full,network,21,Morning,442,66,1610,uniform_area,6,0.21077082531907068
Valencia,working,Full,network,21,Morning,442,66,1610,uniform_area,7,0.28626856960460223
Valencia,working,Full,network,21,Morning,442,66,1610,uniform_area,8,0.3633237256446434
Valencia,working,Full,network,21,Morning,442,66,1610,uniform_area,9,0.4520375827885399
Valencia,working,Full,network,21,Morning,442,66,1610,uniform_area,10,0.5560792104254464
Valencia,working,Full,network,21,Morning,442,66,1610,uniform_area,11,0.6715460461469852
Valencia,working,Full,network,21,Morning,442,66,1610,uniform_area,12,0.7939787965233533
Valencia,working,Full,network,21,Morning,442,66,1610,uniform_area,13,0.9472127570295027
Valencia,working,Full,network,21,Morning,442,66,1610,uniform_area,14,1.1556371339929379
Valencia,working,Full,network,21,Morning,442,66,1610,uniform_area,15,1.365998012779329
Valencia,working,Full,network,21,Morning,442,66,1610,uniform_area,16,1.5851750405619927
Valencia,working,Full,network,21,Morning,442,66,1610,uniform_area,17,1.869078082202299
Valencia,working,Full,network,21,Morning,442,66,1610,uniform_area,18,2.1928249700946876
Valencia,working,Full,network,21,Morning,442,66,1610,uniform_area,19,2.532681383532405
Valencia,working,Full,network,21,Morning,442,66,1610,uniform_area,20,2.902730940523289
Valencia,working,Full,network,21,Morning,442,66,1610,uniform_area,21,3.2848862992852808
Valencia,working,Full,network,21,Morning,442,66,1610,uniform_area,22,3.680878593975444
Valencia,working,Full,network,21,Morning,442,66,1610,uniform_area,23,4.09161465095495
Valencia,working,Full,network,21,Morning,442,66,1610,uniform_area,24,4.511074966074896
Valencia,working,Full,network,21,Morning,442,66,1610,uniform_area,25,4.93627832397713
Valencia,working,Full,network,21,Morning,442,66,1610,uniform_area,26,5.386653516875417
Valencia,working,Full,network,21,Morning,442,66,1610,uniform_area,27,5.848888728526501
Valencia,working,Full,network,21,Morning,442,66,1610,uniform_area,28,6.3425637849700465
Valencia,working,Full,network,21,Morning,442,66,1610,uniform_area,29,6.857915677173187
Valencia,working,Full,network,21,Morning,442,66,1610,uniform_area,30,7.394838790871856
Valencia,working,Full,network,21,Morning,442,66,1610,uniform_area,31,7.941017995670053
Valencia,working,Full,network,21,Morning,442,66,1610,uniform_area,32,8.50153779735278
Valencia,working,Full,network,21,Morning,442,66,1610,uniform_area,33,9.065736235794544
Valencia,working,Full,network,21,Morning,442,66,1610,uniform_area,34,9.673893846614565
Valencia,working,Full,network,21,Morning,442,66,1610,uniform_area,35,10.310681023029423
Valencia,working,Full,network,21,Morning,442,66,1610,uniform_area,36,10.960405908624223
Valencia,working,Full,network,21,Morning,442,66,1610,uniform_area,37,11.614524842087773
Valencia,working,Full,network,21,Morning,442,66,1610,uniform_area,38,12.290524210540088
Valencia,working,Full,network,21,Morning,442,66,1610,uniform_area,39,12.977063203160794
Valencia,working,Full,network,21,Morning,442,66,1610,uniform_area,40,13.69350984494595
Valencia,working,Full,network,21,Morning,442,66,1610,uniform_area,41,14.439992243656905
Valencia,working,Full,network,21,Morning,442,66,1610,uniform_area,42,15.207325240742339
Valencia,working,Full,network,21,Morning,442,66,1610,uniform_area,43,15.98625229557204
Valencia,working,Full,network,21,Morning,442,66,1610,uniform_area,44,16.81178705575086
Valencia,working,Full,network,21,Morning,442,66,1610,uniform_area,45,17.64530785563982
Valencia,working,Full,network,21,Morning,442,66,1610,uniform_area,46,18.542039051262353
Valencia,working,Full,network,21,Morning,442,66,1610,uniform_area,47,19.45816508680993
Valencia,working,Full,network,21,Morning,442,66,1610,uniform_area,48,20.41097402155672
Valencia,working,Full,network,21,Morning,442,66,1610,uniform_area,49,21.377738326601758
Valencia,working,Full,network,21,Morning,442,66,1610,uniform_area,50,22.354860403692754
Valencia,working,Full,network,21,Morning,442,66,1610,uniform_area,51,23.37089748639401
Valencia,working,Full,network,21,Morning,442,66,1610,uniform_area,52,24.410196297352677
Valencia,working,Full,network,21,Morning,442,66,1610,uniform_area,53,25.51863380859742
Valencia,working,Full,network,21,Morning,442,66,1610,uniform_area,54,26.725270880722096
Valencia,working,Full,network,21,Morning,442,66,1610,uniform_area,55,27.941027704684522
Valencia,working,Full,network,21,Morning,442,66,1610,uniform_area,56,29.166886971508973
Valencia,working,Full,network,21,Morning,442,66,1610,uniform_area,57,30.507261218290644
Valencia,working,Full,network,21,Morning,442,66,1610,uniform_area,58,31.859487002114225
Valencia,working,Full,network,21,Morning,442,66,1610,uniform_area,59,33.265727590615654
Valencia,working,Full,network,21,Morning,442,66,1610,uniform_area,60,34.695009955406704
Valencia,working,Full,network,21,Morning,442,66,1610,uniform_area,61,36.25104578981133
Valencia,working,Full,network,21,Morning,442,66,1610,uniform_area,62,37.96167016908313
Valencia,working,Full,network,21,Morning,442,66,1610,uniform_area,63,39.870107028491425
Valencia,working,Full,network,21,Morning,442,66,1610,uniform_area,64,42.18167854651732
Valencia,working,Full,network,21,Morning,442,66,1610,uniform_area,65,44.68496862199942
Valencia,working,Full,network,21,Morning,442,66,1610,uniform_area,66,47.34821362507272
Valencia,working,Full,network,21,Afternoon,442,66,1610,local,0,0.0
Valencia,working,Full,network,21,Afternoon,442,66,1610,local,1,0.004496346966164716
Valencia,working,Full,network,21,Afternoon,442,66,1610,local,2,0.02296767467918348
Valencia,working,Full,network,21,Afternoon,442,66,1610,local,3,0.053821884586013245
Valencia,working,Full,network,21,Afternoon,442,66,1610,local,4,0.09217013084701338
Valencia,working,Full,network,21,Afternoon,442,66,1610,local,5,0.14551482909777022
Valencia,working,Full,network,21,Afternoon,442,66,1610,local,6,0.20724851539781822
Valencia,working,Full,network,21,Afternoon,442,66,1610,local,7,0.2794915455662834
Valencia,working,Full,network,21,Afternoon,442,66,1610,local,8,0.3658085290686415
Valencia,working,Full,network,21,Afternoon,442,66,1610,local,9,0.46964185948701237
Valencia,working,Full,network,21,Afternoon,442,66,1610,local,10,0.5755627829096005
Valencia,working,Full,network,21,Afternoon,442,66,1610,local,11,0.694836819264338
Valencia,working,Full,network,21,Afternoon,442,66,1610,local,12,0.8180618651509683
Valencia,working,Full,network,21,Afternoon,442,66,1610,local,13,0.95440651509046
Valencia,working,Full,network,21,Afternoon,442,66,1610,local,14,1.1005167526530377
Valencia,working,Full,network,21,Afternoon,442,66,1610,local,15,1.2516680840316674
Valencia,working,Full,network,21,Afternoon,442,66,1610,local,16,1.411510618938056
Valencia,working,Full,network,21,Afternoon,442,66,1610,local,17,1.574600730595509
Valencia,working,Full,network,21,Afternoon,442,66,1610,local,18,1.7399996763539085
Valencia,working,Full,network,21,Afternoon,442,66,1610,local,19,1.9112045344009465
Valencia,working,Full,network,21,Afternoon,442,66,1610,local,20,2.1224173153187733
Valencia,working,Full,network,21,Afternoon,442,66,1610,local,21,2.3353612043200496
Valencia,working,Full,network,21,Afternoon,442,66,1610,local,22,2.5983652477469765
Valencia,working,Full,network,21,Afternoon,442,66,1610,local,23,2.8840964050454057
Valencia,working,Full,network,21,Afternoon,442,66,1610,local,24,3.1845555206387357
Valencia,working,Full,network,21,Afternoon,442,66,1610,local,25,3.498551263028782
Valencia,working,Full,network,21,Afternoon,442,66,1610,local,26,3.8197461238124713
Valencia,working,Full,network,21,Afternoon,442,66,1610,local,27,4.170026405966336
Valencia,working,Full,network,21,Afternoon,442,66,1610,local,28,4.52781007441923
Valencia,working,Full,network,21,Afternoon,442,66,1610,local,29,4.887332739057896
Valencia,working,Full,network,21,Afternoon,442,66,1610,local,30,5.256350351639951
Valencia,working,Full,network,21,Afternoon,442,66,1610,local,31,5.64319273652358
Valencia,working,Full,network,21,Afternoon,442,66,1610,local,32,6.0339728632562455
Valencia,working,Full,network,21,Afternoon,442,66,1610,local,33,6.43848762043341
Valencia,working,Full,network,21,Afternoon,442,66,1610,local,34,6.859043696171175
Valencia,working,Full,network,21,Afternoon,442,66,1610,local,35,7.303694188035707
Valencia,working,Full,network,21,Afternoon,442,66,1610,local,36,7.781912677679899
Valencia,working,Full,network,21,Afternoon,442,66,1610,local,37,8.277237742235222
Valencia,working,Full,network,21,Afternoon,442,66,1610,local,38,8.792906579370747
Valencia,working,Full,network,21,Afternoon,442,66,1610,local,39,9.347563587260977
Valencia,working,Full,network,21,Afternoon,442,66,1610,local,40,9.908457774377363
Valencia,working,Full,network,21,Afternoon,442,66,1610,local,41,10.518049550033943
Valencia,working,Full,network,21,Afternoon,442,66,1610,local,42,11.141792990573624
Valencia,working,Full,network,21,Afternoon,442,66,1610,local,43,11.781315208601857
Valencia,working,Full,network,21,Afternoon,442,66,1610,local,44,12.43092822159104
Valencia,working,Full,network,21,Afternoon,442,66,1610,local,45,13.124408895382343
Valencia,working,Full,network,21,Afternoon,442,66,1610,local,46,13.829817619528255
Valencia,working,Full,network,21,Afternoon,442,66,1610,local,47,14.553477839506666
Valencia,working,Full,network,21,Afternoon,442,66,1610,local,48,15.279541275987501
Valencia,working,Full,network,21,Afternoon,442,66,1610,local,49,16.008777624150042
Valencia,working,Full,network,21,Afternoon,442,66,1610,local,50,16.76512088921593
Valencia,working,Full,network,21,Afternoon,442,66,1610,local,51,17.532132499839165
Valencia,working,Full,network,21,Afternoon,442,66,1610,local,52,18.37596881242216
Valencia,working,Full,network,21,Afternoon,442,66,1610,local,53,19.324963796950634
Valencia,working,Full,network,21,Afternoon,442,66,1610,local,54,20.320502157927052
Valencia,working,Full,network,21,Afternoon,442,66,1610,local,55,21.356990640220136
Valencia,working,Full,network,21,Afternoon,442,66,1610,local,56,22.443527781009166
Valencia,working,Full,network,21,Afternoon,442,66,1610,local,57,23.821599354221334
Valencia,working,Full,network,21,Afternoon,442,66,1610,local,58,25.219204903569967
Valencia,working,Full,network,21,Afternoon,442,66,1610,local,59,26.691184615609355
Valencia,working,Full,network,21,Afternoon,442,66,1610,local,60,28.220668242740082
Valencia,working,Full,network,21,Afternoon,442,66,1610,local,61,29.767139579441682
Valencia,working,Full,network,21,Afternoon,442,66,1610,local,62,31.3551769584992
Valencia,working,Full,network,21,Afternoon,442,66,1610,local,63,33.34760798985086
Valencia,working,Full,network,21,Afternoon,442,66,1610,local,64,35.49213020038422
Valencia,working,Full,network,21,Afternoon,442,66,1610,local,65,37.94504827310598
Valencia,working,Full,network,21,Afternoon,442,66,1610,local,66,40.47537786646557
Valencia,working,Full,network,21,Afternoon,442,66,1610,regional,0,0.0
Valencia,working,Full,network,21,Afternoon,442,66,1610,regional,1,0.0021319241029180195
Valencia,working,Full,network,21,Afternoon,442,66,1610,regional,2,0.009568278414287644
Valencia,working,Full,network,21,Afternoon,442,66,1610,regional,3,0.03824192411567689
Valencia,working,Full,network,21,Afternoon,442,66,1610,regional,4,0.09505021024160037
Valencia,working,Full,network,21,Afternoon,442,66,1610,regional,5,0.15606044456705628
Valencia,working,Full,network,21,Afternoon,442,66,1610,regional,6,0.22815321945729602
Valencia,working,Full,network,21,Afternoon,442,66,1610,regional,7,0.3166622438622992
Valencia,working,Full,network,21,Afternoon,442,66,1610,regional,8,0.42185483704245735
Valencia,working,Full,network,21,Afternoon,442,66,1610,regional,9,0.5425315783080411
Valencia,working,Full,network,21,Afternoon,442,66,1610,regional,10,0.6747221007036369
Valencia,working,Full,network,21,Afternoon,442,66,1610,regional,11,0.8077160236169654
Valencia,working,Full,network,21,Afternoon,442,66,1610,regional,12,0.9553586895755549
Valencia,working,Full,network,21,Afternoon,442,66,1610,regional,13,1.114808975845409
Valencia,working,Full,network,21,Afternoon,442,66,1610,regional,14,1.2847385680932062
Valencia,working,Full,network,21,Afternoon,442,66,1610,regional,15,1.4636781547735103
Valencia,working,Full,network,21,Afternoon,442,66,1610,regional,16,1.6489392789093538
Valencia,working,Full,network,21,Afternoon,442,66,1610,regional,17,1.8533104564727994
Valencia,working,Full,network,21,Afternoon,442,66,1610,regional,18,2.0630050180585684
Valencia,working,Full,network,21,Afternoon,442,66,1610,regional,19,2.274461821777388
Valencia,working,Full,network,21,Afternoon,442,66,1610,regional,20,2.487126697098658
Valencia,working,Full,network,21,Afternoon,442,66,1610,regional,21,2.7194207687168803
Valencia,working,Full,network,21,Afternoon,442,66,1610,regional,22,2.9679891895507424
Valencia,working,Full,network,21,Afternoon,442,66,1610,regional,23,3.218236228863556
Valencia,working,Full,network,21,Afternoon,442,66,1610,regional,24,3.4716306365246927
Valencia,working,Full,network,21,Afternoon,442,66,1610,regional,25,3.730064137519999
Valencia,working,Full,network,21,Afternoon,442,66,1610,regional,26,3.9898912339245745
Valencia,working,Full,network,21,Afternoon,442,66,1610,regional,27,4.254787418266498
Valencia,working,Full,network,21,Afternoon,442,66,1610,regional,28,4.532095437686325
Valencia,working,Full,network,21,Afternoon,442,66,1610,regional,29,4.818675869900053
Valencia,working,Full,network,21,Afternoon,442,66,1610,regional,30,5.137800270351534
Valencia,working,Full,network,21,Afternoon,442,66,1610,regional,31,5.465694350479256
Valencia,working,Full,network,21,Afternoon,442,66,1610,regional,32,5.802843547082071
Valencia,working,Full,network,21,Afternoon,442,66,1610,regional,33,6.158584248958966
Valencia,working,Full,network,21,Afternoon,442,66,1610,regional,34,6.534168112673688
Valencia,working,Full,network,21,Afternoon,442,66,1610,regional,35,6.953134227688979
Valencia,working,Full,network,21,Afternoon,442,66,1610,regional,36,7.3826814331957396
Valencia,working,Full,network,21,Afternoon,442,66,1610,regional,37,7.821188688018274
Valencia,working,Full,network,21,Afternoon,442,66,1610,regional,38,8.268800007000891
Valencia,working,Full,network,21,Afternoon,442,66,1610,regional,39,8.71964857351544
Valencia,working,Full,network,21,Afternoon,442,66,1610,regional,40,9.174010677119464
Valencia,working,Full,network,21,Afternoon,442,66,1610,regional,41,9.63499630716984
Valencia,working,Full,network,21,Afternoon,442,66,1610,regional,42,10.103261539856517
Valencia,working,Full,network,21,Afternoon,442,66,1610,regional,43,10.617539512546871
Valencia,working,Full,network,21,Afternoon,442,66,1610,regional,44,11.13989573066459
Valencia,working,Full,network,21,Afternoon,442,66,1610,regional,45,11.66526758757358
Valencia,working,Full,network,21,Afternoon,442,66,1610,regional,46,12.205731349942871
Valencia,working,Full,network,21,Afternoon,442,66,1610,regional,47,12.770828677146577
Valencia,working,Full,network,21,Afternoon,442,66,1610,regional,48,13.34965715593121
Valencia,working,Full,network,21,Afternoon,442,66,1610,regional,49,13.965688513178142
Valencia,working,Full,network,21,Afternoon,442,66,1610,regional,50,14.597678932143074
Valencia,working,Full,network,21,Afternoon,442,66,1610,regional,51,15.291832486129126
Valencia,working,Full,network,21,Afternoon,442,66,1610,regional,52,16.00943493100988
Valencia,working,Full,network,21,Afternoon,442,66,1610,regional,53,16.744961962424075
Valencia,working,Full,network,21,Afternoon,442,66,1610,regional,54,17.567534345485
Valencia,working,Full,network,21,Afternoon,442,66,1610,regional,55,18.558635390555835
Valencia,working,Full,network,21,Afternoon,442,66,1610,regional,56,19.70558502919804
Valencia,working,Full,network,21,Afternoon,442,66,1610,regional,57,20.91476415772979
Valencia,working,Full,network,21,Afternoon,442,66,1610,regional,58,22.205558695125877
Valencia,working,Full,network,21,Afternoon,442,66,1610,regional,59,23.54242754213427
Valencia,working,Full,network,21,Afternoon,442,66,1610,regional,60,24.89298997450678
Valencia,working,Full,network,21,Afternoon,442,66,1610,regional,61,26.28425246774564
Valencia,working,Full,network,21,Afternoon,442,66,1610,regional,62,27.748169296300244
Valencia,working,Full,network,21,Afternoon,442,66,1610,regional,63,29.4811711791546
Valencia,working,Full,network,21,Afternoon,442,66,1610,regional,64,31.360225980959264
Valencia,working,Full,network,21,Afternoon,442,66,1610,regional,65,33.53100330979016
Valencia,working,Full,network,21,Afternoon,442,66,1610,regional,66,35.760096656036566
Valencia,working,Full,network,21,Afternoon,442,66,1610,uniform_area,0,0.0
Valencia,working,Full,network,21,Afternoon,442,66,1610,uniform_area,1,0.0073917895121638644
Valencia,working,Full,network,21,Afternoon,442,66,1610,uniform_area,2,0.04109653676266741
Valencia,working,Full,network,21,Afternoon,442,66,1610,uniform_area,3,0.08565534817810606
Valencia,working,Full,network,21,Afternoon,442,66,1610,uniform_area,4,0.1415443589311669
Valencia,working,Full,network,21,Afternoon,442,66,1610,uniform_area,5,0.19768308313213878
Valencia,working,Full,network,21,Afternoon,442,66,1610,uniform_area,6,0.25841284590863317
Valencia,working,Full,network,21,Afternoon,442,66,1610,uniform_area,7,0.3231789116112479
Valencia,working,Full,network,21,Afternoon,442,66,1610,uniform_area,8,0.40444533326295595
Valencia,working,Full,network,21,Afternoon,442,66,1610,uniform_area,9,0.4908126422808528
Valencia,working,Full,network,21,Afternoon,442,66,1610,uniform_area,10,0.587911824805852
Valencia,working,Full,network,21,Afternoon,442,66,1610,uniform_area,11,0.7044908981871307
Valencia,working,Full,network,21,Afternoon,442,66,1610,uniform_area,12,0.8545036526050517
Valencia,working,Full,network,21,Afternoon,442,66,1610,uniform_area,13,1.0074917368167717
Valencia,working,Full,network,21,Afternoon,442,66,1610,uniform_area,14,1.1709055210782782
Valencia,working,Full,network,21,Afternoon,442,66,1610,uniform_area,15,1.3354346419840601
Valencia,working,Full,network,21,Afternoon,442,66,1610,uniform_area,16,1.505931891269793
Valencia,working,Full,network,21,Afternoon,442,66,1610,uniform_area,17,1.6849973741593616
Valencia,working,Full,network,21,Afternoon,442,66,1610,uniform_area,18,1.881759476867628
Valencia,working,Full,network,21,Afternoon,442,66,1610,uniform_area,19,2.08426319534245
Valencia,working,Full,network,21,Afternoon,442,66,1610,uniform_area,20,2.2933696689417116
Valencia,working,Full,network,21,Afternoon,442,66,1610,uniform_area,21,2.538179021521643
Valencia,working,Full,network,21,Afternoon,442,66,1610,uniform_area,22,2.79690384564065
Valencia,working,Full,network,21,Afternoon,442,66,1610,uniform_area,23,3.0659192487309115
Valencia,working,Full,network,21,Afternoon,442,66,1610,uniform_area,24,3.3530963789935977
Valencia,working,Full,network,21,Afternoon,442,66,1610,uniform_area,25,3.6674581009582465
Valencia,working,Full,network,21,Afternoon,442,66,1610,uniform_area,26,3.992702220099632
Valencia,working,Full,network,21,Afternoon,442,66,1610,uniform_area,27,4.339817243026211
Valencia,working,Full,network,21,Afternoon,442,66,1610,uniform_area,28,4.687474434735965
Valencia,working,Full,network,21,Afternoon,442,66,1610,uniform_area,29,5.043727520485579
Valencia,working,Full,network,21,Afternoon,442,66,1610,uniform_area,30,5.41483173368031
Valencia,working,Full,network,21,Afternoon,442,66,1610,uniform_area,31,5.7993164722464385
Valencia,working,Full,network,21,Afternoon,442,66,1610,uniform_area,32,6.197979338338739
Valencia,working,Full,network,21,Afternoon,442,66,1610,uniform_area,33,6.619020109163538
Valencia,working,Full,network,21,Afternoon,442,66,1610,uniform_area,34,7.052704213839629
Valencia,working,Full,network,21,Afternoon,442,66,1610,uniform_area,35,7.501600431313949
Valencia,working,Full,network,21,Afternoon,442,66,1610,uniform_area,36,7.952884959295611
Valencia,working,Full,network,21,Afternoon,442,66,1610,uniform_area,37,8.428763947266345
Valencia,working,Full,network,21,Afternoon,442,66,1610,uniform_area,38,8.94409341853815
Valencia,working,Full,network,21,Afternoon,442,66,1610,uniform_area,39,9.483973529366745
Valencia,working,Full,network,21,Afternoon,442,66,1610,uniform_area,40,10.03071507644465
Valencia,working,Full,network,21,Afternoon,442,66,1610,uniform_area,41,10.580914147730233
Valencia,working,Full,network,21,Afternoon,442,66,1610,uniform_area,42,11.14216226956224
Valencia,working,Full,network,21,Afternoon,442,66,1610,uniform_area,43,11.747436353139458
Valencia,working,Full,network,21,Afternoon,442,66,1610,uniform_area,44,12.378510140370798
Valencia,working,Full,network,21,Afternoon,442,66,1610,uniform_area,45,13.028394975178937
Valencia,working,Full,network,21,Afternoon,442,66,1610,uniform_area,46,13.691512368688615
Valencia,working,Full,network,21,Afternoon,442,66,1610,uniform_area,47,14.412349542380634
Valencia,working,Full,network,21,Afternoon,442,66,1610,uniform_area,48,15.161053790406022
Valencia,working,Full,network,21,Afternoon,442,66,1610,uniform_area,49,15.921216136232056
Valencia,working,Full,network,21,Afternoon,442,66,1610,uniform_area,50,16.727750915250233
Valencia,working,Full,network,21,Afternoon,442,66,1610,uniform_area,51,17.546018790730468
Valencia,working,Full,network,21,Afternoon,442,66,1610,uniform_area,52,18.42795079831054
Valencia,working,Full,network,21,Afternoon,442,66,1610,uniform_area,53,19.32935615276641
Valencia,working,Full,network,21,Afternoon,442,66,1610,uniform_area,54,20.3278989538554
Valencia,working,Full,network,21,Afternoon,442,66,1610,uniform_area,55,21.523733205081477
Valencia,working,Full,network,21,Afternoon,442,66,1610,uniform_area,56,22.85816631508928
Valencia,working,Full,network,21,Afternoon,442,66,1610,uniform_area,57,24.212748704564568
Valencia,working,Full,network,21,Afternoon,442,66,1610,uniform_area,58,25.619828408181522
Valencia,working,Full,network,21,Afternoon,442,66,1610,uniform_area,59,27.051879795907066
Valencia,working,Full,network,21,Afternoon,442,66,1610,uniform_area,60,28.66365915971689
Valencia,working,Full,network,21,Afternoon,442,66,1610,uniform_area,61,30.323689582035033
Valencia,working,Full,network,21,Afternoon,442,66,1610,uniform_area,62,31.99674835450815
Valencia,working,Full,network,21,Afternoon,442,66,1610,uniform_area,63,34.07789544570624
Valencia,working,Full,network,21,Afternoon,442,66,1610,uniform_area,64,36.29236541442721
Valencia,working,Full,network,21,Afternoon,442,66,1610,uniform_area,65,38.781800439992026
Valencia,working,Full,network,21,Afternoon,442,66,1610,uniform_area,66,41.42159181530565
Valencia,working,Full,network,41,Morning,442,66,1610,local,0,0.0
Valencia,working,Full,network,41,Morning,442,66,1610,local,1,0.005849545714546043
Valencia,working,Full,network,41,Morning,442,66,1610,local,2,0.05054193708832945
Valencia,working,Full,network,41,Morning,442,66,1610,local,3,0.09718165766185063
Valencia,working,Full,network,41,Morning,442,66,1610,local,4,0.16014154834977662
Valencia,working,Full,network,41,Morning,442,66,1610,local,5,0.2440801837756854
Valencia,working,Full,network,41,Morning,442,66,1610,local,6,0.3360278081390427
Valencia,working,Full,network,41,Morning,442,66,1610,local,7,0.43539575954877147
Valencia,working,Full,network,41,Morning,442,66,1610,local,8,0.5353213888468378
Valencia,working,Full,network,41,Morning,442,66,1610,local,9,0.6430680619477631
Valencia,working,Full,network,41,Morning,442,66,1610,local,10,0.7630381888769548
Valencia,working,Full,network,41,Morning,442,66,1610,local,11,0.8964332879258713
Valencia,working,Full,network,41,Morning,442,66,1610,local,12,1.0365936944395415
Valencia,working,Full,network,41,Morning,442,66,1610,local,13,1.1980473999328962
Valencia,working,Full,network,41,Morning,442,66,1610,local,14,1.3928191096918245
Valencia,working,Full,network,41,Morning,442,66,1610,local,15,1.614272742943263
Valencia,working,Full,network,41,Morning,442,66,1610,local,16,1.8531612487571658
Valencia,working,Full,network,41,Morning,442,66,1610,local,17,2.1220680863784165
Valencia,working,Full,network,41,Morning,442,66,1610,local,18,2.4281761299283096
Valencia,working,Full,network,41,Morning,442,66,1610,local,19,2.789869248076371
Valencia,working,Full,network,41,Morning,442,66,1610,local,20,3.157725471242336
Valencia,working,Full,network,41,Morning,442,66,1610,local,21,3.5269262617752535
Valencia,working,Full,network,41,Morning,442,66,1610,local,22,3.9104606806956674
Valencia,working,Full,network,41,Morning,442,66,1610,local,23,4.300894984234959
Valencia,working,Full,network,41,Morning,442,66,1610,local,24,4.7035683531672925
Valencia,working,Full,network,41,Morning,442,66,1610,local,25,5.106600805169962
Valencia,working,Full,network,41,Morning,442,66,1610,local,26,5.521278818356636
Valencia,working,Full,network,41,Morning,442,66,1610,local,27,5.964728270746476
Valencia,working,Full,network,41,Morning,442,66,1610,local,28,6.420107230329995
Valencia,working,Full,network,41,Morning,442,66,1610,local,29,6.876099652671171
Valencia,working,Full,network,41,Morning,442,66,1610,local,30,7.365462691446845
Valencia,working,Full,network,41,Morning,442,66,1610,local,31,7.859152328508035
Valencia,working,Full,network,41,Morning,442,66,1610,local,32,8.369521304156402
Valencia,working,Full,network,41,Morning,442,66,1610,local,33,8.896462241912772
Valencia,working,Full,network,41,Morning,442,66,1610,local,34,9.461089428716752
Valencia,working,Full,network,41,Morning,442,66,1610,local,35,10.055454818807162
Valencia,working,Full,network,41,Morning,442,66,1610,local,36,10.67883756440694
Valencia,working,Full,network,41,Morning,442,66,1610,local,37,11.319553194983538
Valencia,working,Full,network,41,Morning,442,66,1610,local,38,11.995334159337423
Valencia,working,Full,network,41,Morning,442,66,1610,local,39,12.67707167865456
Valencia,working,Full,network,41,Morning,442,66,1610,local,40,13.37770704837465
Valencia,working,Full,network,41,Morning,442,66,1610,local,41,14.090124264481535
Valencia,working,Full,network,41,Morning,442,66,1610,local,42,14.836120816299372
Valencia,working,Full,network,41,Morning,442,66,1610,local,43,15.594215506685213
Valencia,working,Full,network,41,Morning,442,66,1610,local,44,16.384080918484283
Valencia,working,Full,network,41,Morning,442,66,1610,local,45,17.20853775314884
Valencia,working,Full,network,41,Morning,442,66,1610,local,46,18.097830026956014
Valencia,working,Full,network,41,Morning,442,66,1610,local,47,18.9971753798571
Valencia,working,Full,network,41,Morning,442,66,1610,local,48,19.939932489026468
Valencia,working,Full,network,41,Morning,442,66,1610,local,49,20.904881006242796
Valencia,working,Full,network,41,Morning,442,66,1610,local,50,21.885223265059434
Valencia,working,Full,network,41,Morning,442,66,1610,local,51,22.881772236858055
Valencia,working,Full,network,41,Morning,442,66,1610,local,52,23.908437620888346
Valencia,working,Full,network,41,Morning,442,66,1610,local,53,25.02040266476037
Valencia,working,Full,network,41,Morning,442,66,1610,local,54,26.215453421418395
Valencia,working,Full,network,41,Morning,442,66,1610,local,55,27.416421025178384
Valencia,working,Full,network,41,Morning,442,66,1610,local,56,28.636371476112906
Valencia,working,Full,network,41,Morning,442,66,1610,local,57,29.963514065069543
Valencia,working,Full,network,41,Morning,442,66,1610,local,58,31.30660138223419
Valencia,working,Full,network,41,Morning,442,66,1610,local,59,32.71216856436075
Valencia,working,Full,network,41,Morning,442,66,1610,local,60,34.1389264344436
Valencia,working,Full,network,41,Morning,442,66,1610,local,61,35.694992158419055
Valencia,working,Full,network,41,Morning,442,66,1610,local,62,37.40860665130556
Valencia,working,Full,network,41,Morning,442,66,1610,local,63,39.3105012783649
Valencia,working,Full,network,41,Morning,442,66,1610,local,64,41.62710561145385
Valencia,working,Full,network,41,Morning,442,66,1610,local,65,44.13423309675961
Valencia,working,Full,network,41,Morning,442,66,1610,local,66,46.75605091707241
Valencia,working,Full,network,41,Morning,442,66,1610,regional,0,0.0
Valencia,working,Full,network,41,Morning,442,66,1610,regional,1,0.0015520412265527892
Valencia,working,Full,network,41,Morning,442,66,1610,regional,2,0.023121895355274886
Valencia,working,Full,network,41,Morning,442,66,1610,regional,3,0.05763721590847587
Valencia,working,Full,network,41,Morning,442,66,1610,regional,4,0.10839792833609503
Valencia,working,Full,network,41,Morning,442,66,1610,regional,5,0.17051603953005667
Valencia,working,Full,network,41,Morning,442,66,1610,regional,6,0.2366293512766514
Valencia,working,Full,network,41,Morning,442,66,1610,regional,7,0.32236732051125483
Valencia,working,Full,network,41,Morning,442,66,1610,regional,8,0.41052204221871835
Valencia,working,Full,network,41,Morning,442,66,1610,regional,9,0.5014158662488278
Valencia,working,Full,network,41,Morning,442,66,1610,regional,10,0.6036274830370211
Valencia,working,Full,network,41,Morning,442,66,1610,regional,11,0.726371936068164
Valencia,working,Full,network,41,Morning,442,66,1610,regional,12,0.853316420034598
Valencia,working,Full,network,41,Morning,442,66,1610,regional,13,1.0037495436456758
Valencia,working,Full,network,41,Morning,442,66,1610,regional,14,1.1883396499727257
Valencia,working,Full,network,41,Morning,442,66,1610,regional,15,1.3854597398073794
Valencia,working,Full,network,41,Morning,442,66,1610,regional,16,1.5950484434860681
Valencia,working,Full,network,41,Morning,442,66,1610,regional,17,1.8216691745069062
Valencia,working,Full,network,41,Morning,442,66,1610,regional,18,2.070488932194691
Valencia,working,Full,network,41,Morning,442,66,1610,regional,19,2.3696315662610745
Valencia,working,Full,network,41,Morning,442,66,1610,regional,20,2.718382152375801
Valencia,working,Full,network,41,Morning,442,66,1610,regional,21,3.0715301672745725
Valencia,working,Full,network,41,Morning,442,66,1610,regional,22,3.451366950549748
Valencia,working,Full,network,41,Morning,442,66,1610,regional,23,3.8432531783861283
Valencia,working,Full,network,41,Morning,442,66,1610,regional,24,4.248437388332657
Valencia,working,Full,network,41,Morning,442,66,1610,regional,25,4.666696228473909
Valencia,working,Full,network,41,Morning,442,66,1610,regional,26,5.102553749779309
Valencia,working,Full,network,41,Morning,442,66,1610,regional,27,5.541320514360217
Valencia,working,Full,network,41,Morning,442,66,1610,regional,28,5.983818893649109
Valencia,working,Full,network,41,Morning,442,66,1610,regional,29,6.436498242548987
Valencia,working,Full,network,41,Morning,442,66,1610,regional,30,6.90146612439383
Valencia,working,Full,network,41,Morning,442,66,1610,regional,31,7.390004117561007
Valencia,working,Full,network,41,Morning,442,66,1610,regional,32,7.896732067050772
Valencia,working,Full,network,41,Morning,442,66,1610,regional,33,8.436732070663668
Valencia,working,Full,network,41,Morning,442,66,1610,regional,34,8.982406707123944
Valencia,working,Full,network,41,Morning,442,66,1610,regional,35,9.55909795257809
Valencia,working,Full,network,41,Morning,442,66,1610,regional,36,10.165742976035508
Valencia,working,Full,network,41,Morning,442,66,1610,regional,37,10.788374910050287
Valencia,working,Full,network,41,Morning,442,66,1610,regional,38,11.441755980084485
Valencia,working,Full,network,41,Morning,442,66,1610,regional,39,12.103543715838352
Valencia,working,Full,network,41,Morning,442,66,1610,regional,40,12.775735290431083
Valencia,working,Full,network,41,Morning,442,66,1610,regional,41,13.470873301320074
Valencia,working,Full,network,41,Morning,442,66,1610,regional,42,14.172230121870735
Valencia,working,Full,network,41,Morning,442,66,1610,regional,43,14.922380835514835
Valencia,working,Full,network,41,Morning,442,66,1610,regional,44,15.727017481752439
Valencia,working,Full,network,41,Morning,442,66,1610,regional,45,16.58207388360368
Valencia,working,Full,network,41,Morning,442,66,1610,regional,46,17.45977886081914
Valencia,working,Full,network,41,Morning,442,66,1610,regional,47,18.34749995062632
Valencia,working,Full,network,41,Morning,442,66,1610,regional,48,19.273146014557884
Valencia,working,Full,network,41,Morning,442,66,1610,regional,49,20.237824226785143
Valencia,working,Full,network,41,Morning,442,66,1610,regional,50,21.209048908086874
Valencia,working,Full,network,41,Morning,442,66,1610,regional,51,22.212092168790853
Valencia,working,Full,network,41,Morning,442,66,1610,regional,52,23.24615941549217
Valencia,working,Full,network,41,Morning,442,66,1610,regional,53,24.331386168509262
Valencia,working,Full,network,41,Morning,442,66,1610,regional,54,25.532961444195617
Valencia,working,Full,network,41,Morning,442,66,1610,regional,55,26.736338968392147
Valencia,working,Full,network,41,Morning,442,66,1610,regional,56,27.959336075450082
Valencia,working,Full,network,41,Morning,442,66,1610,regional,57,29.286961312561086
Valencia,working,Full,network,41,Morning,442,66,1610,regional,58,30.629628750997533
Valencia,working,Full,network,41,Morning,442,66,1610,regional,59,32.01639413926093
Valencia,working,Full,network,41,Morning,442,66,1610,regional,60,33.432941127035285
Valencia,working,Full,network,41,Morning,442,66,1610,regional,61,34.97628821966917
Valencia,working,Full,network,41,Morning,442,66,1610,regional,62,36.68169824559125
Valencia,working,Full,network,41,Morning,442,66,1610,regional,63,38.57406082582845
Valencia,working,Full,network,41,Morning,442,66,1610,regional,64,40.915680675393695
Valencia,working,Full,network,41,Morning,442,66,1610,regional,65,43.40012819719061
Valencia,working,Full,network,41,Morning,442,66,1610,regional,66,46.1098905580728
Valencia,working,Full,network,41,Morning,442,66,1610,uniform_area,0,0.0
Valencia,working,Full,network,41,Morning,442,66,1610,uniform_area,1,0.0025936235748997534
Valencia,working,Full,network,41,Morning,442,66,1610,uniform_area,2,0.007796648430182733
Valencia,working,Full,network,41,Morning,442,66,1610,uniform_area,3,0.040874203364276364
Valencia,working,Full,network,41,Morning,442,66,1610,uniform_area,4,0.09848856080943687
Valencia,working,Full,network,41,Morning,442,66,1610,uniform_area,5,0.15824757298364434
Valencia,working,Full,network,41,Morning,442,66,1610,uniform_area,6,0.23227336447211183
Valencia,working,Full,network,41,Morning,442,66,1610,uniform_area,7,0.30920541359218684
Valencia,working,Full,network,41,Morning,442,66,1610,uniform_area,8,0.39056991042598954
Valencia,working,Full,network,41,Morning,442,66,1610,uniform_area,9,0.4740969976220201
Valencia,working,Full,network,41,Morning,442,66,1610,uniform_area,10,0.572220757328992
Valencia,working,Full,network,41,Morning,442,66,1610,uniform_area,11,0.6848263227130656
Valencia,working,Full,network,41,Morning,442,66,1610,uniform_area,12,0.8129920111007656
Valencia,working,Full,network,41,Morning,442,66,1610,uniform_area,13,0.9561770646502683
Valencia,working,Full,network,41,Morning,442,66,1610,uniform_area,14,1.1302043083726945
Valencia,working,Full,network,41,Morning,442,66,1610,uniform_area,15,1.3458586752719408
Valencia,working,Full,network,41,Morning,442,66,1610,uniform_area,16,1.5703114014946493
Valencia,working,Full,network,41,Morning,442,66,1610,uniform_area,17,1.831403072574428
Valencia,working,Full,network,41,Morning,442,66,1610,uniform_area,18,2.1379913523119827
Valencia,working,Full,network,41,Morning,442,66,1610,uniform_area,19,2.4575857919629005
Valencia,working,Full,network,41,Morning,442,66,1610,uniform_area,20,2.8127117570916758
Valencia,working,Full,network,41,Morning,442,66,1610,uniform_area,21,3.183423766046053
Valencia,working,Full,network,41,Morning,442,66,1610,uniform_area,22,3.561901805690612
Valencia,working,Full,network,41,Morning,442,66,1610,uniform_area,23,3.9517413560680157
Valencia,working,Full,network,41,Morning,442,66,1610,uniform_area,24,4.357719700881658
Valencia,working,Full,network,41,Morning,442,66,1610,uniform_area,25,4.7763425943001145
Valencia,working,Full,network,41,Morning,442,66,1610,uniform_area,26,5.210266077100608
Valencia,working,Full,network,41,Morning,442,66,1610,uniform_area,27,5.656032284228781
Valencia,working,Full,network,41,Morning,442,66,1610,uniform_area,28,6.121858647170924
Valencia,working,Full,network,41,Morning,442,66,1610,uniform_area,29,6.593369651033827
Valencia,working,Full,network,41,Morning,442,66,1610,uniform_area,30,7.06943136475514
Valencia,working,Full,network,41,Morning,442,66,1610,uniform_area,31,7.5770198027056175
Valencia,working,Full,network,41,Morning,442,66,1610,uniform_area,32,8.107470970813765
Valencia,working,Full,network,41,Morning,442,66,1610,uniform_area,33,8.64086853229604
Valencia,working,Full,network,41,Morning,442,66,1610,uniform_area,34,9.195377605667403
Valencia,working,Full,network,41,Morning,442,66,1610,uniform_area,35,9.765405938427435
Valencia,working,Full,network,41,Morning,442,66,1610,uniform_area,36,10.33885897094828
Valencia,working,Full,network,41,Morning,442,66,1610,uniform_area,37,10.955859849278802
Valencia,working,Full,network,41,Morning,442,66,1610,uniform_area,38,11.618712246867624
Valencia,working,Full,network,41,Morning,442,66,1610,uniform_area,39,12.30350785764543
Valencia,working,Full,network,41,Morning,442,66,1610,uniform_area,40,13.01724559041412
Valencia,working,Full,network,41,Morning,442,66,1610,uniform_area,41,13.743668063190992
Valencia,working,Full,network,41,Morning,442,66,1610,uniform_area,42,14.497473550916045
Valencia,working,Full,network,41,Morning,442,66,1610,uniform_area,43,15.274310541009003
Valencia,working,Full,network,41,Morning,442,66,1610,uniform_area,44,16.114097090755443
Valencia,working,Full,network,41,Morning,442,66,1610,uniform_area,45,16.95812625908392
Valencia,working,Full,network,41,Morning,442,66,1610,uniform_area,46,17.864421660421563
Valencia,working,Full,network,41,Morning,442,66,1610,uniform_area,47,18.79988937983086
Valencia,working,Full,network,41,Morning,442,66,1610,uniform_area,48,19.762056894584088
Valencia,working,Full,network,41,Morning,442,66,1610,uniform_area,49,20.74053835557163
Valencia,working,Full,network,41,Morning,442,66,1610,uniform_area,50,21.727843796992435
Valencia,working,Full,network,41,Morning,442,66,1610,uniform_area,51,22.760872172583042
Valencia,working,Full,network,41,Morning,442,66,1610,uniform_area,52,23.810769454325523
Valencia,working,Full,network,41,Morning,442,66,1610,uniform_area,53,24.932306518890368
Valencia,working,Full,network,41,Morning,442,66,1610,uniform_area,54,26.155348070864576
Valencia,working,Full,network,41,Morning,442,66,1610,uniform_area,55,27.38372716708372
Valencia,working,Full,network,41,Morning,442,66,1610,uniform_area,56,28.631522654480293
Valencia,working,Full,network,41,Morning,442,66,1610,uniform_area,57,29.985090672024345
Valencia,working,Full,network,41,Morning,442,66,1610,uniform_area,58,31.361326593964165
Valencia,working,Full,network,41,Morning,442,66,1610,uniform_area,59,32.78342946177635
Valencia,working,Full,network,41,Morning,442,66,1610,uniform_area,60,34.22792252495978
Valencia,working,Full,network,41,Morning,442,66,1610,uniform_area,61,35.79989571489005
Valencia,working,Full,network,41,Morning,442,66,1610,uniform_area,62,37.54025849392863
Valencia,working,Full,network,41,Morning,442,66,1610,uniform_area,63,39.46831645394156
Valencia,working,Full,network,41,Morning,442,66,1610,uniform_area,64,41.80984076787681
Valencia,working,Full,network,41,Morning,442,66,1610,uniform_area,65,44.34217192173828
Valencia,working,Full,network,41,Morning,442,66,1610,uniform_area,66,47.03309717580606
Valencia,working,Full,network,41,Afternoon,442,66,1610,local,0,0.0
Valencia,working,Full,network,41,Afternoon,442,66,1610,local,1,0.004847184241590613
Valencia,working,Full,network,41,Afternoon,442,66,1610,local,2,0.02413367206761119
Valencia,working,Full,network,41,Afternoon,442,66,1610,local,3,0.052791473879246334
Valencia,working,Full,network,41,Afternoon,442,66,1610,local,4,0.08644539750547119
Valencia,working,Full,network,41,Afternoon,442,66,1610,local,5,0.13323157247053702
Valencia,working,Full,network,41,Afternoon,442,66,1610,local,6,0.19527867906553545
Valencia,working,Full,network,41,Afternoon,442,66,1610,local,7,0.27355360085591746
Valencia,working,Full,network,41,Afternoon,442,66,1610,local,8,0.36372937761995366
Valencia,working,Full,network,41,Afternoon,442,66,1610,local,9,0.4556123309159186
Valencia,working,Full,network,41,Afternoon,442,66,1610,local,10,0.5678330364766642
Valencia,working,Full,network,41,Afternoon,442,66,1610,local,11,0.6813340831973609
Valencia,working,Full,network,41,Afternoon,442,66,1610,local,12,0.8023110172547522
Valencia,working,Full,network,41,Afternoon,442,66,1610,local,13,0.9309830415765785
Valencia,working,Full,network,41,Afternoon,442,66,1610,local,14,1.0753499613550175
Valencia,working,Full,network,41,Afternoon,442,66,1610,local,15,1.2262130654688057
Valencia,working,Full,network,41,Afternoon,442,66,1610,local,16,1.3810593497665546
Valencia,working,Full,network,41,Afternoon,442,66,1610,local,17,1.54490936132996
Valencia,working,Full,network,41,Afternoon,442,66,1610,local,18,1.710599097443761
Valencia,working,Full,network,41,Afternoon,442,66,1610,local,19,1.8800124319472333
Valencia,working,Full,network,41,Afternoon,442,66,1610,local,20,2.0559821420436526
Valencia,working,Full,network,41,Afternoon,442,66,1610,local,21,2.2711382931777413
Valencia,working,Full,network,41,Afternoon,442,66,1610,local,22,2.487104018788469
Valencia,working,Full,network,41,Afternoon,442,66,1610,local,23,2.778215557356942
Valencia,working,Full,network,41,Afternoon,442,66,1610,local,24,3.0829281757148403
Valencia,working,Full,network,41,Afternoon,442,66,1610,local,25,3.403667681106079
Valencia,working,Full,network,41,Afternoon,442,66,1610,local,26,3.7417999797121695
Valencia,working,Full,network,41,Afternoon,442,66,1610,local,27,4.096798455469165
Valencia,working,Full,network,41,Afternoon,442,66,1610,local,28,4.457949512262288
Valencia,working,Full,network,41,Afternoon,442,66,1610,local,29,4.826837263573654
Valencia,working,Full,network,41,Afternoon,442,66,1610,local,30,5.205146593313214
Valencia,working,Full,network,41,Afternoon,442,66,1610,local,31,5.5956948847568535
Valencia,working,Full,network,41,Afternoon,442,66,1610,local,32,5.990586060565252
Valencia,working,Full,network,41,Afternoon,442,66,1610,local,33,6.398138791724597
Valencia,working,Full,network,41,Afternoon,442,66,1610,local,34,6.821853314449696
Valencia,working,Full,network,41,Afternoon,442,66,1610,local,35,7.249445080274083
Valencia,working,Full,network,41,Afternoon,442,66,1610,local,36,7.698482607657954
Valencia,working,Full,network,41,Afternoon,442,66,1610,local,37,8.181721942270414
Valencia,working,Full,network,41,Afternoon,442,66,1610,local,38,8.682385435298423
Valencia,working,Full,network,41,Afternoon,442,66,1610,local,39,9.20193122687955
Valencia,working,Full,network,41,Afternoon,442,66,1610,local,40,9.763353885585111
Valencia,working,Full,network,41,Afternoon,442,66,1610,local,41,10.334302280635502
Valencia,working,Full,network,41,Afternoon,442,66,1610,local,42,10.954263915399515
Valencia,working,Full,network,41,Afternoon,442,66,1610,local,43,11.584940949011477
Valencia,working,Full,network,41,Afternoon,442,66,1610,local,44,12.230061233368733
Valencia,working,Full,network,41,Afternoon,442,66,1610,local,45,12.886303132448841
Valencia,working,Full,network,41,Afternoon,442,66,1610,local,46,13.589387980806379
Valencia,working,Full,network,41,Afternoon,442,66,1610,local,47,14.30338423695104
Valencia,working,Full,network,41,Afternoon,442,66,1610,local,48,15.033936128838123
Valencia,working,Full,network,41,Afternoon,442,66,1610,local,49,15.767753984105553
Valencia,working,Full,network,41,Afternoon,442,66,1610,local,50,16.504952671025887
Valencia,working,Full,network,41,Afternoon,442,66,1610,local,51,17.273999508496793
Valencia,working,Full,network,41,Afternoon,442,66,1610,local,52,18.054795294160783
Valencia,working,Full,network,41,Afternoon,442,66,1610,local,53,18.911539250435176
Valencia,working,Full,network,41,Afternoon,442,66,1610,local,54,19.871785223040913
Valencia,working,Full,network,41,Afternoon,442,66,1610,local,55,20.875706395153927
Valencia,working,Full,network,41,Afternoon,442,66,1610,local,56,21.970403612938483
Valencia,working,Full,network,41,Afternoon,442,66,1610,local,57,23.358824735853652
Valencia,working,Full,network,41,Afternoon,442,66,1610,local,58,24.766926538357314
Valencia,working,Full,network,41,Afternoon,442,66,1610,local,59,26.24996106604467
Valencia,working,Full,network,41,Afternoon,442,66,1610,local,60,27.7909313729144
Valencia,working,Full,network,41,Afternoon,442,66,1610,local,61,29.349016969916104
Valencia,working,Full,network,41,Afternoon,442,66,1610,local,62,30.948980777255194
Valencia,working,Full,network,41,Afternoon,442,66,1610,local,63,32.95637530135252
Valencia,working,Full,network,41,Afternoon,442,66,1610,local,64,35.1170032350127
Valencia,working,Full,network,41,Afternoon,442,66,1610,local,65,37.593527654960965
Valencia,working,Full,network,41,Afternoon,442,66,1610,local,66,40.14438874345411
Valencia,working,Full,network,41,Afternoon,442,66,1610,regional,0,0.0
Valencia,working,Full,network,41,Afternoon,442,66,1610,regional,1,0.007648498906383442
Valencia,working,Full,network,41,Afternoon,442,66,1610,regional,2,0.045254528887137435
Valencia,working,Full,network,41,Afternoon,442,66,1610,regional,3,0.08505412801092951
Valencia,working,Full,network,41,Afternoon,442,66,1610,regional,4,0.13602521627083702
Valencia,working,Full,network,41,Afternoon,442,66,1610,regional,5,0.20886932793301108
Valencia,working,Full,network,41,Afternoon,442,66,1610,regional,6,0.2817765448163609
Valencia,working,Full,network,41,Afternoon,442,66,1610,regional,7,0.3712155310685432
Valencia,working,Full,network,41,Afternoon,442,66,1610,regional,8,0.4698542602183321
Valencia,working,Full,network,41,Afternoon,442,66,1610,regional,9,0.5859280826120048
Valencia,working,Full,network,41,Afternoon,442,66,1610,regional,10,0.7240206022426342
Valencia,working,Full,network,41,Afternoon,442,66,1610,regional,11,0.8661156520157626
Valencia,working,Full,network,41,Afternoon,442,66,1610,regional,12,1.0210822687159553
Valencia,working,Full,network,41,Afternoon,442,66,1610,regional,13,1.1852474882913457
Valencia,working,Full,network,41,Afternoon,442,66,1610,regional,14,1.3588573729579392
Valencia,working,Full,network,41,Afternoon,442,66,1610,regional,15,1.54555654116181
Valencia,working,Full,network,41,Afternoon,442,66,1610,regional,16,1.7377663674090593
Valencia,working,Full,network,41,Afternoon,442,66,1610,regional,17,1.9445897424990946
Valencia,working,Full,network,41,Afternoon,442,66,1610,regional,18,2.1562321251420733
Valencia,working,Full,network,41,Afternoon,442,66,1610,regional,19,2.372541333414189
Valencia,working,Full,network,41,Afternoon,442,66,1610,regional,20,2.5971882284133567
Valencia,working,Full,network,41,Afternoon,442,66,1610,regional,21,2.8391191858231957
Valencia,working,Full,network,41,Afternoon,442,66,1610,regional,22,3.090874983662223
Valencia,working,Full,network,41,Afternoon,442,66,1610,regional,23,3.3470068737449297
Valencia,working,Full,network,41,Afternoon,442,66,1610,regional,24,3.605643979679895
Valencia,working,Full,network,41,Afternoon,442,66,1610,regional,25,3.86709145115541
Valencia,working,Full,network,41,Afternoon,442,66,1610,regional,26,4.137085482493361
Valencia,working,Full,network,41,Afternoon,442,66,1610,regional,27,4.410966696948908
Valencia,working,Full,network,41,Afternoon,442,66,1610,regional,28,4.690142739962103
Valencia,working,Full,network,41,Afternoon,442,66,1610,regional,29,4.97832349902914
Valencia,working,Full,network,41,Afternoon,442,66,1610,regional,30,5.29911650844735
Valencia,working,Full,network,41,Afternoon,442,66,1610,regional,31,5.633547688989592
Valencia,working,Full,network,41,Afternoon,442,66,1610,regional,32,5.979139174273325
Valencia,working,Full,network,41,Afternoon,442,66,1610,regional,33,6.3418754123358205
Valencia,working,Full,network,41,Afternoon,442,66,1610,regional,34,6.7254538832448905
Valencia,working,Full,network,41,Afternoon,442,66,1610,regional,35,7.150769393696209
Valencia,working,Full,network,41,Afternoon,442,66,1610,regional,36,7.585508002892425
Valencia,working,Full,network,41,Afternoon,442,66,1610,regional,37,8.029337067789214
Valencia,working,Full,network,41,Afternoon,442,66,1610,regional,38,8.482290019820507
Valencia,working,Full,network,41,Afternoon,442,66,1610,regional,39,8.941297398449267
Valencia,working,Full,network,41,Afternoon,442,66,1610,regional,40,9.40656285263051
Valencia,working,Full,network,41,Afternoon,442,66,1610,regional,41,9.874872327139919
Valencia,working,Full,network,41,Afternoon,442,66,1610,regional,42,10.346486084666852
Valencia,working,Full,network,41,Afternoon,442,66,1610,regional,43,10.864367552164207
Valencia,working,Full,network,41,Afternoon,442,66,1610,regional,44,11.392556205786832
Valencia,working,Full,network,41,Afternoon,442,66,1610,regional,45,11.927511373889427
Valencia,working,Full,network,41,Afternoon,442,66,1610,regional,46,12.476757403617283
Valencia,working,Full,network,41,Afternoon,442,66,1610,regional,47,13.047712719644986
Valencia,working,Full,network,41,Afternoon,442,66,1610,regional,48,13.631387243585094
Valencia,working,Full,network,41,Afternoon,442,66,1610,regional,49,14.252684338899108
Valencia,working,Full,network,41,Afternoon,442,66,1610,regional,50,14.89508660824831
Valencia,working,Full,network,41,Afternoon,442,66,1610,regional,51,15.601813751196502
Valencia,working,Full,network,41,Afternoon,442,66,1610,regional,52,16.327855674050294
Valencia,working,Full,network,41,Afternoon,442,66,1610,regional,53,17.073609370245276
Valencia,working,Full,network,41,Afternoon,442,66,1610,regional,54,17.911055179705365
Valencia,working,Full,network,41,Afternoon,442,66,1610,regional,55,18.88297058398036
Valencia,working,Full,network,41,Afternoon,442,66,1610,regional,56,19.887798894614253
Valencia,working,Full,network,41,Afternoon,442,66,1610,regional,57,21.052223309076446
Valencia,working,Full,network,41,Afternoon,442,66,1610,regional,58,22.278141428955117
Valencia,working,Full,network,41,Afternoon,442,66,1610,regional,59,23.58571820310242
Valencia,working,Full,network,41,Afternoon,442,66,1610,regional,60,24.932049142617345
Valencia,working,Full,network,41,Afternoon,442,66,1610,regional,61,26.291663058797756
Valencia,working,Full,network,41,Afternoon,442,66,1610,regional,62,27.763095973628705
Valencia,working,Full,network,41,Afternoon,442,66,1610,regional,63,29.508412864425804
Valencia,working,Full,network,41,Afternoon,442,66,1610,regional,64,31.40219872564146
Valencia,working,Full,network,41,Afternoon,442,66,1610,regional,65,33.58640693436071
Valencia,working,Full,network,41,Afternoon,442,66,1610,regional,66,35.82988122256737
Valencia,working,Full,network,41,Afternoon,442,66,1610,uniform_area,0,0.0
Valencia,working,Full,network,41,Afternoon,442,66,1610,uniform_area,1,0.0032224208691226603
Valencia,working,Full,network,41,Afternoon,442,66,1610,uniform_area,2,0.02754129368801401
Valencia,working,Full,network,41,Afternoon,442,66,1610,uniform_area,3,0.05933004009962813
Valencia,working,Full,network,41,Afternoon,442,66,1610,uniform_area,4,0.099938763940282
Valencia,working,Full,network,41,Afternoon,442,66,1610,uniform_area,5,0.14940452219612135
Valencia,working,Full,network,41,Afternoon,442,66,1610,uniform_area,6,0.21590590636939302
Valencia,working,Full,network,41,Afternoon,442,66,1610,uniform_area,7,0.2850633664918317
Valencia,working,Full,network,41,Afternoon,442,66,1610,uniform_area,8,0.36334610335413303
Valencia,working,Full,network,41,Afternoon,442,66,1610,uniform_area,9,0.4595374033338758
Valencia,working,Full,network,41,Afternoon,442,66,1610,uniform_area,10,0.5674491034813278
Valencia,working,Full,network,41,Afternoon,442,66,1610,uniform_area,11,0.6830679248780399
Valencia,working,Full,network,41,Afternoon,442,66,1610,uniform_area,12,0.8107846690630196
Valencia,working,Full,network,41,Afternoon,442,66,1610,uniform_area,13,0.9668397126881093
Valencia,working,Full,network,41,Afternoon,442,66,1610,uniform_area,14,1.1357610382663446
Valencia,working,Full,network,41,Afternoon,442,66,1610,uniform_area,15,1.305367375285184
Valencia,working,Full,network,41,Afternoon,442,66,1610,uniform_area,16,1.493980603994098
Valencia,working,Full,network,41,Afternoon,442,66,1610,uniform_area,17,1.6955871976746486
Valencia,working,Full,network,41,Afternoon,442,66,1610,uniform_area,18,1.9017972497396587
Valencia,working,Full,network,41,Afternoon,442,66,1610,uniform_area,19,2.1093775564445143
Valencia,working,Full,network,41,Afternoon,442,66,1610,uniform_area,20,2.3201846752347564
Valencia,working,Full,network,41,Afternoon,442,66,1610,uniform_area,21,2.5687372131022435
Valencia,working,Full,network,41,Afternoon,442,66,1610,uniform_area,22,2.834627212016265
Valencia,working,Full,network,41,Afternoon,442,66,1610,uniform_area,23,3.108843200925159
Valencia,working,Full,network,41,Afternoon,442,66,1610,uniform_area,24,3.4017441321849695
Valencia,working,Full,network,41,Afternoon,442,66,1610,uniform_area,25,3.7232327839687382
Valencia,working,Full,network,41,Afternoon,442,66,1610,uniform_area,26,4.0521076078840945
Valencia,working,Full,network,41,Afternoon,442,66,1610,uniform_area,27,4.402516419658735
Valencia,working,Full,network,41,Afternoon,442,66,1610,uniform_area,28,4.754577292377023
Valencia,working,Full,network,41,Afternoon,442,66,1610,uniform_area,29,5.122128192667869
Valencia,working,Full,network,41,Afternoon,442,66,1610,uniform_area,30,5.504624280373205
Valencia,working,Full,network,41,Afternoon,442,66,1610,uniform_area,31,5.893368117393424
Valencia,working,Full,network,41,Afternoon,442,66,1610,uniform_area,32,6.2984565370670165
Valencia,working,Full,network,41,Afternoon,442,66,1610,uniform_area,33,6.725812241122679
Valencia,working,Full,network,41,Afternoon,442,66,1610,uniform_area,34,7.163878487583328
Valencia,working,Full,network,41,Afternoon,442,66,1610,uniform_area,35,7.624080757653192
Valencia,working,Full,network,41,Afternoon,442,66,1610,uniform_area,36,8.085326673455366
Valencia,working,Full,network,41,Afternoon,442,66,1610,uniform_area,37,8.56872566542325
Valencia,working,Full,network,41,Afternoon,442,66,1610,uniform_area,38,9.092372569628681
Valencia,working,Full,network,41,Afternoon,442,66,1610,uniform_area,39,9.637498059181517
Valencia,working,Full,network,41,Afternoon,442,66,1610,uniform_area,40,10.194444410171947
Valencia,working,Full,network,41,Afternoon,442,66,1610,uniform_area,41,10.75501400249391
Valencia,working,Full,network,41,Afternoon,442,66,1610,uniform_area,42,11.32174602035917
Valencia,working,Full,network,41,Afternoon,442,66,1610,uniform_area,43,11.932696036889322
Valencia,working,Full,network,41,Afternoon,442,66,1610,uniform_area,44,12.570189638376434
Valencia,working,Full,network,41,Afternoon,442,66,1610,uniform_area,45,13.225888344254939
Valencia,working,Full,network,41,Afternoon,442,66,1610,uniform_area,46,13.89407225380063
Valencia,working,Full,network,41,Afternoon,442,66,1610,uniform_area,47,14.620570228475026
Valencia,working,Full,network,41,Afternoon,442,66,1610,uniform_area,48,15.382585598379665
Valencia,working,Full,network,41,Afternoon,442,66,1610,uniform_area,49,16.156093952240766
Valencia,working,Full,network,41,Afternoon,442,66,1610,uniform_area,50,16.968815348940723
Valencia,working,Full,network,41,Afternoon,442,66,1610,uniform_area,51,17.793369469461105
Valencia,working,Full,network,41,Afternoon,442,66,1610,uniform_area,52,18.687970368980167
Valencia,working,Full,network,41,Afternoon,442,66,1610,uniform_area,53,19.601573561610053
Valencia,working,Full,network,41,Afternoon,442,66,1610,uniform_area,54,20.521232570810568
Valencia,working,Full,network,41,Afternoon,442,66,1610,uniform_area,55,21.529500072854244
Valencia,working,Full,network,41,Afternoon,442,66,1610,uniform_area,56,22.73777455827355
Valencia,working,Full,network,41,Afternoon,442,66,1610,uniform_area,57,24.095465464865274
Valencia,working,Full,network,41,Afternoon,442,66,1610,uniform_area,58,25.4844842597216
Valencia,working,Full,network,41,Afternoon,442,66,1610,uniform_area,59,26.9260931632063
Valencia,working,Full,network,41,Afternoon,442,66,1610,uniform_area,60,28.553841284156228
Valencia,working,Full,network,41,Afternoon,442,66,1610,uniform_area,61,30.230544135569147
Valencia,working,Full,network,41,Afternoon,442,66,1610,uniform_area,62,31.920350266536378
Valencia,working,Full,network,41,Afternoon,442,66,1610,uniform_area,63,34.02026123285792
Valencia,working,Full,network,41,Afternoon,442,66,1610,uniform_area,64,36.25215916942351
Valencia,working,Full,network,41,Afternoon,442,66,1610,uniform_area,65,38.76152985263873
Valencia,working,Full,network,41,Afternoon,442,66,1610,uniform_area,66,41.42072996921283
