city,catalogue,layer,mode,weights,window,reachable,quota,hours,reference,swaps,minimum_loss_percent
Madrid,working,Full,connectors_shade,21,Morning,1632,244,1655,local,0,0.0
Madrid,working,Full,connectors_shade,21,Morning,1632,244,1655,local,1,0.00023998289765486252
Madrid,working,Full,connectors_shade,21,Morning,1632,244,1655,local,2,0.001356697882192281
Madrid,working,Full,connectors_shade,21,Morning,1632,244,1655,local,3,0.003256247030323938
Madrid,working,Full,connectors_shade,21,Morning,1632,244,1655,local,4,0.0073229502718130035
Madrid,working,Full,connectors_shade,21,Morning,1632,244,1655,local,5,0.013712377319513464
Madrid,working,Full,connectors_shade,21,Morning,1632,244,1655,local,6,0.020762798780299307
Madrid,working,Full,connectors_shade,21,Morning,1632,244,1655,local,7,0.029015299106679528
Madrid,working,Full,connectors_shade,21,Morning,1632,244,1655,local,8,0.038352803141456906
Madrid,working,Full,connectors_shade,21,Morning,1632,244,1655,local,9,0.04808463869765673
Madrid,working,Full,connectors_shade,21,Morning,1632,244,1655,local,10,0.05793424699986395
Madrid,working,Full,connectors_shade,21,Morning,1632,244,1655,local,11,0.0679723672575156
Madrid,working,Full,connectors_shade,21,Morning,1632,244,1655,local,12,0.07920477437547706
Madrid,working,Full,connectors_shade,21,Morning,1632,244,1655,local,13,0.0916242084914329
Madrid,working,Full,connectors_shade,21,Morning,1632,244,1655,local,14,0.10432197313491595
Madrid,working,Full,connectors_shade,21,Morning,1632,244,1655,local,15,0.11809117616243354
Madrid,working,Full,connectors_shade,21,Morning,1632,244,1655,local,16,0.13206020690017686
Madrid,working,Full,connectors_shade,21,Morning,1632,244,1655,local,17,0.14778969375051115
Madrid,working,Full,connectors_shade,21,Morning,1632,244,1655,local,18,0.16456666514325005
Madrid,working,Full,connectors_shade,21,Morning,1632,244,1655,local,19,0.18192731094607661
Madrid,working,Full,connectors_shade,21,Morning,1632,244,1655,local,20,0.20032725913015756
Madrid,working,Full,connectors_shade,21,Morning,1632,244,1655,local,21,0.21968100012332165
Madrid,working,Full,connectors_shade,21,Morning,1632,244,1655,local,22,0.23983355068118486
Madrid,working,Full,connectors_shade,21,Morning,1632,244,1655,local,23,0.26020338718960506
Madrid,working,Full,connectors_shade,21,Morning,1632,244,1655,local,24,0.28247624844350666
Madrid,working,Full,connectors_shade,21,Morning,1632,244,1655,local,25,0.3061604442168748
Madrid,working,Full,connectors_shade,21,Morning,1632,244,1655,local,26,0.3331101989051899
Madrid,working,Full,connectors_shade,21,Morning,1632,244,1655,local,27,0.3614161847702628
Madrid,working,Full,connectors_shade,21,Morning,1632,244,1655,local,28,0.39012306813427383
Madrid,working,Full,connectors_shade,21,Morning,1632,244,1655,local,29,0.41997211551037994
Madrid,working,Full,connectors_shade,21,Morning,1632,244,1655,local,30,0.45025173568997334
Madrid,working,Full,connectors_shade,21,Morning,1632,244,1655,local,31,0.48098949269111124
Madrid,working,Full,connectors_shade,21,Morning,1632,244,1655,local,32,0.5134770740574948
Madrid,working,Full,connectors_shade,21,Morning,1632,244,1655,local,33,0.5471180648145385
Madrid,working,Full,connectors_shade,21,Morning,1632,244,1655,local,34,0.5817072293953949
Madrid,working,Full,connectors_shade,21,Morning,1632,244,1655,local,35,0.6168954968284295
Madrid,working,Full,connectors_shade,21,Morning,1632,244,1655,local,36,0.6555718577111004
Madrid,working,Full,connectors_shade,21,Morning,1632,244,1655,local,37,0.6960900975193036
Madrid,working,Full,connectors_shade,21,Morning,1632,244,1655,local,38,0.7368431222625174
Madrid,working,Full,connectors_shade,21,Morning,1632,244,1655,local,39,0.7792192781308811
Madrid,working,Full,connectors_shade,21,Morning,1632,244,1655,local,40,0.8234824067940523
Madrid,working,Full,connectors_shade,21,Morning,1632,244,1655,local,41,0.8687336965532814
Madrid,working,Full,connectors_shade,21,Morning,1632,244,1655,local,42,0.9149169699025587
Madrid,working,Full,connectors_shade,21,Morning,1632,244,1655,local,43,0.9632837629021631
Madrid,working,Full,connectors_shade,21,Morning,1632,244,1655,local,44,1.0127589640234393
Madrid,working,Full,connectors_shade,21,Morning,1632,244,1655,local,45,1.0627344264530747
Madrid,working,Full,connectors_shade,21,Morning,1632,244,1655,local,46,1.1136703550856397
Madrid,working,Full,connectors_shade,21,Morning,1632,244,1655,local,47,1.1655761136619167
Madrid,working,Full,connectors_shade,21,Morning,1632,244,1655,local,48,1.2192609607627223
Madrid,working,Full,connectors_shade,21,Morning,1632,244,1655,local,49,1.2734654201620366
Madrid,working,Full,connectors_shade,21,Morning,1632,244,1655,local,50,1.3280156700135677
Madrid,working,Full,connectors_shade,21,Morning,1632,244,1655,local,51,1.3847134945542738
Madrid,working,Full,connectors_shade,21,Morning,1632,244,1655,local,52,1.4418802037228944
Madrid,working,Full,connectors_shade,21,Morning,1632,244,1655,local,53,1.5007997399753208
Madrid,working,Full,connectors_shade,21,Morning,1632,244,1655,local,54,1.5601671307136882
Madrid,working,Full,connectors_shade,21,Morning,1632,244,1655,local,55,1.6196883490448881
Madrid,working,Full,connectors_shade,21,Morning,1632,244,1655,local,56,1.6818441541248992
Madrid,working,Full,connectors_shade,21,Morning,1632,244,1655,local,57,1.7452582797793765
Madrid,working,Full,connectors_shade,21,Morning,1632,244,1655,local,58,1.8093285747547785
Madrid,working,Full,connectors_shade,21,Morning,1632,244,1655,local,59,1.8737465776256246
Madrid,working,Full,connectors_shade,21,Morning,1632,244,1655,local,60,1.9389475344230982
Madrid,working,Full,connectors_shade,21,Morning,1632,244,1655,local,61,2.006014616604634
Madrid,working,Full,connectors_shade,21,Morning,1632,244,1655,local,62,2.0731724334837325
Madrid,working,Full,connectors_shade,21,Morning,1632,244,1655,local,63,2.1408080912902756
Madrid,working,Full,connectors_shade,21,Morning,1632,244,1655,local,64,2.2100439314020983
Madrid,working,Full,connectors_shade,21,Morning,1632,244,1655,local,65,2.280364044297402
Madrid,working,Full,connectors_shade,21,Morning,1632,244,1655,local,66,2.3509611974896036
Madrid,working,Full,connectors_shade,21,Morning,1632,244,1655,local,67,2.4229913388518263
Madrid,working,Full,connectors_shade,21,Morning,1632,244,1655,local,68,2.497274568606217
Madrid,working,Full,connectors_shade,21,Morning,1632,244,1655,local,69,2.571848718822835
Madrid,working,Full,connectors_shade,21,Morning,1632,244,1655,local,70,2.6471100520477067
Madrid,working,Full,connectors_shade,21,Morning,1632,244,1655,local,71,2.7226585350512127
Madrid,working,Full,connectors_shade,21,Morning,1632,244,1655,local,72,2.8020701315450816
Madrid,working,Full,connectors_shade,21,Morning,1632,244,1655,local,73,2.8825517811227255
Madrid,working,Full,connectors_shade,21,Morning,1632,244,1655,local,74,2.963302948150142
Madrid,working,Full,connectors_shade,21,Morning,1632,244,1655,local,75,3.044500504109662
Madrid,working,Full,connectors_shade,21,Morning,1632,244,1655,local,76,3.1268970127491658
Madrid,working,Full,connectors_shade,21,Morning,1632,244,1655,local,77,3.20967581487309
Madrid,working,Full,connectors_shade,21,Morning,1632,244,1655,local,78,3.2935353191135213
Madrid,working,Full,connectors_shade,21,Morning,1632,244,1655,local,79,3.378402749054766
Madrid,working,Full,connectors_shade,21,Morning,1632,244,1655,local,80,3.4637174593601827
Madrid,working,Full,connectors_shade,21,Morning,1632,244,1655,local,81,3.54937331899155
Madrid,working,Full,connectors_shade,21,Morning,1632,244,1655,local,82,3.635692813996123
Madrid,working,Full,connectors_shade,21,Morning,1632,244,1655,local,83,3.72297982517196
Madrid,working,Full,connectors_shade,21,Morning,1632,244,1655,local,84,3.8107851028555055
Madrid,working,Full,connectors_shade,21,Morning,1632,244,1655,local,85,3.899945909188313
Madrid,working,Full,connectors_shade,21,Morning,1632,244,1655,local,86,3.9896270920806476
Madrid,working,Full,connectors_shade,21,Morning,1632,244,1655,local,87,4.080462454798007
Madrid,working,Full,connectors_shade,21,Morning,1632,244,1655,local,88,4.172262976700722
Madrid,working,Full,connectors_shade,21,Morning,1632,244,1655,local,89,4.265279888534352
Madrid,working,Full,connectors_shade,21,Morning,1632,244,1655,local,90,4.3602618450801005
Madrid,working,Full,connectors_shade,21,Morning,1632,244,1655,local,91,4.455427257605753
Madrid,working,Full,connectors_shade,21,Morning,1632,244,1655,local,92,4.552216709974016
Madrid,working,Full,connectors_shade,21,Morning,1632,244,1655,local,93,4.649722649019268
Madrid,working,Full,connectors_shade,21,Morning,1632,244,1655,local,94,4.747708139010555
Madrid,working,Full,connectors_shade,21,Morning,1632,244,1655,local,95,4.845980902247523
Madrid,working,Full,connectors_shade,21,Morning,1632,244,1655,local,96,4.944603911862408
Madrid,working,Full,connectors_shade,21,Morning,1632,244,1655,local,97,5.044327582041813
Madrid,working,Full,connectors_shade,21,Morning,1632,244,1655,local,98,5.147063360453114
Madrid,working,Full,connectors_shade,21,Morning,1632,244,1655,local,99,5.25103373401129
Madrid,working,Full,connectors_shade,21,Morning,1632,244,1655,local,100,5.357733589855296
Madrid,working,Full,connectors_shade,21,Morning,1632,244,1655,local,101,5.465576898707362
Madrid,working,Full,connectors_shade,21,Morning,1632,244,1655,local,102,5.575402932752559
Madrid,working,Full,connectors_shade,21,Morning,1632,244,1655,local,103,5.685886867126663
Madrid,working,Full,connectors_shade,21,Morning,1632,244,1655,local,104,5.7976619136880325
Madrid,working,Full,connectors_shade,21,Morning,1632,244,1655,local,105,5.910308011617488
Madrid,working,Full,connectors_shade,21,Morning,1632,244,1655,local,106,6.024976203442417
Madrid,working,Full,connectors_shade,21,Morning,1632,244,1655,local,107,6.140159298532711
Madrid,working,Full,connectors_shade,21,Morning,1632,244,1655,local,108,6.256333145057694
Madrid,working,Full,connectors_shade,21,Morning,1632,244,1655,local,109,6.375220008303228
Madrid,working,Full,connectors_shade,21,Morning,1632,244,1655,local,110,6.4951919789694825
Madrid,working,Full,connectors_shade,21,Morning,1632,244,1655,local,111,6.615946076333157
Madrid,working,Full,connectors_shade,21,Morning,1632,244,1655,local,112,6.737291800619356
Madrid,working,Full,connectors_shade,21,Morning,1632,244,1655,local,113,6.858863911612087
Madrid,working,Full,connectors_shade,21,Morning,1632,244,1655,local,114,6.984087051811284
Madrid,working,Full,connectors_shade,21,Morning,1632,244,1655,local,115,7.110707451286687
Madrid,working,Full,connectors_shade,21,Morning,1632,244,1655,local,116,7.240212862016646
Madrid,working,Full,connectors_shade,21,Morning,1632,244,1655,local,117,7.372518286817238
Madrid,working,Full,connectors_shade,21,Morning,1632,244,1655,local,118,7.506607703018761
Madrid,working,Full,connectors_shade,21,Morning,1632,244,1655,local,119,7.641157373501672
Madrid,working,Full,connectors_shade,21,Morning,1632,244,1655,local,120,7.776084402491165
Madrid,working,Full,connectors_shade,21,Morning,1632,244,1655,local,121,7.911717327154429
Madrid,working,Full,connectors_shade,21,Morning,1632,244,1655,local,122,8.049374880491625
Madrid,working,Full,connectors_shade,21,Morning,1632,244,1655,local,123,8.187385603906389
Madrid,working,Full,connectors_shade,21,Morning,1632,244,1655,local,124,8.326637022974781
Madrid,working,Full,connectors_shade,21,Morning,1632,244,1655,local,125,8.466943295098892
Madrid,working,Full,connectors_shade,21,Morning,1632,244,1655,local,126,8.609688722923103
Madrid,working,Full,connectors_shade,21,Morning,1632,244,1655,local,127,8.754719987538806
Madrid,working,Full,connectors_shade,21,Morning,1632,244,1655,local,128,8.900833311173853
Madrid,working,Full,connectors_shade,21,Morning,1632,244,1655,local,129,9.048534160507275
Madrid,working,Full,connectors_shade,21,Morning,1632,244,1655,local,130,9.196929598402377
Madrid,working,Full,connectors_shade,21,Morning,1632,244,1655,local,131,9.34676017773279
Madrid,working,Full,connectors_shade,21,Morning,1632,244,1655,local,132,9.499072152074465
Madrid,working,Full,connectors_shade,21,Morning,1632,244,1655,local,133,9.6514869497722
Madrid,working,Full,connectors_shade,21,Morning,1632,244,1655,local,134,9.805261367817113
Madrid,working,Full,connectors_shade,21,Morning,1632,244,1655,local,135,9.960514716119933
Madrid,working,Full,connectors_shade,21,Morning,1632,244,1655,local,136,10.116000526942626
Madrid,working,Full,connectors_shade,21,Morning,1632,244,1655,local,137,10.275660332635264
Madrid,working,Full,connectors_shade,21,Morning,1632,244,1655,local,138,10.435821646653432
Madrid,working,Full,connectors_shade,21,Morning,1632,244,1655,local,139,10.597893739147574
Madrid,working,Full,connectors_shade,21,Morning,1632,244,1655,local,140,10.761251126061772
Madrid,working,Full,connectors_shade,21,Morning,1632,244,1655,local,141,10.926248181277277
Madrid,working,Full,connectors_shade,21,Morning,1632,244,1655,local,142,11.093283093426049
Madrid,working,Full,connectors_shade,21,Morning,1632,244,1655,local,143,11.260810003233773
Madrid,working,Full,connectors_shade,21,Morning,1632,244,1655,local,144,11.429808739005578
Madrid,working,Full,connectors_shade,21,Morning,1632,244,1655,local,145,11.601193973016947
Madrid,working,Full,connectors_shade,21,Morning,1632,244,1655,local,146,11.77447357673387
Madrid,working,Full,connectors_shade,21,Morning,1632,244,1655,local,147,11.950938287003776
Madrid,working,Full,connectors_shade,21,Morning,1632,244,1655,local,148,12.129467116882333
Madrid,working,Full,connectors_shade,21,Morning,1632,244,1655,local,149,12.309882242956284
Madrid,working,Full,connectors_shade,21,Morning,1632,244,1655,local,150,12.49452392876042
Madrid,working,Full,connectors_shade,21,Morning,1632,244,1655,local,151,12.680369447896872
Madrid,working,Full,connectors_shade,21,Morning,1632,244,1655,local,152,12.870702338551865
Madrid,working,Full,connectors_shade,21,Morning,1632,244,1655,local,153,13.063301359423118
Madrid,working,Full,connectors_shade,21,Morning,1632,244,1655,local,154,13.25618266176736
Madrid,working,Full,connectors_shade,21,Morning,1632,244,1655,local,155,13.450788908632376
Madrid,working,Full,connectors_shade,21,Morning,1632,244,1655,local,156,13.646866566612193
Madrid,working,Full,connectors_shade,21,Morning,1632,244,1655,local,157,13.849396130903749
Madrid,working,Full,connectors_shade,21,Morning,1632,244,1655,local,158,14.05514560710861
Madrid,working,Full,connectors_shade,21,Morning,1632,244,1655,local,159,14.262763460736466
Madrid,working,Full,connectors_shade,21,Morning,1632,244,1655,local,160,14.470646163525068
Madrid,working,Full,connectors_shade,21,Morning,1632,244,1655,local,161,14.678910809151677
Madrid,working,Full,connectors_shade,21,Morning,1632,244,1655,local,162,14.8881795184299
Madrid,working,Full,connectors_shade,21,Morning,1632,244,1655,local,163,15.099877281334496
Madrid,working,Full,connectors_shade,21,Morning,1632,244,1655,local,164,15.313310662486002
Madrid,working,Full,connectors_shade,21,Morning,1632,244,1655,local,165,15.53171484173266
Madrid,working,Full,connectors_shade,21,Morning,1632,244,1655,local,166,15.75055220758017
Madrid,working,Full,connectors_shade,21,Morning,1632,244,1655,local,167,15.97222594730874
Madrid,working,Full,connectors_shade,21,Morning,1632,244,1655,local,168,16.195468128434356
Madrid,working,Full,connectors_shade,21,Morning,1632,244,1655,local,169,16.418951191297715
Madrid,working,Full,connectors_shade,21,Morning,1632,244,1655,local,170,16.64481934117232
Madrid,working,Full,connectors_shade,21,Morning,1632,244,1655,local,171,16.874496323485104
Madrid,working,Full,connectors_shade,21,Morning,1632,244,1655,local,172,17.113246106363025
Madrid,working,Full,connectors_shade,21,Morning,1632,244,1655,local,173,17.355535432643396
Madrid,working,Full,connectors_shade,21,Morning,1632,244,1655,local,174,17.600260946476073
Madrid,working,Full,connectors_shade,21,Morning,1632,244,1655,local,175,17.848533972274353
Madrid,working,Full,connectors_shade,21,Morning,1632,244,1655,local,176,18.098073972452376
Madrid,working,Full,connectors_shade,21,Morning,1632,244,1655,local,177,18.34906428075766
Madrid,working,Full,connectors_shade,21,Morning,1632,244,1655,local,178,18.601064995216717
Madrid,working,Full,connectors_shade,21,Morning,1632,244,1655,local,179,18.85329189266167
Madrid,working,Full,connectors_shade,21,Morning,1632,244,1655,local,180,19.109451739027648
Madrid,working,Full,connectors_shade,21,Morning,1632,244,1655,local,181,19.366141276307122
Madrid,working,Full,connectors_shade,21,Morning,1632,244,1655,local,182,19.624925446841036
Madrid,working,Full,connectors_shade,21,Morning,1632,244,1655,local,183,19.884423403827633
Madrid,working,Full,connectors_shade,21,Morning,1632,244,1655,local,184,20.144167370138415
Madrid,working,Full,connectors_shade,21,Morning,1632,244,1655,local,185,20.404075721709145
Madrid,working,Full,connectors_shade,21,Morning,1632,244,1655,local,186,20.669025740224853
Madrid,working,Full,connectors_shade,21,Morning,1632,244,1655,local,187,20.934174718477458
Madrid,working,Full,connectors_shade,21,Morning,1632,244,1655,local,188,21.200295740437916
Madrid,working,Full,connectors_shade,21,Morning,1632,244,1655,local,189,21.46781845908021
Madrid,working,Full,connectors_shade,21,Morning,1632,244,1655,local,190,21.740111257910023
Madrid,working,Full,connectors_shade,21,Morning,1632,244,1655,local,191,22.020887430565207
Madrid,working,Full,connectors_shade,21,Morning,1632,244,1655,local,192,22.30190090317912
Madrid,working,Full,connectors_shade,21,Morning,1632,244,1655,local,193,22.58416958993663
Madrid,working,Full,connectors_shade,21,Morning,1632,244,1655,local,194,22.86985880650677
Madrid,working,Full,connectors_shade,21,Morning,1632,244,1655,local,195,23.15711773001118
Madrid,working,Full,connectors_shade,21,Morning,1632,244,1655,local,196,23.445162762025237
Madrid,working,Full,connectors_shade,21,Morning,1632,244,1655,local,197,23.74050470758042
Madrid,working,Full,connectors_shade,21,Morning,1632,244,1655,local,198,24.036946434614755
Madrid,working,Full,connectors_shade,21,Morning,1632,244,1655,local,199,24.3346264212979
Madrid,working,Full,connectors_shade,21,Morning,1632,244,1655,local,200,24.637038918381062
Madrid,working,Full,connectors_shade,21,Morning,1632,244,1655,local,201,24.94029119756822
Madrid,working,Full,connectors_shade,21,Morning,1632,244,1655,local,202,25.246545891589463
Madrid,working,Full,connectors_shade,21,Morning,1632,244,1655,local,203,25.555700004234886
Madrid,working,Full,connectors_shade,21,Morning,1632,244,1655,local,204,25.866900654781574
Madrid,working,Full,connectors_shade,21,Morning,1632,244,1655,local,205,26.182927261762206
Madrid,working,Full,connectors_shade,21,Morning,1632,244,1655,local,206,26.505173763189426
Madrid,working,Full,connectors_shade,21,Morning,1632,244,1655,local,207,26.830938576625847
Madrid,working,Full,connectors_shade,21,Morning,1632,244,1655,local,208,27.17134876463628
Madrid,working,Full,connectors_shade,21,Morning,1632,244,1655,local,209,27.524360300639163
Madrid,working,Full,connectors_shade,21,Morning,1632,244,1655,local,210,27.884965361241544
Madrid,working,Full,connectors_shade,21,Morning,1632,244,1655,local,211,28.2468489897793
Madrid,working,Full,connectors_shade,21,Morning,1632,244,1655,local,212,28.612425742378235
Madrid,working,Full,connectors_shade,21,Morning,1632,244,1655,local,213,28.98090721527632
Madrid,working,Full,connectors_shade,21,Morning,1632,244,1655,local,214,29.356059822573346
Madrid,working,Full,connectors_shade,21,Morning,1632,244,1655,local,215,29.736379680086703
Madrid,working,Full,connectors_shade,21,Morning,1632,244,1655,local,216,30.134956162767587
Madrid,working,Full,connectors_shade,21,Morning,1632,244,1655,local,217,30.54010659276201
Madrid,working,Full,connectors_shade,21,Morning,1632,244,1655,local,218,30.96573077777362
Madrid,working,Full,connectors_shade,21,Morning,1632,244,1655,local,219,31.39329859090351
Madrid,working,Full,connectors_shade,21,Morning,1632,244,1655,local,220,31.821832301551694
Madrid,working,Full,connectors_shade,21,Morning,1632,244,1655,local,221,32.25171820847357
Madrid,working,Full,connectors_shade,21,Morning,1632,244,1655,local,222,32.68764232561424
Madrid,working,Full,connectors_shade,21,Morning,1632,244,1655,local,223,33.12378732900454
Madrid,working,Full,connectors_shade,21,Morning,1632,244,1655,local,224,33.56747318471778
Madrid,working,Full,connectors_shade,21,Morning,1632,244,1655,local,225,34.03087391265688
Madrid,working,Full,connectors_shade,21,Morning,1632,244,1655,local,226,34.49482838412474
Madrid,working,Full,connectors_shade,21,Morning,1632,244,1655,local,227,34.96587006652913
Madrid,working,Full,connectors_shade,21,Morning,1632,244,1655,local,228,35.44335002571804
Madrid,working,Full,connectors_shade,21,Morning,1632,244,1655,local,229,35.92420650489096
Madrid,working,Full,connectors_shade,21,Morning,1632,244,1655,local,230,36.417651931026214
Madrid,working,Full,connectors_shade,21,Morning,1632,244,1655,local,231,36.915833257966604
Madrid,working,Full,connectors_shade,21,Morning,1632,244,1655,local,232,37.41416270832229
Madrid,working,Full,connectors_shade,21,Morning,1632,244,1655,local,233,37.91400990327118
Madrid,working,Full,connectors_shade,21,Morning,1632,244,1655,local,234,38.43247318904986
Madrid,working,Full,connectors_shade,21,Morning,1632,244,1655,local,235,38.98237933731436
Madrid,working,Full,connectors_shade,21,Morning,1632,244,1655,local,236,39.53965525825859
Madrid,working,Full,connectors_shade,21,Morning,1632,244,1655,local,237,40.10938706572949
Madrid,working,Full,connectors_shade,21,Morning,1632,244,1655,local,238,40.695980009609166
Madrid,working,Full,connectors_shade,21,Morning,1632,244,1655,local,239,41.30696032866098
Madrid,working,Full,connectors_shade,21,Morning,1632,244,1655,local,240,41.92168219554947
Madrid,working,Full,connectors_shade,21,Morning,1632,244,1655,local,241,42.56970221730922
Madrid,working,Full,connectors_shade,21,Morning,1632,244,1655,local,242,43.25049442679283
Madrid,working,Full,connectors_shade,21,Morning,1632,244,1655,local,243,44.168364218521035
Madrid,working,Full,connectors_shade,21,Morning,1632,244,1655,local,244,45.097867723542066
Madrid,working,Full,connectors_shade,21,Morning,1632,244,1655,regional,0,0.0
Madrid,working,Full,connectors_shade,21,Morning,1632,244,1655,regional,1,0.00013965924618583226
Madrid,working,Full,connectors_shade,21,Morning,1632,244,1655,regional,2,0.0008568596431301035
Madrid,working,Full,connectors_shade,21,Morning,1632,244,1655,regional,3,0.0033536330332862505
Madrid,working,Full,connectors_shade,21,Morning,1632,244,1655,regional,4,0.007501252366607446
Madrid,working,Full,connectors_shade,21,Morning,1632,244,1655,regional,5,0.012774472564378527
Madrid,working,Full,connectors_shade,21,Morning,1632,244,1655,regional,6,0.019425255198032718
Madrid,working,Full,connectors_shade,21,Morning,1632,244,1655,regional,7,0.027313817678623065
Madrid,working,Full,connectors_shade,21,Morning,1632,244,1655,regional,8,0.03726117473262759
Madrid,working,Full,connectors_shade,21,Morning,1632,244,1655,regional,9,0.04803122548497811
Madrid,working,Full,connectors_shade,21,Morning,1632,244,1655,regional,10,0.059756543266104994
Madrid,working,Full,connectors_shade,21,Morning,1632,244,1655,regional,11,0.07317862447965977
Madrid,working,Full,connectors_shade,21,Morning,1632,244,1655,regional,12,0.08771985245890825
Madrid,working,Full,connectors_shade,21,Morning,1632,244,1655,regional,13,0.10277144005938366
Madrid,working,Full,connectors_shade,21,Morning,1632,244,1655,regional,14,0.11796339675622064
Madrid,working,Full,connectors_shade,21,Morning,1632,244,1655,regional,15,0.13341334119938178
Madrid,working,Full,connectors_shade,21,Morning,1632,244,1655,regional,16,0.1491734448595507
Madrid,working,Full,connectors_shade,21,Morning,1632,244,1655,regional,17,0.16604885403942982
Madrid,working,Full,connectors_shade,21,Morning,1632,244,1655,regional,18,0.18410462323522328
Madrid,working,Full,connectors_shade,21,Morning,1632,244,1655,regional,19,0.20264756738898362
Madrid,working,Full,connectors_shade,21,Morning,1632,244,1655,regional,20,0.22179905577748754
Madrid,working,Full,connectors_shade,21,Morning,1632,244,1655,regional,21,0.24212731339724283
Madrid,working,Full,connectors_shade,21,Morning,1632,244,1655,regional,22,0.2639031480901145
Madrid,working,Full,connectors_shade,21,Morning,1632,244,1655,regional,23,0.28723231620482237
Madrid,working,Full,connectors_shade,21,Morning,1632,244,1655,regional,24,0.31101545867860814
Madrid,working,Full,connectors_shade,21,Morning,1632,244,1655,regional,25,0.33512394663219514
Madrid,working,Full,connectors_shade,21,Morning,1632,244,1655,regional,26,0.3595302846986865
Madrid,working,Full,connectors_shade,21,Morning,1632,244,1655,regional,27,0.3850328844143157
Madrid,working,Full,connectors_shade,21,Morning,1632,244,1655,regional,28,0.41133523985055453
Madrid,working,Full,connectors_shade,21,Morning,1632,244,1655,regional,29,0.43855074705570135
Madrid,working,Full,connectors_shade,21,Morning,1632,244,1655,regional,30,0.466690425069269
Madrid,working,Full,connectors_shade,21,Morning,1632,244,1655,regional,31,0.494971137978387
Madrid,working,Full,connectors_shade,21,Morning,1632,244,1655,regional,32,0.5245126681415473
Madrid,working,Full,connectors_shade,21,Morning,1632,244,1655,regional,33,0.5556880304984588
Madrid,working,Full,connectors_shade,21,Morning,1632,244,1655,regional,34,0.5899287713391147
Madrid,working,Full,connectors_shade,21,Morning,1632,244,1655,regional,35,0.6256087258585339
Madrid,working,Full,connectors_shade,21,Morning,1632,244,1655,regional,36,0.6629599898920402
Madrid,working,Full,connectors_shade,21,Morning,1632,244,1655,regional,37,0.7019504490122015
Madrid,working,Full,connectors_shade,21,Morning,1632,244,1655,regional,38,0.7418905567725175
Madrid,working,Full,connectors_shade,21,Morning,1632,244,1655,regional,39,0.7828942416089179
Madrid,working,Full,connectors_shade,21,Morning,1632,244,1655,regional,40,0.8253684414961735
Madrid,working,Full,connectors_shade,21,Morning,1632,244,1655,regional,41,0.8685336704602583
Madrid,working,Full,connectors_shade,21,Morning,1632,244,1655,regional,42,0.9129290446060979
Madrid,working,Full,connectors_shade,21,Morning,1632,244,1655,regional,43,0.9599469828792682
Madrid,working,Full,connectors_shade,21,Morning,1632,244,1655,regional,44,1.0077880679466418
Madrid,working,Full,connectors_shade,21,Morning,1632,244,1655,regional,45,1.0562078470420087
Madrid,working,Full,connectors_shade,21,Morning,1632,244,1655,regional,46,1.10484654443487
Madrid,working,Full,connectors_shade,21,Morning,1632,244,1655,regional,47,1.1539651143908107
Madrid,working,Full,connectors_shade,21,Morning,1632,244,1655,regional,48,1.203768592853719
Madrid,working,Full,connectors_shade,21,Morning,1632,244,1655,regional,49,1.2540405648807087
Madrid,working,Full,connectors_shade,21,Morning,1632,244,1655,regional,50,1.305567153041503
Madrid,working,Full,connectors_shade,21,Morning,1632,244,1655,regional,51,1.357173228060134
Madrid,working,Full,connectors_shade,21,Morning,1632,244,1655,regional,52,1.4110312725534226
Madrid,working,Full,connectors_shade,21,Morning,1632,244,1655,regional,53,1.4663685428654085
Madrid,working,Full,connectors_shade,21,Morning,1632,244,1655,regional,54,1.5230334306052877
Madrid,working,Full,connectors_shade,21,Morning,1632,244,1655,regional,55,1.5798120705771548
Madrid,working,Full,connectors_shade,21,Morning,1632,244,1655,regional,56,1.63835548366952
Madrid,working,Full,connectors_shade,21,Morning,1632,244,1655,regional,57,1.6971860437437782
Madrid,working,Full,connectors_shade,21,Morning,1632,244,1655,regional,58,1.7563652711484536
Madrid,working,Full,connectors_shade,21,Morning,1632,244,1655,regional,59,1.8167124663973675
Madrid,working,Full,connectors_shade,21,Morning,1632,244,1655,regional,60,1.8782925153343755
Madrid,working,Full,connectors_shade,21,Morning,1632,244,1655,regional,61,1.9413646366162143
Madrid,working,Full,connectors_shade,21,Morning,1632,244,1655,regional,62,2.0049939827340437
Madrid,working,Full,connectors_shade,21,Morning,1632,244,1655,regional,63,2.0688214148087622
Madrid,working,Full,connectors_shade,21,Morning,1632,244,1655,regional,64,2.1362449101134175
Madrid,working,Full,connectors_shade,21,Morning,1632,244,1655,regional,65,2.204433369669893
Madrid,working,Full,connectors_shade,21,Morning,1632,244,1655,regional,66,2.2737132414912424
Madrid,working,Full,connectors_shade,21,Morning,1632,244,1655,regional,67,2.3436168400343305
Madrid,working,Full,connectors_shade,21,Morning,1632,244,1655,regional,68,2.414927871357642
Madrid,working,Full,connectors_shade,21,Morning,1632,244,1655,regional,69,2.4867869158264626
Madrid,working,Full,connectors_shade,21,Morning,1632,244,1655,regional,70,2.5598576166488924
Madrid,working,Full,connectors_shade,21,Morning,1632,244,1655,regional,71,2.6336889823469054
Madrid,working,Full,connectors_shade,21,Morning,1632,244,1655,regional,72,2.709997579159062
Madrid,working,Full,connectors_shade,21,Morning,1632,244,1655,regional,73,2.786627374365328
Madrid,working,Full,connectors_shade,21,Morning,1632,244,1655,regional,74,2.864009038094567
Madrid,working,Full,connectors_shade,21,Morning,1632,244,1655,regional,75,2.9424484981519208
Madrid,working,Full,connectors_shade,21,Morning,1632,244,1655,regional,76,3.022502194007227
Madrid,working,Full,connectors_shade,21,Morning,1632,244,1655,regional,77,3.103843901678167
Madrid,working,Full,connectors_shade,21,Morning,1632,244,1655,regional,78,3.1863118734955447
Madrid,working,Full,connectors_shade,21,Morning,1632,244,1655,regional,79,3.2707118019942927
Madrid,working,Full,connectors_shade,21,Morning,1632,244,1655,regional,80,3.356706609029128
Madrid,working,Full,connectors_shade,21,Morning,1632,244,1655,regional,81,3.443669827906973
Madrid,working,Full,connectors_shade,21,Morning,1632,244,1655,regional,82,3.5309419461436264
Madrid,working,Full,connectors_shade,21,Morning,1632,244,1655,regional,83,3.6193291181800697
Madrid,working,Full,connectors_shade,21,Morning,1632,244,1655,regional,84,3.709297477706132
Madrid,working,Full,connectors_shade,21,Morning,1632,244,1655,regional,85,3.8009968295393826
Madrid,working,Full,connectors_shade,21,Morning,1632,244,1655,regional,86,3.8932277332939536
Madrid,working,Full,connectors_shade,21,Morning,1632,244,1655,regional,87,3.9885957569681567
Madrid,working,Full,connectors_shade,21,Morning,1632,244,1655,regional,88,4.084062797190215
Madrid,working,Full,connectors_shade,21,Morning,1632,244,1655,regional,89,4.179979823269209
Madrid,working,Full,connectors_shade,21,Morning,1632,244,1655,regional,90,4.276040025121679
Madrid,working,Full,connectors_shade,21,Morning,1632,244,1655,regional,91,4.37287704597562
Madrid,working,Full,connectors_shade,21,Morning,1632,244,1655,regional,92,4.4709900678291925
Madrid,working,Full,connectors_shade,21,Morning,1632,244,1655,regional,93,4.569517277191244
Madrid,working,Full,connectors_shade,21,Morning,1632,244,1655,regional,94,4.668243101122011
Madrid,working,Full,connectors_shade,21,Morning,1632,244,1655,regional,95,4.768245648488585
Madrid,working,Full,connectors_shade,21,Morning,1632,244,1655,regional,96,4.869579227863776
Madrid,working,Full,connectors_shade,21,Morning,1632,244,1655,regional,97,4.974021598598767
Madrid,working,Full,connectors_shade,21,Morning,1632,244,1655,regional,98,5.080401799899465
Madrid,working,Full,connectors_shade,21,Morning,1632,244,1655,regional,99,5.188067872137873
Madrid,working,Full,connectors_shade,21,Morning,1632,244,1655,regional,100,5.2973334218353125
Madrid,working,Full,connectors_shade,21,Morning,1632,244,1655,regional,101,5.407219507704496
Madrid,working,Full,connectors_shade,21,Morning,1632,244,1655,regional,102,5.517752171429787
Madrid,working,Full,connectors_shade,21,Morning,1632,244,1655,regional,103,5.629446212971798
Madrid,working,Full,connectors_shade,21,Morning,1632,244,1655,regional,104,5.741227800184896
Madrid,working,Full,connectors_shade,21,Morning,1632,244,1655,regional,105,5.853285957108835
Madrid,working,Full,connectors_shade,21,Morning,1632,244,1655,regional,106,5.966221695259746
Madrid,working,Full,connectors_shade,21,Morning,1632,244,1655,regional,107,6.08107607284964
Madrid,working,Full,connectors_shade,21,Morning,1632,244,1655,regional,108,6.196324818780081
Madrid,working,Full,connectors_shade,21,Morning,1632,244,1655,regional,109,6.312922769638782
Madrid,working,Full,connectors_shade,21,Morning,1632,244,1655,regional,110,6.43012789160006
Madrid,working,Full,connectors_shade,21,Morning,1632,244,1655,regional,111,6.548089162581553
Madrid,working,Full,connectors_shade,21,Morning,1632,244,1655,regional,112,6.6661490574278215
Madrid,working,Full,connectors_shade,21,Morning,1632,244,1655,regional,113,6.785560839278102
Madrid,working,Full,connectors_shade,21,Morning,1632,244,1655,regional,114,6.907491018518295
Madrid,working,Full,connectors_shade,21,Morning,1632,244,1655,regional,115,7.029600797404426
Madrid,working,Full,connectors_shade,21,Morning,1632,244,1655,regional,116,7.152603076957207
Madrid,working,Full,connectors_shade,21,Morning,1632,244,1655,regional,117,7.27595347257378
Madrid,working,Full,connectors_shade,21,Morning,1632,244,1655,regional,118,7.401013079172836
Madrid,working,Full,connectors_shade,21,Morning,1632,244,1655,regional,119,7.52887585139045
Madrid,working,Full,connectors_shade,21,Morning,1632,244,1655,regional,120,7.659181948048939
Madrid,working,Full,connectors_shade,21,Morning,1632,244,1655,regional,121,7.792824161810059
Madrid,working,Full,connectors_shade,21,Morning,1632,244,1655,regional,122,7.9272080028691905
Madrid,working,Full,connectors_shade,21,Morning,1632,244,1655,regional,123,8.063384584390567
Madrid,working,Full,connectors_shade,21,Morning,1632,244,1655,regional,124,8.201732729751054
Madrid,working,Full,connectors_shade,21,Morning,1632,244,1655,regional,125,8.340887525440772
Madrid,working,Full,connectors_shade,21,Morning,1632,244,1655,regional,126,8.482315060015777
Madrid,working,Full,connectors_shade,21,Morning,1632,244,1655,regional,127,8.626392533259441
Madrid,working,Full,connectors_shade,21,Morning,1632,244,1655,regional,128,8.77298154830099
Madrid,working,Full,connectors_shade,21,Morning,1632,244,1655,regional,129,8.920152678244241
Madrid,working,Full,connectors_shade,21,Morning,1632,244,1655,regional,130,9.06845129946855
Madrid,working,Full,connectors_shade,21,Morning,1632,244,1655,regional,131,9.217924763008119
Madrid,working,Full,connectors_shade,21,Morning,1632,244,1655,regional,132,9.36975576106393
Madrid,working,Full,connectors_shade,21,Morning,1632,244,1655,regional,133,9.522571010438737
Madrid,working,Full,connectors_shade,21,Morning,1632,244,1655,regional,134,9.676301093071519
Madrid,working,Full,connectors_shade,21,Morning,1632,244,1655,regional,135,9.830510546086138
Madrid,working,Full,connectors_shade,21,Morning,1632,244,1655,regional,136,9.9883053113729
Madrid,working,Full,connectors_shade,21,Morning,1632,244,1655,regional,137,10.146468657552973
Madrid,working,Full,connectors_shade,21,Morning,1632,244,1655,regional,138,10.30487353654818
Madrid,working,Full,connectors_shade,21,Morning,1632,244,1655,regional,139,10.464667700575957
Madrid,working,Full,connectors_shade,21,Morning,1632,244,1655,regional,140,10.626362294623688
Madrid,working,Full,connectors_shade,21,Morning,1632,244,1655,regional,141,10.789354728891336
Madrid,working,Full,connectors_shade,21,Morning,1632,244,1655,regional,142,10.954345265542415
Madrid,working,Full,connectors_shade,21,Morning,1632,244,1655,regional,143,11.120439631802043
Madrid,working,Full,connectors_shade,21,Morning,1632,244,1655,regional,144,11.287916197178482
Madrid,working,Full,connectors_shade,21,Morning,1632,244,1655,regional,145,11.457209475563772
Madrid,working,Full,connectors_shade,21,Morning,1632,244,1655,regional,146,11.628335146591752
Madrid,working,Full,connectors_shade,21,Morning,1632,244,1655,regional,147,11.801274127375267
Madrid,working,Full,connectors_shade,21,Morning,1632,244,1655,regional,148,11.975938684711883
Madrid,working,Full,connectors_shade,21,Morning,1632,244,1655,regional,149,12.151663681435778
Madrid,working,Full,connectors_shade,21,Morning,1632,244,1655,regional,150,12.328028355114162
Madrid,working,Full,connectors_shade,21,Morning,1632,244,1655,regional,151,12.508731985471698
Madrid,working,Full,connectors_shade,21,Morning,1632,244,1655,regional,152,12.689587711298076
Madrid,working,Full,connectors_shade,21,Morning,1632,244,1655,regional,153,12.87260397940686
Madrid,working,Full,connectors_shade,21,Morning,1632,244,1655,regional,154,13.056428745469077
Madrid,working,Full,connectors_shade,21,Morning,1632,244,1655,regional,155,13.242328447644596
Madrid,working,Full,connectors_shade,21,Morning,1632,244,1655,regional,156,13.432651664254896
Madrid,working,Full,connectors_shade,21,Morning,1632,244,1655,regional,157,13.631717989682853
Madrid,working,Full,connectors_shade,21,Morning,1632,244,1655,regional,158,13.834904397543443
Madrid,working,Full,connectors_shade,21,Morning,1632,244,1655,regional,159,14.040113051503623
Madrid,working,Full,connectors_shade,21,Morning,1632,244,1655,regional,160,14.249281808559692
Madrid,working,Full,connectors_shade,21,Morning,1632,244,1655,regional,161,14.459320534832335
Madrid,working,Full,connectors_shade,21,Morning,1632,244,1655,regional,162,14.670802602990436
Madrid,working,Full,connectors_shade,21,Morning,1632,244,1655,regional,163,14.88438117588321
Madrid,working,Full,connectors_shade,21,Morning,1632,244,1655,regional,164,15.107165236880865
Madrid,working,Full,connectors_shade,21,Morning,1632,244,1655,regional,165,15.33037816569274
Madrid,working,Full,connectors_shade,21,Morning,1632,244,1655,regional,166,15.55395609845786
Madrid,working,Full,connectors_shade,21,Morning,1632,244,1655,regional,167,15.781144266284427
Madrid,working,Full,connectors_shade,21,Morning,1632,244,1655,regional,168,16.00843635919729
Madrid,working,Full,connectors_shade,21,Morning,1632,244,1655,regional,169,16.237226110120027
Madrid,working,Full,connectors_shade,21,Morning,1632,244,1655,regional,170,16.46916908852009
Madrid,working,Full,connectors_shade,21,Morning,1632,244,1655,regional,171,16.7033826863237
Madrid,working,Full,connectors_shade,21,Morning,1632,244,1655,regional,172,16.939595098878115
Madrid,working,Full,connectors_shade,21,Morning,1632,244,1655,regional,173,17.181718967488244
Madrid,working,Full,connectors_shade,21,Morning,1632,244,1655,regional,174,17.427726947467523
Madrid,working,Full,connectors_shade,21,Morning,1632,244,1655,regional,175,17.676563320435775
Madrid,working,Full,connectors_shade,21,Morning,1632,244,1655,regional,176,17.92546580260669
Madrid,working,Full,connectors_shade,21,Morning,1632,244,1655,regional,177,18.175228127301793
Madrid,working,Full,connectors_shade,21,Morning,1632,244,1655,regional,178,18.42642012800788
Madrid,working,Full,connectors_shade,21,Morning,1632,244,1655,regional,179,18.680462270304055
Madrid,working,Full,connectors_shade,21,Morning,1632,244,1655,regional,180,18.936651153079396
Madrid,working,Full,connectors_shade,21,Morning,1632,244,1655,regional,181,19.194357036023277
Madrid,working,Full,connectors_shade,21,Morning,1632,244,1655,regional,182,19.453737624182967
Madrid,working,Full,connectors_shade,21,Morning,1632,244,1655,regional,183,19.713338774371234
Madrid,working,Full,connectors_shade,21,Morning,1632,244,1655,regional,184,19.974432218417864
Madrid,working,Full,connectors_shade,21,Morning,1632,244,1655,regional,185,20.23717888086791
Madrid,working,Full,connectors_shade,21,Morning,1632,244,1655,regional,186,20.501048319884895
Madrid,working,Full,connectors_shade,21,Morning,1632,244,1655,regional,187,20.76549902299026
Madrid,working,Full,connectors_shade,21,Morning,1632,244,1655,regional,188,21.031237135042044
Madrid,working,Full,connectors_shade,21,Morning,1632,244,1655,regional,189,21.300106861898804
Madrid,working,Full,connectors_shade,21,Morning,1632,244,1655,regional,190,21.569128841549364
Madrid,working,Full,connectors_shade,21,Morning,1632,244,1655,regional,191,21.8392283246806
Madrid,working,Full,connectors_shade,21,Morning,1632,244,1655,regional,192,22.119183396593105
Madrid,working,Full,connectors_shade,21,Morning,1632,244,1655,regional,193,22.40597434583106
Madrid,working,Full,connectors_shade,21,Morning,1632,244,1655,regional,194,22.69391747503984
Madrid,working,Full,connectors_shade,21,Morning,1632,244,1655,regional,195,22.98326623093843
Madrid,working,Full,connectors_shade,21,Morning,1632,244,1655,regional,196,23.278937753242523
Madrid,working,Full,connectors_shade,21,Morning,1632,244,1655,regional,197,23.57538331430157
Madrid,working,Full,connectors_shade,21,Morning,1632,244,1655,regional,198,23.873840334003
Madrid,working,Full,connectors_shade,21,Morning,1632,244,1655,regional,199,24.175020453509337
Madrid,working,Full,connectors_shade,21,Morning,1632,244,1655,regional,200,24.479003245263186
Madrid,working,Full,connectors_shade,21,Morning,1632,244,1655,regional,201,24.783334818880014
Madrid,working,Full,connectors_shade,21,Morning,1632,244,1655,regional,202,25.089121996918216
Madrid,working,Full,connectors_shade,21,Morning,1632,244,1655,regional,203,25.400926004746584
Madrid,working,Full,connectors_shade,21,Morning,1632,244,1655,regional,204,25.71744660451294
Madrid,working,Full,connectors_shade,21,Morning,1632,244,1655,regional,205,26.035280233279213
Madrid,working,Full,connectors_shade,21,Morning,1632,244,1655,regional,206,26.35613527638654
Madrid,working,Full,connectors_shade,21,Morning,1632,244,1655,regional,207,26.67872503599729
Madrid,working,Full,connectors_shade,21,Morning,1632,244,1655,regional,208,27.0116729205554
Madrid,working,Full,connectors_shade,21,Morning,1632,244,1655,regional,209,27.358536043408925
Madrid,working,Full,connectors_shade,21,Morning,1632,244,1655,regional,210,27.706515075909977
Madrid,working,Full,connectors_shade,21,Morning,1632,244,1655,regional,211,28.06425116017088
Madrid,working,Full,connectors_shade,21,Morning,1632,244,1655,regional,212,28.425480767034987
Madrid,working,Full,connectors_shade,21,Morning,1632,244,1655,regional,213,28.7957025318887
Madrid,working,Full,connectors_shade,21,Morning,1632,244,1655,regional,214,29.177087471080302
Madrid,working,Full,connectors_shade,21,Morning,1632,244,1655,regional,215,29.562250644466772
Madrid,working,Full,connectors_shade,21,Morning,1632,244,1655,regional,216,29.97067729210314
Madrid,working,Full,connectors_shade,21,Morning,1632,244,1655,regional,217,30.389995698331933
Madrid,working,Full,connectors_shade,21,Morning,1632,244,1655,regional,218,30.811645297845907
Madrid,working,Full,connectors_shade,21,Morning,1632,244,1655,regional,219,31.2379008458069
Madrid,working,Full,connectors_shade,21,Morning,1632,244,1655,regional,220,31.6724403327273
Madrid,working,Full,connectors_shade,21,Morning,1632,244,1655,regional,221,32.11396506883248
Madrid,working,Full,connectors_shade,21,Morning,1632,244,1655,regional,222,32.55587888212548
Madrid,working,Full,connectors_shade,21,Morning,1632,244,1655,regional,223,33.01367917506464
Madrid,working,Full,connectors_shade,21,Morning,1632,244,1655,regional,224,33.47537115865975
Madrid,working,Full,connectors_shade,21,Morning,1632,244,1655,regional,225,33.94459762165094
Madrid,working,Full,connectors_shade,21,Morning,1632,244,1655,regional,226,34.41949173736904
Madrid,working,Full,connectors_shade,21,Morning,1632,244,1655,regional,227,34.901059337081804
Madrid,working,Full,connectors_shade,21,Morning,1632,244,1655,regional,228,35.38336173870694
Madrid,working,Full,connectors_shade,21,Morning,1632,244,1655,regional,229,35.872313043876524
Madrid,working,Full,connectors_shade,21,Morning,1632,244,1655,regional,230,36.36545969070053
Madrid,working,Full,connectors_shade,21,Morning,1632,244,1655,regional,231,36.86144724225214
Madrid,working,Full,connectors_shade,21,Morning,1632,244,1655,regional,232,37.36776315287052
Madrid,working,Full,connectors_shade,21,Morning,1632,244,1655,regional,233,37.87706508852637
Madrid,working,Full,connectors_shade,21,Morning,1632,244,1655,regional,234,38.40764107283436
Madrid,working,Full,connectors_shade,21,Morning,1632,244,1655,regional,235,38.965513302253335
Madrid,working,Full,connectors_shade,21,Morning,1632,244,1655,regional,236,39.526445957566615
Madrid,working,Full,connectors_shade,21,Morning,1632,244,1655,regional,237,40.0997467893553
Madrid,working,Full,connectors_shade,21,Morning,1632,244,1655,regional,238,40.691645883267434
Madrid,working,Full,connectors_shade,21,Morning,1632,244,1655,regional,239,41.296388405898924
Madrid,working,Full,connectors_shade,21,Morning,1632,244,1655,regional,240,41.91685489150301
Madrid,working,Full,connectors_shade,21,Morning,1632,244,1655,regional,241,42.580334431310575
Madrid,working,Full,connectors_shade,21,Morning,1632,244,1655,regional,242,43.2747436686774
Madrid,working,Full,connectors_shade,21,Morning,1632,244,1655,regional,243,44.209997333902024
Madrid,working,Full,connectors_shade,21,Morning,1632,244,1655,regional,244,45.15725901474007
Madrid,working,Full,connectors_shade,21,Morning,1632,244,1655,uniform_area,0,0.0
Madrid,working,Full,connectors_shade,21,Morning,1632,244,1655,uniform_area,1,0.00016978612298990247
Madrid,working,Full,connectors_shade,21,Morning,1632,244,1655,uniform_area,2,0.004001132849270987
Madrid,working,Full,connectors_shade,21,Morning,1632,244,1655,uniform_area,3,0.009417893987392033
Madrid,working,Full,connectors_shade,21,Morning,1632,244,1655,uniform_area,4,0.015153276519676065
Madrid,working,Full,connectors_shade,21,Morning,1632,244,1655,uniform_area,5,0.022513925817738863
Madrid,working,Full,connectors_shade,21,Morning,1632,244,1655,uniform_area,6,0.02998152617778986
Madrid,working,Full,connectors_shade,21,Morning,1632,244,1655,uniform_area,7,0.03970030343805574
Madrid,working,Full,connectors_shade,21,Morning,1632,244,1655,uniform_area,8,0.050066366549754555
Madrid,working,Full,connectors_shade,21,Morning,1632,244,1655,uniform_area,9,0.06092746507542318
Madrid,working,Full,connectors_shade,21,Morning,1632,244,1655,uniform_area,10,0.07227541786112911
Madrid,working,Full,connectors_shade,21,Morning,1632,244,1655,uniform_area,11,0.08384907527560773
Madrid,working,Full,connectors_shade,21,Morning,1632,244,1655,uniform_area,12,0.09713291126141171
Madrid,working,Full,connectors_shade,21,Morning,1632,244,1655,uniform_area,13,0.11064828252579002
Madrid,working,Full,connectors_shade,21,Morning,1632,244,1655,uniform_area,14,0.12454047796526176
Madrid,working,Full,connectors_shade,21,Morning,1632,244,1655,uniform_area,15,0.13888188710897686
Madrid,working,Full,connectors_shade,21,Morning,1632,244,1655,uniform_area,16,0.153296880402763
Madrid,working,Full,connectors_shade,21,Morning,1632,244,1655,uniform_area,17,0.16856776460283904
Madrid,working,Full,connectors_shade,21,Morning,1632,244,1655,uniform_area,18,0.18424855872914442
Madrid,working,Full,connectors_shade,21,Morning,1632,244,1655,uniform_area,19,0.20105899314481615
Madrid,working,Full,connectors_shade,21,Morning,1632,244,1655,uniform_area,20,0.21835964700267663
Madrid,working,Full,connectors_shade,21,Morning,1632,244,1655,uniform_area,21,0.23611209374634742
Madrid,working,Full,connectors_shade,21,Morning,1632,244,1655,uniform_area,22,0.255988131626106
Madrid,working,Full,connectors_shade,21,Morning,1632,244,1655,uniform_area,23,0.2770271642111139
Madrid,working,Full,connectors_shade,21,Morning,1632,244,1655,uniform_area,24,0.29817204070943387
Madrid,working,Full,connectors_shade,21,Morning,1632,244,1655,uniform_area,25,0.32119445267291935
Madrid,working,Full,connectors_shade,21,Morning,1632,244,1655,uniform_area,26,0.34596112489283404
Madrid,working,Full,connectors_shade,21,Morning,1632,244,1655,uniform_area,27,0.37209075211603376
Madrid,working,Full,connectors_shade,21,Morning,1632,244,1655,uniform_area,28,0.39985163045604166
Madrid,working,Full,connectors_shade,21,Morning,1632,244,1655,uniform_area,29,0.42860583484103576
Madrid,working,Full,connectors_shade,21,Morning,1632,244,1655,uniform_area,30,0.45782585766121253
Madrid,working,Full,connectors_shade,21,Morning,1632,244,1655,uniform_area,31,0.4879227697244289
Madrid,working,Full,connectors_shade,21,Morning,1632,244,1655,uniform_area,32,0.5191038814963436
Madrid,working,Full,connectors_shade,21,Morning,1632,244,1655,uniform_area,33,0.5505790437093467
Madrid,working,Full,connectors_shade,21,Morning,1632,244,1655,uniform_area,34,0.5822368479658613
Madrid,working,Full,connectors_shade,21,Morning,1632,244,1655,uniform_area,35,0.6147017111241767
Madrid,working,Full,connectors_shade,21,Morning,1632,244,1655,uniform_area,36,0.6478222187315524
Madrid,working,Full,connectors_shade,21,Morning,1632,244,1655,uniform_area,37,0.6833551933081229
Madrid,working,Full,connectors_shade,21,Morning,1632,244,1655,uniform_area,38,0.7222990255417494
Madrid,working,Full,connectors_shade,21,Morning,1632,244,1655,uniform_area,39,0.7614355103923043
Madrid,working,Full,connectors_shade,21,Morning,1632,244,1655,uniform_area,40,0.8012305237767324
Madrid,working,Full,connectors_shade,21,Morning,1632,244,1655,uniform_area,41,0.8421610543356584
Madrid,working,Full,connectors_shade,21,Morning,1632,244,1655,uniform_area,42,0.8833087722260881
Madrid,working,Full,connectors_shade,21,Morning,1632,244,1655,uniform_area,43,0.9252000566658903
Madrid,working,Full,connectors_shade,21,Morning,1632,244,1655,uniform_area,44,0.969212980361157
Madrid,working,Full,connectors_shade,21,Morning,1632,244,1655,uniform_area,45,1.0152349965255514
Madrid,working,Full,connectors_shade,21,Morning,1632,244,1655,uniform_area,46,1.0623466069368344
Madrid,working,Full,connectors_shade,21,Morning,1632,244,1655,uniform_area,47,1.1115076670109862
Madrid,working,Full,connectors_shade,21,Morning,1632,244,1655,uniform_area,48,1.1619524997147983
Madrid,working,Full,connectors_shade,21,Morning,1632,244,1655,uniform_area,49,1.2129969621424181
Madrid,working,Full,connectors_shade,21,Morning,1632,244,1655,uniform_area,50,1.2646436197297772
Madrid,working,Full,connectors_shade,21,Morning,1632,244,1655,uniform_area,51,1.3185374804783085
Madrid,working,Full,connectors_shade,21,Morning,1632,244,1655,uniform_area,52,1.3727707235330908
Madrid,working,Full,connectors_shade,21,Morning,1632,244,1655,uniform_area,53,1.4276498291409516
Madrid,working,Full,connectors_shade,21,Morning,1632,244,1655,uniform_area,54,1.4834946158161806
Madrid,working,Full,connectors_shade,21,Morning,1632,244,1655,uniform_area,55,1.5395621243166924
Madrid,working,Full,connectors_shade,21,Morning,1632,244,1655,uniform_area,56,1.595988518934452
Madrid,working,Full,connectors_shade,21,Morning,1632,244,1655,uniform_area,57,1.6548373711011697
Madrid,working,Full,connectors_shade,21,Morning,1632,244,1655,uniform_area,58,1.7144181672553631
Madrid,working,Full,connectors_shade,21,Morning,1632,244,1655,uniform_area,59,1.7749871423378372
Madrid,working,Full,connectors_shade,21,Morning,1632,244,1655,uniform_area,60,1.8363752474916581
Madrid,working,Full,connectors_shade,21,Morning,1632,244,1655,uniform_area,61,1.9003670314388006
Madrid,working,Full,connectors_shade,21,Morning,1632,244,1655,uniform_area,62,1.9644239072308143
Madrid,working,Full,connectors_shade,21,Morning,1632,244,1655,uniform_area,63,2.030437779523193
Madrid,working,Full,connectors_shade,21,Morning,1632,244,1655,uniform_area,64,2.0973410558373864
Madrid,working,Full,connectors_shade,21,Morning,1632,244,1655,uniform_area,65,2.1650475235306352
Madrid,working,Full,connectors_shade,21,Morning,1632,244,1655,uniform_area,66,2.2329110363898677
Madrid,working,Full,connectors_shade,21,Morning,1632,244,1655,uniform_area,67,2.301445048984238
Madrid,working,Full,connectors_shade,21,Morning,1632,244,1655,uniform_area,68,2.3707160202248203
Madrid,working,Full,connectors_shade,21,Morning,1632,244,1655,uniform_area,69,2.4432255313028306
Madrid,working,Full,connectors_shade,21,Morning,1632,244,1655,uniform_area,70,2.5159835760154494
Madrid,working,Full,connectors_shade,21,Morning,1632,244,1655,uniform_area,71,2.589234521819306
Madrid,working,Full,connectors_shade,21,Morning,1632,244,1655,uniform_area,72,2.66330194228713
Madrid,working,Full,connectors_shade,21,Morning,1632,244,1655,uniform_area,73,2.737887312147792
Madrid,working,Full,connectors_shade,21,Morning,1632,244,1655,uniform_area,74,2.813104171622396
Madrid,working,Full,connectors_shade,21,Morning,1632,244,1655,uniform_area,75,2.8920044997483663
Madrid,working,Full,connectors_shade,21,Morning,1632,244,1655,uniform_area,76,2.9715728996299298
Madrid,working,Full,connectors_shade,21,Morning,1632,244,1655,uniform_area,77,3.0524440973540194
Madrid,working,Full,connectors_shade,21,Morning,1632,244,1655,uniform_area,78,3.134192261796561
Madrid,working,Full,connectors_shade,21,Morning,1632,244,1655,uniform_area,79,3.2177665055324898
Madrid,working,Full,connectors_shade,21,Morning,1632,244,1655,uniform_area,80,3.3036161447335286
Madrid,working,Full,connectors_shade,21,Morning,1632,244,1655,uniform_area,81,3.3916145658270502
Madrid,working,Full,connectors_shade,21,Morning,1632,244,1655,uniform_area,82,3.480186150042842
Madrid,working,Full,connectors_shade,21,Morning,1632,244,1655,uniform_area,83,3.569475066632703
Madrid,working,Full,connectors_shade,21,Morning,1632,244,1655,uniform_area,84,3.65922601161042
Madrid,working,Full,connectors_shade,21,Morning,1632,244,1655,uniform_area,85,3.749286954468737
Madrid,working,Full,connectors_shade,21,Morning,1632,244,1655,uniform_area,86,3.8398060307008826
Madrid,working,Full,connectors_shade,21,Morning,1632,244,1655,uniform_area,87,3.9326971067433765
Madrid,working,Full,connectors_shade,21,Morning,1632,244,1655,uniform_area,88,4.025661268344156
Madrid,working,Full,connectors_shade,21,Morning,1632,244,1655,uniform_area,89,4.1190032488043915
Madrid,working,Full,connectors_shade,21,Morning,1632,244,1655,uniform_area,90,4.213871230029773
Madrid,working,Full,connectors_shade,21,Morning,1632,244,1655,uniform_area,91,4.310458866819213
Madrid,working,Full,connectors_shade,21,Morning,1632,244,1655,uniform_area,92,4.407569251478831
Madrid,working,Full,connectors_shade,21,Morning,1632,244,1655,uniform_area,93,4.505623717809798
Madrid,working,Full,connectors_shade,21,Morning,1632,244,1655,uniform_area,94,4.604785916382055
Madrid,working,Full,connectors_shade,21,Morning,1632,244,1655,uniform_area,95,4.704529338018975
Madrid,working,Full,connectors_shade,21,Morning,1632,244,1655,uniform_area,96,4.805696722799904
Madrid,working,Full,connectors_shade,21,Morning,1632,244,1655,uniform_area,97,4.907513641468915
Madrid,working,Full,connectors_shade,21,Morning,1632,244,1655,uniform_area,98,5.012271164517068
Madrid,working,Full,connectors_shade,21,Morning,1632,244,1655,uniform_area,99,5.118546555910972
Madrid,working,Full,connectors_shade,21,Morning,1632,244,1655,uniform_area,100,5.225038336139762
Madrid,working,Full,connectors_shade,21,Morning,1632,244,1655,uniform_area,101,5.331953585742059
Madrid,working,Full,connectors_shade,21,Morning,1632,244,1655,uniform_area,102,5.440515455334266
Madrid,working,Full,connectors_shade,21,Morning,1632,244,1655,uniform_area,103,5.550046653586381
Madrid,working,Full,connectors_shade,21,Morning,1632,244,1655,uniform_area,104,5.660434687445011
Madrid,working,Full,connectors_shade,21,Morning,1632,244,1655,uniform_area,105,5.771038827728142
Madrid,working,Full,connectors_shade,21,Morning,1632,244,1655,uniform_area,106,5.882976451116664
Madrid,working,Full,connectors_shade,21,Morning,1632,244,1655,uniform_area,107,5.996320328268786
Madrid,working,Full,connectors_shade,21,Morning,1632,244,1655,uniform_area,108,6.111936315678491
Madrid,working,Full,connectors_shade,21,Morning,1632,244,1655,uniform_area,109,6.2284699756397615
Madrid,working,Full,connectors_shade,21,Morning,1632,244,1655,uniform_area,110,6.345837999588305
Madrid,working,Full,connectors_shade,21,Morning,1632,244,1655,uniform_area,111,6.465115768781115
Madrid,working,Full,connectors_shade,21,Morning,1632,244,1655,uniform_area,112,6.585641087098127
Madrid,working,Full,connectors_shade,21,Morning,1632,244,1655,uniform_area,113,6.708031154937576
Madrid,working,Full,connectors_shade,21,Morning,1632,244,1655,uniform_area,114,6.832260021784151
Madrid,working,Full,connectors_shade,21,Morning,1632,244,1655,uniform_area,115,6.956756707395723
Madrid,working,Full,connectors_shade,21,Morning,1632,244,1655,uniform_area,116,7.081617923583433
Madrid,working,Full,connectors_shade,21,Morning,1632,244,1655,uniform_area,117,7.206795460645313
Madrid,working,Full,connectors_shade,21,Morning,1632,244,1655,uniform_area,118,7.332816438814087
Madrid,working,Full,connectors_shade,21,Morning,1632,244,1655,uniform_area,119,7.459153959036845
Madrid,working,Full,connectors_shade,21,Morning,1632,244,1655,uniform_area,120,7.591753360971689
Madrid,working,Full,connectors_shade,21,Morning,1632,244,1655,uniform_area,121,7.727661354265015
Madrid,working,Full,connectors_shade,21,Morning,1632,244,1655,uniform_area,122,7.864454417955315
Madrid,working,Full,connectors_shade,21,Morning,1632,244,1655,uniform_area,123,8.003268721510095
Madrid,working,Full,connectors_shade,21,Morning,1632,244,1655,uniform_area,124,8.142660726746954
Madrid,working,Full,connectors_shade,21,Morning,1632,244,1655,uniform_area,125,8.282877763932353
Madrid,working,Full,connectors_shade,21,Morning,1632,244,1655,uniform_area,126,8.427065229960107
Madrid,working,Full,connectors_shade,21,Morning,1632,244,1655,uniform_area,127,8.572998279574366
Madrid,working,Full,connectors_shade,21,Morning,1632,244,1655,uniform_area,128,8.719451316684731
Madrid,working,Full,connectors_shade,21,Morning,1632,244,1655,uniform_area,129,8.868730791901802
Madrid,working,Full,connectors_shade,21,Morning,1632,244,1655,uniform_area,130,9.018401200566775
Madrid,working,Full,connectors_shade,21,Morning,1632,244,1655,uniform_area,131,9.169442545452416
Madrid,working,Full,connectors_shade,21,Morning,1632,244,1655,uniform_area,132,9.321008596336867
Madrid,working,Full,connectors_shade,21,Morning,1632,244,1655,uniform_area,133,9.474552218442861
Madrid,working,Full,connectors_shade,21,Morning,1632,244,1655,uniform_area,134,9.62971925290308
Madrid,working,Full,connectors_shade,21,Morning,1632,244,1655,uniform_area,135,9.785189018799707
Madrid,working,Full,connectors_shade,21,Morning,1632,244,1655,uniform_area,136,9.941652849256975
Madrid,working,Full,connectors_shade,21,Morning,1632,244,1655,uniform_area,137,10.1012829299908
Madrid,working,Full,connectors_shade,21,Morning,1632,244,1655,uniform_area,138,10.2621691883608
Madrid,working,Full,connectors_shade,21,Morning,1632,244,1655,uniform_area,139,10.42379966432358
Madrid,working,Full,connectors_shade,21,Morning,1632,244,1655,uniform_area,140,10.587083039533727
Madrid,working,Full,connectors_shade,21,Morning,1632,244,1655,uniform_area,141,10.751703039352387
Madrid,working,Full,connectors_shade,21,Morning,1632,244,1655,uniform_area,142,10.918137528392222
Madrid,working,Full,connectors_shade,21,Morning,1632,244,1655,uniform_area,143,11.085726436108686
Madrid,working,Full,connectors_shade,21,Morning,1632,244,1655,uniform_area,144,11.254026385695338
Madrid,working,Full,connectors_shade,21,Morning,1632,244,1655,uniform_area,145,11.424235214551056
Madrid,working,Full,connectors_shade,21,Morning,1632,244,1655,uniform_area,146,11.595522713620104
Madrid,working,Full,connectors_shade,21,Morning,1632,244,1655,uniform_area,147,11.768553688194604
Madrid,working,Full,connectors_shade,21,Morning,1632,244,1655,uniform_area,148,11.94485365419355
Madrid,working,Full,connectors_shade,21,Morning,1632,244,1655,uniform_area,149,12.121817217118055
Madrid,working,Full,connectors_shade,21,Morning,1632,244,1655,uniform_area,150,12.304580897033118
Madrid,working,Full,connectors_shade,21,Morning,1632,244,1655,uniform_area,151,12.487650643576258
Madrid,working,Full,connectors_shade,21,Morning,1632,244,1655,uniform_area,152,12.67135231084654
Madrid,working,Full,connectors_shade,21,Morning,1632,244,1655,uniform_area,153,12.85566317105601
Madrid,working,Full,connectors_shade,21,Morning,1632,244,1655,uniform_area,154,13.041730787556633
Madrid,working,Full,connectors_shade,21,Morning,1632,244,1655,uniform_area,155,13.228175405676033
Madrid,working,Full,connectors_shade,21,Morning,1632,244,1655,uniform_area,156,13.417734754170437
Madrid,working,Full,connectors_shade,21,Morning,1632,244,1655,uniform_area,157,13.615058046488349
Madrid,working,Full,connectors_shade,21,Morning,1632,244,1655,uniform_area,158,13.817797605101402
Madrid,working,Full,connectors_shade,21,Morning,1632,244,1655,uniform_area,159,14.02250058817509
Madrid,working,Full,connectors_shade,21,Morning,1632,244,1655,uniform_area,160,14.233026583474155
Madrid,working,Full,connectors_shade,21,Morning,1632,244,1655,uniform_area,161,14.444853475968861
Madrid,working,Full,connectors_shade,21,Morning,1632,244,1655,uniform_area,162,14.65707149560001
Madrid,working,Full,connectors_shade,21,Morning,1632,244,1655,uniform_area,163,14.873976419219593
Madrid,working,Full,connectors_shade,21,Morning,1632,244,1655,uniform_area,164,15.09345188714684
Madrid,working,Full,connectors_shade,21,Morning,1632,244,1655,uniform_area,165,15.315502835315453
Madrid,working,Full,connectors_shade,21,Morning,1632,244,1655,uniform_area,166,15.53990536477367
Madrid,working,Full,connectors_shade,21,Morning,1632,244,1655,uniform_area,167,15.76779245350174
Madrid,working,Full,connectors_shade,21,Morning,1632,244,1655,uniform_area,168,16.001447656875445
Madrid,working,Full,connectors_shade,21,Morning,1632,244,1655,uniform_area,169,16.235321288436907
Madrid,working,Full,connectors_shade,21,Morning,1632,244,1655,uniform_area,170,16.47027556208598
Madrid,working,Full,connectors_shade,21,Morning,1632,244,1655,uniform_area,171,16.712606509948046
Madrid,working,Full,connectors_shade,21,Morning,1632,244,1655,uniform_area,172,16.95564470588417
Madrid,working,Full,connectors_shade,21,Morning,1632,244,1655,uniform_area,173,17.200186687134902
Madrid,working,Full,connectors_shade,21,Morning,1632,244,1655,uniform_area,174,17.45076480798085
Madrid,working,Full,connectors_shade,21,Morning,1632,244,1655,uniform_area,175,17.701535625179837
Madrid,working,Full,connectors_shade,21,Morning,1632,244,1655,uniform_area,176,17.952742279077903
Madrid,working,Full,connectors_shade,21,Morning,1632,244,1655,uniform_area,177,18.205904155039413
Madrid,working,Full,connectors_shade,21,Morning,1632,244,1655,uniform_area,178,18.460114895672227
Madrid,working,Full,connectors_shade,21,Morning,1632,244,1655,uniform_area,179,18.715137233766654
Madrid,working,Full,connectors_shade,21,Morning,1632,244,1655,uniform_area,180,18.970936655274777
Madrid,working,Full,connectors_shade,21,Morning,1632,244,1655,uniform_area,181,19.227512637862368
Madrid,working,Full,connectors_shade,21,Morning,1632,244,1655,uniform_area,182,19.486251131735788
Madrid,working,Full,connectors_shade,21,Morning,1632,244,1655,uniform_area,183,19.746747841437216
Madrid,working,Full,connectors_shade,21,Morning,1632,244,1655,uniform_area,184,20.008354827572603
Madrid,working,Full,connectors_shade,21,Morning,1632,244,1655,uniform_area,185,20.271104283676205
Madrid,working,Full,connectors_shade,21,Morning,1632,244,1655,uniform_area,186,20.53532691230856
Madrid,working,Full,connectors_shade,21,Morning,1632,244,1655,uniform_area,187,20.802908408845504
Madrid,working,Full,connectors_shade,21,Morning,1632,244,1655,uniform_area,188,21.071319268456627
Madrid,working,Full,connectors_shade,21,Morning,1632,244,1655,uniform_area,189,21.34084091558953
Madrid,working,Full,connectors_shade,21,Morning,1632,244,1655,uniform_area,190,21.611911393743018
Madrid,working,Full,connectors_shade,21,Morning,1632,244,1655,uniform_area,191,21.888685168360432
Madrid,working,Full,connectors_shade,21,Morning,1632,244,1655,uniform_area,192,22.17473926187095
Madrid,working,Full,connectors_shade,21,Morning,1632,244,1655,uniform_area,193,22.46216234471992
Madrid,working,Full,connectors_shade,21,Morning,1632,244,1655,uniform_area,194,22.750674222069566
Madrid,working,Full,connectors_shade,21,Morning,1632,244,1655,uniform_area,195,23.039683027982438
Madrid,working,Full,connectors_shade,21,Morning,1632,244,1655,uniform_area,196,23.328972947191644
Madrid,working,Full,connectors_shade,21,Morning,1632,244,1655,uniform_area,197,23.62475854392419
Madrid,working,Full,connectors_shade,21,Morning,1632,244,1655,uniform_area,198,23.922224449956264
Madrid,working,Full,connectors_shade,21,Morning,1632,244,1655,uniform_area,199,24.225353165299772
Madrid,working,Full,connectors_shade,21,Morning,1632,244,1655,uniform_area,200,24.530183858067016
Madrid,working,Full,connectors_shade,21,Morning,1632,244,1655,uniform_area,201,24.836339390432414
Madrid,working,Full,connectors_shade,21,Morning,1632,244,1655,uniform_area,202,25.144812692316684
Madrid,working,Full,connectors_shade,21,Morning,1632,244,1655,uniform_area,203,25.458560295544807
Madrid,working,Full,connectors_shade,21,Morning,1632,244,1655,uniform_area,204,25.773944831836733
Madrid,working,Full,connectors_shade,21,Morning,1632,244,1655,uniform_area,205,26.090838671692204
Madrid,working,Full,connectors_shade,21,Morning,1632,244,1655,uniform_area,206,26.411518746339
Madrid,working,Full,connectors_shade,21,Morning,1632,244,1655,uniform_area,207,26.733879546403283
Madrid,working,Full,connectors_shade,21,Morning,1632,244,1655,uniform_area,208,27.06188509276079
Madrid,working,Full,connectors_shade,21,Morning,1632,244,1655,uniform_area,209,27.408979861672524
Madrid,working,Full,connectors_shade,21,Morning,1632,244,1655,uniform_area,210,27.757500900496268
Madrid,working,Full,connectors_shade,21,Morning,1632,244,1655,uniform_area,211,28.118299365912474
Madrid,working,Full,connectors_shade,21,Morning,1632,244,1655,uniform_area,212,28.47989853474722
Madrid,working,Full,connectors_shade,21,Morning,1632,244,1655,uniform_area,213,28.852923183016703
Madrid,working,Full,connectors_shade,21,Morning,1632,244,1655,uniform_area,214,29.23200358215829
Madrid,working,Full,connectors_shade,21,Morning,1632,244,1655,uniform_area,215,29.62313440367595
Madrid,working,Full,connectors_shade,21,Morning,1632,244,1655,uniform_area,216,30.027668224616132
Madrid,working,Full,connectors_shade,21,Morning,1632,244,1655,uniform_area,217,30.44273179047805
Madrid,working,Full,connectors_shade,21,Morning,1632,244,1655,uniform_area,218,30.863038705005824
Madrid,working,Full,connectors_shade,21,Morning,1632,244,1655,uniform_area,219,31.290938908759692
Madrid,working,Full,connectors_shade,21,Morning,1632,244,1655,uniform_area,220,31.72183017962974
Madrid,working,Full,connectors_shade,21,Morning,1632,244,1655,uniform_area,221,32.157617724300415
Madrid,working,Full,connectors_shade,21,Morning,1632,244,1655,uniform_area,222,32.596811484351235
Madrid,working,Full,connectors_shade,21,Morning,1632,244,1655,uniform_area,223,33.048186322818
Madrid,working,Full,connectors_shade,21,Morning,1632,244,1655,uniform_area,224,33.50502152233764
Madrid,working,Full,connectors_shade,21,Morning,1632,244,1655,uniform_area,225,33.97032853230857
Madrid,working,Full,connectors_shade,21,Morning,1632,244,1655,uniform_area,226,34.44064067278741
Madrid,working,Full,connectors_shade,21,Morning,1632,244,1655,uniform_area,227,34.91818342882698
Madrid,working,Full,connectors_shade,21,Morning,1632,244,1655,uniform_area,228,35.4016317483965
Madrid,working,Full,connectors_shade,21,Morning,1632,244,1655,uniform_area,229,35.8859744878962
Madrid,working,Full,connectors_shade,21,Morning,1632,244,1655,uniform_area,230,36.3761491030587
Madrid,working,Full,connectors_shade,21,Morning,1632,244,1655,uniform_area,231,36.870637335661996
Madrid,working,Full,connectors_shade,21,Morning,1632,244,1655,uniform_area,232,37.37487927194259
Madrid,working,Full,connectors_shade,21,Morning,1632,244,1655,uniform_area,233,37.87961978751261
Madrid,working,Full,connectors_shade,21,Morning,1632,244,1655,uniform_area,234,38.40681200114665
Madrid,working,Full,connectors_shade,21,Morning,1632,244,1655,uniform_area,235,38.962417472355874
Madrid,working,Full,connectors_shade,21,Morning,1632,244,1655,uniform_area,236,39.51859695891696
Madrid,working,Full,connectors_shade,21,Morning,1632,244,1655,uniform_area,237,40.08972053712683
Madrid,working,Full,connectors_shade,21,Morning,1632,244,1655,uniform_area,238,40.67775875418592
Madrid,working,Full,connectors_shade,21,Morning,1632,244,1655,uniform_area,239,41.27927742858839
Madrid,working,Full,connectors_shade,21,Morning,1632,244,1655,uniform_area,240,41.89739032726494
Madrid,working,Full,connectors_shade,21,Morning,1632,244,1655,uniform_area,241,42.555837117077715
Madrid,working,Full,connectors_shade,21,Morning,1632,244,1655,uniform_area,242,43.23601547971667
Madrid,working,Full,connectors_shade,21,Morning,1632,244,1655,uniform_area,243,44.16349262131156
Madrid,working,Full,connectors_shade,21,Morning,1632,244,1655,uniform_area,244,45.10332497106706
Madrid,working,Full,connectors_shade,21,Afternoon,1632,244,1656,local,0,0.0
Madrid,working,Full,connectors_shade,21,Afternoon,1632,244,1656,local,1,0.00026066690332353224
Madrid,working,Full,connectors_shade,21,Afternoon,1632,244,1656,local,2,0.0011543748873588098
Madrid,working,Full,connectors_shade,21,Afternoon,1632,244,1656,local,3,0.002450116197248677
Madrid,working,Full,connectors_shade,21,Afternoon,1632,244,1656,local,4,0.004742994925116133
Madrid,working,Full,connectors_shade,21,Afternoon,1632,244,1656,local,5,0.008148875936906979
Madrid,working,Full,connectors_shade,21,Afternoon,1632,244,1656,local,6,0.013714731046158784
Madrid,working,Full,connectors_shade,21,Afternoon,1632,244,1656,local,7,0.019514563421168918
Madrid,working,Full,connectors_shade,21,Afternoon,1632,244,1656,local,8,0.025896119800526467
Madrid,working,Full,connectors_shade,21,Afternoon,1632,244,1656,local,9,0.033280301729792516
Madrid,working,Full,connectors_shade,21,Afternoon,1632,244,1656,local,10,0.04125703455270807
Madrid,working,Full,connectors_shade,21,Afternoon,1632,244,1656,local,11,0.049727139094761605
Madrid,working,Full,connectors_shade,21,Afternoon,1632,244,1656,local,12,0.058388234224046494
Madrid,working,Full,connectors_shade,21,Afternoon,1632,244,1656,local,13,0.06748036485621345
Madrid,working,Full,connectors_shade,21,Afternoon,1632,244,1656,local,14,0.07765396314326835
Madrid,working,Full,connectors_shade,21,Afternoon,1632,244,1656,local,15,0.08808718132863952
Madrid,working,Full,connectors_shade,21,Afternoon,1632,244,1656,local,16,0.09926557662909354
Madrid,working,Full,connectors_shade,21,Afternoon,1632,244,1656,local,17,0.11112128666125565
Madrid,working,Full,connectors_shade,21,Afternoon,1632,244,1656,local,18,0.12465196750476731
Madrid,working,Full,connectors_shade,21,Afternoon,1632,244,1656,local,19,0.1387854148020178
Madrid,working,Full,connectors_shade,21,Afternoon,1632,244,1656,local,20,0.15411474098435105
Madrid,working,Full,connectors_shade,21,Afternoon,1632,244,1656,local,21,0.17053527044673833
Madrid,working,Full,connectors_shade,21,Afternoon,1632,244,1656,local,22,0.18958214005032034
Madrid,working,Full,connectors_shade,21,Afternoon,1632,244,1656,local,23,0.20919911287083012
Madrid,working,Full,connectors_shade,21,Afternoon,1632,244,1656,local,24,0.22898300553662262
Madrid,working,Full,connectors_shade,21,Afternoon,1632,244,1656,local,25,0.2492204636763361
Madrid,working,Full,connectors_shade,21,Afternoon,1632,244,1656,local,26,0.2698594606844536
Madrid,working,Full,connectors_shade,21,Afternoon,1632,244,1656,local,27,0.2907291611659189
Madrid,working,Full,connectors_shade,21,Afternoon,1632,244,1656,local,28,0.31382250526734595
Madrid,working,Full,connectors_shade,21,Afternoon,1632,244,1656,local,29,0.3374361479267448
Madrid,working,Full,connectors_shade,21,Afternoon,1632,244,1656,local,30,0.3621849853652489
Madrid,working,Full,connectors_shade,21,Afternoon,1632,244,1656,local,31,0.387986936954464
Madrid,working,Full,connectors_shade,21,Afternoon,1632,244,1656,local,32,0.4145419140470286
Madrid,working,Full,connectors_shade,21,Afternoon,1632,244,1656,local,33,0.441595914887747
Madrid,working,Full,connectors_shade,21,Afternoon,1632,244,1656,local,34,0.4693341507898406
Madrid,working,Full,connectors_shade,21,Afternoon,1632,244,1656,local,35,0.49761431067500456
Madrid,working,Full,connectors_shade,21,Afternoon,1632,244,1656,local,36,0.5266548244070233
Madrid,working,Full,connectors_shade,21,Afternoon,1632,244,1656,local,37,0.5557066090027267
Madrid,working,Full,connectors_shade,21,Afternoon,1632,244,1656,local,38,0.5850017939092597
Madrid,working,Full,connectors_shade,21,Afternoon,1632,244,1656,local,39,0.6148349658110764
Madrid,working,Full,connectors_shade,21,Afternoon,1632,244,1656,local,40,0.6452589023357787
Madrid,working,Full,connectors_shade,21,Afternoon,1632,244,1656,local,41,0.6770651136820207
Madrid,working,Full,connectors_shade,21,Afternoon,1632,244,1656,local,42,0.7095696268854511
Madrid,working,Full,connectors_shade,21,Afternoon,1632,244,1656,local,43,0.742951552415055
Madrid,working,Full,connectors_shade,21,Afternoon,1632,244,1656,local,44,0.777602598771871
Madrid,working,Full,connectors_shade,21,Afternoon,1632,244,1656,local,45,0.8132182513956893
Madrid,working,Full,connectors_shade,21,Afternoon,1632,244,1656,local,46,0.8499422584033925
Madrid,working,Full,connectors_shade,21,Afternoon,1632,244,1656,local,47,0.8874290625001531
Madrid,working,Full,connectors_shade,21,Afternoon,1632,244,1656,local,48,0.9256659613160979
Madrid,working,Full,connectors_shade,21,Afternoon,1632,244,1656,local,49,0.9642797618799658
Madrid,working,Full,connectors_shade,21,Afternoon,1632,244,1656,local,50,1.0037651215002625
Madrid,working,Full,connectors_shade,21,Afternoon,1632,244,1656,local,51,1.043335479393691
Madrid,working,Full,connectors_shade,21,Afternoon,1632,244,1656,local,52,1.083374090567753
Madrid,working,Full,connectors_shade,21,Afternoon,1632,244,1656,local,53,1.1240770941911071
Madrid,working,Full,connectors_shade,21,Afternoon,1632,244,1656,local,54,1.1648846551646321
Madrid,working,Full,connectors_shade,21,Afternoon,1632,244,1656,local,55,1.2059501908416816
Madrid,working,Full,connectors_shade,21,Afternoon,1632,244,1656,local,56,1.2476566215200993
Madrid,working,Full,connectors_shade,21,Afternoon,1632,244,1656,local,57,1.2907507708928547
Madrid,working,Full,connectors_shade,21,Afternoon,1632,244,1656,local,58,1.335066900971711
Madrid,working,Full,connectors_shade,21,Afternoon,1632,244,1656,local,59,1.3819105225776138
Madrid,working,Full,connectors_shade,21,Afternoon,1632,244,1656,local,60,1.4299416504862787
Madrid,working,Full,connectors_shade,21,Afternoon,1632,244,1656,local,61,1.4782439222638362
Madrid,working,Full,connectors_shade,21,Afternoon,1632,244,1656,local,62,1.5280949703211426
Madrid,working,Full,connectors_shade,21,Afternoon,1632,244,1656,local,63,1.5784791804371807
Madrid,working,Full,connectors_shade,21,Afternoon,1632,244,1656,local,64,1.6290634694758594
Madrid,working,Full,connectors_shade,21,Afternoon,1632,244,1656,local,65,1.680175135766869
Madrid,working,Full,connectors_shade,21,Afternoon,1632,244,1656,local,66,1.7317871107038558
Madrid,working,Full,connectors_shade,21,Afternoon,1632,244,1656,local,67,1.7839636481681265
Madrid,working,Full,connectors_shade,21,Afternoon,1632,244,1656,local,68,1.8365066885597736
Madrid,working,Full,connectors_shade,21,Afternoon,1632,244,1656,local,69,1.8906160982347344
Madrid,working,Full,connectors_shade,21,Afternoon,1632,244,1656,local,70,1.94619026100024
Madrid,working,Full,connectors_shade,21,Afternoon,1632,244,1656,local,71,2.002411227360761
Madrid,working,Full,connectors_shade,21,Afternoon,1632,244,1656,local,72,2.0600329799233075
Madrid,working,Full,connectors_shade,21,Afternoon,1632,244,1656,local,73,2.118340432247759
Madrid,working,Full,connectors_shade,21,Afternoon,1632,244,1656,local,74,2.1776354793071624
Madrid,working,Full,connectors_shade,21,Afternoon,1632,244,1656,local,75,2.2377788189523993
Madrid,working,Full,connectors_shade,21,Afternoon,1632,244,1656,local,76,2.2994728317959674
Madrid,working,Full,connectors_shade,21,Afternoon,1632,244,1656,local,77,2.361499911869997
Madrid,working,Full,connectors_shade,21,Afternoon,1632,244,1656,local,78,2.423978825087998
Madrid,working,Full,connectors_shade,21,Afternoon,1632,244,1656,local,79,2.487073521092804
Madrid,working,Full,connectors_shade,21,Afternoon,1632,244,1656,local,80,2.5521072482426463
Madrid,working,Full,connectors_shade,21,Afternoon,1632,244,1656,local,81,2.617913463156034
Madrid,working,Full,connectors_shade,21,Afternoon,1632,244,1656,local,82,2.6844370590687285
Madrid,working,Full,connectors_shade,21,Afternoon,1632,244,1656,local,83,2.7518952196734294
Madrid,working,Full,connectors_shade,21,Afternoon,1632,244,1656,local,84,2.8197409263464435
Madrid,working,Full,connectors_shade,21,Afternoon,1632,244,1656,local,85,2.888337148200368
Madrid,working,Full,connectors_shade,21,Afternoon,1632,244,1656,local,86,2.9572036411884897
Madrid,working,Full,connectors_shade,21,Afternoon,1632,244,1656,local,87,3.0276029425926683
Madrid,working,Full,connectors_shade,21,Afternoon,1632,244,1656,local,88,3.098691581305875
Madrid,working,Full,connectors_shade,21,Afternoon,1632,244,1656,local,89,3.1709699441191095
Madrid,working,Full,connectors_shade,21,Afternoon,1632,244,1656,local,90,3.2441108647885257
Madrid,working,Full,connectors_shade,21,Afternoon,1632,244,1656,local,91,3.317460732803449
Madrid,working,Full,connectors_shade,21,Afternoon,1632,244,1656,local,92,3.3908820129221615
Madrid,working,Full,connectors_shade,21,Afternoon,1632,244,1656,local,93,3.4648772813794206
Madrid,working,Full,connectors_shade,21,Afternoon,1632,244,1656,local,94,3.5391499141877696
Madrid,working,Full,connectors_shade,21,Afternoon,1632,244,1656,local,95,3.6139659315304318
Madrid,working,Full,connectors_shade,21,Afternoon,1632,244,1656,local,96,3.6891536612382003
Madrid,working,Full,connectors_shade,21,Afternoon,1632,244,1656,local,97,3.7651177444677666
Madrid,working,Full,connectors_shade,21,Afternoon,1632,244,1656,local,98,3.8415476868357334
Madrid,working,Full,connectors_shade,21,Afternoon,1632,244,1656,local,99,3.918696534376745
Madrid,working,Full,connectors_shade,21,Afternoon,1632,244,1656,local,100,3.996947641681339
Madrid,working,Full,connectors_shade,21,Afternoon,1632,244,1656,local,101,4.0753703250298425
Madrid,working,Full,connectors_shade,21,Afternoon,1632,244,1656,local,102,4.1541378761989405
Madrid,working,Full,connectors_shade,21,Afternoon,1632,244,1656,local,103,4.233692994354961
Madrid,working,Full,connectors_shade,21,Afternoon,1632,244,1656,local,104,4.313499232581983
Madrid,working,Full,connectors_shade,21,Afternoon,1632,244,1656,local,105,4.394228395350223
Madrid,working,Full,connectors_shade,21,Afternoon,1632,244,1656,local,106,4.476059443754103
Madrid,working,Full,connectors_shade,21,Afternoon,1632,244,1656,local,107,4.5584464130904285
Madrid,working,Full,connectors_shade,21,Afternoon,1632,244,1656,local,108,4.641044223233109
Madrid,working,Full,connectors_shade,21,Afternoon,1632,244,1656,local,109,4.723798692710304
Madrid,working,Full,connectors_shade,21,Afternoon,1632,244,1656,local,110,4.807706714131686
Madrid,working,Full,connectors_shade,21,Afternoon,1632,244,1656,local,111,4.892197673917251
Madrid,working,Full,connectors_shade,21,Afternoon,1632,244,1656,local,112,4.976803112704807
Madrid,working,Full,connectors_shade,21,Afternoon,1632,244,1656,local,113,5.06260221603792
Madrid,working,Full,connectors_shade,21,Afternoon,1632,244,1656,local,114,5.150235435635127
Madrid,working,Full,connectors_shade,21,Afternoon,1632,244,1656,local,115,5.238198143697336
Madrid,working,Full,connectors_shade,21,Afternoon,1632,244,1656,local,116,5.327022957342751
Madrid,working,Full,connectors_shade,21,Afternoon,1632,244,1656,local,117,5.416262364916375
Madrid,working,Full,connectors_shade,21,Afternoon,1632,244,1656,local,118,5.50613902856114
Madrid,working,Full,connectors_shade,21,Afternoon,1632,244,1656,local,119,5.5964523271800966
Madrid,working,Full,connectors_shade,21,Afternoon,1632,244,1656,local,120,5.687216566153412
Madrid,working,Full,connectors_shade,21,Afternoon,1632,244,1656,local,121,5.778192283541151
Madrid,working,Full,connectors_shade,21,Afternoon,1632,244,1656,local,122,5.870746826390667
Madrid,working,Full,connectors_shade,21,Afternoon,1632,244,1656,local,123,5.963721547425618
Madrid,working,Full,connectors_shade,21,Afternoon,1632,244,1656,local,124,6.0571410125369445
Madrid,working,Full,connectors_shade,21,Afternoon,1632,244,1656,local,125,6.150631373165043
Madrid,working,Full,connectors_shade,21,Afternoon,1632,244,1656,local,126,6.244523585241648
Madrid,working,Full,connectors_shade,21,Afternoon,1632,244,1656,local,127,6.340624291868391
Madrid,working,Full,connectors_shade,21,Afternoon,1632,244,1656,local,128,6.437709331193999
Madrid,working,Full,connectors_shade,21,Afternoon,1632,244,1656,local,129,6.535582666399059
Madrid,working,Full,connectors_shade,21,Afternoon,1632,244,1656,local,130,6.634355605733929
Madrid,working,Full,connectors_shade,21,Afternoon,1632,244,1656,local,131,6.734318852836084
Madrid,working,Full,connectors_shade,21,Afternoon,1632,244,1656,local,132,6.834838208971986
Madrid,working,Full,connectors_shade,21,Afternoon,1632,244,1656,local,133,6.936834111873072
Madrid,working,Full,connectors_shade,21,Afternoon,1632,244,1656,local,134,7.040540889420378
Madrid,working,Full,connectors_shade,21,Afternoon,1632,244,1656,local,135,7.145103542387004
Madrid,working,Full,connectors_shade,21,Afternoon,1632,244,1656,local,136,7.254118879441034
Madrid,working,Full,connectors_shade,21,Afternoon,1632,244,1656,local,137,7.364290275995509
Madrid,working,Full,connectors_shade,21,Afternoon,1632,244,1656,local,138,7.474967712061541
Madrid,working,Full,connectors_shade,21,Afternoon,1632,244,1656,local,139,7.587053899589625
Madrid,working,Full,connectors_shade,21,Afternoon,1632,244,1656,local,140,7.700798046518105
Madrid,working,Full,connectors_shade,21,Afternoon,1632,244,1656,local,141,7.815351515869795
Madrid,working,Full,connectors_shade,21,Afternoon,1632,244,1656,local,142,7.931953317050478
Madrid,working,Full,connectors_shade,21,Afternoon,1632,244,1656,local,143,8.04952518565969
Madrid,working,Full,connectors_shade,21,Afternoon,1632,244,1656,local,144,8.16728288451837
Madrid,working,Full,connectors_shade,21,Afternoon,1632,244,1656,local,145,8.28685613916069
Madrid,working,Full,connectors_shade,21,Afternoon,1632,244,1656,local,146,8.407007391050438
Madrid,working,Full,connectors_shade,21,Afternoon,1632,244,1656,local,147,8.5275930601171
Madrid,working,Full,connectors_shade,21,Afternoon,1632,244,1656,local,148,8.648820694011249
Madrid,working,Full,connectors_shade,21,Afternoon,1632,244,1656,local,149,8.77048476578815
Madrid,working,Full,connectors_shade,21,Afternoon,1632,244,1656,local,150,8.893445809140403
Madrid,working,Full,connectors_shade,21,Afternoon,1632,244,1656,local,151,9.016700573357912
Madrid,working,Full,connectors_shade,21,Afternoon,1632,244,1656,local,152,9.140544004730543
Madrid,working,Full,connectors_shade,21,Afternoon,1632,244,1656,local,153,9.264718627161525
Madrid,working,Full,connectors_shade,21,Afternoon,1632,244,1656,local,154,9.390167489264542
Madrid,working,Full,connectors_shade,21,Afternoon,1632,244,1656,local,155,9.516422820460093
Madrid,working,Full,connectors_shade,21,Afternoon,1632,244,1656,local,156,9.64322652225739
Madrid,working,Full,connectors_shade,21,Afternoon,1632,244,1656,local,157,9.77085802328094
Madrid,working,Full,connectors_shade,21,Afternoon,1632,244,1656,local,158,9.899350495747532
Madrid,working,Full,connectors_shade,21,Afternoon,1632,244,1656,local,159,10.028273893069183
Madrid,working,Full,connectors_shade,21,Afternoon,1632,244,1656,local,160,10.157473326276522
Madrid,working,Full,connectors_shade,21,Afternoon,1632,244,1656,local,161,10.288084805484788
Madrid,working,Full,connectors_shade,21,Afternoon,1632,244,1656,local,162,10.41988117348329
Madrid,working,Full,connectors_shade,21,Afternoon,1632,244,1656,local,163,10.551991912688221
Madrid,working,Full,connectors_shade,21,Afternoon,1632,244,1656,local,164,10.68487705524711
Madrid,working,Full,connectors_shade,21,Afternoon,1632,244,1656,local,165,10.818155658691898
Madrid,working,Full,connectors_shade,21,Afternoon,1632,244,1656,local,166,10.954130161722215
Madrid,working,Full,connectors_shade,21,Afternoon,1632,244,1656,local,167,11.090649873592795
Madrid,working,Full,connectors_shade,21,Afternoon,1632,244,1656,local,168,11.22897075011478
Madrid,working,Full,connectors_shade,21,Afternoon,1632,244,1656,local,169,11.367837956477759
Madrid,working,Full,connectors_shade,21,Afternoon,1632,244,1656,local,170,11.50696956964042
Madrid,working,Full,connectors_shade,21,Afternoon,1632,244,1656,local,171,11.646909537057857
Madrid,working,Full,connectors_shade,21,Afternoon,1632,244,1656,local,172,11.788269839381126
Madrid,working,Full,connectors_shade,21,Afternoon,1632,244,1656,local,173,11.930343283509055
Madrid,working,Full,connectors_shade,21,Afternoon,1632,244,1656,local,174,12.074264842925094
Madrid,working,Full,connectors_shade,21,Afternoon,1632,244,1656,local,175,12.219186216053297
Madrid,working,Full,connectors_shade,21,Afternoon,1632,244,1656,local,176,12.366625007607523
Madrid,working,Full,connectors_shade,21,Afternoon,1632,244,1656,local,177,12.515999024713286
Madrid,working,Full,connectors_shade,21,Afternoon,1632,244,1656,local,178,12.6671139711797
Madrid,working,Full,connectors_shade,21,Afternoon,1632,244,1656,local,179,12.82023212867673
Madrid,working,Full,connectors_shade,21,Afternoon,1632,244,1656,local,180,12.975650116350991
Madrid,working,Full,connectors_shade,21,Afternoon,1632,244,1656,local,181,13.132350382261505
Madrid,working,Full,connectors_shade,21,Afternoon,1632,244,1656,local,182,13.290351848568784
Madrid,working,Full,connectors_shade,21,Afternoon,1632,244,1656,local,183,13.44941098702546
Madrid,working,Full,connectors_shade,21,Afternoon,1632,244,1656,local,184,13.61216775506176
Madrid,working,Full,connectors_shade,21,Afternoon,1632,244,1656,local,185,13.775810209115063
Madrid,working,Full,connectors_shade,21,Afternoon,1632,244,1656,local,186,13.939821846539212
Madrid,working,Full,connectors_shade,21,Afternoon,1632,244,1656,local,187,14.106069333421091
Madrid,working,Full,connectors_shade,21,Afternoon,1632,244,1656,local,188,14.27346017190115
Madrid,working,Full,connectors_shade,21,Afternoon,1632,244,1656,local,189,14.441339909162176
Madrid,working,Full,connectors_shade,21,Afternoon,1632,244,1656,local,190,14.610369363037288
Madrid,working,Full,connectors_shade,21,Afternoon,1632,244,1656,local,191,14.781464857925178
Madrid,working,Full,connectors_shade,21,Afternoon,1632,244,1656,local,192,14.953051193463283
Madrid,working,Full,connectors_shade,21,Afternoon,1632,244,1656,local,193,15.127819067406461
Madrid,working,Full,connectors_shade,21,Afternoon,1632,244,1656,local,194,15.304348634465477
Madrid,working,Full,connectors_shade,21,Afternoon,1632,244,1656,local,195,15.48129501739925
Madrid,working,Full,connectors_shade,21,Afternoon,1632,244,1656,local,196,15.658609091341388
Madrid,working,Full,connectors_shade,21,Afternoon,1632,244,1656,local,197,15.837460178316793
Madrid,working,Full,connectors_shade,21,Afternoon,1632,244,1656,local,198,16.017228396036867
Madrid,working,Full,connectors_shade,21,Afternoon,1632,244,1656,local,199,16.197302712655638
Madrid,working,Full,connectors_shade,21,Afternoon,1632,244,1656,local,200,16.37844378007754
Madrid,working,Full,connectors_shade,21,Afternoon,1632,244,1656,local,201,16.56125624300307
Madrid,working,Full,connectors_shade,21,Afternoon,1632,244,1656,local,202,16.74472539659798
Madrid,working,Full,connectors_shade,21,Afternoon,1632,244,1656,local,203,16.92961713124949
Madrid,working,Full,connectors_shade,21,Afternoon,1632,244,1656,local,204,17.11537299219004
Madrid,working,Full,connectors_shade,21,Afternoon,1632,244,1656,local,205,17.302355185062257
Madrid,working,Full,connectors_shade,21,Afternoon,1632,244,1656,local,206,17.490310120965628
Madrid,working,Full,connectors_shade,21,Afternoon,1632,244,1656,local,207,17.68041041162309
Madrid,working,Full,connectors_shade,21,Afternoon,1632,244,1656,local,208,17.87268501149479
Madrid,working,Full,connectors_shade,21,Afternoon,1632,244,1656,local,209,18.065117346751077
Madrid,working,Full,connectors_shade,21,Afternoon,1632,244,1656,local,210,18.261234125132898
Madrid,working,Full,connectors_shade,21,Afternoon,1632,244,1656,local,211,18.458078717220474
Madrid,working,Full,connectors_shade,21,Afternoon,1632,244,1656,local,212,18.6552329911215
Madrid,working,Full,connectors_shade,21,Afternoon,1632,244,1656,local,213,18.854438512421602
Madrid,working,Full,connectors_shade,21,Afternoon,1632,244,1656,local,214,19.05702593873375
Madrid,working,Full,connectors_shade,21,Afternoon,1632,244,1656,local,215,19.2635631285072
Madrid,working,Full,connectors_shade,21,Afternoon,1632,244,1656,local,216,19.471604062971828
Madrid,working,Full,connectors_shade,21,Afternoon,1632,244,1656,local,217,19.682687093999522
Madrid,working,Full,connectors_shade,21,Afternoon,1632,244,1656,local,218,19.895373295775848
Madrid,working,Full,connectors_shade,21,Afternoon,1632,244,1656,local,219,20.1111040664025
Madrid,working,Full,connectors_shade,21,Afternoon,1632,244,1656,local,220,20.327335158123002
Madrid,working,Full,connectors_shade,21,Afternoon,1632,244,1656,local,221,20.546496428210112
Madrid,working,Full,connectors_shade,21,Afternoon,1632,244,1656,local,222,20.767740854453276
Madrid,working,Full,connectors_shade,21,Afternoon,1632,244,1656,local,223,20.990913162690404
Madrid,working,Full,connectors_shade,21,Afternoon,1632,244,1656,local,224,21.215355299900793
Madrid,working,Full,connectors_shade,21,Afternoon,1632,244,1656,local,225,21.441623117170476
Madrid,working,Full,connectors_shade,21,Afternoon,1632,244,1656,local,226,21.669466012398548
Madrid,working,Full,connectors_shade,21,Afternoon,1632,244,1656,local,227,21.898656844971484
Madrid,working,Full,connectors_shade,21,Afternoon,1632,244,1656,local,228,22.12987516401546
Madrid,working,Full,connectors_shade,21,Afternoon,1632,244,1656,local,229,22.36245183789667
Madrid,working,Full,connectors_shade,21,Afternoon,1632,244,1656,local,230,22.600467653693876
Madrid,working,Full,connectors_shade,21,Afternoon,1632,244,1656,local,231,22.839095481953375
Madrid,working,Full,connectors_shade,21,Afternoon,1632,244,1656,local,232,23.07973961779623
Madrid,working,Full,connectors_shade,21,Afternoon,1632,244,1656,local,233,23.322779285883048
Madrid,working,Full,connectors_shade,21,Afternoon,1632,244,1656,local,234,23.566639995380445
Madrid,working,Full,connectors_shade,21,Afternoon,1632,244,1656,local,235,23.811693842463146
Madrid,working,Full,connectors_shade,21,Afternoon,1632,244,1656,local,236,24.058752496671286
Madrid,working,Full,connectors_shade,21,Afternoon,1632,244,1656,local,237,24.30730311987624
Madrid,working,Full,connectors_shade,21,Afternoon,1632,244,1656,local,238,24.56080459339614
Madrid,working,Full,connectors_shade,21,Afternoon,1632,244,1656,local,239,24.822619606174225
Madrid,working,Full,connectors_shade,21,Afternoon,1632,244,1656,local,240,25.08576795839183
Madrid,working,Full,connectors_shade,21,Afternoon,1632,244,1656,local,241,25.350704946469733
Madrid,working,Full,connectors_shade,21,Afternoon,1632,244,1656,local,242,25.627274348286516
Madrid,working,Full,connectors_shade,21,Afternoon,1632,244,1656,local,243,25.913202642950655
Madrid,working,Full,connectors_shade,21,Afternoon,1632,244,1656,local,244,26.258062341993
Madrid,working,Full,connectors_shade,21,Afternoon,1632,244,1656,regional,0,0.0
Madrid,working,Full,connectors_shade,21,Afternoon,1632,244,1656,regional,1,0.0005553071966752455
Madrid,working,Full,connectors_shade,21,Afternoon,1632,244,1656,regional,2,0.0018639219169577052
Madrid,working,Full,connectors_shade,21,Afternoon,1632,244,1656,regional,3,0.004065817254839688
Madrid,working,Full,connectors_shade,21,Afternoon,1632,244,1656,regional,4,0.007003616979044847
Madrid,working,Full,connectors_shade,21,Afternoon,1632,244,1656,regional,5,0.010516137318793816
Madrid,working,Full,connectors_shade,21,Afternoon,1632,244,1656,regional,6,0.014601527243203946
Madrid,working,Full,connectors_shade,21,Afternoon,1632,244,1656,regional,7,0.020242207777777327
Madrid,working,Full,connectors_shade,21,Afternoon,1632,244,1656,regional,8,0.026182651905831855
Madrid,working,Full,connectors_shade,21,Afternoon,1632,244,1656,regional,9,0.034463755952860116
Madrid,working,Full,connectors_shade,21,Afternoon,1632,244,1656,regional,10,0.04389449770911452
Madrid,working,Full,connectors_shade,21,Afternoon,1632,244,1656,regional,11,0.053722165979372856
Madrid,working,Full,connectors_shade,21,Afternoon,1632,244,1656,regional,12,0.06505538900429518
Madrid,working,Full,connectors_shade,21,Afternoon,1632,244,1656,regional,13,0.07688879986940134
Madrid,working,Full,connectors_shade,21,Afternoon,1632,244,1656,regional,14,0.08893754456962914
Madrid,working,Full,connectors_shade,21,Afternoon,1632,244,1656,regional,15,0.10156593769499132
Madrid,working,Full,connectors_shade,21,Afternoon,1632,244,1656,regional,16,0.11504629725592222
Madrid,working,Full,connectors_shade,21,Afternoon,1632,244,1656,regional,17,0.12918205135602773
Madrid,working,Full,connectors_shade,21,Afternoon,1632,244,1656,regional,18,0.1441140072596415
Madrid,working,Full,connectors_shade,21,Afternoon,1632,244,1656,regional,19,0.15913203299702353
Madrid,working,Full,connectors_shade,21,Afternoon,1632,244,1656,regional,20,0.17421133440589912
Madrid,working,Full,connectors_shade,21,Afternoon,1632,244,1656,regional,21,0.19000127311250015
Madrid,working,Full,connectors_shade,21,Afternoon,1632,244,1656,regional,22,0.20616792245615467
Madrid,working,Full,connectors_shade,21,Afternoon,1632,244,1656,regional,23,0.2229427357520978
Madrid,working,Full,connectors_shade,21,Afternoon,1632,244,1656,regional,24,0.24068283580108
Madrid,working,Full,connectors_shade,21,Afternoon,1632,244,1656,regional,25,0.2598342679623094
Madrid,working,Full,connectors_shade,21,Afternoon,1632,244,1656,regional,26,0.2801445592067289
Madrid,working,Full,connectors_shade,21,Afternoon,1632,244,1656,regional,27,0.30278879771175793
Madrid,working,Full,connectors_shade,21,Afternoon,1632,244,1656,regional,28,0.3259535109418092
Madrid,working,Full,connectors_shade,21,Afternoon,1632,244,1656,regional,29,0.34991253220187307
Madrid,working,Full,connectors_shade,21,Afternoon,1632,244,1656,regional,30,0.37429329206253414
Madrid,working,Full,connectors_shade,21,Afternoon,1632,244,1656,regional,31,0.4005275377487176
Madrid,working,Full,connectors_shade,21,Afternoon,1632,244,1656,regional,32,0.4270467256827762
Madrid,working,Full,connectors_shade,21,Afternoon,1632,244,1656,regional,33,0.45389181914368115
Madrid,working,Full,connectors_shade,21,Afternoon,1632,244,1656,regional,34,0.4817403836773785
Madrid,working,Full,connectors_shade,21,Afternoon,1632,244,1656,regional,35,0.5102142926254242
Madrid,working,Full,connectors_shade,21,Afternoon,1632,244,1656,regional,36,0.5404266229071728
Madrid,working,Full,connectors_shade,21,Afternoon,1632,244,1656,regional,37,0.5721126619396362
Madrid,working,Full,connectors_shade,21,Afternoon,1632,244,1656,regional,38,0.604558159984929
Madrid,working,Full,connectors_shade,21,Afternoon,1632,244,1656,regional,39,0.6391616332655033
Madrid,working,Full,connectors_shade,21,Afternoon,1632,244,1656,regional,40,0.6742445290599203
Madrid,working,Full,connectors_shade,21,Afternoon,1632,244,1656,regional,41,0.7105224841727827
Madrid,working,Full,connectors_shade,21,Afternoon,1632,244,1656,regional,42,0.7471664263527229
Madrid,working,Full,connectors_shade,21,Afternoon,1632,244,1656,regional,43,0.7849794203501554
Madrid,working,Full,connectors_shade,21,Afternoon,1632,244,1656,regional,44,0.8232619171283313
Madrid,working,Full,connectors_shade,21,Afternoon,1632,244,1656,regional,45,0.8623946037660679
Madrid,working,Full,connectors_shade,21,Afternoon,1632,244,1656,regional,46,0.9018067829685771
Madrid,working,Full,connectors_shade,21,Afternoon,1632,244,1656,regional,47,0.9414065643234163
Madrid,working,Full,connectors_shade,21,Afternoon,1632,244,1656,regional,48,0.9816796066294823
Madrid,working,Full,connectors_shade,21,Afternoon,1632,244,1656,regional,49,1.023087604557358
Madrid,working,Full,connectors_shade,21,Afternoon,1632,244,1656,regional,50,1.0650210898156727
Madrid,working,Full,connectors_shade,21,Afternoon,1632,244,1656,regional,51,1.1076613924230647
Madrid,working,Full,connectors_shade,21,Afternoon,1632,244,1656,regional,52,1.150508390032062
Madrid,working,Full,connectors_shade,21,Afternoon,1632,244,1656,regional,53,1.1945990315220507
Madrid,working,Full,connectors_shade,21,Afternoon,1632,244,1656,regional,54,1.2389748186320209
Madrid,working,Full,connectors_shade,21,Afternoon,1632,244,1656,regional,55,1.2840866293939899
Madrid,working,Full,connectors_shade,21,Afternoon,1632,244,1656,regional,56,1.3294939363821572
Madrid,working,Full,connectors_shade,21,Afternoon,1632,244,1656,regional,57,1.3756011040145046
Madrid,working,Full,connectors_shade,21,Afternoon,1632,244,1656,regional,58,1.4221638968664487
Madrid,working,Full,connectors_shade,21,Afternoon,1632,244,1656,regional,59,1.4694110603019024
Madrid,working,Full,connectors_shade,21,Afternoon,1632,244,1656,regional,60,1.5173363476948594
Madrid,working,Full,connectors_shade,21,Afternoon,1632,244,1656,regional,61,1.566975447707029
Madrid,working,Full,connectors_shade,21,Afternoon,1632,244,1656,regional,62,1.6172815847945199
Madrid,working,Full,connectors_shade,21,Afternoon,1632,244,1656,regional,63,1.6685509183834148
Madrid,working,Full,connectors_shade,21,Afternoon,1632,244,1656,regional,64,1.720992079302032
Madrid,working,Full,connectors_shade,21,Afternoon,1632,244,1656,regional,65,1.7742052834858972
Madrid,working,Full,connectors_shade,21,Afternoon,1632,244,1656,regional,66,1.8275887052985278
Madrid,working,Full,connectors_shade,21,Afternoon,1632,244,1656,regional,67,1.8818800684448649
Madrid,working,Full,connectors_shade,21,Afternoon,1632,244,1656,regional,68,1.9373406350760274
Madrid,working,Full,connectors_shade,21,Afternoon,1632,244,1656,regional,69,1.9937533533796303
Madrid,working,Full,connectors_shade,21,Afternoon,1632,244,1656,regional,70,2.0509602590687765
Madrid,working,Full,connectors_shade,21,Afternoon,1632,244,1656,regional,71,2.108918139362161
Madrid,working,Full,connectors_shade,21,Afternoon,1632,244,1656,regional,72,2.1670919877358825
Madrid,working,Full,connectors_shade,21,Afternoon,1632,244,1656,regional,73,2.225903455926525
Madrid,working,Full,connectors_shade,21,Afternoon,1632,244,1656,regional,74,2.284976806036166
Madrid,working,Full,connectors_shade,21,Afternoon,1632,244,1656,regional,75,2.3447606403974004
Madrid,working,Full,connectors_shade,21,Afternoon,1632,244,1656,regional,76,2.40490095090502
Madrid,working,Full,connectors_shade,21,Afternoon,1632,244,1656,regional,77,2.465714071498246
Madrid,working,Full,connectors_shade,21,Afternoon,1632,244,1656,regional,78,2.5267551246563453
Madrid,working,Full,connectors_shade,21,Afternoon,1632,244,1656,regional,79,2.5892219210810965
Madrid,working,Full,connectors_shade,21,Afternoon,1632,244,1656,regional,80,2.652886466851298
Madrid,working,Full,connectors_shade,21,Afternoon,1632,244,1656,regional,81,2.717951603928846
Madrid,working,Full,connectors_shade,21,Afternoon,1632,244,1656,regional,82,2.7834729101602074
Madrid,working,Full,connectors_shade,21,Afternoon,1632,244,1656,regional,83,2.849754951478205
Madrid,working,Full,connectors_shade,21,Afternoon,1632,244,1656,regional,84,2.917434248111579
Madrid,working,Full,connectors_shade,21,Afternoon,1632,244,1656,regional,85,2.986291823451585
Madrid,working,Full,connectors_shade,21,Afternoon,1632,244,1656,regional,86,3.0556528502370637
Madrid,working,Full,connectors_shade,21,Afternoon,1632,244,1656,regional,87,3.1261130701761735
Madrid,working,Full,connectors_shade,21,Afternoon,1632,244,1656,regional,88,3.1971777726877204
Madrid,working,Full,connectors_shade,21,Afternoon,1632,244,1656,regional,89,3.2684940823457205
Madrid,working,Full,connectors_shade,21,Afternoon,1632,244,1656,regional,90,3.3406532949372356
Madrid,working,Full,connectors_shade,21,Afternoon,1632,244,1656,regional,91,3.4138406142025164
Madrid,working,Full,connectors_shade,21,Afternoon,1632,244,1656,regional,92,3.4879703687792425
Madrid,working,Full,connectors_shade,21,Afternoon,1632,244,1656,regional,93,3.5621466679928595
Madrid,working,Full,connectors_shade,21,Afternoon,1632,244,1656,regional,94,3.6366607689675536
Madrid,working,Full,connectors_shade,21,Afternoon,1632,244,1656,regional,95,3.7119714481565054
Madrid,working,Full,connectors_shade,21,Afternoon,1632,244,1656,regional,96,3.7880371114825127
Madrid,working,Full,connectors_shade,21,Afternoon,1632,244,1656,regional,97,3.8643668793433714
Madrid,working,Full,connectors_shade,21,Afternoon,1632,244,1656,regional,98,3.9411621280430102
Madrid,working,Full,connectors_shade,21,Afternoon,1632,244,1656,regional,99,4.018569046967962
Madrid,working,Full,connectors_shade,21,Afternoon,1632,244,1656,regional,100,4.096064239039423
Madrid,working,Full,connectors_shade,21,Afternoon,1632,244,1656,regional,101,4.174138264668788
Madrid,working,Full,connectors_shade,21,Afternoon,1632,244,1656,regional,102,4.252927625146883
Madrid,working,Full,connectors_shade,21,Afternoon,1632,244,1656,regional,103,4.332978014718929
Madrid,working,Full,connectors_shade,21,Afternoon,1632,244,1656,regional,104,4.413804427444971
Madrid,working,Full,connectors_shade,21,Afternoon,1632,244,1656,regional,105,4.4953098720643325
Madrid,working,Full,connectors_shade,21,Afternoon,1632,244,1656,regional,106,4.5777369142821165
Madrid,working,Full,connectors_shade,21,Afternoon,1632,244,1656,regional,107,4.661399004979388
Madrid,working,Full,connectors_shade,21,Afternoon,1632,244,1656,regional,108,4.746190789131348
Madrid,working,Full,connectors_shade,21,Afternoon,1632,244,1656,regional,109,4.8321600219559775
Madrid,working,Full,connectors_shade,21,Afternoon,1632,244,1656,regional,110,4.91840654954781
Madrid,working,Full,connectors_shade,21,Afternoon,1632,244,1656,regional,111,5.005079785603054
Madrid,working,Full,connectors_shade,21,Afternoon,1632,244,1656,regional,112,5.092919804670335
Madrid,working,Full,connectors_shade,21,Afternoon,1632,244,1656,regional,113,5.181062652390054
Madrid,working,Full,connectors_shade,21,Afternoon,1632,244,1656,regional,114,5.2697700321274015
Madrid,working,Full,connectors_shade,21,Afternoon,1632,244,1656,regional,115,5.359261756729644
Madrid,working,Full,connectors_shade,21,Afternoon,1632,244,1656,regional,116,5.449414000848188
Madrid,working,Full,connectors_shade,21,Afternoon,1632,244,1656,regional,117,5.540763546893551
Madrid,working,Full,connectors_shade,21,Afternoon,1632,244,1656,regional,118,5.632184663375462
Madrid,working,Full,connectors_shade,21,Afternoon,1632,244,1656,regional,119,5.723836873307377
Madrid,working,Full,connectors_shade,21,Afternoon,1632,244,1656,regional,120,5.816748481220008
Madrid,working,Full,connectors_shade,21,Afternoon,1632,244,1656,regional,121,5.909840888315595
Madrid,working,Full,connectors_shade,21,Afternoon,1632,244,1656,regional,122,6.003263242872506
Madrid,working,Full,connectors_shade,21,Afternoon,1632,244,1656,regional,123,6.097648140382491
Madrid,working,Full,connectors_shade,21,Afternoon,1632,244,1656,regional,124,6.1928754658314675
Madrid,working,Full,connectors_shade,21,Afternoon,1632,244,1656,regional,125,6.288251087464139
Madrid,working,Full,connectors_shade,21,Afternoon,1632,244,1656,regional,126,6.385098322770111
Madrid,working,Full,connectors_shade,21,Afternoon,1632,244,1656,regional,127,6.482190316063575
Madrid,working,Full,connectors_shade,21,Afternoon,1632,244,1656,regional,128,6.580171490820213
Madrid,working,Full,connectors_shade,21,Afternoon,1632,244,1656,regional,129,6.679298927998483
Madrid,working,Full,connectors_shade,21,Afternoon,1632,244,1656,regional,130,6.780477989208603
Madrid,working,Full,connectors_shade,21,Afternoon,1632,244,1656,regional,131,6.882012584159432
Madrid,working,Full,connectors_shade,21,Afternoon,1632,244,1656,regional,132,6.984383256324318
Madrid,working,Full,connectors_shade,21,Afternoon,1632,244,1656,regional,133,7.086948298451648
Madrid,working,Full,connectors_shade,21,Afternoon,1632,244,1656,regional,134,7.19044345154067
Madrid,working,Full,connectors_shade,21,Afternoon,1632,244,1656,regional,135,7.294717693532039
Madrid,working,Full,connectors_shade,21,Afternoon,1632,244,1656,regional,136,7.400126864948138
Madrid,working,Full,connectors_shade,21,Afternoon,1632,244,1656,regional,137,7.507610441519187
Madrid,working,Full,connectors_shade,21,Afternoon,1632,244,1656,regional,138,7.6155730552311685
Madrid,working,Full,connectors_shade,21,Afternoon,1632,244,1656,regional,139,7.7238653371986965
Madrid,working,Full,connectors_shade,21,Afternoon,1632,244,1656,regional,140,7.832660033069243
Madrid,working,Full,connectors_shade,21,Afternoon,1632,244,1656,regional,141,7.9415625706194914
Madrid,working,Full,connectors_shade,21,Afternoon,1632,244,1656,regional,142,8.051605436262184
Madrid,working,Full,connectors_shade,21,Afternoon,1632,244,1656,regional,143,8.161844769702324
Madrid,working,Full,connectors_shade,21,Afternoon,1632,244,1656,regional,144,8.274639754266273
Madrid,working,Full,connectors_shade,21,Afternoon,1632,244,1656,regional,145,8.388484966184775
Madrid,working,Full,connectors_shade,21,Afternoon,1632,244,1656,regional,146,8.504660782477945
Madrid,working,Full,connectors_shade,21,Afternoon,1632,244,1656,regional,147,8.62167317304039
Madrid,working,Full,connectors_shade,21,Afternoon,1632,244,1656,regional,148,8.739575443425137
Madrid,working,Full,connectors_shade,21,Afternoon,1632,244,1656,regional,149,8.857786039713826
Madrid,working,Full,connectors_shade,21,Afternoon,1632,244,1656,regional,150,8.977280724735941
Madrid,working,Full,connectors_shade,21,Afternoon,1632,244,1656,regional,151,9.097168754854774
Madrid,working,Full,connectors_shade,21,Afternoon,1632,244,1656,regional,152,9.219745554517251
Madrid,working,Full,connectors_shade,21,Afternoon,1632,244,1656,regional,153,9.343067640569517
Madrid,working,Full,connectors_shade,21,Afternoon,1632,244,1656,regional,154,9.46740557788548
Madrid,working,Full,connectors_shade,21,Afternoon,1632,244,1656,regional,155,9.592864400920353
Madrid,working,Full,connectors_shade,21,Afternoon,1632,244,1656,regional,156,9.718847705455476
Madrid,working,Full,connectors_shade,21,Afternoon,1632,244,1656,regional,157,9.846671956374506
Madrid,working,Full,connectors_shade,21,Afternoon,1632,244,1656,regional,158,9.974974819765938
Madrid,working,Full,connectors_shade,21,Afternoon,1632,244,1656,regional,159,10.104622749053405
Madrid,working,Full,connectors_shade,21,Afternoon,1632,244,1656,regional,160,10.23446264506546
Madrid,working,Full,connectors_shade,21,Afternoon,1632,244,1656,regional,161,10.365726376093335
Madrid,working,Full,connectors_shade,21,Afternoon,1632,244,1656,regional,162,10.497748170105167
Madrid,working,Full,connectors_shade,21,Afternoon,1632,244,1656,regional,163,10.631717389932176
Madrid,working,Full,connectors_shade,21,Afternoon,1632,244,1656,regional,164,10.766641319094408
Madrid,working,Full,connectors_shade,21,Afternoon,1632,244,1656,regional,165,10.902635715617048
Madrid,working,Full,connectors_shade,21,Afternoon,1632,244,1656,regional,166,11.040028877234443
Madrid,working,Full,connectors_shade,21,Afternoon,1632,244,1656,regional,167,11.179923336539185
Madrid,working,Full,connectors_shade,21,Afternoon,1632,244,1656,regional,168,11.320368182124978
Madrid,working,Full,connectors_shade,21,Afternoon,1632,244,1656,regional,169,11.461191313619919
Madrid,working,Full,connectors_shade,21,Afternoon,1632,244,1656,regional,170,11.602378218528239
Madrid,working,Full,connectors_shade,21,Afternoon,1632,244,1656,regional,171,11.74402215088961
Madrid,working,Full,connectors_shade,21,Afternoon,1632,244,1656,regional,172,11.886296570566774
Madrid,working,Full,connectors_shade,21,Afternoon,1632,244,1656,regional,173,12.030348914713825
Madrid,working,Full,connectors_shade,21,Afternoon,1632,244,1656,regional,174,12.175714533215318
Madrid,working,Full,connectors_shade,21,Afternoon,1632,244,1656,regional,175,12.32218621402193
Madrid,working,Full,connectors_shade,21,Afternoon,1632,244,1656,regional,176,12.469065096804485
Madrid,working,Full,connectors_shade,21,Afternoon,1632,244,1656,regional,177,12.616881584293866
Madrid,working,Full,connectors_shade,21,Afternoon,1632,244,1656,regional,178,12.767362159536333
Madrid,working,Full,connectors_shade,21,Afternoon,1632,244,1656,regional,179,12.920464330170411
Madrid,working,Full,connectors_shade,21,Afternoon,1632,244,1656,regional,180,13.074323031948367
Madrid,working,Full,connectors_shade,21,Afternoon,1632,244,1656,regional,181,13.230401416195608
Madrid,working,Full,connectors_shade,21,Afternoon,1632,244,1656,regional,182,13.387915246282551
Madrid,working,Full,connectors_shade,21,Afternoon,1632,244,1656,regional,183,13.545770769776498
Madrid,working,Full,connectors_shade,21,Afternoon,1632,244,1656,regional,184,13.703671854137857
Madrid,working,Full,connectors_shade,21,Afternoon,1632,244,1656,regional,185,13.865587228845213
Madrid,working,Full,connectors_shade,21,Afternoon,1632,244,1656,regional,186,14.029532202040407
Madrid,working,Full,connectors_shade,21,Afternoon,1632,244,1656,regional,187,14.19399445115865
Madrid,working,Full,connectors_shade,21,Afternoon,1632,244,1656,regional,188,14.35917184071567
Madrid,working,Full,connectors_shade,21,Afternoon,1632,244,1656,regional,189,14.526768782713503
Madrid,working,Full,connectors_shade,21,Afternoon,1632,244,1656,regional,190,14.697721532019695
Madrid,working,Full,connectors_shade,21,Afternoon,1632,244,1656,regional,191,14.869090655039223
Madrid,working,Full,connectors_shade,21,Afternoon,1632,244,1656,regional,192,15.041785365732597
Madrid,working,Full,connectors_shade,21,Afternoon,1632,244,1656,regional,193,15.215718296820953
Madrid,working,Full,connectors_shade,21,Afternoon,1632,244,1656,regional,194,15.391332599574968
Madrid,working,Full,connectors_shade,21,Afternoon,1632,244,1656,regional,195,15.568495741562245
Madrid,working,Full,connectors_shade,21,Afternoon,1632,244,1656,regional,196,15.7461739196218
Madrid,working,Full,connectors_shade,21,Afternoon,1632,244,1656,regional,197,15.923919781297739
Madrid,working,Full,connectors_shade,21,Afternoon,1632,244,1656,regional,198,16.101941758872062
Madrid,working,Full,connectors_shade,21,Afternoon,1632,244,1656,regional,199,16.282048179221317
Madrid,working,Full,connectors_shade,21,Afternoon,1632,244,1656,regional,200,16.464569189042546
Madrid,working,Full,connectors_shade,21,Afternoon,1632,244,1656,regional,201,16.647717707295243
Madrid,working,Full,connectors_shade,21,Afternoon,1632,244,1656,regional,202,16.830960559872665
Madrid,working,Full,connectors_shade,21,Afternoon,1632,244,1656,regional,203,17.014373545972425
Madrid,working,Full,connectors_shade,21,Afternoon,1632,244,1656,regional,204,17.19865637870774
Madrid,working,Full,connectors_shade,21,Afternoon,1632,244,1656,regional,205,17.383840694505892
Madrid,working,Full,connectors_shade,21,Afternoon,1632,244,1656,regional,206,17.57126963033016
Madrid,working,Full,connectors_shade,21,Afternoon,1632,244,1656,regional,207,17.759308998222775
Madrid,working,Full,connectors_shade,21,Afternoon,1632,244,1656,regional,208,17.94854122970446
Madrid,working,Full,connectors_shade,21,Afternoon,1632,244,1656,regional,209,18.138442189352254
Madrid,working,Full,connectors_shade,21,Afternoon,1632,244,1656,regional,210,18.33144012221345
Madrid,working,Full,connectors_shade,21,Afternoon,1632,244,1656,regional,211,18.52673331130873
Madrid,working,Full,connectors_shade,21,Afternoon,1632,244,1656,regional,212,18.72502769224842
Madrid,working,Full,connectors_shade,21,Afternoon,1632,244,1656,regional,213,18.926432004996478
Madrid,working,Full,connectors_shade,21,Afternoon,1632,244,1656,regional,214,19.132509002195953
Madrid,working,Full,connectors_shade,21,Afternoon,1632,244,1656,regional,215,19.33974333491129
Madrid,working,Full,connectors_shade,21,Afternoon,1632,244,1656,regional,216,19.548177248010454
Madrid,working,Full,connectors_shade,21,Afternoon,1632,244,1656,regional,217,19.756963797314846
Madrid,working,Full,connectors_shade,21,Afternoon,1632,244,1656,regional,218,19.96861292899689
Madrid,working,Full,connectors_shade,21,Afternoon,1632,244,1656,regional,219,20.18496716815957
Madrid,working,Full,connectors_shade,21,Afternoon,1632,244,1656,regional,220,20.402724688656587
Madrid,working,Full,connectors_shade,21,Afternoon,1632,244,1656,regional,221,20.622497400623423
Madrid,working,Full,connectors_shade,21,Afternoon,1632,244,1656,regional,222,20.842645954587127
Madrid,working,Full,connectors_shade,21,Afternoon,1632,244,1656,regional,223,21.06407755009026
Madrid,working,Full,connectors_shade,21,Afternoon,1632,244,1656,regional,224,21.28713610591327
Madrid,working,Full,connectors_shade,21,Afternoon,1632,244,1656,regional,225,21.510502016279872
Madrid,working,Full,connectors_shade,21,Afternoon,1632,244,1656,regional,226,21.735409199747902
Madrid,working,Full,connectors_shade,21,Afternoon,1632,244,1656,regional,227,21.962644799444597
Madrid,working,Full,connectors_shade,21,Afternoon,1632,244,1656,regional,228,22.19110858260568
Madrid,working,Full,connectors_shade,21,Afternoon,1632,244,1656,regional,229,22.42580001267538
Madrid,working,Full,connectors_shade,21,Afternoon,1632,244,1656,regional,230,22.662058434490135
Madrid,working,Full,connectors_shade,21,Afternoon,1632,244,1656,regional,231,22.899010131829144
Madrid,working,Full,connectors_shade,21,Afternoon,1632,244,1656,regional,232,23.136725681707922
Madrid,working,Full,connectors_shade,21,Afternoon,1632,244,1656,regional,233,23.37506162750954
Madrid,working,Full,connectors_shade,21,Afternoon,1632,244,1656,regional,234,23.614815192034456
Madrid,working,Full,connectors_shade,21,Afternoon,1632,244,1656,regional,235,23.854996787286165
Madrid,working,Full,connectors_shade,21,Afternoon,1632,244,1656,regional,236,24.095723013043575
Madrid,working,Full,connectors_shade,21,Afternoon,1632,244,1656,regional,237,24.33761251898698
Madrid,working,Full,connectors_shade,21,Afternoon,1632,244,1656,regional,238,24.584010652893824
Madrid,working,Full,connectors_shade,21,Afternoon,1632,244,1656,regional,239,24.83683723367733
Madrid,working,Full,connectors_shade,21,Afternoon,1632,244,1656,regional,240,25.093986732666647
Madrid,working,Full,connectors_shade,21,Afternoon,1632,244,1656,regional,241,25.358423703014456
Madrid,working,Full,connectors_shade,21,Afternoon,1632,244,1656,regional,242,25.636416071715935
Madrid,working,Full,connectors_shade,21,Afternoon,1632,244,1656,regional,243,25.918622020952085
Madrid,working,Full,connectors_shade,21,Afternoon,1632,244,1656,regional,244,26.261369102992177
Madrid,working,Full,connectors_shade,21,Afternoon,1632,244,1656,uniform_area,0,0.0
Madrid,working,Full,connectors_shade,21,Afternoon,1632,244,1656,uniform_area,1,0.00012374057151309472
Madrid,working,Full,connectors_shade,21,Afternoon,1632,244,1656,uniform_area,2,0.0018165784340192102
Madrid,working,Full,connectors_shade,21,Afternoon,1632,244,1656,uniform_area,3,0.005086295491806676
Madrid,working,Full,connectors_shade,21,Afternoon,1632,244,1656,uniform_area,4,0.008991205994923824
Madrid,working,Full,connectors_shade,21,Afternoon,1632,244,1656,uniform_area,5,0.015126044669663963
Madrid,working,Full,connectors_shade,21,Afternoon,1632,244,1656,uniform_area,6,0.02165918691519969
Madrid,working,Full,connectors_shade,21,Afternoon,1632,244,1656,uniform_area,7,0.028783950162044065
Madrid,working,Full,connectors_shade,21,Afternoon,1632,244,1656,uniform_area,8,0.03623627490837204
Madrid,working,Full,connectors_shade,21,Afternoon,1632,244,1656,uniform_area,9,0.044867811100850925
Madrid,working,Full,connectors_shade,21,Afternoon,1632,244,1656,uniform_area,10,0.05473688570167735
Madrid,working,Full,connectors_shade,21,Afternoon,1632,244,1656,uniform_area,11,0.06619994171834676
Madrid,working,Full,connectors_shade,21,Afternoon,1632,244,1656,uniform_area,12,0.07810163589711558
Madrid,working,Full,connectors_shade,21,Afternoon,1632,244,1656,uniform_area,13,0.09045749749103627
Madrid,working,Full,connectors_shade,21,Afternoon,1632,244,1656,uniform_area,14,0.10325664980297715
Madrid,working,Full,connectors_shade,21,Afternoon,1632,244,1656,uniform_area,15,0.11652382767791977
Madrid,working,Full,connectors_shade,21,Afternoon,1632,244,1656,uniform_area,16,0.13022039250974002
Madrid,working,Full,connectors_shade,21,Afternoon,1632,244,1656,uniform_area,17,0.1451778497560987
Madrid,working,Full,connectors_shade,21,Afternoon,1632,244,1656,uniform_area,18,0.16036679446617136
Madrid,working,Full,connectors_shade,21,Afternoon,1632,244,1656,uniform_area,19,0.1757562552137795
Madrid,working,Full,connectors_shade,21,Afternoon,1632,244,1656,uniform_area,20,0.19185936496237743
Madrid,working,Full,connectors_shade,21,Afternoon,1632,244,1656,uniform_area,21,0.20847491241726124
Madrid,working,Full,connectors_shade,21,Afternoon,1632,244,1656,uniform_area,22,0.2260381534457193
Madrid,working,Full,connectors_shade,21,Afternoon,1632,244,1656,uniform_area,23,0.24548646748814526
Madrid,working,Full,connectors_shade,21,Afternoon,1632,244,1656,uniform_area,24,0.26523445257450756
Madrid,working,Full,connectors_shade,21,Afternoon,1632,244,1656,uniform_area,25,0.2854946003051749
Madrid,working,Full,connectors_shade,21,Afternoon,1632,244,1656,uniform_area,26,0.30622914287326
Madrid,working,Full,connectors_shade,21,Afternoon,1632,244,1656,uniform_area,27,0.3271909640420829
Madrid,working,Full,connectors_shade,21,Afternoon,1632,244,1656,uniform_area,28,0.3483250417398828
Madrid,working,Full,connectors_shade,21,Afternoon,1632,244,1656,uniform_area,29,0.3699575027207372
Madrid,working,Full,connectors_shade,21,Afternoon,1632,244,1656,uniform_area,30,0.39214410301576086
Madrid,working,Full,connectors_shade,21,Afternoon,1632,244,1656,uniform_area,31,0.4146465325183323
Madrid,working,Full,connectors_shade,21,Afternoon,1632,244,1656,uniform_area,32,0.43867536250488637
Madrid,working,Full,connectors_shade,21,Afternoon,1632,244,1656,uniform_area,33,0.46371641367066363
Madrid,working,Full,connectors_shade,21,Afternoon,1632,244,1656,uniform_area,34,0.4907285894016285
Madrid,working,Full,connectors_shade,21,Afternoon,1632,244,1656,uniform_area,35,0.5185498592587934
Madrid,working,Full,connectors_shade,21,Afternoon,1632,244,1656,uniform_area,36,0.5475788537082236
Madrid,working,Full,connectors_shade,21,Afternoon,1632,244,1656,uniform_area,37,0.5779691610019264
Madrid,working,Full,connectors_shade,21,Afternoon,1632,244,1656,uniform_area,38,0.6093218230874617
Madrid,working,Full,connectors_shade,21,Afternoon,1632,244,1656,uniform_area,39,0.6419048415609733
Madrid,working,Full,connectors_shade,21,Afternoon,1632,244,1656,uniform_area,40,0.674912617242088
Madrid,working,Full,connectors_shade,21,Afternoon,1632,244,1656,uniform_area,41,0.7086820084488056
Madrid,working,Full,connectors_shade,21,Afternoon,1632,244,1656,uniform_area,42,0.7430010771602722
Madrid,working,Full,connectors_shade,21,Afternoon,1632,244,1656,uniform_area,43,0.7776250859421656
Madrid,working,Full,connectors_shade,21,Afternoon,1632,244,1656,uniform_area,44,0.8127707753422408
Madrid,working,Full,connectors_shade,21,Afternoon,1632,244,1656,uniform_area,45,0.8497077568251733
Madrid,working,Full,connectors_shade,21,Afternoon,1632,244,1656,uniform_area,46,0.8873632306115158
Madrid,working,Full,connectors_shade,21,Afternoon,1632,244,1656,uniform_area,47,0.9254117168266249
Madrid,working,Full,connectors_shade,21,Afternoon,1632,244,1656,uniform_area,48,0.9645866171008408
Madrid,working,Full,connectors_shade,21,Afternoon,1632,244,1656,uniform_area,49,1.0048603851516458
Madrid,working,Full,connectors_shade,21,Afternoon,1632,244,1656,uniform_area,50,1.0453215879003441
Madrid,working,Full,connectors_shade,21,Afternoon,1632,244,1656,uniform_area,51,1.0866063248381392
Madrid,working,Full,connectors_shade,21,Afternoon,1632,244,1656,uniform_area,52,1.128082985927666
Madrid,working,Full,connectors_shade,21,Afternoon,1632,244,1656,uniform_area,53,1.1702162296415475
Madrid,working,Full,connectors_shade,21,Afternoon,1632,244,1656,uniform_area,54,1.2132331839184327
Madrid,working,Full,connectors_shade,21,Afternoon,1632,244,1656,uniform_area,55,1.2575238907941373
Madrid,working,Full,connectors_shade,21,Afternoon,1632,244,1656,uniform_area,56,1.3027801108366819
Madrid,working,Full,connectors_shade,21,Afternoon,1632,244,1656,uniform_area,57,1.3490060529090406
Madrid,working,Full,connectors_shade,21,Afternoon,1632,244,1656,uniform_area,58,1.3954551435057632
Madrid,working,Full,connectors_shade,21,Afternoon,1632,244,1656,uniform_area,59,1.442469299873737
Madrid,working,Full,connectors_shade,21,Afternoon,1632,244,1656,uniform_area,60,1.4900422750651139
Madrid,working,Full,connectors_shade,21,Afternoon,1632,244,1656,uniform_area,61,1.5379509205555328
Madrid,working,Full,connectors_shade,21,Afternoon,1632,244,1656,uniform_area,62,1.5861466105009567
Madrid,working,Full,connectors_shade,21,Afternoon,1632,244,1656,uniform_area,63,1.63582129489637
Madrid,working,Full,connectors_shade,21,Afternoon,1632,244,1656,uniform_area,64,1.6870902965873353
Madrid,working,Full,connectors_shade,21,Afternoon,1632,244,1656,uniform_area,65,1.738909246698365
Madrid,working,Full,connectors_shade,21,Afternoon,1632,244,1656,uniform_area,66,1.791767398942737
Madrid,working,Full,connectors_shade,21,Afternoon,1632,244,1656,uniform_area,67,1.8450314016846256
Madrid,working,Full,connectors_shade,21,Afternoon,1632,244,1656,uniform_area,68,1.9003324941071993
Madrid,working,Full,connectors_shade,21,Afternoon,1632,244,1656,uniform_area,69,1.956244713433982
Madrid,working,Full,connectors_shade,21,Afternoon,1632,244,1656,uniform_area,70,2.0128887828480195
Madrid,working,Full,connectors_shade,21,Afternoon,1632,244,1656,uniform_area,71,2.07030693334784
Madrid,working,Full,connectors_shade,21,Afternoon,1632,244,1656,uniform_area,72,2.1292529011081798
Madrid,working,Full,connectors_shade,21,Afternoon,1632,244,1656,uniform_area,73,2.189860527971693
Madrid,working,Full,connectors_shade,21,Afternoon,1632,244,1656,uniform_area,74,2.2521669099858563
Madrid,working,Full,connectors_shade,21,Afternoon,1632,244,1656,uniform_area,75,2.315428094336257
Madrid,working,Full,connectors_shade,21,Afternoon,1632,244,1656,uniform_area,76,2.3791629063914113
Madrid,working,Full,connectors_shade,21,Afternoon,1632,244,1656,uniform_area,77,2.443401940231165
Madrid,working,Full,connectors_shade,21,Afternoon,1632,244,1656,uniform_area,78,2.5085231517508224
Madrid,working,Full,connectors_shade,21,Afternoon,1632,244,1656,uniform_area,79,2.574392882252011
Madrid,working,Full,connectors_shade,21,Afternoon,1632,244,1656,uniform_area,80,2.6408710311953345
Madrid,working,Full,connectors_shade,21,Afternoon,1632,244,1656,uniform_area,81,2.708203579322916
Madrid,working,Full,connectors_shade,21,Afternoon,1632,244,1656,uniform_area,82,2.775982447305862
Madrid,working,Full,connectors_shade,21,Afternoon,1632,244,1656,uniform_area,83,2.8450524140701954
Madrid,working,Full,connectors_shade,21,Afternoon,1632,244,1656,uniform_area,84,2.9142612733127597
Madrid,working,Full,connectors_shade,21,Afternoon,1632,244,1656,uniform_area,85,2.9837243478791105
Madrid,working,Full,connectors_shade,21,Afternoon,1632,244,1656,uniform_area,86,3.053581416251145
Madrid,working,Full,connectors_shade,21,Afternoon,1632,244,1656,uniform_area,87,3.125251618562444
Madrid,working,Full,connectors_shade,21,Afternoon,1632,244,1656,uniform_area,88,3.198106319315259
Madrid,working,Full,connectors_shade,21,Afternoon,1632,244,1656,uniform_area,89,3.2710549862168
Madrid,working,Full,connectors_shade,21,Afternoon,1632,244,1656,uniform_area,90,3.3453349406667208
Madrid,working,Full,connectors_shade,21,Afternoon,1632,244,1656,uniform_area,91,3.4202097712484254
Madrid,working,Full,connectors_shade,21,Afternoon,1632,244,1656,uniform_area,92,3.4953388171539204
Madrid,working,Full,connectors_shade,21,Afternoon,1632,244,1656,uniform_area,93,3.5711873795885936
Madrid,working,Full,connectors_shade,21,Afternoon,1632,244,1656,uniform_area,94,3.6473549793657796
Madrid,working,Full,connectors_shade,21,Afternoon,1632,244,1656,uniform_area,95,3.7237531674719104
Madrid,working,Full,connectors_shade,21,Afternoon,1632,244,1656,uniform_area,96,3.8010559591027278
Madrid,working,Full,connectors_shade,21,Afternoon,1632,244,1656,uniform_area,97,3.8787521833575043
Madrid,working,Full,connectors_shade,21,Afternoon,1632,244,1656,uniform_area,98,3.95706228790074
Madrid,working,Full,connectors_shade,21,Afternoon,1632,244,1656,uniform_area,99,4.03728450584757
Madrid,working,Full,connectors_shade,21,Afternoon,1632,244,1656,uniform_area,100,4.1176897823805705
Madrid,working,Full,connectors_shade,21,Afternoon,1632,244,1656,uniform_area,101,4.198456411570101
Madrid,working,Full,connectors_shade,21,Afternoon,1632,244,1656,uniform_area,102,4.279563232994704
Madrid,working,Full,connectors_shade,21,Afternoon,1632,244,1656,uniform_area,103,4.3609079277440905
Madrid,working,Full,connectors_shade,21,Afternoon,1632,244,1656,uniform_area,104,4.442437943775445
Madrid,working,Full,connectors_shade,21,Afternoon,1632,244,1656,uniform_area,105,4.524227094455168
Madrid,working,Full,connectors_shade,21,Afternoon,1632,244,1656,uniform_area,106,4.6071865744288285
Madrid,working,Full,connectors_shade,21,Afternoon,1632,244,1656,uniform_area,107,4.690405896748003
Madrid,working,Full,connectors_shade,21,Afternoon,1632,244,1656,uniform_area,108,4.773872853636743
Madrid,working,Full,connectors_shade,21,Afternoon,1632,244,1656,uniform_area,109,4.858287899414263
Madrid,working,Full,connectors_shade,21,Afternoon,1632,244,1656,uniform_area,110,4.94315127134094
Madrid,working,Full,connectors_shade,21,Afternoon,1632,244,1656,uniform_area,111,5.0281879371534695
Madrid,working,Full,connectors_shade,21,Afternoon,1632,244,1656,uniform_area,112,5.113617733574659
Madrid,working,Full,connectors_shade,21,Afternoon,1632,244,1656,uniform_area,113,5.1993935192658425
Madrid,working,Full,connectors_shade,21,Afternoon,1632,244,1656,uniform_area,114,5.2855619400394565
Madrid,working,Full,connectors_shade,21,Afternoon,1632,244,1656,uniform_area,115,5.372927029710589
Madrid,working,Full,connectors_shade,21,Afternoon,1632,244,1656,uniform_area,116,5.460457137910371
Madrid,working,Full,connectors_shade,21,Afternoon,1632,244,1656,uniform_area,117,5.548297090991841
Madrid,working,Full,connectors_shade,21,Afternoon,1632,244,1656,uniform_area,118,5.636233507895404
Madrid,working,Full,connectors_shade,21,Afternoon,1632,244,1656,uniform_area,119,5.725548947349939
Madrid,working,Full,connectors_shade,21,Afternoon,1632,244,1656,uniform_area,120,5.8152970579184755
Madrid,working,Full,connectors_shade,21,Afternoon,1632,244,1656,uniform_area,121,5.9052867572218695
Madrid,working,Full,connectors_shade,21,Afternoon,1632,244,1656,uniform_area,122,5.9967275999130045
Madrid,working,Full,connectors_shade,21,Afternoon,1632,244,1656,uniform_area,123,6.089064161212168
Madrid,working,Full,connectors_shade,21,Afternoon,1632,244,1656,uniform_area,124,6.181867425288822
Madrid,working,Full,connectors_shade,21,Afternoon,1632,244,1656,uniform_area,125,6.27750429496118
Madrid,working,Full,connectors_shade,21,Afternoon,1632,244,1656,uniform_area,126,6.374425149814488
Madrid,working,Full,connectors_shade,21,Afternoon,1632,244,1656,uniform_area,127,6.472973151094563
Madrid,working,Full,connectors_shade,21,Afternoon,1632,244,1656,uniform_area,128,6.572199254106788
Madrid,working,Full,connectors_shade,21,Afternoon,1632,244,1656,uniform_area,129,6.671633816089591
Madrid,working,Full,connectors_shade,21,Afternoon,1632,244,1656,uniform_area,130,6.77191081828047
Madrid,working,Full,connectors_shade,21,Afternoon,1632,244,1656,uniform_area,131,6.8725607257310815
Madrid,working,Full,connectors_shade,21,Afternoon,1632,244,1656,uniform_area,132,6.974435412307886
Madrid,working,Full,connectors_shade,21,Afternoon,1632,244,1656,uniform_area,133,7.0771080688962025
Madrid,working,Full,connectors_shade,21,Afternoon,1632,244,1656,uniform_area,134,7.181731984769352
Madrid,working,Full,connectors_shade,21,Afternoon,1632,244,1656,uniform_area,135,7.286548717709003
Madrid,working,Full,connectors_shade,21,Afternoon,1632,244,1656,uniform_area,136,7.392085782688236
Madrid,working,Full,connectors_shade,21,Afternoon,1632,244,1656,uniform_area,137,7.499016155472573
Madrid,working,Full,connectors_shade,21,Afternoon,1632,244,1656,uniform_area,138,7.608606479898187
Madrid,working,Full,connectors_shade,21,Afternoon,1632,244,1656,uniform_area,139,7.718808978260428
Madrid,working,Full,connectors_shade,21,Afternoon,1632,244,1656,uniform_area,140,7.8301238639029656
Madrid,working,Full,connectors_shade,21,Afternoon,1632,244,1656,uniform_area,141,7.9427496700672835
Madrid,working,Full,connectors_shade,21,Afternoon,1632,244,1656,uniform_area,142,8.055838257648091
Madrid,working,Full,connectors_shade,21,Afternoon,1632,244,1656,uniform_area,143,8.169954959185299
Madrid,working,Full,connectors_shade,21,Afternoon,1632,244,1656,uniform_area,144,8.28582907042173
Madrid,working,Full,connectors_shade,21,Afternoon,1632,244,1656,uniform_area,145,8.401994374158425
Madrid,working,Full,connectors_shade,21,Afternoon,1632,244,1656,uniform_area,146,8.519325689130625
Madrid,working,Full,connectors_shade,21,Afternoon,1632,244,1656,uniform_area,147,8.638438194914528
Madrid,working,Full,connectors_shade,21,Afternoon,1632,244,1656,uniform_area,148,8.757965839721136
Madrid,working,Full,connectors_shade,21,Afternoon,1632,244,1656,uniform_area,149,8.878775392230517
Madrid,working,Full,connectors_shade,21,Afternoon,1632,244,1656,uniform_area,150,9.0004758387055
Madrid,working,Full,connectors_shade,21,Afternoon,1632,244,1656,uniform_area,151,9.123728182113226
Madrid,working,Full,connectors_shade,21,Afternoon,1632,244,1656,uniform_area,152,9.247512390343537
Madrid,working,Full,connectors_shade,21,Afternoon,1632,244,1656,uniform_area,153,9.37224625351904
Madrid,working,Full,connectors_shade,21,Afternoon,1632,244,1656,uniform_area,154,9.498173750234713
Madrid,working,Full,connectors_shade,21,Afternoon,1632,244,1656,uniform_area,155,9.625717867073039
Madrid,working,Full,connectors_shade,21,Afternoon,1632,244,1656,uniform_area,156,9.753669928473714
Madrid,working,Full,connectors_shade,21,Afternoon,1632,244,1656,uniform_area,157,9.881851692199666
Madrid,working,Full,connectors_shade,21,Afternoon,1632,244,1656,uniform_area,158,10.012257419122472
Madrid,working,Full,connectors_shade,21,Afternoon,1632,244,1656,uniform_area,159,10.143525164722861
Madrid,working,Full,connectors_shade,21,Afternoon,1632,244,1656,uniform_area,160,10.275592550748843
Madrid,working,Full,connectors_shade,21,Afternoon,1632,244,1656,uniform_area,161,10.40820485391041
Madrid,working,Full,connectors_shade,21,Afternoon,1632,244,1656,uniform_area,162,10.541611500135557
Madrid,working,Full,connectors_shade,21,Afternoon,1632,244,1656,uniform_area,163,10.676030489866484
Madrid,working,Full,connectors_shade,21,Afternoon,1632,244,1656,uniform_area,164,10.81177746501979
Madrid,working,Full,connectors_shade,21,Afternoon,1632,244,1656,uniform_area,165,10.948752385276524
Madrid,working,Full,connectors_shade,21,Afternoon,1632,244,1656,uniform_area,166,11.086905787166712
Madrid,working,Full,connectors_shade,21,Afternoon,1632,244,1656,uniform_area,167,11.225279530290397
Madrid,working,Full,connectors_shade,21,Afternoon,1632,244,1656,uniform_area,168,11.363785498058155
Madrid,working,Full,connectors_shade,21,Afternoon,1632,244,1656,uniform_area,169,11.502444212305328
Madrid,working,Full,connectors_shade,21,Afternoon,1632,244,1656,uniform_area,170,11.64198815894084
Madrid,working,Full,connectors_shade,21,Afternoon,1632,244,1656,uniform_area,171,11.78211299224929
Madrid,working,Full,connectors_shade,21,Afternoon,1632,244,1656,uniform_area,172,11.923450247628105
Madrid,working,Full,connectors_shade,21,Afternoon,1632,244,1656,uniform_area,173,12.068087429887113
Madrid,working,Full,connectors_shade,21,Afternoon,1632,244,1656,uniform_area,174,12.213616443257559
Madrid,working,Full,connectors_shade,21,Afternoon,1632,244,1656,uniform_area,175,12.362078638807507
Madrid,working,Full,connectors_shade,21,Afternoon,1632,244,1656,uniform_area,176,12.512033692484177
Madrid,working,Full,connectors_shade,21,Afternoon,1632,244,1656,uniform_area,177,12.662993822639663
Madrid,working,Full,connectors_shade,21,Afternoon,1632,244,1656,uniform_area,178,12.81765431048428
Madrid,working,Full,connectors_shade,21,Afternoon,1632,244,1656,uniform_area,179,12.972749302267955
Madrid,working,Full,connectors_shade,21,Afternoon,1632,244,1656,uniform_area,180,13.12965739758203
Madrid,working,Full,connectors_shade,21,Afternoon,1632,244,1656,uniform_area,181,13.287102437380891
Madrid,working,Full,connectors_shade,21,Afternoon,1632,244,1656,uniform_area,182,13.448500547718435
Madrid,working,Full,connectors_shade,21,Afternoon,1632,244,1656,uniform_area,183,13.610583193335826
Madrid,working,Full,connectors_shade,21,Afternoon,1632,244,1656,uniform_area,184,13.774544501226137
Madrid,working,Full,connectors_shade,21,Afternoon,1632,244,1656,uniform_area,185,13.941783435242854
Madrid,working,Full,connectors_shade,21,Afternoon,1632,244,1656,uniform_area,186,14.109297865258037
Madrid,working,Full,connectors_shade,21,Afternoon,1632,244,1656,uniform_area,187,14.277493289302841
Madrid,working,Full,connectors_shade,21,Afternoon,1632,244,1656,uniform_area,188,14.446479450887722
Madrid,working,Full,connectors_shade,21,Afternoon,1632,244,1656,uniform_area,189,14.61593930445063
Madrid,working,Full,connectors_shade,21,Afternoon,1632,244,1656,uniform_area,190,14.786350273966336
Madrid,working,Full,connectors_shade,21,Afternoon,1632,244,1656,uniform_area,191,14.958091580062357
Madrid,working,Full,connectors_shade,21,Afternoon,1632,244,1656,uniform_area,192,15.130510433619909
Madrid,working,Full,connectors_shade,21,Afternoon,1632,244,1656,uniform_area,193,15.304172328898765
Madrid,working,Full,connectors_shade,21,Afternoon,1632,244,1656,uniform_area,194,15.478066974300223
Madrid,working,Full,connectors_shade,21,Afternoon,1632,244,1656,uniform_area,195,15.652436385665437
Madrid,working,Full,connectors_shade,21,Afternoon,1632,244,1656,uniform_area,196,15.831535961896916
Madrid,working,Full,connectors_shade,21,Afternoon,1632,244,1656,uniform_area,197,16.010960632363386
Madrid,working,Full,connectors_shade,21,Afternoon,1632,244,1656,uniform_area,198,16.191046392876917
Madrid,working,Full,connectors_shade,21,Afternoon,1632,244,1656,uniform_area,199,16.372094842679758
Madrid,working,Full,connectors_shade,21,Afternoon,1632,244,1656,uniform_area,200,16.55418906431241
Madrid,working,Full,connectors_shade,21,Afternoon,1632,244,1656,uniform_area,201,16.73772747745224
Madrid,working,Full,connectors_shade,21,Afternoon,1632,244,1656,uniform_area,202,16.92241112428134
Madrid,working,Full,connectors_shade,21,Afternoon,1632,244,1656,uniform_area,203,17.10739570273994
Madrid,working,Full,connectors_shade,21,Afternoon,1632,244,1656,uniform_area,204,17.29845580600527
Madrid,working,Full,connectors_shade,21,Afternoon,1632,244,1656,uniform_area,205,17.490034830975652
Madrid,working,Full,connectors_shade,21,Afternoon,1632,244,1656,uniform_area,206,17.682536256257336
Madrid,working,Full,connectors_shade,21,Afternoon,1632,244,1656,uniform_area,207,17.875233141412096
Madrid,working,Full,connectors_shade,21,Afternoon,1632,244,1656,uniform_area,208,18.069010034628874
Madrid,working,Full,connectors_shade,21,Afternoon,1632,244,1656,uniform_area,209,18.26421373239473
Madrid,working,Full,connectors_shade,21,Afternoon,1632,244,1656,uniform_area,210,18.45947130360668
Madrid,working,Full,connectors_shade,21,Afternoon,1632,244,1656,uniform_area,211,18.655090596528176
Madrid,working,Full,connectors_shade,21,Afternoon,1632,244,1656,uniform_area,212,18.85207716865094
Madrid,working,Full,connectors_shade,21,Afternoon,1632,244,1656,uniform_area,213,19.05121999725657
Madrid,working,Full,connectors_shade,21,Afternoon,1632,244,1656,uniform_area,214,19.25117046727413
Madrid,working,Full,connectors_shade,21,Afternoon,1632,244,1656,uniform_area,215,19.452610273519287
Madrid,working,Full,connectors_shade,21,Afternoon,1632,244,1656,uniform_area,216,19.66114419917147
Madrid,working,Full,connectors_shade,21,Afternoon,1632,244,1656,uniform_area,217,19.871407521049676
Madrid,working,Full,connectors_shade,21,Afternoon,1632,244,1656,uniform_area,218,20.0825246021438
Madrid,working,Full,connectors_shade,21,Afternoon,1632,244,1656,uniform_area,219,20.294893530398173
Madrid,working,Full,connectors_shade,21,Afternoon,1632,244,1656,uniform_area,220,20.51167194064218
Madrid,working,Full,connectors_shade,21,Afternoon,1632,244,1656,uniform_area,221,20.72961696684338
Madrid,working,Full,connectors_shade,21,Afternoon,1632,244,1656,uniform_area,222,20.949658107709073
Madrid,working,Full,connectors_shade,21,Afternoon,1632,244,1656,uniform_area,223,21.172599054263546
Madrid,working,Full,connectors_shade,21,Afternoon,1632,244,1656,uniform_area,224,21.395913420263962
Madrid,working,Full,connectors_shade,21,Afternoon,1632,244,1656,uniform_area,225,21.62484693970456
Madrid,working,Full,connectors_shade,21,Afternoon,1632,244,1656,uniform_area,226,21.856762865670404
Madrid,working,Full,connectors_shade,21,Afternoon,1632,244,1656,uniform_area,227,22.08977730487315
Madrid,working,Full,connectors_shade,21,Afternoon,1632,244,1656,uniform_area,228,22.324798024050253
Madrid,working,Full,connectors_shade,21,Afternoon,1632,244,1656,uniform_area,229,22.56076241177335
Madrid,working,Full,connectors_shade,21,Afternoon,1632,244,1656,uniform_area,230,22.79767594163764
Madrid,working,Full,connectors_shade,21,Afternoon,1632,244,1656,uniform_area,231,23.035236794627732
Madrid,working,Full,connectors_shade,21,Afternoon,1632,244,1656,uniform_area,232,23.273971194722275
Madrid,working,Full,connectors_shade,21,Afternoon,1632,244,1656,uniform_area,233,23.51522490408807
Madrid,working,Full,connectors_shade,21,Afternoon,1632,244,1656,uniform_area,234,23.75743402534956
Madrid,working,Full,connectors_shade,21,Afternoon,1632,244,1656,uniform_area,235,24.000667409699712
Madrid,working,Full,connectors_shade,21,Afternoon,1632,244,1656,uniform_area,236,24.24401659652613
Madrid,working,Full,connectors_shade,21,Afternoon,1632,244,1656,uniform_area,237,24.49209876518522
Madrid,working,Full,connectors_shade,21,Afternoon,1632,244,1656,uniform_area,238,24.740834888866527
Madrid,working,Full,connectors_shade,21,Afternoon,1632,244,1656,uniform_area,239,24.996062865087328
Madrid,working,Full,connectors_shade,21,Afternoon,1632,244,1656,uniform_area,240,25.253735348924973
Madrid,working,Full,connectors_shade,21,Afternoon,1632,244,1656,uniform_area,241,25.519165770720996
Madrid,working,Full,connectors_shade,21,Afternoon,1632,244,1656,uniform_area,242,25.79316190872721
Madrid,working,Full,connectors_shade,21,Afternoon,1632,244,1656,uniform_area,243,26.080162050419094
Madrid,working,Full,connectors_shade,21,Afternoon,1632,244,1656,uniform_area,244,26.42552523649573
Madrid,working,Full,connectors_shade,41,Morning,1632,244,1655,local,0,0.0
Madrid,working,Full,connectors_shade,41,Morning,1632,244,1655,local,1,0.0008745642335983905
Madrid,working,Full,connectors_shade,41,Morning,1632,244,1655,local,2,0.004256215579283326
Madrid,working,Full,connectors_shade,41,Morning,1632,244,1655,local,3,0.008815037316937975
Madrid,working,Full,connectors_shade,41,Morning,1632,244,1655,local,4,0.014041711352000155
Madrid,working,Full,connectors_shade,41,Morning,1632,244,1655,local,5,0.019604320181226334
Madrid,working,Full,connectors_shade,41,Morning,1632,244,1655,local,6,0.025701278299188963
Madrid,working,Full,connectors_shade,41,Morning,1632,244,1655,local,7,0.031863781494305785
Madrid,working,Full,connectors_shade,41,Morning,1632,244,1655,local,8,0.038346527250901735
Madrid,working,Full,connectors_shade,41,Morning,1632,244,1655,local,9,0.04667110542232454
Madrid,working,Full,connectors_shade,41,Morning,1632,244,1655,local,10,0.056226612529693215
Madrid,working,Full,connectors_shade,41,Morning,1632,244,1655,local,11,0.06664436045878701
Madrid,working,Full,connectors_shade,41,Morning,1632,244,1655,local,12,0.0790812409617559
Madrid,working,Full,connectors_shade,41,Morning,1632,244,1655,local,13,0.09192429189516538
Madrid,working,Full,connectors_shade,41,Morning,1632,244,1655,local,14,0.10625645710049969
Madrid,working,Full,connectors_shade,41,Morning,1632,244,1655,local,15,0.12193075828583595
Madrid,working,Full,connectors_shade,41,Morning,1632,244,1655,local,16,0.13820419749525395
Madrid,working,Full,connectors_shade,41,Morning,1632,244,1655,local,17,0.15544990046155585
Madrid,working,Full,connectors_shade,41,Morning,1632,244,1655,local,18,0.1738405102620915
Madrid,working,Full,connectors_shade,41,Morning,1632,244,1655,local,19,0.19256995747347305
Madrid,working,Full,connectors_shade,41,Morning,1632,244,1655,local,20,0.21231994908716753
Madrid,working,Full,connectors_shade,41,Morning,1632,244,1655,local,21,0.23362117543342106
Madrid,working,Full,connectors_shade,41,Morning,1632,244,1655,local,22,0.25641806150801133
Madrid,working,Full,connectors_shade,41,Morning,1632,244,1655,local,23,0.2800328184180229
Madrid,working,Full,connectors_shade,41,Morning,1632,244,1655,local,24,0.3039245551380219
Madrid,working,Full,connectors_shade,41,Morning,1632,244,1655,local,25,0.3281148063311945
Madrid,working,Full,connectors_shade,41,Morning,1632,244,1655,local,26,0.3540391521482242
Madrid,working,Full,connectors_shade,41,Morning,1632,244,1655,local,27,0.38036200454532865
Madrid,working,Full,connectors_shade,41,Morning,1632,244,1655,local,28,0.4092143962471139
Madrid,working,Full,connectors_shade,41,Morning,1632,244,1655,local,29,0.44004371540991083
Madrid,working,Full,connectors_shade,41,Morning,1632,244,1655,local,30,0.4714012103764141
Madrid,working,Full,connectors_shade,41,Morning,1632,244,1655,local,31,0.5040236857790408
Madrid,working,Full,connectors_shade,41,Morning,1632,244,1655,local,32,0.5370999129513413
Madrid,working,Full,connectors_shade,41,Morning,1632,244,1655,local,33,0.5707151154964587
Madrid,working,Full,connectors_shade,41,Morning,1632,244,1655,local,34,0.6056393039320505
Madrid,working,Full,connectors_shade,41,Morning,1632,244,1655,local,35,0.6409221496536032
Madrid,working,Full,connectors_shade,41,Morning,1632,244,1655,local,36,0.6781089122933841
Madrid,working,Full,connectors_shade,41,Morning,1632,244,1655,local,37,0.7165426184769953
Madrid,working,Full,connectors_shade,41,Morning,1632,244,1655,local,38,0.7601393903495082
Madrid,working,Full,connectors_shade,41,Morning,1632,244,1655,local,39,0.8055908313692266
Madrid,working,Full,connectors_shade,41,Morning,1632,244,1655,local,40,0.8535916179297942
Madrid,working,Full,connectors_shade,41,Morning,1632,244,1655,local,41,0.9022809979120064
Madrid,working,Full,connectors_shade,41,Morning,1632,244,1655,local,42,0.9514997650847244
Madrid,working,Full,connectors_shade,41,Morning,1632,244,1655,local,43,1.0014900405798601
Madrid,working,Full,connectors_shade,41,Morning,1632,244,1655,local,44,1.0529772008290819
Madrid,working,Full,connectors_shade,41,Morning,1632,244,1655,local,45,1.104708239155042
Madrid,working,Full,connectors_shade,41,Morning,1632,244,1655,local,46,1.157242553399313
Madrid,working,Full,connectors_shade,41,Morning,1632,244,1655,local,47,1.2109191619988122
Madrid,working,Full,connectors_shade,41,Morning,1632,244,1655,local,48,1.2651878548050932
Madrid,working,Full,connectors_shade,41,Morning,1632,244,1655,local,49,1.3202923896241463
Madrid,working,Full,connectors_shade,41,Morning,1632,244,1655,local,50,1.3757823363907382
Madrid,working,Full,connectors_shade,41,Morning,1632,244,1655,local,51,1.4313428684467047
Madrid,working,Full,connectors_shade,41,Morning,1632,244,1655,local,52,1.4897176020662761
Madrid,working,Full,connectors_shade,41,Morning,1632,244,1655,local,53,1.5486872332361767
Madrid,working,Full,connectors_shade,41,Morning,1632,244,1655,local,54,1.6089566787221845
Madrid,working,Full,connectors_shade,41,Morning,1632,244,1655,local,55,1.6703960696760267
Madrid,working,Full,connectors_shade,41,Morning,1632,244,1655,local,56,1.7325562221365978
Madrid,working,Full,connectors_shade,41,Morning,1632,244,1655,local,57,1.7964342376298368
Madrid,working,Full,connectors_shade,41,Morning,1632,244,1655,local,58,1.86245643503602
Madrid,working,Full,connectors_shade,41,Morning,1632,244,1655,local,59,1.9285157539461848
Madrid,working,Full,connectors_shade,41,Morning,1632,244,1655,local,60,1.9949821248589659
Madrid,working,Full,connectors_shade,41,Morning,1632,244,1655,local,61,2.0619824879679554
Madrid,working,Full,connectors_shade,41,Morning,1632,244,1655,local,62,2.130240521035516
Madrid,working,Full,connectors_shade,41,Morning,1632,244,1655,local,63,2.198744208963112
Madrid,working,Full,connectors_shade,41,Morning,1632,244,1655,local,64,2.2682304568154343
Madrid,working,Full,connectors_shade,41,Morning,1632,244,1655,local,65,2.339737163939562
Madrid,working,Full,connectors_shade,41,Morning,1632,244,1655,local,66,2.411870211354904
Madrid,working,Full,connectors_shade,41,Morning,1632,244,1655,local,67,2.48456867758859
Madrid,working,Full,connectors_shade,41,Morning,1632,244,1655,local,68,2.5580947826261746
Madrid,working,Full,connectors_shade,41,Morning,1632,244,1655,local,69,2.6351022471781915
Madrid,working,Full,connectors_shade,41,Morning,1632,244,1655,local,70,2.7127447276339516
Madrid,working,Full,connectors_shade,41,Morning,1632,244,1655,local,71,2.7906277012268768
Madrid,working,Full,connectors_shade,41,Morning,1632,244,1655,local,72,2.868750986930898
Madrid,working,Full,connectors_shade,41,Morning,1632,244,1655,local,73,2.950101336394112
Madrid,working,Full,connectors_shade,41,Morning,1632,244,1655,local,74,3.0320942441007865
Madrid,working,Full,connectors_shade,41,Morning,1632,244,1655,local,75,3.115325692517779
Madrid,working,Full,connectors_shade,41,Morning,1632,244,1655,local,76,3.1989782770138
Madrid,working,Full,connectors_shade,41,Morning,1632,244,1655,local,77,3.2830912306503746
Madrid,working,Full,connectors_shade,41,Morning,1632,244,1655,local,78,3.367573415479385
Madrid,working,Full,connectors_shade,41,Morning,1632,244,1655,local,79,3.4524226108316842
Madrid,working,Full,connectors_shade,41,Morning,1632,244,1655,local,80,3.538268286517715
Madrid,working,Full,connectors_shade,41,Morning,1632,244,1655,local,81,3.6253970911235798
Madrid,working,Full,connectors_shade,41,Morning,1632,244,1655,local,82,3.7130850703881846
Madrid,working,Full,connectors_shade,41,Morning,1632,244,1655,local,83,3.8012114253654543
Madrid,working,Full,connectors_shade,41,Morning,1632,244,1655,local,84,3.8906423968093677
Madrid,working,Full,connectors_shade,41,Morning,1632,244,1655,local,85,3.9810738324005093
Madrid,working,Full,connectors_shade,41,Morning,1632,244,1655,local,86,4.072035177181996
Madrid,working,Full,connectors_shade,41,Morning,1632,244,1655,local,87,4.164485658553688
Madrid,working,Full,connectors_shade,41,Morning,1632,244,1655,local,88,4.2581114988167235
Madrid,working,Full,connectors_shade,41,Morning,1632,244,1655,local,89,4.3519715682188576
Madrid,working,Full,connectors_shade,41,Morning,1632,244,1655,local,90,4.446631314096232
Madrid,working,Full,connectors_shade,41,Morning,1632,244,1655,local,91,4.5421663433518775
Madrid,working,Full,connectors_shade,41,Morning,1632,244,1655,local,92,4.6389942868544995
Madrid,working,Full,connectors_shade,41,Morning,1632,244,1655,local,93,4.736026261619554
Madrid,working,Full,connectors_shade,41,Morning,1632,244,1655,local,94,4.8340169963404405
Madrid,working,Full,connectors_shade,41,Morning,1632,244,1655,local,95,4.932655085255796
Madrid,working,Full,connectors_shade,41,Morning,1632,244,1655,local,96,5.031608749731694
Madrid,working,Full,connectors_shade,41,Morning,1632,244,1655,local,97,5.130955651193093
Madrid,working,Full,connectors_shade,41,Morning,1632,244,1655,local,98,5.2314481538353075
Madrid,working,Full,connectors_shade,41,Morning,1632,244,1655,local,99,5.332814287062954
Madrid,working,Full,connectors_shade,41,Morning,1632,244,1655,local,100,5.437266283713337
Madrid,working,Full,connectors_shade,41,Morning,1632,244,1655,local,101,5.5428696285023795
Madrid,working,Full,connectors_shade,41,Morning,1632,244,1655,local,102,5.650497845383716
Madrid,working,Full,connectors_shade,41,Morning,1632,244,1655,local,103,5.759172509514475
Madrid,working,Full,connectors_shade,41,Morning,1632,244,1655,local,104,5.870202515032191
Madrid,working,Full,connectors_shade,41,Morning,1632,244,1655,local,105,5.98218950000272
Madrid,working,Full,connectors_shade,41,Morning,1632,244,1655,local,106,6.095502582787181
Madrid,working,Full,connectors_shade,41,Morning,1632,244,1655,local,107,6.209975484738566
Madrid,working,Full,connectors_shade,41,Morning,1632,244,1655,local,108,6.3261813777987035
Madrid,working,Full,connectors_shade,41,Morning,1632,244,1655,local,109,6.443304234870328
Madrid,working,Full,connectors_shade,41,Morning,1632,244,1655,local,110,6.561377201083345
Madrid,working,Full,connectors_shade,41,Morning,1632,244,1655,local,111,6.68268846583119
Madrid,working,Full,connectors_shade,41,Morning,1632,244,1655,local,112,6.804654020799871
Madrid,working,Full,connectors_shade,41,Morning,1632,244,1655,local,113,6.926997578046172
Madrid,working,Full,connectors_shade,41,Morning,1632,244,1655,local,114,7.049480245149763
Madrid,working,Full,connectors_shade,41,Morning,1632,244,1655,local,115,7.172637843166152
Madrid,working,Full,connectors_shade,41,Morning,1632,244,1655,local,116,7.299267676238987
Madrid,working,Full,connectors_shade,41,Morning,1632,244,1655,local,117,7.427716601876189
Madrid,working,Full,connectors_shade,41,Morning,1632,244,1655,local,118,7.558534373941307
Madrid,working,Full,connectors_shade,41,Morning,1632,244,1655,local,119,7.692225078131472
Madrid,working,Full,connectors_shade,41,Morning,1632,244,1655,local,120,7.827188499762494
Madrid,working,Full,connectors_shade,41,Morning,1632,244,1655,local,121,7.963055084026842
Madrid,working,Full,connectors_shade,41,Morning,1632,244,1655,local,122,8.099192195637608
Madrid,working,Full,connectors_shade,41,Morning,1632,244,1655,local,123,8.236098980511976
Madrid,working,Full,connectors_shade,41,Morning,1632,244,1655,local,124,8.374672385641482
Madrid,working,Full,connectors_shade,41,Morning,1632,244,1655,local,125,8.513943380940448
Madrid,working,Full,connectors_shade,41,Morning,1632,244,1655,local,126,8.6550518355107
Madrid,working,Full,connectors_shade,41,Morning,1632,244,1655,local,127,8.797486121315393
Madrid,working,Full,connectors_shade,41,Morning,1632,244,1655,local,128,8.941995759448577
Madrid,working,Full,connectors_shade,41,Morning,1632,244,1655,local,129,9.088383906374816
Madrid,working,Full,connectors_shade,41,Morning,1632,244,1655,local,130,9.235600691468068
Madrid,working,Full,connectors_shade,41,Morning,1632,244,1655,local,131,9.384648991729927
Madrid,working,Full,connectors_shade,41,Morning,1632,244,1655,local,132,9.5342134878372
Madrid,working,Full,connectors_shade,41,Morning,1632,244,1655,local,133,9.685596530950805
Madrid,working,Full,connectors_shade,41,Morning,1632,244,1655,local,134,9.839941339154912
Madrid,working,Full,connectors_shade,41,Morning,1632,244,1655,local,135,9.994329346875373
Madrid,working,Full,connectors_shade,41,Morning,1632,244,1655,local,136,10.15005747201114
Madrid,working,Full,connectors_shade,41,Morning,1632,244,1655,local,137,10.306671702412572
Madrid,working,Full,connectors_shade,41,Morning,1632,244,1655,local,138,10.46419021508119
Madrid,working,Full,connectors_shade,41,Morning,1632,244,1655,local,139,10.6255255905716
Madrid,working,Full,connectors_shade,41,Morning,1632,244,1655,local,140,10.78732306362958
Madrid,working,Full,connectors_shade,41,Morning,1632,244,1655,local,141,10.95113303329198
Madrid,working,Full,connectors_shade,41,Morning,1632,244,1655,local,142,11.116252212027685
Madrid,working,Full,connectors_shade,41,Morning,1632,244,1655,local,143,11.285511422321534
Madrid,working,Full,connectors_shade,41,Morning,1632,244,1655,local,144,11.455282558229326
Madrid,working,Full,connectors_shade,41,Morning,1632,244,1655,local,145,11.625387922822553
Madrid,working,Full,connectors_shade,41,Morning,1632,244,1655,local,146,11.798247137862614
Madrid,working,Full,connectors_shade,41,Morning,1632,244,1655,local,147,11.973602109766485
Madrid,working,Full,connectors_shade,41,Morning,1632,244,1655,local,148,12.151681046696487
Madrid,working,Full,connectors_shade,41,Morning,1632,244,1655,local,149,12.331639536419218
Madrid,working,Full,connectors_shade,41,Morning,1632,244,1655,local,150,12.513591333982705
Madrid,working,Full,connectors_shade,41,Morning,1632,244,1655,local,151,12.698532628343099
Madrid,working,Full,connectors_shade,41,Morning,1632,244,1655,local,152,12.884384759106421
Madrid,working,Full,connectors_shade,41,Morning,1632,244,1655,local,153,13.071310543106005
Madrid,working,Full,connectors_shade,41,Morning,1632,244,1655,local,154,13.262510036498957
Madrid,working,Full,connectors_shade,41,Morning,1632,244,1655,local,155,13.455977643989883
Madrid,working,Full,connectors_shade,41,Morning,1632,244,1655,local,156,13.650335454631183
Madrid,working,Full,connectors_shade,41,Morning,1632,244,1655,local,157,13.846712612349863
Madrid,working,Full,connectors_shade,41,Morning,1632,244,1655,local,158,14.04496671286208
Madrid,working,Full,connectors_shade,41,Morning,1632,244,1655,local,159,14.249203920971578
Madrid,working,Full,connectors_shade,41,Morning,1632,244,1655,local,160,14.4565914687832
Madrid,working,Full,connectors_shade,41,Morning,1632,244,1655,local,161,14.665445045082903
Madrid,working,Full,connectors_shade,41,Morning,1632,244,1655,local,162,14.87443838590953
Madrid,working,Full,connectors_shade,41,Morning,1632,244,1655,local,163,15.083621003133784
Madrid,working,Full,connectors_shade,41,Morning,1632,244,1655,local,164,15.29400484737917
Madrid,working,Full,connectors_shade,41,Morning,1632,244,1655,local,165,15.507029512367572
Madrid,working,Full,connectors_shade,41,Morning,1632,244,1655,local,166,15.72192932476764
Madrid,working,Full,connectors_shade,41,Morning,1632,244,1655,local,167,15.941997384417954
Madrid,working,Full,connectors_shade,41,Morning,1632,244,1655,local,168,16.1647894872084
Madrid,working,Full,connectors_shade,41,Morning,1632,244,1655,local,169,16.389223893244854
Madrid,working,Full,connectors_shade,41,Morning,1632,244,1655,local,170,16.61415081666847
Madrid,working,Full,connectors_shade,41,Morning,1632,244,1655,local,171,16.8412596299839
Madrid,working,Full,connectors_shade,41,Morning,1632,244,1655,local,172,17.07200199366463
Madrid,working,Full,connectors_shade,41,Morning,1632,244,1655,local,173,17.31203857315572
Madrid,working,Full,connectors_shade,41,Morning,1632,244,1655,local,174,17.555616637615366
Madrid,working,Full,connectors_shade,41,Morning,1632,244,1655,local,175,17.801568690387324
Madrid,working,Full,connectors_shade,41,Morning,1632,244,1655,local,176,18.05102103353723
Madrid,working,Full,connectors_shade,41,Morning,1632,244,1655,local,177,18.30162793617873
Madrid,working,Full,connectors_shade,41,Morning,1632,244,1655,local,178,18.55389068182453
Madrid,working,Full,connectors_shade,41,Morning,1632,244,1655,local,179,18.807584454691305
Madrid,working,Full,connectors_shade,41,Morning,1632,244,1655,local,180,19.061410690286788
Madrid,working,Full,connectors_shade,41,Morning,1632,244,1655,local,181,19.31879691270734
Madrid,working,Full,connectors_shade,41,Morning,1632,244,1655,local,182,19.576612886064126
Madrid,working,Full,connectors_shade,41,Morning,1632,244,1655,local,183,19.836559191599417
Madrid,working,Full,connectors_shade,41,Morning,1632,244,1655,local,184,20.097248553366136
Madrid,working,Full,connectors_shade,41,Morning,1632,244,1655,local,185,20.3588269230152
Madrid,working,Full,connectors_shade,41,Morning,1632,244,1655,local,186,20.620655028050365
Madrid,working,Full,connectors_shade,41,Morning,1632,244,1655,local,187,20.887171593049203
Madrid,working,Full,connectors_shade,41,Morning,1632,244,1655,local,188,21.15454616955515
Madrid,working,Full,connectors_shade,41,Morning,1632,244,1655,local,189,21.422873587952253
Madrid,working,Full,connectors_shade,41,Morning,1632,244,1655,local,190,21.691942873512275
Madrid,working,Full,connectors_shade,41,Morning,1632,244,1655,local,191,21.96567302619887
Madrid,working,Full,connectors_shade,41,Morning,1632,244,1655,local,192,22.24781618581345
Madrid,working,Full,connectors_shade,41,Morning,1632,244,1655,local,193,22.530181149483067
Madrid,working,Full,connectors_shade,41,Morning,1632,244,1655,local,194,22.814248750156803
Madrid,working,Full,connectors_shade,41,Morning,1632,244,1655,local,195,23.10225243172005
Madrid,working,Full,connectors_shade,41,Morning,1632,244,1655,local,196,23.391769586721097
Madrid,working,Full,connectors_shade,41,Morning,1632,244,1655,local,197,23.688484678094074
Madrid,working,Full,connectors_shade,41,Morning,1632,244,1655,local,198,23.986785445029835
Madrid,working,Full,connectors_shade,41,Morning,1632,244,1655,local,199,24.286420236489672
Madrid,working,Full,connectors_shade,41,Morning,1632,244,1655,local,200,24.59038703393769
Madrid,working,Full,connectors_shade,41,Morning,1632,244,1655,local,201,24.895216837228585
Madrid,working,Full,connectors_shade,41,Morning,1632,244,1655,local,202,25.203023901937723
Madrid,working,Full,connectors_shade,41,Morning,1632,244,1655,local,203,25.51360921841635
Madrid,working,Full,connectors_shade,41,Morning,1632,244,1655,local,204,25.82646855961818
Madrid,working,Full,connectors_shade,41,Morning,1632,244,1655,local,205,26.14390631801006
Madrid,working,Full,connectors_shade,41,Morning,1632,244,1655,local,206,26.46753141860601
Madrid,working,Full,connectors_shade,41,Morning,1632,244,1655,local,207,26.79485726743728
Madrid,working,Full,connectors_shade,41,Morning,1632,244,1655,local,208,27.136970922858183
Madrid,working,Full,connectors_shade,41,Morning,1632,244,1655,local,209,27.491576195610747
Madrid,working,Full,connectors_shade,41,Morning,1632,244,1655,local,210,27.8539883590841
Madrid,working,Full,connectors_shade,41,Morning,1632,244,1655,local,211,28.217503935984055
Madrid,working,Full,connectors_shade,41,Morning,1632,244,1655,local,212,28.584646211536487
Madrid,working,Full,connectors_shade,41,Morning,1632,244,1655,local,213,28.954913666646785
Madrid,working,Full,connectors_shade,41,Morning,1632,244,1655,local,214,29.332821773507792
Madrid,working,Full,connectors_shade,41,Morning,1632,244,1655,local,215,29.714950283783363
Madrid,working,Full,connectors_shade,41,Morning,1632,244,1655,local,216,30.112753955738064
Madrid,working,Full,connectors_shade,41,Morning,1632,244,1655,local,217,30.51329889558767
Madrid,working,Full,connectors_shade,41,Morning,1632,244,1655,local,218,30.92046267560317
Madrid,working,Full,connectors_shade,41,Morning,1632,244,1655,local,219,31.348399413168373
Madrid,working,Full,connectors_shade,41,Morning,1632,244,1655,local,220,31.77836855524634
Madrid,working,Full,connectors_shade,41,Morning,1632,244,1655,local,221,32.2097701814332
Madrid,working,Full,connectors_shade,41,Morning,1632,244,1655,local,222,32.64241268803036
Madrid,working,Full,connectors_shade,41,Morning,1632,244,1655,local,223,33.080260320360445
Madrid,working,Full,connectors_shade,41,Morning,1632,244,1655,local,224,33.51897482455596
Madrid,working,Full,connectors_shade,41,Morning,1632,244,1655,local,225,33.965285348896025
Madrid,working,Full,connectors_shade,41,Morning,1632,244,1655,local,226,34.43075287055301
Madrid,working,Full,connectors_shade,41,Morning,1632,244,1655,local,227,34.896793564151835
Madrid,working,Full,connectors_shade,41,Morning,1632,244,1655,local,228,35.370317410618874
Madrid,working,Full,connectors_shade,41,Morning,1632,244,1655,local,229,35.85153185839365
Madrid,working,Full,connectors_shade,41,Morning,1632,244,1655,local,230,36.34732559304094
Madrid,working,Full,connectors_shade,41,Morning,1632,244,1655,local,231,36.847982865901905
Madrid,working,Full,connectors_shade,41,Morning,1632,244,1655,local,232,37.3491919099512
Madrid,working,Full,connectors_shade,41,Morning,1632,244,1655,local,233,37.852047735781944
Madrid,working,Full,connectors_shade,41,Morning,1632,244,1655,local,234,38.373708934382584
Madrid,working,Full,connectors_shade,41,Morning,1632,244,1655,local,235,38.92655633016889
Madrid,working,Full,connectors_shade,41,Morning,1632,244,1655,local,236,39.486346732980635
Madrid,working,Full,connectors_shade,41,Morning,1632,244,1655,local,237,40.05866008923314
Madrid,working,Full,connectors_shade,41,Morning,1632,244,1655,local,238,40.64784829546429
Madrid,working,Full,connectors_shade,41,Morning,1632,244,1655,local,239,41.261741903494446
Madrid,working,Full,connectors_shade,41,Morning,1632,244,1655,local,240,41.87983741308265
Madrid,working,Full,connectors_shade,41,Morning,1632,244,1655,local,241,42.53123090430201
Madrid,working,Full,connectors_shade,41,Morning,1632,244,1655,local,242,43.21526440937463
Madrid,working,Full,connectors_shade,41,Morning,1632,244,1655,local,243,44.13724700294377
Madrid,working,Full,connectors_shade,41,Morning,1632,244,1655,local,244,45.07109351461792
Madrid,working,Full,connectors_shade,41,Morning,1632,244,1655,regional,0,0.0
Madrid,working,Full,connectors_shade,41,Morning,1632,244,1655,regional,1,0.0004966808232824145
Madrid,working,Full,connectors_shade,41,Morning,1632,244,1655,regional,2,0.0025968652452821143
Madrid,working,Full,connectors_shade,41,Morning,1632,244,1655,regional,3,0.006056230653402569
Madrid,working,Full,connectors_shade,41,Morning,1632,244,1655,regional,4,0.011724978702337383
Madrid,working,Full,connectors_shade,41,Morning,1632,244,1655,regional,5,0.017522030994348594
Madrid,working,Full,connectors_shade,41,Morning,1632,244,1655,regional,6,0.023827718956988254
Madrid,working,Full,connectors_shade,41,Morning,1632,244,1655,regional,7,0.03157880633556199
Madrid,working,Full,connectors_shade,41,Morning,1632,244,1655,regional,8,0.03967964312097198
Madrid,working,Full,connectors_shade,41,Morning,1632,244,1655,regional,9,0.04827311892490213
Madrid,working,Full,connectors_shade,41,Morning,1632,244,1655,regional,10,0.05721947877699852
Madrid,working,Full,connectors_shade,41,Morning,1632,244,1655,regional,11,0.06726158592452178
Madrid,working,Full,connectors_shade,41,Morning,1632,244,1655,regional,12,0.07852727207695026
Madrid,working,Full,connectors_shade,41,Morning,1632,244,1655,regional,13,0.09194935898807395
Madrid,working,Full,connectors_shade,41,Morning,1632,244,1655,regional,14,0.10614808898144508
Madrid,working,Full,connectors_shade,41,Morning,1632,244,1655,regional,15,0.12278873110361015
Madrid,working,Full,connectors_shade,41,Morning,1632,244,1655,regional,16,0.14058990816252614
Madrid,working,Full,connectors_shade,41,Morning,1632,244,1655,regional,17,0.15879344126312822
Madrid,working,Full,connectors_shade,41,Morning,1632,244,1655,regional,18,0.1771937858708946
Madrid,working,Full,connectors_shade,41,Morning,1632,244,1655,regional,19,0.1961438159263204
Madrid,working,Full,connectors_shade,41,Morning,1632,244,1655,regional,20,0.21557132981173202
Madrid,working,Full,connectors_shade,41,Morning,1632,244,1655,regional,21,0.23554402365065555
Madrid,working,Full,connectors_shade,41,Morning,1632,244,1655,regional,22,0.25673824463736106
Madrid,working,Full,connectors_shade,41,Morning,1632,244,1655,regional,23,0.2790212651594481
Madrid,working,Full,connectors_shade,41,Morning,1632,244,1655,regional,24,0.3018050158903321
Madrid,working,Full,connectors_shade,41,Morning,1632,244,1655,regional,25,0.324653937090563
Madrid,working,Full,connectors_shade,41,Morning,1632,244,1655,regional,26,0.350902383762326
Madrid,working,Full,connectors_shade,41,Morning,1632,244,1655,regional,27,0.3773543597517939
Madrid,working,Full,connectors_shade,41,Morning,1632,244,1655,regional,28,0.4048960891880515
Madrid,working,Full,connectors_shade,41,Morning,1632,244,1655,regional,29,0.4329206519389335
Madrid,working,Full,connectors_shade,41,Morning,1632,244,1655,regional,30,0.4617429790131408
Madrid,working,Full,connectors_shade,41,Morning,1632,244,1655,regional,31,0.49159960506310935
Madrid,working,Full,connectors_shade,41,Morning,1632,244,1655,regional,32,0.5235211397648486
Madrid,working,Full,connectors_shade,41,Morning,1632,244,1655,regional,33,0.5558724576723212
Madrid,working,Full,connectors_shade,41,Morning,1632,244,1655,regional,34,0.5889933534003223
Madrid,working,Full,connectors_shade,41,Morning,1632,244,1655,regional,35,0.6226707408286414
Madrid,working,Full,connectors_shade,41,Morning,1632,244,1655,regional,36,0.6584483076251249
Madrid,working,Full,connectors_shade,41,Morning,1632,244,1655,regional,37,0.6973680901873438
Madrid,working,Full,connectors_shade,41,Morning,1632,244,1655,regional,38,0.7390246306822081
Madrid,working,Full,connectors_shade,41,Morning,1632,244,1655,regional,39,0.782270112149442
Madrid,working,Full,connectors_shade,41,Morning,1632,244,1655,regional,40,0.825995988455781
Madrid,working,Full,connectors_shade,41,Morning,1632,244,1655,regional,41,0.8704587316338249
Madrid,working,Full,connectors_shade,41,Morning,1632,244,1655,regional,42,0.9155776344611299
Madrid,working,Full,connectors_shade,41,Morning,1632,244,1655,regional,43,0.9623342919922793
Madrid,working,Full,connectors_shade,41,Morning,1632,244,1655,regional,44,1.0095052995796827
Madrid,working,Full,connectors_shade,41,Morning,1632,244,1655,regional,45,1.0578880551436103
Madrid,working,Full,connectors_shade,41,Morning,1632,244,1655,regional,46,1.1068561433823176
Madrid,working,Full,connectors_shade,41,Morning,1632,244,1655,regional,47,1.1570037007516398
Madrid,working,Full,connectors_shade,41,Morning,1632,244,1655,regional,48,1.2080151784115138
Madrid,working,Full,connectors_shade,41,Morning,1632,244,1655,regional,49,1.2597197681007288
Madrid,working,Full,connectors_shade,41,Morning,1632,244,1655,regional,50,1.3120244565079435
Madrid,working,Full,connectors_shade,41,Morning,1632,244,1655,regional,51,1.3651895388921438
Madrid,working,Full,connectors_shade,41,Morning,1632,244,1655,regional,52,1.418443094980151
Madrid,working,Full,connectors_shade,41,Morning,1632,244,1655,regional,53,1.473704706599989
Madrid,working,Full,connectors_shade,41,Morning,1632,244,1655,regional,54,1.5304655371910774
Madrid,working,Full,connectors_shade,41,Morning,1632,244,1655,regional,55,1.589188050584959
Madrid,working,Full,connectors_shade,41,Morning,1632,244,1655,regional,56,1.6492257639634702
Madrid,working,Full,connectors_shade,41,Morning,1632,244,1655,regional,57,1.711150346957722
Madrid,working,Full,connectors_shade,41,Morning,1632,244,1655,regional,58,1.7735495406766055
Madrid,working,Full,connectors_shade,41,Morning,1632,244,1655,regional,59,1.8361228491284263
Madrid,working,Full,connectors_shade,41,Morning,1632,244,1655,regional,60,1.9016600272894588
Madrid,working,Full,connectors_shade,41,Morning,1632,244,1655,regional,61,1.967431258669804
Madrid,working,Full,connectors_shade,41,Morning,1632,244,1655,regional,62,2.0340965817373005
Madrid,working,Full,connectors_shade,41,Morning,1632,244,1655,regional,63,2.1012763776551684
Madrid,working,Full,connectors_shade,41,Morning,1632,244,1655,regional,64,2.1698871948276106
Madrid,working,Full,connectors_shade,41,Morning,1632,244,1655,regional,65,2.2404735536826346
Madrid,working,Full,connectors_shade,41,Morning,1632,244,1655,regional,66,2.312006751103586
Madrid,working,Full,connectors_shade,41,Morning,1632,244,1655,regional,67,2.384092883588279
Madrid,working,Full,connectors_shade,41,Morning,1632,244,1655,regional,68,2.456728887249079
Madrid,working,Full,connectors_shade,41,Morning,1632,244,1655,regional,69,2.529942299170949
Madrid,working,Full,connectors_shade,41,Morning,1632,244,1655,regional,70,2.60378384975239
Madrid,working,Full,connectors_shade,41,Morning,1632,244,1655,regional,71,2.678758678673479
Madrid,working,Full,connectors_shade,41,Morning,1632,244,1655,regional,72,2.7550959912620403
Madrid,working,Full,connectors_shade,41,Morning,1632,244,1655,regional,73,2.834513353652061
Madrid,working,Full,connectors_shade,41,Morning,1632,244,1655,regional,74,2.914614422883973
Madrid,working,Full,connectors_shade,41,Morning,1632,244,1655,regional,75,2.995040381707003
Madrid,working,Full,connectors_shade,41,Morning,1632,244,1655,regional,76,3.0765459686178414
Madrid,working,Full,connectors_shade,41,Morning,1632,244,1655,regional,77,3.159571224844376
Madrid,working,Full,connectors_shade,41,Morning,1632,244,1655,regional,78,3.243506287658853
Madrid,working,Full,connectors_shade,41,Morning,1632,244,1655,regional,79,3.328897490552683
Madrid,working,Full,connectors_shade,41,Morning,1632,244,1655,regional,80,3.416546623228992
Madrid,working,Full,connectors_shade,41,Morning,1632,244,1655,regional,81,3.505761957145843
Madrid,working,Full,connectors_shade,41,Morning,1632,244,1655,regional,82,3.595932877817486
Madrid,working,Full,connectors_shade,41,Morning,1632,244,1655,regional,83,3.686320090004367
Madrid,working,Full,connectors_shade,41,Morning,1632,244,1655,regional,84,3.77756480284754
Madrid,working,Full,connectors_shade,41,Morning,1632,244,1655,regional,85,3.8695156527170216
Madrid,working,Full,connectors_shade,41,Morning,1632,244,1655,regional,86,3.9622426074352917
Madrid,working,Full,connectors_shade,41,Morning,1632,244,1655,regional,87,4.055651295472782
Madrid,working,Full,connectors_shade,41,Morning,1632,244,1655,regional,88,4.152369490067862
Madrid,working,Full,connectors_shade,41,Morning,1632,244,1655,regional,89,4.249220875964732
Madrid,working,Full,connectors_shade,41,Morning,1632,244,1655,regional,90,4.346403361352805
Madrid,working,Full,connectors_shade,41,Morning,1632,244,1655,regional,91,4.44378217055294
Madrid,working,Full,connectors_shade,41,Morning,1632,244,1655,regional,92,4.542036511230177
Madrid,working,Full,connectors_shade,41,Morning,1632,244,1655,regional,93,4.641526524740133
Madrid,working,Full,connectors_shade,41,Morning,1632,244,1655,regional,94,4.741495732803315
Madrid,working,Full,connectors_shade,41,Morning,1632,244,1655,regional,95,4.8422542235907695
Madrid,working,Full,connectors_shade,41,Morning,1632,244,1655,regional,96,4.94407043914395
Madrid,working,Full,connectors_shade,41,Morning,1632,244,1655,regional,97,5.04653230742285
Madrid,working,Full,connectors_shade,41,Morning,1632,244,1655,regional,98,5.150078872786349
Madrid,working,Full,connectors_shade,41,Morning,1632,244,1655,regional,99,5.257005339578999
Madrid,working,Full,connectors_shade,41,Morning,1632,244,1655,regional,100,5.365766340996188
Madrid,working,Full,connectors_shade,41,Morning,1632,244,1655,regional,101,5.475241600952974
Madrid,working,Full,connectors_shade,41,Morning,1632,244,1655,regional,102,5.586245026986018
Madrid,working,Full,connectors_shade,41,Morning,1632,244,1655,regional,103,5.698375875227076
Madrid,working,Full,connectors_shade,41,Morning,1632,244,1655,regional,104,5.810918518810662
Madrid,working,Full,connectors_shade,41,Morning,1632,244,1655,regional,105,5.924345357408468
Madrid,working,Full,connectors_shade,41,Morning,1632,244,1655,regional,106,6.038007740106993
Madrid,working,Full,connectors_shade,41,Morning,1632,244,1655,regional,107,6.152437992429726
Madrid,working,Full,connectors_shade,41,Morning,1632,244,1655,regional,108,6.267556105846953
Madrid,working,Full,connectors_shade,41,Morning,1632,244,1655,regional,109,6.383919263170962
Madrid,working,Full,connectors_shade,41,Morning,1632,244,1655,regional,110,6.500836881816962
Madrid,working,Full,connectors_shade,41,Morning,1632,244,1655,regional,111,6.620062288857363
Madrid,working,Full,connectors_shade,41,Morning,1632,244,1655,regional,112,6.7397449795481466
Madrid,working,Full,connectors_shade,41,Morning,1632,244,1655,regional,113,6.859689153149214
Madrid,working,Full,connectors_shade,41,Morning,1632,244,1655,regional,114,6.9797759308202645
Madrid,working,Full,connectors_shade,41,Morning,1632,244,1655,regional,115,7.101377140770207
Madrid,working,Full,connectors_shade,41,Morning,1632,244,1655,regional,116,7.224942725953685
Madrid,working,Full,connectors_shade,41,Morning,1632,244,1655,regional,117,7.349542202015726
Madrid,working,Full,connectors_shade,41,Morning,1632,244,1655,regional,118,7.475018867212839
Madrid,working,Full,connectors_shade,41,Morning,1632,244,1655,regional,119,7.602055431517901
Madrid,working,Full,connectors_shade,41,Morning,1632,244,1655,regional,120,7.731596738495374
Madrid,working,Full,connectors_shade,41,Morning,1632,244,1655,regional,121,7.8636030372038865
Madrid,working,Full,connectors_shade,41,Morning,1632,244,1655,regional,122,7.998310768799923
Madrid,working,Full,connectors_shade,41,Morning,1632,244,1655,regional,123,8.133438342707706
Madrid,working,Full,connectors_shade,41,Morning,1632,244,1655,regional,124,8.270738509862408
Madrid,working,Full,connectors_shade,41,Morning,1632,244,1655,regional,125,8.41028123682305
Madrid,working,Full,connectors_shade,41,Morning,1632,244,1655,regional,126,8.551102361739845
Madrid,working,Full,connectors_shade,41,Morning,1632,244,1655,regional,127,8.694388947130905
Madrid,working,Full,connectors_shade,41,Morning,1632,244,1655,regional,128,8.839804945800282
Madrid,working,Full,connectors_shade,41,Morning,1632,244,1655,regional,129,8.988579311506703
Madrid,working,Full,connectors_shade,41,Morning,1632,244,1655,regional,130,9.137564472682493
Madrid,working,Full,connectors_shade,41,Morning,1632,244,1655,regional,131,9.287695644072453
Madrid,working,Full,connectors_shade,41,Morning,1632,244,1655,regional,132,9.439217287269646
Madrid,working,Full,connectors_shade,41,Morning,1632,244,1655,regional,133,9.592762858831813
Madrid,working,Full,connectors_shade,41,Morning,1632,244,1655,regional,134,9.747198947756134
Madrid,working,Full,connectors_shade,41,Morning,1632,244,1655,regional,135,9.902363592520045
Madrid,working,Full,connectors_shade,41,Morning,1632,244,1655,regional,136,10.057979009067592
Madrid,working,Full,connectors_shade,41,Morning,1632,244,1655,regional,137,10.216783362824543
Madrid,working,Full,connectors_shade,41,Morning,1632,244,1655,regional,138,10.376447939991538
Madrid,working,Full,connectors_shade,41,Morning,1632,244,1655,regional,139,10.536599775105946
Madrid,working,Full,connectors_shade,41,Morning,1632,244,1655,regional,140,10.698262219272852
Madrid,working,Full,connectors_shade,41,Morning,1632,244,1655,regional,141,10.86168436087153
Madrid,working,Full,connectors_shade,41,Morning,1632,244,1655,regional,142,11.026128764473794
Madrid,working,Full,connectors_shade,41,Morning,1632,244,1655,regional,143,11.192476642067604
Madrid,working,Full,connectors_shade,41,Morning,1632,244,1655,regional,144,11.360836913910827
Madrid,working,Full,connectors_shade,41,Morning,1632,244,1655,regional,145,11.530327104556706
Madrid,working,Full,connectors_shade,41,Morning,1632,244,1655,regional,146,11.701565764275813
Madrid,working,Full,connectors_shade,41,Morning,1632,244,1655,regional,147,11.874251373674827
Madrid,working,Full,connectors_shade,41,Morning,1632,244,1655,regional,148,12.048530251392672
Madrid,working,Full,connectors_shade,41,Morning,1632,244,1655,regional,149,12.22546942504235
Madrid,working,Full,connectors_shade,41,Morning,1632,244,1655,regional,150,12.403073234886502
Madrid,working,Full,connectors_shade,41,Morning,1632,244,1655,regional,151,12.58174289353659
Madrid,working,Full,connectors_shade,41,Morning,1632,244,1655,regional,152,12.7642539749071
Madrid,working,Full,connectors_shade,41,Morning,1632,244,1655,regional,153,12.947103349903326
Madrid,working,Full,connectors_shade,41,Morning,1632,244,1655,regional,154,13.131812814242162
Madrid,working,Full,connectors_shade,41,Morning,1632,244,1655,regional,155,13.319158811379369
Madrid,working,Full,connectors_shade,41,Morning,1632,244,1655,regional,156,13.51126336083225
Madrid,working,Full,connectors_shade,41,Morning,1632,244,1655,regional,157,13.711685024687727
Madrid,working,Full,connectors_shade,41,Morning,1632,244,1655,regional,158,13.91588202352318
Madrid,working,Full,connectors_shade,41,Morning,1632,244,1655,regional,159,14.122028449610884
Madrid,working,Full,connectors_shade,41,Morning,1632,244,1655,regional,160,14.332439782019067
Madrid,working,Full,connectors_shade,41,Morning,1632,244,1655,regional,161,14.544664597300939
Madrid,working,Full,connectors_shade,41,Morning,1632,244,1655,regional,162,14.75800502650471
Madrid,working,Full,connectors_shade,41,Morning,1632,244,1655,regional,163,14.972532897264239
Madrid,working,Full,connectors_shade,41,Morning,1632,244,1655,regional,164,15.196527023491496
Madrid,working,Full,connectors_shade,41,Morning,1632,244,1655,regional,165,15.421021064996612
Madrid,working,Full,connectors_shade,41,Morning,1632,244,1655,regional,166,15.645701459096781
Madrid,working,Full,connectors_shade,41,Morning,1632,244,1655,regional,167,15.874157571004949
Madrid,working,Full,connectors_shade,41,Morning,1632,244,1655,regional,168,16.102797248318023
Madrid,working,Full,connectors_shade,41,Morning,1632,244,1655,regional,169,16.332682792049567
Madrid,working,Full,connectors_shade,41,Morning,1632,244,1655,regional,170,16.565854761472995
Madrid,working,Full,connectors_shade,41,Morning,1632,244,1655,regional,171,16.79961916673668
Madrid,working,Full,connectors_shade,41,Morning,1632,244,1655,regional,172,17.035111175051213
Madrid,working,Full,connectors_shade,41,Morning,1632,244,1655,regional,173,17.2725305266213
Madrid,working,Full,connectors_shade,41,Morning,1632,244,1655,regional,174,17.515856411716978
Madrid,working,Full,connectors_shade,41,Morning,1632,244,1655,regional,175,17.763064953775107
Madrid,working,Full,connectors_shade,41,Morning,1632,244,1655,regional,176,18.012982204980094
Madrid,working,Full,connectors_shade,41,Morning,1632,244,1655,regional,177,18.26318335538173
Madrid,working,Full,connectors_shade,41,Morning,1632,244,1655,regional,178,18.514264290062844
Madrid,working,Full,connectors_shade,41,Morning,1632,244,1655,regional,179,18.766815557256233
Madrid,working,Full,connectors_shade,41,Morning,1632,244,1655,regional,180,19.022673364405897
Madrid,working,Full,connectors_shade,41,Morning,1632,244,1655,regional,181,19.28067959736219
Madrid,working,Full,connectors_shade,41,Morning,1632,244,1655,regional,182,19.54012965546474
Madrid,working,Full,connectors_shade,41,Morning,1632,244,1655,regional,183,19.8007363899008
Madrid,working,Full,connectors_shade,41,Morning,1632,244,1655,regional,184,20.061621588133665
Madrid,working,Full,connectors_shade,41,Morning,1632,244,1655,regional,185,20.324078230961174
Madrid,working,Full,connectors_shade,41,Morning,1632,244,1655,regional,186,20.588036984817172
Madrid,working,Full,connectors_shade,41,Morning,1632,244,1655,regional,187,20.853463574590812
Madrid,working,Full,connectors_shade,41,Morning,1632,244,1655,regional,188,21.119489554282048
Madrid,working,Full,connectors_shade,41,Morning,1632,244,1655,regional,189,21.386990839459468
Madrid,working,Full,connectors_shade,41,Morning,1632,244,1655,regional,190,21.65742918374996
Madrid,working,Full,connectors_shade,41,Morning,1632,244,1655,regional,191,21.928039866350293
Madrid,working,Full,connectors_shade,41,Morning,1632,244,1655,regional,192,22.199725321566195
Madrid,working,Full,connectors_shade,41,Morning,1632,244,1655,regional,193,22.48124631473
Madrid,working,Full,connectors_shade,41,Morning,1632,244,1655,regional,194,22.769972328370777
Madrid,working,Full,connectors_shade,41,Morning,1632,244,1655,regional,195,23.05978657930776
Madrid,working,Full,connectors_shade,41,Morning,1632,244,1655,regional,196,23.350912073076348
Madrid,working,Full,connectors_shade,41,Morning,1632,244,1655,regional,197,23.648041780898755
Madrid,working,Full,connectors_shade,41,Morning,1632,244,1655,regional,198,23.946259225687683
Madrid,working,Full,connectors_shade,41,Morning,1632,244,1655,regional,199,24.246776698706935
Madrid,working,Full,connectors_shade,41,Morning,1632,244,1655,regional,200,24.55042471439589
Madrid,working,Full,connectors_shade,41,Morning,1632,244,1655,regional,201,24.856508647101535
Madrid,working,Full,connectors_shade,41,Morning,1632,244,1655,regional,202,25.162647559217696
Madrid,working,Full,connectors_shade,41,Morning,1632,244,1655,regional,203,25.470000958489102
Madrid,working,Full,connectors_shade,41,Morning,1632,244,1655,regional,204,25.78369161197829
Madrid,working,Full,connectors_shade,41,Morning,1632,244,1655,regional,205,26.102510809063727
Madrid,working,Full,connectors_shade,41,Morning,1632,244,1655,regional,206,26.422368422737225
Madrid,working,Full,connectors_shade,41,Morning,1632,244,1655,regional,207,26.74621129254656
Madrid,working,Full,connectors_shade,41,Morning,1632,244,1655,regional,208,27.08052606408028
Madrid,working,Full,connectors_shade,41,Morning,1632,244,1655,regional,209,27.42954357954563
Madrid,working,Full,connectors_shade,41,Morning,1632,244,1655,regional,210,27.778920771413762
Madrid,working,Full,connectors_shade,41,Morning,1632,244,1655,regional,211,28.13828367973541
Madrid,working,Full,connectors_shade,41,Morning,1632,244,1655,regional,212,28.501026628466676
Madrid,working,Full,connectors_shade,41,Morning,1632,244,1655,regional,213,28.87277461965835
Madrid,working,Full,connectors_shade,41,Morning,1632,244,1655,regional,214,29.25585355465045
Madrid,working,Full,connectors_shade,41,Morning,1632,244,1655,regional,215,29.64266704522569
Madrid,working,Full,connectors_shade,41,Morning,1632,244,1655,regional,216,30.050984007285475
Madrid,working,Full,connectors_shade,41,Morning,1632,244,1655,regional,217,30.461523786343694
Madrid,working,Full,connectors_shade,41,Morning,1632,244,1655,regional,218,30.88274956780395
Madrid,working,Full,connectors_shade,41,Morning,1632,244,1655,regional,219,31.306581548943242
Madrid,working,Full,connectors_shade,41,Morning,1632,244,1655,regional,220,31.73520387228556
Madrid,working,Full,connectors_shade,41,Morning,1632,244,1655,regional,221,32.171971700736364
Madrid,working,Full,connectors_shade,41,Morning,1632,244,1655,regional,222,32.616024266334875
Madrid,working,Full,connectors_shade,41,Morning,1632,244,1655,regional,223,33.060223638267416
Madrid,working,Full,connectors_shade,41,Morning,1632,244,1655,regional,224,33.51987304201164
Madrid,working,Full,connectors_shade,41,Morning,1632,244,1655,regional,225,33.98365634908524
Madrid,working,Full,connectors_shade,41,Morning,1632,244,1655,regional,226,34.454996930218016
Madrid,working,Full,connectors_shade,41,Morning,1632,244,1655,regional,227,34.93192646692147
Madrid,working,Full,connectors_shade,41,Morning,1632,244,1655,regional,228,35.41567109417769
Madrid,working,Full,connectors_shade,41,Morning,1632,244,1655,regional,229,35.90023409277058
Madrid,working,Full,connectors_shade,41,Morning,1632,244,1655,regional,230,36.391537508973116
Madrid,working,Full,connectors_shade,41,Morning,1632,244,1655,regional,231,36.89007329448222
Madrid,working,Full,connectors_shade,41,Morning,1632,244,1655,regional,232,37.39888857841636
Madrid,working,Full,connectors_shade,41,Morning,1632,244,1655,regional,233,37.91026920303479
Madrid,working,Full,connectors_shade,41,Morning,1632,244,1655,regional,234,38.44313199090479
Madrid,working,Full,connectors_shade,41,Morning,1632,244,1655,regional,235,39.003414768899994
Madrid,working,Full,connectors_shade,41,Morning,1632,244,1655,regional,236,39.5666544157791
Madrid,working,Full,connectors_shade,41,Morning,1632,244,1655,regional,237,40.142287951836195
Madrid,working,Full,connectors_shade,41,Morning,1632,244,1655,regional,238,40.73660895351768
Madrid,working,Full,connectors_shade,41,Morning,1632,244,1655,regional,239,41.344238031376854
Madrid,working,Full,connectors_shade,41,Morning,1632,244,1655,regional,240,41.967792832029616
Madrid,working,Full,connectors_shade,41,Morning,1632,244,1655,regional,241,42.63406783367251
Madrid,working,Full,connectors_shade,41,Morning,1632,244,1655,regional,242,43.331527935248346
Madrid,working,Full,connectors_shade,41,Morning,1632,244,1655,regional,243,44.27095791853268
Madrid,working,Full,connectors_shade,41,Morning,1632,244,1655,regional,244,45.22261248877672
Madrid,working,Full,connectors_shade,41,Morning,1632,244,1655,uniform_area,0,0.0
Madrid,working,Full,connectors_shade,41,Morning,1632,244,1655,uniform_area,1,2.982321660611518e-05
Madrid,working,Full,connectors_shade,41,Morning,1632,244,1655,uniform_area,2,0.0007575292777510374
Madrid,working,Full,connectors_shade,41,Morning,1632,244,1655,uniform_area,3,0.003612769100064812
Madrid,working,Full,connectors_shade,41,Morning,1632,244,1655,uniform_area,4,0.008055477183670962
Madrid,working,Full,connectors_shade,41,Morning,1632,244,1655,uniform_area,5,0.01589314801023072
Madrid,working,Full,connectors_shade,41,Morning,1632,244,1655,uniform_area,6,0.02424093688802989
Madrid,working,Full,connectors_shade,41,Morning,1632,244,1655,uniform_area,7,0.03349220760186649
Madrid,working,Full,connectors_shade,41,Morning,1632,244,1655,uniform_area,8,0.043137738076965616
Madrid,working,Full,connectors_shade,41,Morning,1632,244,1655,uniform_area,9,0.05295365466461117
Madrid,working,Full,connectors_shade,41,Morning,1632,244,1655,uniform_area,10,0.06401800528201881
Madrid,working,Full,connectors_shade,41,Morning,1632,244,1655,uniform_area,11,0.07558181383852779
Madrid,working,Full,connectors_shade,41,Morning,1632,244,1655,uniform_area,12,0.08766924409156378
Madrid,working,Full,connectors_shade,41,Morning,1632,244,1655,uniform_area,13,0.1006623333783492
Madrid,working,Full,connectors_shade,41,Morning,1632,244,1655,uniform_area,14,0.11423411805224438
Madrid,working,Full,connectors_shade,41,Morning,1632,244,1655,uniform_area,15,0.12854813264106707
Madrid,working,Full,connectors_shade,41,Morning,1632,244,1655,uniform_area,16,0.144671293119153
Madrid,working,Full,connectors_shade,41,Morning,1632,244,1655,uniform_area,17,0.16115930801327144
Madrid,working,Full,connectors_shade,41,Morning,1632,244,1655,uniform_area,18,0.17824519645739514
Madrid,working,Full,connectors_shade,41,Morning,1632,244,1655,uniform_area,19,0.1953787335322416
Madrid,working,Full,connectors_shade,41,Morning,1632,244,1655,uniform_area,20,0.21299215509955932
Madrid,working,Full,connectors_shade,41,Morning,1632,244,1655,uniform_area,21,0.23099155429275292
Madrid,working,Full,connectors_shade,41,Morning,1632,244,1655,uniform_area,22,0.25071232379853814
Madrid,working,Full,connectors_shade,41,Morning,1632,244,1655,uniform_area,23,0.27171666492089847
Madrid,working,Full,connectors_shade,41,Morning,1632,244,1655,uniform_area,24,0.29368911990703694
Madrid,working,Full,connectors_shade,41,Morning,1632,244,1655,uniform_area,25,0.3177121638519951
Madrid,working,Full,connectors_shade,41,Morning,1632,244,1655,uniform_area,26,0.3436055749800209
Madrid,working,Full,connectors_shade,41,Morning,1632,244,1655,uniform_area,27,0.36996402424540137
Madrid,working,Full,connectors_shade,41,Morning,1632,244,1655,uniform_area,28,0.39687454183262494
Madrid,working,Full,connectors_shade,41,Morning,1632,244,1655,uniform_area,29,0.4253051926655771
Madrid,working,Full,connectors_shade,41,Morning,1632,244,1655,uniform_area,30,0.45436093766684005
Madrid,working,Full,connectors_shade,41,Morning,1632,244,1655,uniform_area,31,0.48476671967602586
Madrid,working,Full,connectors_shade,41,Morning,1632,244,1655,uniform_area,32,0.5156125089506636
Madrid,working,Full,connectors_shade,41,Morning,1632,244,1655,uniform_area,33,0.5468776955223319
Madrid,working,Full,connectors_shade,41,Morning,1632,244,1655,uniform_area,34,0.5801120978177757
Madrid,working,Full,connectors_shade,41,Morning,1632,244,1655,uniform_area,35,0.6135587699883108
Madrid,working,Full,connectors_shade,41,Morning,1632,244,1655,uniform_area,36,0.6472707791889943
Madrid,working,Full,connectors_shade,41,Morning,1632,244,1655,uniform_area,37,0.681189907027533
Madrid,working,Full,connectors_shade,41,Morning,1632,244,1655,uniform_area,38,0.7167678374104246
Madrid,working,Full,connectors_shade,41,Morning,1632,244,1655,uniform_area,39,0.7529797376500496
Madrid,working,Full,connectors_shade,41,Morning,1632,244,1655,uniform_area,40,0.791464004865983
Madrid,working,Full,connectors_shade,41,Morning,1632,244,1655,uniform_area,41,0.8324450096350674
Madrid,working,Full,connectors_shade,41,Morning,1632,244,1655,uniform_area,42,0.8738446863868997
Madrid,working,Full,connectors_shade,41,Morning,1632,244,1655,uniform_area,43,0.9164233050331231
Madrid,working,Full,connectors_shade,41,Morning,1632,244,1655,uniform_area,44,0.9606428970449761
Madrid,working,Full,connectors_shade,41,Morning,1632,244,1655,uniform_area,45,1.0051172412669787
Madrid,working,Full,connectors_shade,41,Morning,1632,244,1655,uniform_area,46,1.0506517515229756
Madrid,working,Full,connectors_shade,41,Morning,1632,244,1655,uniform_area,47,1.098190602540871
Madrid,working,Full,connectors_shade,41,Morning,1632,244,1655,uniform_area,48,1.1476255944961844
Madrid,working,Full,connectors_shade,41,Morning,1632,244,1655,uniform_area,49,1.197569214973235
Madrid,working,Full,connectors_shade,41,Morning,1632,244,1655,uniform_area,50,1.2480827492641482
Madrid,working,Full,connectors_shade,41,Morning,1632,244,1655,uniform_area,51,1.3002877365358734
Madrid,working,Full,connectors_shade,41,Morning,1632,244,1655,uniform_area,52,1.352917956245469
Madrid,working,Full,connectors_shade,41,Morning,1632,244,1655,uniform_area,53,1.4076765065580463
Madrid,working,Full,connectors_shade,41,Morning,1632,244,1655,uniform_area,54,1.462698412462623
Madrid,working,Full,connectors_shade,41,Morning,1632,244,1655,uniform_area,55,1.5188496414865431
Madrid,working,Full,connectors_shade,41,Morning,1632,244,1655,uniform_area,56,1.5762558424077038
Madrid,working,Full,connectors_shade,41,Morning,1632,244,1655,uniform_area,57,1.6338796200449501
Madrid,working,Full,connectors_shade,41,Morning,1632,244,1655,uniform_area,58,1.6950588807576346
Madrid,working,Full,connectors_shade,41,Morning,1632,244,1655,uniform_area,59,1.7564962956303214
Madrid,working,Full,connectors_shade,41,Morning,1632,244,1655,uniform_area,60,1.8201423351536934
Madrid,working,Full,connectors_shade,41,Morning,1632,244,1655,uniform_area,61,1.8851689225698083
Madrid,working,Full,connectors_shade,41,Morning,1632,244,1655,uniform_area,62,1.952711656597864
Madrid,working,Full,connectors_shade,41,Morning,1632,244,1655,uniform_area,63,2.020309020092875
Madrid,working,Full,connectors_shade,41,Morning,1632,244,1655,uniform_area,64,2.0884460349809952
Madrid,working,Full,connectors_shade,41,Morning,1632,244,1655,uniform_area,65,2.1574598193087917
Madrid,working,Full,connectors_shade,41,Morning,1632,244,1655,uniform_area,66,2.226565555417285
Madrid,working,Full,connectors_shade,41,Morning,1632,244,1655,uniform_area,67,2.295877880608914
Madrid,working,Full,connectors_shade,41,Morning,1632,244,1655,uniform_area,68,2.365670765412534
Madrid,working,Full,connectors_shade,41,Morning,1632,244,1655,uniform_area,69,2.4359610275824624
Madrid,working,Full,connectors_shade,41,Morning,1632,244,1655,uniform_area,70,2.509595041291533
Madrid,working,Full,connectors_shade,41,Morning,1632,244,1655,uniform_area,71,2.5834615797161935
Madrid,working,Full,connectors_shade,41,Morning,1632,244,1655,uniform_area,72,2.6577081000026546
Madrid,working,Full,connectors_shade,41,Morning,1632,244,1655,uniform_area,73,2.7324161196958996
Madrid,working,Full,connectors_shade,41,Morning,1632,244,1655,uniform_area,74,2.8087990419027413
Madrid,working,Full,connectors_shade,41,Morning,1632,244,1655,uniform_area,75,2.886353941481034
Madrid,working,Full,connectors_shade,41,Morning,1632,244,1655,uniform_area,76,2.967671545671881
Madrid,working,Full,connectors_shade,41,Morning,1632,244,1655,uniform_area,77,3.0512609584223336
Madrid,working,Full,connectors_shade,41,Morning,1632,244,1655,uniform_area,78,3.1349723707916355
Madrid,working,Full,connectors_shade,41,Morning,1632,244,1655,uniform_area,79,3.2192719051239633
Madrid,working,Full,connectors_shade,41,Morning,1632,244,1655,uniform_area,80,3.305868250025812
Madrid,working,Full,connectors_shade,41,Morning,1632,244,1655,uniform_area,81,3.3933135715287697
Madrid,working,Full,connectors_shade,41,Morning,1632,244,1655,uniform_area,82,3.482864691206982
Madrid,working,Full,connectors_shade,41,Morning,1632,244,1655,uniform_area,83,3.5730019564295468
Madrid,working,Full,connectors_shade,41,Morning,1632,244,1655,uniform_area,84,3.663713738325457
Madrid,working,Full,connectors_shade,41,Morning,1632,244,1655,uniform_area,85,3.754643493476057
Madrid,working,Full,connectors_shade,41,Morning,1632,244,1655,uniform_area,86,3.845891059258823
Madrid,working,Full,connectors_shade,41,Morning,1632,244,1655,uniform_area,87,3.9378083360771194
Madrid,working,Full,connectors_shade,41,Morning,1632,244,1655,uniform_area,88,4.032881919632859
Madrid,working,Full,connectors_shade,41,Morning,1632,244,1655,uniform_area,89,4.128494771846664
Madrid,working,Full,connectors_shade,41,Morning,1632,244,1655,uniform_area,90,4.224662310039039
Madrid,working,Full,connectors_shade,41,Morning,1632,244,1655,uniform_area,91,4.32238379015769
Madrid,working,Full,connectors_shade,41,Morning,1632,244,1655,uniform_area,92,4.421595166198692
Madrid,working,Full,connectors_shade,41,Morning,1632,244,1655,uniform_area,93,4.521150265916672
Madrid,working,Full,connectors_shade,41,Morning,1632,244,1655,uniform_area,94,4.621601345863817
Madrid,working,Full,connectors_shade,41,Morning,1632,244,1655,uniform_area,95,4.723812087196158
Madrid,working,Full,connectors_shade,41,Morning,1632,244,1655,uniform_area,96,4.826255910405925
Madrid,working,Full,connectors_shade,41,Morning,1632,244,1655,uniform_area,97,4.929408456018631
Madrid,working,Full,connectors_shade,41,Morning,1632,244,1655,uniform_area,98,5.03350319743083
Madrid,working,Full,connectors_shade,41,Morning,1632,244,1655,uniform_area,99,5.138501896274418
Madrid,working,Full,connectors_shade,41,Morning,1632,244,1655,uniform_area,100,5.246527113264725
Madrid,working,Full,connectors_shade,41,Morning,1632,244,1655,uniform_area,101,5.355291945022972
Madrid,working,Full,connectors_shade,41,Morning,1632,244,1655,uniform_area,102,5.4642997282033114
Madrid,working,Full,connectors_shade,41,Morning,1632,244,1655,uniform_area,103,5.573505000156813
Madrid,working,Full,connectors_shade,41,Morning,1632,244,1655,uniform_area,104,5.6844916427291725
Madrid,working,Full,connectors_shade,41,Morning,1632,244,1655,uniform_area,105,5.797123734784878
Madrid,working,Full,connectors_shade,41,Morning,1632,244,1655,uniform_area,106,5.910265017543634
Madrid,working,Full,connectors_shade,41,Morning,1632,244,1655,uniform_area,107,6.023600794958125
Madrid,working,Full,connectors_shade,41,Morning,1632,244,1655,uniform_area,108,6.139290218468793
Madrid,working,Full,connectors_shade,41,Morning,1632,244,1655,uniform_area,109,6.25687484302
Madrid,working,Full,connectors_shade,41,Morning,1632,244,1655,uniform_area,110,6.375130966795065
Madrid,working,Full,connectors_shade,41,Morning,1632,244,1655,uniform_area,111,6.494664244786644
Madrid,working,Full,connectors_shade,41,Morning,1632,244,1655,uniform_area,112,6.6151163202903795
Madrid,working,Full,connectors_shade,41,Morning,1632,244,1655,uniform_area,113,6.736544532035398
Madrid,working,Full,connectors_shade,41,Morning,1632,244,1655,uniform_area,114,6.8589762411853314
Madrid,working,Full,connectors_shade,41,Morning,1632,244,1655,uniform_area,115,6.9836390835711715
Madrid,working,Full,connectors_shade,41,Morning,1632,244,1655,uniform_area,116,7.109787848964116
Madrid,working,Full,connectors_shade,41,Morning,1632,244,1655,uniform_area,117,7.237244724936894
Madrid,working,Full,connectors_shade,41,Morning,1632,244,1655,uniform_area,118,7.365030492035093
Madrid,working,Full,connectors_shade,41,Morning,1632,244,1655,uniform_area,119,7.492897598486875
Madrid,working,Full,connectors_shade,41,Morning,1632,244,1655,uniform_area,120,7.621209050286234
Madrid,working,Full,connectors_shade,41,Morning,1632,244,1655,uniform_area,121,7.749975876476795
Madrid,working,Full,connectors_shade,41,Morning,1632,244,1655,uniform_area,122,7.88398832864037
Madrid,working,Full,connectors_shade,41,Morning,1632,244,1655,uniform_area,123,8.021718402992871
Madrid,working,Full,connectors_shade,41,Morning,1632,244,1655,uniform_area,124,8.160445450686371
Madrid,working,Full,connectors_shade,41,Morning,1632,244,1655,uniform_area,125,8.301470286492336
Madrid,working,Full,connectors_shade,41,Morning,1632,244,1655,uniform_area,126,8.443232209760076
Madrid,working,Full,connectors_shade,41,Morning,1632,244,1655,uniform_area,127,8.585821094207226
Madrid,working,Full,connectors_shade,41,Morning,1632,244,1655,uniform_area,128,8.731994511947123
Madrid,working,Full,connectors_shade,41,Morning,1632,244,1655,uniform_area,129,8.879755295049044
Madrid,working,Full,connectors_shade,41,Morning,1632,244,1655,uniform_area,130,9.027744013810635
Madrid,working,Full,connectors_shade,41,Morning,1632,244,1655,uniform_area,131,9.178426579928095
Madrid,working,Full,connectors_shade,41,Morning,1632,244,1655,uniform_area,132,9.329437751060853
Madrid,working,Full,connectors_shade,41,Morning,1632,244,1655,uniform_area,133,9.481728960099083
Madrid,working,Full,connectors_shade,41,Morning,1632,244,1655,uniform_area,134,9.634950743595017
Madrid,working,Full,connectors_shade,41,Morning,1632,244,1655,uniform_area,135,9.790124666557407
Madrid,working,Full,connectors_shade,41,Morning,1632,244,1655,uniform_area,136,9.947247252999121
Madrid,working,Full,connectors_shade,41,Morning,1632,244,1655,uniform_area,137,10.10482441949996
Madrid,working,Full,connectors_shade,41,Morning,1632,244,1655,uniform_area,138,10.263269609003565
Madrid,working,Full,connectors_shade,41,Morning,1632,244,1655,uniform_area,139,10.425328443505796
Madrid,working,Full,connectors_shade,41,Morning,1632,244,1655,uniform_area,140,10.58870837522711
Madrid,working,Full,connectors_shade,41,Morning,1632,244,1655,uniform_area,141,10.752635739784187
Madrid,working,Full,connectors_shade,41,Morning,1632,244,1655,uniform_area,142,10.91825201244775
Madrid,working,Full,connectors_shade,41,Morning,1632,244,1655,uniform_area,143,11.086650211722157
Madrid,working,Full,connectors_shade,41,Morning,1632,244,1655,uniform_area,144,11.255868244520064
Madrid,working,Full,connectors_shade,41,Morning,1632,244,1655,uniform_area,145,11.425735311877027
Madrid,working,Full,connectors_shade,41,Morning,1632,244,1655,uniform_area,146,11.597036698263294
Madrid,working,Full,connectors_shade,41,Morning,1632,244,1655,uniform_area,147,11.769606127262291
Madrid,working,Full,connectors_shade,41,Morning,1632,244,1655,uniform_area,148,11.944490804620987
Madrid,working,Full,connectors_shade,41,Morning,1632,244,1655,uniform_area,149,12.122590623250092
Madrid,working,Full,connectors_shade,41,Morning,1632,244,1655,uniform_area,150,12.301470464683742
Madrid,working,Full,connectors_shade,41,Morning,1632,244,1655,uniform_area,151,12.485484320277116
Madrid,working,Full,connectors_shade,41,Morning,1632,244,1655,uniform_area,152,12.669754009777717
Madrid,working,Full,connectors_shade,41,Morning,1632,244,1655,uniform_area,153,12.854379571342063
Madrid,working,Full,connectors_shade,41,Morning,1632,244,1655,uniform_area,154,13.039825928914437
Madrid,working,Full,connectors_shade,41,Morning,1632,244,1655,uniform_area,155,13.227652685135158
Madrid,working,Full,connectors_shade,41,Morning,1632,244,1655,uniform_area,156,13.418689436408528
Madrid,working,Full,connectors_shade,41,Morning,1632,244,1655,uniform_area,157,13.616933397265438
Madrid,working,Full,connectors_shade,41,Morning,1632,244,1655,uniform_area,158,13.820632080406753
Madrid,working,Full,connectors_shade,41,Morning,1632,244,1655,uniform_area,159,14.026467659886835
Madrid,working,Full,connectors_shade,41,Morning,1632,244,1655,uniform_area,160,14.238127378771042
Madrid,working,Full,connectors_shade,41,Morning,1632,244,1655,uniform_area,161,14.451979919740634
Madrid,working,Full,connectors_shade,41,Morning,1632,244,1655,uniform_area,162,14.666322599992153
Madrid,working,Full,connectors_shade,41,Morning,1632,244,1655,uniform_area,163,14.88431648221654
Madrid,working,Full,connectors_shade,41,Morning,1632,244,1655,uniform_area,164,15.105051716117593
Madrid,working,Full,connectors_shade,41,Morning,1632,244,1655,uniform_area,165,15.328652596469563
Madrid,working,Full,connectors_shade,41,Morning,1632,244,1655,uniform_area,166,15.553281107867011
Madrid,working,Full,connectors_shade,41,Morning,1632,244,1655,uniform_area,167,15.780041878862272
Madrid,working,Full,connectors_shade,41,Morning,1632,244,1655,uniform_area,168,16.01006354490648
Madrid,working,Full,connectors_shade,41,Morning,1632,244,1655,uniform_area,169,16.245164893047406
Madrid,working,Full,connectors_shade,41,Morning,1632,244,1655,uniform_area,170,16.480561348730596
Madrid,working,Full,connectors_shade,41,Morning,1632,244,1655,uniform_area,171,16.7170899296556
Madrid,working,Full,connectors_shade,41,Morning,1632,244,1655,uniform_area,172,16.960950245834294
Madrid,working,Full,connectors_shade,41,Morning,1632,244,1655,uniform_area,173,17.20534477982333
Madrid,working,Full,connectors_shade,41,Morning,1632,244,1655,uniform_area,174,17.451498336469246
Madrid,working,Full,connectors_shade,41,Morning,1632,244,1655,uniform_area,175,17.70371399458224
Madrid,working,Full,connectors_shade,41,Morning,1632,244,1655,uniform_area,176,17.956229955395138
Madrid,working,Full,connectors_shade,41,Morning,1632,244,1655,uniform_area,177,18.208848825504827
Madrid,working,Full,connectors_shade,41,Morning,1632,244,1655,uniform_area,178,18.463552735746802
Madrid,working,Full,connectors_shade,41,Morning,1632,244,1655,uniform_area,179,18.71927393565885
Madrid,working,Full,connectors_shade,41,Morning,1632,244,1655,uniform_area,180,18.976469297945755
Madrid,working,Full,connectors_shade,41,Morning,1632,244,1655,uniform_area,181,19.234536726423325
Madrid,working,Full,connectors_shade,41,Morning,1632,244,1655,uniform_area,182,19.493689159811847
Madrid,working,Full,connectors_shade,41,Morning,1632,244,1655,uniform_area,183,19.754402349065295
Madrid,working,Full,connectors_shade,41,Morning,1632,244,1655,uniform_area,184,20.01653234941579
Madrid,working,Full,connectors_shade,41,Morning,1632,244,1655,uniform_area,185,20.27947132490835
Madrid,working,Full,connectors_shade,41,Morning,1632,244,1655,uniform_area,186,20.54408944813632
Madrid,working,Full,connectors_shade,41,Morning,1632,244,1655,uniform_area,187,20.81021883770568
Madrid,working,Full,connectors_shade,41,Morning,1632,244,1655,uniform_area,188,21.07968740481669
Madrid,working,Full,connectors_shade,41,Morning,1632,244,1655,uniform_area,189,21.34941059363147
Madrid,working,Full,connectors_shade,41,Morning,1632,244,1655,uniform_area,190,21.620376250828798
Madrid,working,Full,connectors_shade,41,Morning,1632,244,1655,uniform_area,191,21.89282313154883
Madrid,working,Full,connectors_shade,41,Morning,1632,244,1655,uniform_area,192,22.171055688683335
Madrid,working,Full,connectors_shade,41,Morning,1632,244,1655,uniform_area,193,22.45868748942905
Madrid,working,Full,connectors_shade,41,Morning,1632,244,1655,uniform_area,194,22.747948920779518
Madrid,working,Full,connectors_shade,41,Morning,1632,244,1655,uniform_area,195,23.038234051670898
Madrid,working,Full,connectors_shade,41,Morning,1632,244,1655,uniform_area,196,23.32883546727375
Madrid,working,Full,connectors_shade,41,Morning,1632,244,1655,uniform_area,197,23.619442647744766
Madrid,working,Full,connectors_shade,41,Morning,1632,244,1655,uniform_area,198,23.916834528427195
Madrid,working,Full,connectors_shade,41,Morning,1632,244,1655,uniform_area,199,24.216029895539698
Madrid,working,Full,connectors_shade,41,Morning,1632,244,1655,uniform_area,200,24.521037972709497
Madrid,working,Full,connectors_shade,41,Morning,1632,244,1655,uniform_area,201,24.827731075421095
Madrid,working,Full,connectors_shade,41,Morning,1632,244,1655,uniform_area,202,25.136545099989096
Madrid,working,Full,connectors_shade,41,Morning,1632,244,1655,uniform_area,203,25.447684093132075
Madrid,working,Full,connectors_shade,41,Morning,1632,244,1655,uniform_area,204,25.76390667979844
Madrid,working,Full,connectors_shade,41,Morning,1632,244,1655,uniform_area,205,26.080935696732542
Madrid,working,Full,connectors_shade,41,Morning,1632,244,1655,uniform_area,206,26.40349126465249
Madrid,working,Full,connectors_shade,41,Morning,1632,244,1655,uniform_area,207,26.72767157169785
Madrid,working,Full,connectors_shade,41,Morning,1632,244,1655,uniform_area,208,27.057251075584194
Madrid,working,Full,connectors_shade,41,Morning,1632,244,1655,uniform_area,209,27.406027833943668
Madrid,working,Full,connectors_shade,41,Morning,1632,244,1655,uniform_area,210,27.756144899056842
Madrid,working,Full,connectors_shade,41,Morning,1632,244,1655,uniform_area,211,28.11851343215334
Madrid,working,Full,connectors_shade,41,Morning,1632,244,1655,uniform_area,212,28.482018669508626
Madrid,working,Full,connectors_shade,41,Morning,1632,244,1655,uniform_area,213,28.857194184780568
Madrid,working,Full,connectors_shade,41,Morning,1632,244,1655,uniform_area,214,29.238159183739505
Madrid,working,Full,connectors_shade,41,Morning,1632,244,1655,uniform_area,215,29.631115431007387
Madrid,working,Full,connectors_shade,41,Morning,1632,244,1655,uniform_area,216,30.037490130506296
Madrid,working,Full,connectors_shade,41,Morning,1632,244,1655,uniform_area,217,30.44459772996914
Madrid,working,Full,connectors_shade,41,Morning,1632,244,1655,uniform_area,218,30.861973134384748
Madrid,working,Full,connectors_shade,41,Morning,1632,244,1655,uniform_area,219,31.284666369935522
Madrid,working,Full,connectors_shade,41,Morning,1632,244,1655,uniform_area,220,31.715089865800966
Madrid,working,Full,connectors_shade,41,Morning,1632,244,1655,uniform_area,221,32.148575572052046
Madrid,working,Full,connectors_shade,41,Morning,1632,244,1655,uniform_area,222,32.58724392867548
Madrid,working,Full,connectors_shade,41,Morning,1632,244,1655,uniform_area,223,33.028889495878076
Madrid,working,Full,connectors_shade,41,Morning,1632,244,1655,uniform_area,224,33.483022947128354
Madrid,working,Full,connectors_shade,41,Morning,1632,244,1655,uniform_area,225,33.94253591385426
Madrid,working,Full,connectors_shade,41,Morning,1632,244,1655,uniform_area,226,34.410662754390025
Madrid,working,Full,connectors_shade,41,Morning,1632,244,1655,uniform_area,227,34.88342045806697
Madrid,working,Full,connectors_shade,41,Morning,1632,244,1655,uniform_area,228,35.36338012848477
Madrid,working,Full,connectors_shade,41,Morning,1632,244,1655,uniform_area,229,35.84940831776971
Madrid,working,Full,connectors_shade,41,Morning,1632,244,1655,uniform_area,230,36.33669007475349
Madrid,working,Full,connectors_shade,41,Morning,1632,244,1655,uniform_area,231,36.83410895463259
Madrid,working,Full,connectors_shade,41,Morning,1632,244,1655,uniform_area,232,37.3412702095017
Madrid,working,Full,connectors_shade,41,Morning,1632,244,1655,uniform_area,233,37.84859444173679
Madrid,working,Full,connectors_shade,41,Morning,1632,244,1655,uniform_area,234,38.37806770157473
Madrid,working,Full,connectors_shade,41,Morning,1632,244,1655,uniform_area,235,38.93617869951174
Madrid,working,Full,connectors_shade,41,Morning,1632,244,1655,uniform_area,236,39.49489796758843
Madrid,working,Full,connectors_shade,41,Morning,1632,244,1655,uniform_area,237,40.068522583426706
Madrid,working,Full,connectors_shade,41,Morning,1632,244,1655,uniform_area,238,40.659197626366094
Madrid,working,Full,connectors_shade,41,Morning,1632,244,1655,uniform_area,239,41.26362285243048
Madrid,working,Full,connectors_shade,41,Morning,1632,244,1655,uniform_area,240,41.88460959859542
Madrid,working,Full,connectors_shade,41,Morning,1632,244,1655,uniform_area,241,42.54583748880718
Madrid,working,Full,connectors_shade,41,Morning,1632,244,1655,uniform_area,242,43.22967471515788
Madrid,working,Full,connectors_shade,41,Morning,1632,244,1655,uniform_area,243,44.16198516490793
Madrid,working,Full,connectors_shade,41,Morning,1632,244,1655,uniform_area,244,45.106351526366424
Madrid,working,Full,connectors_shade,41,Afternoon,1632,244,1656,local,0,0.0
Madrid,working,Full,connectors_shade,41,Afternoon,1632,244,1656,local,1,0.0002607601503696936
Madrid,working,Full,connectors_shade,41,Afternoon,1632,244,1656,local,2,0.001154787836018715
Madrid,working,Full,connectors_shade,41,Afternoon,1632,244,1656,local,3,0.002450992664860148
Madrid,working,Full,connectors_shade,41,Afternoon,1632,244,1656,local,4,0.004744691612578509
Madrid,working,Full,connectors_shade,41,Afternoon,1632,244,1656,local,5,0.008151790992869066
Madrid,working,Full,connectors_shade,41,Afternoon,1632,244,1656,local,6,0.013719637147173705
Madrid,working,Full,connectors_shade,41,Afternoon,1632,244,1656,local,7,0.01952154426673447
Madrid,working,Full,connectors_shade,41,Afternoon,1632,244,1656,local,8,0.02590538348781339
Madrid,working,Full,connectors_shade,41,Afternoon,1632,244,1656,local,9,0.033292206922941686
Madrid,working,Full,connectors_shade,41,Afternoon,1632,244,1656,local,10,0.04127179322193829
Madrid,working,Full,connectors_shade,41,Afternoon,1632,244,1656,local,11,0.049744927731429786
Madrid,working,Full,connectors_shade,41,Afternoon,1632,244,1656,local,12,0.05840912115024446
Madrid,working,Full,connectors_shade,41,Afternoon,1632,244,1656,local,13,0.06750450426408038
Madrid,working,Full,connectors_shade,41,Afternoon,1632,244,1656,local,14,0.07768174190073049
Madrid,working,Full,connectors_shade,41,Afternoon,1632,244,1656,local,15,0.08811869230820328
Madrid,working,Full,connectors_shade,41,Afternoon,1632,244,1656,local,16,0.09930108639917999
Madrid,working,Full,connectors_shade,41,Afternoon,1632,244,1656,local,17,0.11116103751422048
Madrid,working,Full,connectors_shade,41,Afternoon,1632,244,1656,local,18,0.12469655861940375
Madrid,working,Full,connectors_shade,41,Afternoon,1632,244,1656,local,19,0.13883506180290503
Madrid,working,Full,connectors_shade,41,Afternoon,1632,244,1656,local,20,0.15416987166716303
Madrid,working,Full,connectors_shade,41,Afternoon,1632,244,1656,local,21,0.1705962751620771
Madrid,working,Full,connectors_shade,41,Afternoon,1632,244,1656,local,22,0.18964995830549292
Madrid,working,Full,connectors_shade,41,Afternoon,1632,244,1656,local,23,0.20927394860596205
Madrid,working,Full,connectors_shade,41,Afternoon,1632,244,1656,local,24,0.2290649184631016
Madrid,working,Full,connectors_shade,41,Afternoon,1632,244,1656,local,25,0.24930961604583327
Madrid,working,Full,connectors_shade,41,Afternoon,1632,244,1656,local,26,0.26995599613742705
Madrid,working,Full,connectors_shade,41,Afternoon,1632,244,1656,local,27,0.29083316223074934
Madrid,working,Full,connectors_shade,41,Afternoon,1632,244,1656,local,28,0.31393476739676107
Madrid,working,Full,connectors_shade,41,Afternoon,1632,244,1656,local,29,0.3375568572445027
Madrid,working,Full,connectors_shade,41,Afternoon,1632,244,1656,local,30,0.36231454795880685
Madrid,working,Full,connectors_shade,41,Afternoon,1632,244,1656,local,31,0.3881257295489934
Madrid,working,Full,connectors_shade,41,Afternoon,1632,244,1656,local,32,0.4146902060185145
Madrid,working,Full,connectors_shade,41,Afternoon,1632,244,1656,local,33,0.44175388474941796
Madrid,working,Full,connectors_shade,41,Afternoon,1632,244,1656,local,34,0.4695020433096266
Madrid,working,Full,connectors_shade,41,Afternoon,1632,244,1656,local,35,0.4977923197126171
Madrid,working,Full,connectors_shade,41,Afternoon,1632,244,1656,local,36,0.5268432219599786
Madrid,working,Full,connectors_shade,41,Afternoon,1632,244,1656,local,37,0.5559053991028935
Madrid,working,Full,connectors_shade,41,Afternoon,1632,244,1656,local,38,0.5852110636269938
Madrid,working,Full,connectors_shade,41,Afternoon,1632,244,1656,local,39,0.6150549075977307
Madrid,working,Full,connectors_shade,41,Afternoon,1632,244,1656,local,40,0.6454897275225784
Madrid,working,Full,connectors_shade,41,Afternoon,1632,244,1656,local,41,0.6773073167431105
Madrid,working,Full,connectors_shade,41,Afternoon,1632,244,1656,local,42,0.7098234576208045
Madrid,working,Full,connectors_shade,41,Afternoon,1632,244,1656,local,43,0.7432173246969228
Madrid,working,Full,connectors_shade,41,Afternoon,1632,244,1656,local,44,0.7778807665963948
Madrid,working,Full,connectors_shade,41,Afternoon,1632,244,1656,local,45,0.8135091598265652
Madrid,working,Full,connectors_shade,41,Afternoon,1632,244,1656,local,46,0.8502463039266
Madrid,working,Full,connectors_shade,41,Afternoon,1632,244,1656,local,47,0.8877465179872166
Madrid,working,Full,connectors_shade,41,Afternoon,1632,244,1656,local,48,0.925997095094588
Madrid,working,Full,connectors_shade,41,Afternoon,1632,244,1656,local,49,0.9646247087770289
Madrid,working,Full,connectors_shade,41,Afternoon,1632,244,1656,local,50,1.004124193294289
Madrid,working,Full,connectors_shade,41,Afternoon,1632,244,1656,local,51,1.0437087064906811
Madrid,working,Full,connectors_shade,41,Afternoon,1632,244,1656,local,52,1.083761640473572
Madrid,working,Full,connectors_shade,41,Afternoon,1632,244,1656,local,53,1.1244792045754888
Madrid,working,Full,connectors_shade,41,Afternoon,1632,244,1656,local,54,1.1653013634303455
Madrid,working,Full,connectors_shade,41,Afternoon,1632,244,1656,local,55,1.206381589272706
Madrid,working,Full,connectors_shade,41,Afternoon,1632,244,1656,local,56,1.2481029393805452
Madrid,working,Full,connectors_shade,41,Afternoon,1632,244,1656,local,57,1.291212504604276
Madrid,working,Full,connectors_shade,41,Afternoon,1632,244,1656,local,58,1.3355444876670535
Madrid,working,Full,connectors_shade,41,Afternoon,1632,244,1656,local,59,1.3824048664035722
Madrid,working,Full,connectors_shade,41,Afternoon,1632,244,1656,local,60,1.4304531762434458
Madrid,working,Full,connectors_shade,41,Afternoon,1632,244,1656,local,61,1.4787727269471296
Madrid,working,Full,connectors_shade,41,Afternoon,1632,244,1656,local,62,1.5286416079664276
Madrid,working,Full,connectors_shade,41,Afternoon,1632,244,1656,local,63,1.5790438417698098
Madrid,working,Full,connectors_shade,41,Afternoon,1632,244,1656,local,64,1.6296462260690487
Madrid,working,Full,connectors_shade,41,Afternoon,1632,244,1656,local,65,1.6807761762766018
Madrid,working,Full,connectors_shade,41,Afternoon,1632,244,1656,local,66,1.7324066141030006
Madrid,working,Full,connectors_shade,41,Afternoon,1632,244,1656,local,67,1.7846018164147661
Madrid,working,Full,connectors_shade,41,Afternoon,1632,244,1656,local,68,1.837163652761137
Madrid,working,Full,connectors_shade,41,Afternoon,1632,244,1656,local,69,1.8912924187201423
Madrid,working,Full,connectors_shade,41,Afternoon,1632,244,1656,local,70,1.9468864617483688
Madrid,working,Full,connectors_shade,41,Afternoon,1632,244,1656,local,71,2.003127539749373
Madrid,working,Full,connectors_shade,41,Afternoon,1632,244,1656,local,72,2.060769905048529
Madrid,working,Full,connectors_shade,41,Afternoon,1632,244,1656,local,73,2.1190982154014804
Madrid,working,Full,connectors_shade,41,Afternoon,1632,244,1656,local,74,2.1784144737766273
Madrid,working,Full,connectors_shade,41,Afternoon,1632,244,1656,local,75,2.238579328193002
Madrid,working,Full,connectors_shade,41,Afternoon,1632,244,1656,local,76,2.300295410522148
Madrid,working,Full,connectors_shade,41,Afternoon,1632,244,1656,local,77,2.3623446792282023
Madrid,working,Full,connectors_shade,41,Afternoon,1632,244,1656,local,78,2.424845942710202
Madrid,working,Full,connectors_shade,41,Afternoon,1632,244,1656,local,79,2.4879632092598527
Madrid,working,Full,connectors_shade,41,Afternoon,1632,244,1656,local,80,2.553020200594293
Madrid,working,Full,connectors_shade,41,Afternoon,1632,244,1656,local,81,2.618479291590743
Madrid,working,Full,connectors_shade,41,Afternoon,1632,244,1656,local,82,2.684443234748687
Madrid,working,Full,connectors_shade,41,Afternoon,1632,244,1656,local,83,2.7514494824368825
Madrid,working,Full,connectors_shade,41,Afternoon,1632,244,1656,local,84,2.8191025893816075
Madrid,working,Full,connectors_shade,41,Afternoon,1632,244,1656,local,85,2.8873268038916646
Madrid,working,Full,connectors_shade,41,Afternoon,1632,244,1656,local,86,2.9560019478114175
Madrid,working,Full,connectors_shade,41,Afternoon,1632,244,1656,local,87,3.024931263213893
Madrid,working,Full,connectors_shade,41,Afternoon,1632,244,1656,local,88,3.0955658107550406
Madrid,working,Full,connectors_shade,41,Afternoon,1632,244,1656,local,89,3.167712236145513
Madrid,working,Full,connectors_shade,41,Afternoon,1632,244,1656,local,90,3.240792475808523
Madrid,working,Full,connectors_shade,41,Afternoon,1632,244,1656,local,91,3.3139920863009293
Madrid,working,Full,connectors_shade,41,Afternoon,1632,244,1656,local,92,3.3877418173353284
Madrid,working,Full,connectors_shade,41,Afternoon,1632,244,1656,local,93,3.4615852604756006
Madrid,working,Full,connectors_shade,41,Afternoon,1632,244,1656,local,94,3.5357510536960612
Madrid,working,Full,connectors_shade,41,Afternoon,1632,244,1656,local,95,3.610390250019732
Madrid,working,Full,connectors_shade,41,Afternoon,1632,244,1656,local,96,3.685797841751648
Madrid,working,Full,connectors_shade,41,Afternoon,1632,244,1656,local,97,3.761394262041722
Madrid,working,Full,connectors_shade,41,Afternoon,1632,244,1656,local,98,3.8377412411568965
Madrid,working,Full,connectors_shade,41,Afternoon,1632,244,1656,local,99,3.914612828751342
Madrid,working,Full,connectors_shade,41,Afternoon,1632,244,1656,local,100,3.992062893616753
Madrid,working,Full,connectors_shade,41,Afternoon,1632,244,1656,local,101,4.0706467330065825
Madrid,working,Full,connectors_shade,41,Afternoon,1632,244,1656,local,102,4.149752234515386
Madrid,working,Full,connectors_shade,41,Afternoon,1632,244,1656,local,103,4.229519269663127
Madrid,working,Full,connectors_shade,41,Afternoon,1632,244,1656,local,104,4.309483844467619
Madrid,working,Full,connectors_shade,41,Afternoon,1632,244,1656,local,105,4.390436244154563
Madrid,working,Full,connectors_shade,41,Afternoon,1632,244,1656,local,106,4.472583702521802
Madrid,working,Full,connectors_shade,41,Afternoon,1632,244,1656,local,107,4.55521874166494
Madrid,working,Full,connectors_shade,41,Afternoon,1632,244,1656,local,108,4.638121669227184
Madrid,working,Full,connectors_shade,41,Afternoon,1632,244,1656,local,109,4.721310723725297
Madrid,working,Full,connectors_shade,41,Afternoon,1632,244,1656,local,110,4.805513995825238
Madrid,working,Full,connectors_shade,41,Afternoon,1632,244,1656,local,111,4.890161994689541
Madrid,working,Full,connectors_shade,41,Afternoon,1632,244,1656,local,112,4.975300562889622
Madrid,working,Full,connectors_shade,41,Afternoon,1632,244,1656,local,113,5.062212400007599
Madrid,working,Full,connectors_shade,41,Afternoon,1632,244,1656,local,114,5.150173131707057
Madrid,working,Full,connectors_shade,41,Afternoon,1632,244,1656,local,115,5.238595926585331
Madrid,working,Full,connectors_shade,41,Afternoon,1632,244,1656,local,116,5.327526409297987
Madrid,working,Full,connectors_shade,41,Afternoon,1632,244,1656,local,117,5.416810876550516
Madrid,working,Full,connectors_shade,41,Afternoon,1632,244,1656,local,118,5.50707415181296
Madrid,working,Full,connectors_shade,41,Afternoon,1632,244,1656,local,119,5.597426185228211
Madrid,working,Full,connectors_shade,41,Afternoon,1632,244,1656,local,120,5.68832521503352
Madrid,working,Full,connectors_shade,41,Afternoon,1632,244,1656,local,121,5.779577528589076
Madrid,working,Full,connectors_shade,41,Afternoon,1632,244,1656,local,122,5.872265820258371
Madrid,working,Full,connectors_shade,41,Afternoon,1632,244,1656,local,123,5.96551472840261
Madrid,working,Full,connectors_shade,41,Afternoon,1632,244,1656,local,124,6.058992577527943
Madrid,working,Full,connectors_shade,41,Afternoon,1632,244,1656,local,125,6.152764228376932
Madrid,working,Full,connectors_shade,41,Afternoon,1632,244,1656,local,126,6.24735550768208
Madrid,working,Full,connectors_shade,41,Afternoon,1632,244,1656,local,127,6.343587356928839
Madrid,working,Full,connectors_shade,41,Afternoon,1632,244,1656,local,128,6.440777849016147
Madrid,working,Full,connectors_shade,41,Afternoon,1632,244,1656,local,129,6.538900770399868
Madrid,working,Full,connectors_shade,41,Afternoon,1632,244,1656,local,130,6.638115130451879
Madrid,working,Full,connectors_shade,41,Afternoon,1632,244,1656,local,131,6.738119055569687
Madrid,working,Full,connectors_shade,41,Afternoon,1632,244,1656,local,132,6.8386912345932345
Madrid,working,Full,connectors_shade,41,Afternoon,1632,244,1656,local,133,6.941128811118889
Madrid,working,Full,connectors_shade,41,Afternoon,1632,244,1656,local,134,7.044877624514461
Madrid,working,Full,connectors_shade,41,Afternoon,1632,244,1656,local,135,7.150166393002633
Madrid,working,Full,connectors_shade,41,Afternoon,1632,244,1656,local,136,7.259432159868361
Madrid,working,Full,connectors_shade,41,Afternoon,1632,244,1656,local,137,7.370057430921325
Madrid,working,Full,connectors_shade,41,Afternoon,1632,244,1656,local,138,7.481404215041337
Madrid,working,Full,connectors_shade,41,Afternoon,1632,244,1656,local,139,7.593648311495675
Madrid,working,Full,connectors_shade,41,Afternoon,1632,244,1656,local,140,7.70759819767647
Madrid,working,Full,connectors_shade,41,Afternoon,1632,244,1656,local,141,7.822347772669626
Madrid,working,Full,connectors_shade,41,Afternoon,1632,244,1656,local,142,7.93927710776539
Madrid,working,Full,connectors_shade,41,Afternoon,1632,244,1656,local,143,8.056997987847865
Madrid,working,Full,connectors_shade,41,Afternoon,1632,244,1656,local,144,8.175688778056674
Madrid,working,Full,connectors_shade,41,Afternoon,1632,244,1656,local,145,8.29554676623473
Madrid,working,Full,connectors_shade,41,Afternoon,1632,244,1656,local,146,8.415900901010065
Madrid,working,Full,connectors_shade,41,Afternoon,1632,244,1656,local,147,8.536870313850555
Madrid,working,Full,connectors_shade,41,Afternoon,1632,244,1656,local,148,8.658420445381914
Madrid,working,Full,connectors_shade,41,Afternoon,1632,244,1656,local,149,8.780190217385352
Madrid,working,Full,connectors_shade,41,Afternoon,1632,244,1656,local,150,8.9027047087616
Madrid,working,Full,connectors_shade,41,Afternoon,1632,244,1656,local,151,9.026088538998332
Madrid,working,Full,connectors_shade,41,Afternoon,1632,244,1656,local,152,9.149579834250718
Madrid,working,Full,connectors_shade,41,Afternoon,1632,244,1656,local,153,9.273528625442964
Madrid,working,Full,connectors_shade,41,Afternoon,1632,244,1656,local,154,9.398038164551453
Madrid,working,Full,connectors_shade,41,Afternoon,1632,244,1656,local,155,9.524209637653865
Madrid,working,Full,connectors_shade,41,Afternoon,1632,244,1656,local,156,9.650996397122999
Madrid,working,Full,connectors_shade,41,Afternoon,1632,244,1656,local,157,9.77791378571397
Madrid,working,Full,connectors_shade,41,Afternoon,1632,244,1656,local,158,9.905054711665384
Madrid,working,Full,connectors_shade,41,Afternoon,1632,244,1656,local,159,10.033007506194233
Madrid,working,Full,connectors_shade,41,Afternoon,1632,244,1656,local,160,10.16191055899288
Madrid,working,Full,connectors_shade,41,Afternoon,1632,244,1656,local,161,10.291338757104697
Madrid,working,Full,connectors_shade,41,Afternoon,1632,244,1656,local,162,10.420903370522332
Madrid,working,Full,connectors_shade,41,Afternoon,1632,244,1656,local,163,10.551809197033917
Madrid,working,Full,connectors_shade,41,Afternoon,1632,244,1656,local,164,10.684091150213426
Madrid,working,Full,connectors_shade,41,Afternoon,1632,244,1656,local,165,10.816616060858182
Madrid,working,Full,connectors_shade,41,Afternoon,1632,244,1656,local,166,10.950062643367406
Madrid,working,Full,connectors_shade,41,Afternoon,1632,244,1656,local,167,11.083823487474868
Madrid,working,Full,connectors_shade,41,Afternoon,1632,244,1656,local,168,11.220243587437865
Madrid,working,Full,connectors_shade,41,Afternoon,1632,244,1656,local,169,11.358621571837658
Madrid,working,Full,connectors_shade,41,Afternoon,1632,244,1656,local,170,11.497576450678554
Madrid,working,Full,connectors_shade,41,Afternoon,1632,244,1656,local,171,11.63796169854905
Madrid,working,Full,connectors_shade,41,Afternoon,1632,244,1656,local,172,11.779764091071728
Madrid,working,Full,connectors_shade,41,Afternoon,1632,244,1656,local,173,11.921943576204962
Madrid,working,Full,connectors_shade,41,Afternoon,1632,244,1656,local,174,12.066262751217446
Madrid,working,Full,connectors_shade,41,Afternoon,1632,244,1656,local,175,12.211506801111115
Madrid,working,Full,connectors_shade,41,Afternoon,1632,244,1656,local,176,12.359043071583875
Madrid,working,Full,connectors_shade,41,Afternoon,1632,244,1656,local,177,12.508674420070035
Madrid,working,Full,connectors_shade,41,Afternoon,1632,244,1656,local,178,12.660010014193393
Madrid,working,Full,connectors_shade,41,Afternoon,1632,244,1656,local,179,12.813253989196296
Madrid,working,Full,connectors_shade,41,Afternoon,1632,244,1656,local,180,12.96886265666339
Madrid,working,Full,connectors_shade,41,Afternoon,1632,244,1656,local,181,13.125721729279292
Madrid,working,Full,connectors_shade,41,Afternoon,1632,244,1656,local,182,13.283977486672782
Madrid,working,Full,connectors_shade,41,Afternoon,1632,244,1656,local,183,13.44352604179849
Madrid,working,Full,connectors_shade,41,Afternoon,1632,244,1656,local,184,13.606395235607094
Madrid,working,Full,connectors_shade,41,Afternoon,1632,244,1656,local,185,13.770122710604653
Madrid,working,Full,connectors_shade,41,Afternoon,1632,244,1656,local,186,13.93418493474689
Madrid,working,Full,connectors_shade,41,Afternoon,1632,244,1656,local,187,14.098599130993662
Madrid,working,Full,connectors_shade,41,Afternoon,1632,244,1656,local,188,14.265241358119336
Madrid,working,Full,connectors_shade,41,Afternoon,1632,244,1656,local,189,14.432802961729465
Madrid,working,Full,connectors_shade,41,Afternoon,1632,244,1656,local,190,14.601387939556805
Madrid,working,Full,connectors_shade,41,Afternoon,1632,244,1656,local,191,14.772723150674905
Madrid,working,Full,connectors_shade,41,Afternoon,1632,244,1656,local,192,14.944391897527034
Madrid,working,Full,connectors_shade,41,Afternoon,1632,244,1656,local,193,15.119225273318785
Madrid,working,Full,connectors_shade,41,Afternoon,1632,244,1656,local,194,15.295890677819715
Madrid,working,Full,connectors_shade,41,Afternoon,1632,244,1656,local,195,15.473207084745018
Madrid,working,Full,connectors_shade,41,Afternoon,1632,244,1656,local,196,15.650702186796769
Madrid,working,Full,connectors_shade,41,Afternoon,1632,244,1656,local,197,15.829717252412626
Madrid,working,Full,connectors_shade,41,Afternoon,1632,244,1656,local,198,16.009602246299366
Madrid,working,Full,connectors_shade,41,Afternoon,1632,244,1656,local,199,16.18976223957904
Madrid,working,Full,connectors_shade,41,Afternoon,1632,244,1656,local,200,16.37105795409784
Madrid,working,Full,connectors_shade,41,Afternoon,1632,244,1656,local,201,16.553977804246145
Madrid,working,Full,connectors_shade,41,Afternoon,1632,244,1656,local,202,16.737523263745057
Madrid,working,Full,connectors_shade,41,Afternoon,1632,244,1656,local,203,16.922863184648698
Madrid,working,Full,connectors_shade,41,Afternoon,1632,244,1656,local,204,17.10889926843699
Madrid,working,Full,connectors_shade,41,Afternoon,1632,244,1656,local,205,17.29657576997172
Madrid,working,Full,connectors_shade,41,Afternoon,1632,244,1656,local,206,17.485535320445706
Madrid,working,Full,connectors_shade,41,Afternoon,1632,244,1656,local,207,17.675866303058143
Madrid,working,Full,connectors_shade,41,Afternoon,1632,244,1656,local,208,17.86822648254193
Madrid,working,Full,connectors_shade,41,Afternoon,1632,244,1656,local,209,18.06076903404932
Madrid,working,Full,connectors_shade,41,Afternoon,1632,244,1656,local,210,18.257047383631534
Madrid,working,Full,connectors_shade,41,Afternoon,1632,244,1656,local,211,18.454034971739645
Madrid,working,Full,connectors_shade,41,Afternoon,1632,244,1656,local,212,18.65140231725752
Madrid,working,Full,connectors_shade,41,Afternoon,1632,244,1656,local,213,18.850679099336045
Madrid,working,Full,connectors_shade,41,Afternoon,1632,244,1656,local,214,19.053338996218304
Madrid,working,Full,connectors_shade,41,Afternoon,1632,244,1656,local,215,19.25995006949067
Madrid,working,Full,connectors_shade,41,Afternoon,1632,244,1656,local,216,19.468065425381155
Madrid,working,Full,connectors_shade,41,Afternoon,1632,244,1656,local,217,19.67922396606845
Madrid,working,Full,connectors_shade,41,Afternoon,1632,244,1656,local,218,19.891986250998492
Madrid,working,Full,connectors_shade,41,Afternoon,1632,244,1656,local,219,20.107794193897004
Madrid,working,Full,connectors_shade,41,Afternoon,1632,244,1656,local,220,20.32410263686668
Madrid,working,Full,connectors_shade,41,Afternoon,1632,244,1656,local,221,20.543342306400778
Madrid,working,Full,connectors_shade,41,Afternoon,1632,244,1656,local,222,20.764665877287793
Madrid,working,Full,connectors_shade,41,Afternoon,1632,244,1656,local,223,20.987918019820192
Madrid,working,Full,connectors_shade,41,Afternoon,1632,244,1656,local,224,21.21244044557532
Madrid,working,Full,connectors_shade,41,Afternoon,1632,244,1656,local,225,21.438789204480987
Madrid,working,Full,connectors_shade,41,Afternoon,1632,244,1656,local,226,21.66671360478967
Madrid,working,Full,connectors_shade,41,Afternoon,1632,244,1656,local,227,21.895986424633996
Madrid,working,Full,connectors_shade,41,Afternoon,1632,244,1656,local,228,22.127287456231787
Madrid,working,Full,connectors_shade,41,Afternoon,1632,244,1656,local,229,22.359947328584187
Madrid,working,Full,connectors_shade,41,Afternoon,1632,244,1656,local,230,22.598048288569164
Madrid,working,Full,connectors_shade,41,Afternoon,1632,244,1656,local,231,22.836761479948542
Madrid,working,Full,connectors_shade,41,Afternoon,1632,244,1656,local,232,23.077491700194738
Madrid,working,Full,connectors_shade,41,Afternoon,1632,244,1656,local,233,23.32061830962647
Madrid,working,Full,connectors_shade,41,Afternoon,1632,244,1656,local,234,23.564566254175748
Madrid,working,Full,connectors_shade,41,Afternoon,1632,244,1656,local,235,23.809707763125374
Madrid,working,Full,connectors_shade,41,Afternoon,1632,244,1656,local,236,24.0568547963699
Madrid,working,Full,connectors_shade,41,Afternoon,1632,244,1656,local,237,24.30549433232573
Madrid,working,Full,connectors_shade,41,Afternoon,1632,244,1656,local,238,24.55908648963901
Madrid,working,Full,connectors_shade,41,Afternoon,1632,244,1656,local,239,24.820995160170614
Madrid,working,Full,connectors_shade,41,Afternoon,1632,244,1656,local,240,25.084237647110477
Madrid,working,Full,connectors_shade,41,Afternoon,1632,244,1656,local,241,25.349269409750253
Madrid,working,Full,connectors_shade,41,Afternoon,1632,244,1656,local,242,25.625937747333143
Madrid,working,Full,connectors_shade,41,Afternoon,1632,244,1656,local,243,25.911968325672547
Madrid,working,Full,connectors_shade,41,Afternoon,1632,244,1656,local,244,26.25695138962185
Madrid,working,Full,connectors_shade,41,Afternoon,1632,244,1656,regional,0,0.0
Madrid,working,Full,connectors_shade,41,Afternoon,1632,244,1656,regional,1,0.0005555041971334195
Madrid,working,Full,connectors_shade,41,Afternoon,1632,244,1656,regional,2,0.0018645831608130698
Madrid,working,Full,connectors_shade,41,Afternoon,1632,244,1656,regional,3,0.004067259641804688
Madrid,working,Full,connectors_shade,41,Afternoon,1632,244,1656,regional,4,0.007006101578131637
Madrid,working,Full,connectors_shade,41,Afternoon,1632,244,1656,regional,5,0.010519868017553759
Madrid,working,Full,connectors_shade,41,Afternoon,1632,244,1656,regional,6,0.014606707272517764
Madrid,working,Full,connectors_shade,41,Afternoon,1632,244,1656,regional,7,0.02024938889163746
Madrid,working,Full,connectors_shade,41,Afternoon,1632,244,1656,regional,8,0.026191940448196407
Madrid,working,Full,connectors_shade,41,Afternoon,1632,244,1656,regional,9,0.03447598229488082
Madrid,working,Full,connectors_shade,41,Afternoon,1632,244,1656,regional,10,0.043910069695596576
Madrid,working,Full,connectors_shade,41,Afternoon,1632,244,1656,regional,11,0.053741224423735544
Madrid,working,Full,connectors_shade,41,Afternoon,1632,244,1656,regional,12,0.06507846801626777
Madrid,working,Full,connectors_shade,41,Afternoon,1632,244,1656,regional,13,0.07691607689533114
Madrid,working,Full,connectors_shade,41,Afternoon,1632,244,1656,regional,14,0.08896909600122231
Madrid,working,Full,connectors_shade,41,Afternoon,1632,244,1656,regional,15,0.10160196916798606
Madrid,working,Full,connectors_shade,41,Afternoon,1632,244,1656,regional,16,0.11508711101343577
Madrid,working,Full,connectors_shade,41,Afternoon,1632,244,1656,regional,17,0.1292278799054457
Madrid,working,Full,connectors_shade,41,Afternoon,1632,244,1656,regional,18,0.14416513306105272
Madrid,working,Full,connectors_shade,41,Afternoon,1632,244,1656,regional,19,0.15918848658451218
Madrid,working,Full,connectors_shade,41,Afternoon,1632,244,1656,regional,20,0.17427313751758675
Madrid,working,Full,connectors_shade,41,Afternoon,1632,244,1656,regional,21,0.1900686778536613
Madrid,working,Full,connectors_shade,41,Afternoon,1632,244,1656,regional,22,0.20624106246843585
Madrid,working,Full,connectors_shade,41,Afternoon,1632,244,1656,regional,23,0.22302182678738905
Madrid,working,Full,connectors_shade,41,Afternoon,1632,244,1656,regional,24,0.2407682203039485
Madrid,working,Full,connectors_shade,41,Afternoon,1632,244,1656,regional,25,0.25992644661611464
Madrid,working,Full,connectors_shade,41,Afternoon,1632,244,1656,regional,26,0.28024394312764533
Madrid,working,Full,connectors_shade,41,Afternoon,1632,244,1656,regional,27,0.3028962148895584
Madrid,working,Full,connectors_shade,41,Afternoon,1632,244,1656,regional,28,0.32606914601980463
Madrid,working,Full,connectors_shade,41,Afternoon,1632,244,1656,regional,29,0.3500366669683182
Madrid,working,Full,connectors_shade,41,Afternoon,1632,244,1656,regional,30,0.3744260761331697
Madrid,working,Full,connectors_shade,41,Afternoon,1632,244,1656,regional,31,0.4006696286650972
Madrid,working,Full,connectors_shade,41,Afternoon,1632,244,1656,regional,32,0.42719822453084605
Madrid,working,Full,connectors_shade,41,Afternoon,1632,244,1656,regional,33,0.45405284154149644
Madrid,working,Full,connectors_shade,41,Afternoon,1632,244,1656,regional,34,0.4819112856157534
Madrid,working,Full,connectors_shade,41,Afternoon,1632,244,1656,regional,35,0.5103952959511796
Madrid,working,Full,connectors_shade,41,Afternoon,1632,244,1656,regional,36,0.5406183443416501
Madrid,working,Full,connectors_shade,41,Afternoon,1632,244,1656,regional,37,0.5723156242948947
Madrid,working,Full,connectors_shade,41,Afternoon,1632,244,1656,regional,38,0.6047726326862066
Madrid,working,Full,connectors_shade,41,Afternoon,1632,244,1656,regional,39,0.6393883818748396
Madrid,working,Full,connectors_shade,41,Afternoon,1632,244,1656,regional,40,0.6744837236569674
Madrid,working,Full,connectors_shade,41,Afternoon,1632,244,1656,regional,41,0.7107745487160897
Madrid,working,Full,connectors_shade,41,Afternoon,1632,244,1656,regional,42,0.7474314906796486
Madrid,working,Full,connectors_shade,41,Afternoon,1632,244,1656,regional,43,0.7852578991928428
Madrid,working,Full,connectors_shade,41,Afternoon,1632,244,1656,regional,44,0.8235539770473139
Madrid,working,Full,connectors_shade,41,Afternoon,1632,244,1656,regional,45,0.862700546374206
Madrid,working,Full,connectors_shade,41,Afternoon,1632,244,1656,regional,46,0.9021267074184904
Madrid,working,Full,connectors_shade,41,Afternoon,1632,244,1656,regional,47,0.9417405371687353
Madrid,working,Full,connectors_shade,41,Afternoon,1632,244,1656,regional,48,0.9820278667158705
Madrid,working,Full,connectors_shade,41,Afternoon,1632,244,1656,regional,49,1.0234505545210117
Madrid,working,Full,connectors_shade,41,Afternoon,1632,244,1656,regional,50,1.0653989160781718
Madrid,working,Full,connectors_shade,41,Afternoon,1632,244,1656,regional,51,1.1080543457345209
Madrid,working,Full,connectors_shade,41,Afternoon,1632,244,1656,regional,52,1.150916543719474
Madrid,working,Full,connectors_shade,41,Afternoon,1632,244,1656,regional,53,1.1950228267797982
Madrid,working,Full,connectors_shade,41,Afternoon,1632,244,1656,regional,54,1.2394143566181983
Madrid,working,Full,connectors_shade,41,Afternoon,1632,244,1656,regional,55,1.2845421712199203
Madrid,working,Full,connectors_shade,41,Afternoon,1632,244,1656,regional,56,1.3299655868779097
Madrid,working,Full,connectors_shade,41,Afternoon,1632,244,1656,regional,57,1.3760891114622344
Madrid,working,Full,connectors_shade,41,Afternoon,1632,244,1656,regional,58,1.4226684229034938
Madrid,working,Full,connectors_shade,41,Afternoon,1632,244,1656,regional,59,1.4699323477151731
Madrid,working,Full,connectors_shade,41,Afternoon,1632,244,1656,regional,60,1.5178746370552163
Madrid,working,Full,connectors_shade,41,Afternoon,1632,244,1656,regional,61,1.5675313470056407
Madrid,working,Full,connectors_shade,41,Afternoon,1632,244,1656,regional,62,1.6178553306690708
Madrid,working,Full,connectors_shade,41,Afternoon,1632,244,1656,regional,63,1.669142852536936
Madrid,working,Full,connectors_shade,41,Afternoon,1632,244,1656,regional,64,1.7216026174513053
Madrid,working,Full,connectors_shade,41,Afternoon,1632,244,1656,regional,65,1.7748346995205428
Madrid,working,Full,connectors_shade,41,Afternoon,1632,244,1656,regional,66,1.8282370596048525
Madrid,working,Full,connectors_shade,41,Afternoon,1632,244,1656,regional,67,1.882547683123608
Madrid,working,Full,connectors_shade,41,Afternoon,1632,244,1656,regional,68,1.9380279249131378
Madrid,working,Full,connectors_shade,41,Afternoon,1632,244,1656,regional,69,1.9944606561598812
Madrid,working,Full,connectors_shade,41,Afternoon,1632,244,1656,regional,70,2.0516878565376233
Madrid,working,Full,connectors_shade,41,Afternoon,1632,244,1656,regional,71,2.1096662979349174
Madrid,working,Full,connectors_shade,41,Afternoon,1632,244,1656,regional,72,2.167860784029259
Madrid,working,Full,connectors_shade,41,Afternoon,1632,244,1656,regional,73,2.2266931161421573
Madrid,working,Full,connectors_shade,41,Afternoon,1632,244,1656,regional,74,2.285787423079131
Madrid,working,Full,connectors_shade,41,Afternoon,1632,244,1656,regional,75,2.3455924663186782
Madrid,working,Full,connectors_shade,41,Afternoon,1632,244,1656,regional,76,2.405754112167881
Madrid,working,Full,connectors_shade,41,Afternoon,1632,244,1656,regional,77,2.466588806788405
Madrid,working,Full,connectors_shade,41,Afternoon,1632,244,1656,regional,78,2.5276515148350267
Madrid,working,Full,connectors_shade,41,Afternoon,1632,244,1656,regional,79,2.589935400133757
Madrid,working,Full,connectors_shade,41,Afternoon,1632,244,1656,regional,80,2.653448948723828
Madrid,working,Full,connectors_shade,41,Afternoon,1632,244,1656,regional,81,2.7175759707105445
Madrid,working,Full,connectors_shade,41,Afternoon,1632,244,1656,regional,82,2.782714109961661
Madrid,working,Full,connectors_shade,41,Afternoon,1632,244,1656,regional,83,2.8482968631870142
Madrid,working,Full,connectors_shade,41,Afternoon,1632,244,1656,regional,84,2.9150706825352466
Madrid,working,Full,connectors_shade,41,Afternoon,1632,244,1656,regional,85,2.9836445173544655
Madrid,working,Full,connectors_shade,41,Afternoon,1632,244,1656,regional,86,3.0529334021841366
Madrid,working,Full,connectors_shade,41,Afternoon,1632,244,1656,regional,87,3.122682619298177
Madrid,working,Full,connectors_shade,41,Afternoon,1632,244,1656,regional,88,3.1933165761735025
Madrid,working,Full,connectors_shade,41,Afternoon,1632,244,1656,regional,89,3.2646503433603744
Madrid,working,Full,connectors_shade,41,Afternoon,1632,244,1656,regional,90,3.336207586131962
Madrid,working,Full,connectors_shade,41,Afternoon,1632,244,1656,regional,91,3.408438790070641
Madrid,working,Full,connectors_shade,41,Afternoon,1632,244,1656,regional,92,3.4817160209288254
Madrid,working,Full,connectors_shade,41,Afternoon,1632,244,1656,regional,93,3.5562280832521034
Madrid,working,Full,connectors_shade,41,Afternoon,1632,244,1656,regional,94,3.630910969096913
Madrid,working,Full,connectors_shade,41,Afternoon,1632,244,1656,regional,95,3.705917906470364
Madrid,working,Full,connectors_shade,41,Afternoon,1632,244,1656,regional,96,3.7817209674248855
Madrid,working,Full,connectors_shade,41,Afternoon,1632,244,1656,regional,97,3.858047596655786
Madrid,working,Full,connectors_shade,41,Afternoon,1632,244,1656,regional,98,3.9345517327244495
Madrid,working,Full,connectors_shade,41,Afternoon,1632,244,1656,regional,99,4.012001835620576
Madrid,working,Full,connectors_shade,41,Afternoon,1632,244,1656,regional,100,4.089573216810223
Madrid,working,Full,connectors_shade,41,Afternoon,1632,244,1656,regional,101,4.167749520530973
Madrid,working,Full,connectors_shade,41,Afternoon,1632,244,1656,regional,102,4.247097652134017
Madrid,working,Full,connectors_shade,41,Afternoon,1632,244,1656,regional,103,4.327831980487439
Madrid,working,Full,connectors_shade,41,Afternoon,1632,244,1656,regional,104,4.408794731914045
Madrid,working,Full,connectors_shade,41,Afternoon,1632,244,1656,regional,105,4.490416533078202
Madrid,working,Full,connectors_shade,41,Afternoon,1632,244,1656,regional,106,4.573687807860061
Madrid,working,Full,connectors_shade,41,Afternoon,1632,244,1656,regional,107,4.658296112087858
Madrid,working,Full,connectors_shade,41,Afternoon,1632,244,1656,regional,108,4.743552638680925
Madrid,working,Full,connectors_shade,41,Afternoon,1632,244,1656,regional,109,4.829660405007492
Madrid,working,Full,connectors_shade,41,Afternoon,1632,244,1656,regional,110,4.916290098953191
Madrid,working,Full,connectors_shade,41,Afternoon,1632,244,1656,regional,111,5.0032067686083295
Madrid,working,Full,connectors_shade,41,Afternoon,1632,244,1656,regional,112,5.091153759286384
Madrid,working,Full,connectors_shade,41,Afternoon,1632,244,1656,regional,113,5.179406976328012
Madrid,working,Full,connectors_shade,41,Afternoon,1632,244,1656,regional,114,5.268316464541412
Madrid,working,Full,connectors_shade,41,Afternoon,1632,244,1656,regional,115,5.358015221988537
Madrid,working,Full,connectors_shade,41,Afternoon,1632,244,1656,regional,116,5.448290145983185
Madrid,working,Full,connectors_shade,41,Afternoon,1632,244,1656,regional,117,5.539674081170186
Madrid,working,Full,connectors_shade,41,Afternoon,1632,244,1656,regional,118,5.631249291198794
Madrid,working,Full,connectors_shade,41,Afternoon,1632,244,1656,regional,119,5.723016971217814
Madrid,working,Full,connectors_shade,41,Afternoon,1632,244,1656,regional,120,5.815980500713487
Madrid,working,Full,connectors_shade,41,Afternoon,1632,244,1656,regional,121,5.90929864458223
Madrid,working,Full,connectors_shade,41,Afternoon,1632,244,1656,regional,122,6.003193897048857
Madrid,working,Full,connectors_shade,41,Afternoon,1632,244,1656,regional,123,6.097689030077238
Madrid,working,Full,connectors_shade,41,Afternoon,1632,244,1656,regional,124,6.193062898847585
Madrid,working,Full,connectors_shade,41,Afternoon,1632,244,1656,regional,125,6.288753161366842
Madrid,working,Full,connectors_shade,41,Afternoon,1632,244,1656,regional,126,6.3856814966664635
Madrid,working,Full,connectors_shade,41,Afternoon,1632,244,1656,regional,127,6.482840143967456
Madrid,working,Full,connectors_shade,41,Afternoon,1632,244,1656,regional,128,6.581089835919216
Madrid,working,Full,connectors_shade,41,Afternoon,1632,244,1656,regional,129,6.681075623225543
Madrid,working,Full,connectors_shade,41,Afternoon,1632,244,1656,regional,130,6.782427100101211
Madrid,working,Full,connectors_shade,41,Afternoon,1632,244,1656,regional,131,6.884238127207734
Madrid,working,Full,connectors_shade,41,Afternoon,1632,244,1656,regional,132,6.986656182321004
Madrid,working,Full,connectors_shade,41,Afternoon,1632,244,1656,regional,133,7.089663400966385
Madrid,working,Full,connectors_shade,41,Afternoon,1632,244,1656,regional,134,7.193894112680189
Madrid,working,Full,connectors_shade,41,Afternoon,1632,244,1656,regional,135,7.298280214427348
Madrid,working,Full,connectors_shade,41,Afternoon,1632,244,1656,regional,136,7.403877552933362
Madrid,working,Full,connectors_shade,41,Afternoon,1632,244,1656,regional,137,7.511403878155325
Madrid,working,Full,connectors_shade,41,Afternoon,1632,244,1656,regional,138,7.61965122775247
Madrid,working,Full,connectors_shade,41,Afternoon,1632,244,1656,regional,139,7.728314102243394
Madrid,working,Full,connectors_shade,41,Afternoon,1632,244,1656,regional,140,7.837218529892913
Madrid,working,Full,connectors_shade,41,Afternoon,1632,244,1656,regional,141,7.946221850760978
Madrid,working,Full,connectors_shade,41,Afternoon,1632,244,1656,regional,142,8.05630545304418
Madrid,working,Full,connectors_shade,41,Afternoon,1632,244,1656,regional,143,8.167043216885657
Madrid,working,Full,connectors_shade,41,Afternoon,1632,244,1656,regional,144,8.2799596494066
Madrid,working,Full,connectors_shade,41,Afternoon,1632,244,1656,regional,145,8.393898792755982
Madrid,working,Full,connectors_shade,41,Afternoon,1632,244,1656,regional,146,8.510429900067493
Madrid,working,Full,connectors_shade,41,Afternoon,1632,244,1656,regional,147,8.62802458222767
Madrid,working,Full,connectors_shade,41,Afternoon,1632,244,1656,regional,148,8.746172560352747
Madrid,working,Full,connectors_shade,41,Afternoon,1632,244,1656,regional,149,8.864598994355589
Madrid,working,Full,connectors_shade,41,Afternoon,1632,244,1656,regional,150,8.984180255197309
Madrid,working,Full,connectors_shade,41,Afternoon,1632,244,1656,regional,151,9.104188935180572
Madrid,working,Full,connectors_shade,41,Afternoon,1632,244,1656,regional,152,9.226856707454864
Madrid,working,Full,connectors_shade,41,Afternoon,1632,244,1656,regional,153,9.350890638944392
Madrid,working,Full,connectors_shade,41,Afternoon,1632,244,1656,regional,154,9.47563537570064
Madrid,working,Full,connectors_shade,41,Afternoon,1632,244,1656,regional,155,9.601281882916174
Madrid,working,Full,connectors_shade,41,Afternoon,1632,244,1656,regional,156,9.727353312081213
Madrid,working,Full,connectors_shade,41,Afternoon,1632,244,1656,regional,157,9.854422710494564
Madrid,working,Full,connectors_shade,41,Afternoon,1632,244,1656,regional,158,9.982346417546294
Madrid,working,Full,connectors_shade,41,Afternoon,1632,244,1656,regional,159,10.110525032665164
Madrid,working,Full,connectors_shade,41,Afternoon,1632,244,1656,regional,160,10.239152652706005
Madrid,working,Full,connectors_shade,41,Afternoon,1632,244,1656,regional,161,10.369500266350574
Madrid,working,Full,connectors_shade,41,Afternoon,1632,244,1656,regional,162,10.50018932980072
Madrid,working,Full,connectors_shade,41,Afternoon,1632,244,1656,regional,163,10.632365236978252
Madrid,working,Full,connectors_shade,41,Afternoon,1632,244,1656,regional,164,10.765120120992618
Madrid,working,Full,connectors_shade,41,Afternoon,1632,244,1656,regional,165,10.89976099188285
Madrid,working,Full,connectors_shade,41,Afternoon,1632,244,1656,regional,166,11.03518899066981
Madrid,working,Full,connectors_shade,41,Afternoon,1632,244,1656,regional,167,11.171742840316409
Madrid,working,Full,connectors_shade,41,Afternoon,1632,244,1656,regional,168,11.309730470600842
Madrid,working,Full,connectors_shade,41,Afternoon,1632,244,1656,regional,169,11.450391937712563
Madrid,working,Full,connectors_shade,41,Afternoon,1632,244,1656,regional,170,11.591295981410934
Madrid,working,Full,connectors_shade,41,Afternoon,1632,244,1656,regional,171,11.733457058894356
Madrid,working,Full,connectors_shade,41,Afternoon,1632,244,1656,regional,172,11.876310822692153
Madrid,working,Full,connectors_shade,41,Afternoon,1632,244,1656,regional,173,12.02052336723027
Madrid,working,Full,connectors_shade,41,Afternoon,1632,244,1656,regional,174,12.165980698898863
Madrid,working,Full,connectors_shade,41,Afternoon,1632,244,1656,regional,175,12.31250493776408
Madrid,working,Full,connectors_shade,41,Afternoon,1632,244,1656,regional,176,12.459684471268627
Madrid,working,Full,connectors_shade,41,Afternoon,1632,244,1656,regional,177,12.607590187667114
Madrid,working,Full,connectors_shade,41,Afternoon,1632,244,1656,regional,178,12.758195459005464
Madrid,working,Full,connectors_shade,41,Afternoon,1632,244,1656,regional,179,12.911484955241727
Madrid,working,Full,connectors_shade,41,Afternoon,1632,244,1656,regional,180,13.065721114153778
Madrid,working,Full,connectors_shade,41,Afternoon,1632,244,1656,regional,181,13.221913510277867
Madrid,working,Full,connectors_shade,41,Afternoon,1632,244,1656,regional,182,13.379571446412314
Madrid,working,Full,connectors_shade,41,Afternoon,1632,244,1656,regional,183,13.53748636643496
Madrid,working,Full,connectors_shade,41,Afternoon,1632,244,1656,regional,184,13.695565716312363
Madrid,working,Full,connectors_shade,41,Afternoon,1632,244,1656,regional,185,13.858417193974226
Madrid,working,Full,connectors_shade,41,Afternoon,1632,244,1656,regional,186,14.022438156116403
Madrid,working,Full,connectors_shade,41,Afternoon,1632,244,1656,regional,187,14.187210038594813
Madrid,working,Full,connectors_shade,41,Afternoon,1632,244,1656,regional,188,14.352612594819687
Madrid,working,Full,connectors_shade,41,Afternoon,1632,244,1656,regional,189,14.519884754795834
Madrid,working,Full,connectors_shade,41,Afternoon,1632,244,1656,regional,190,14.687985828050047
Madrid,working,Full,connectors_shade,41,Afternoon,1632,244,1656,regional,191,14.859449703829776
Madrid,working,Full,connectors_shade,41,Afternoon,1632,244,1656,regional,192,15.03227109209902
Madrid,working,Full,connectors_shade,41,Afternoon,1632,244,1656,regional,193,15.206433524217642
Madrid,working,Full,connectors_shade,41,Afternoon,1632,244,1656,regional,194,15.382167560457976
Madrid,working,Full,connectors_shade,41,Afternoon,1632,244,1656,regional,195,15.559540968446637
Madrid,working,Full,connectors_shade,41,Afternoon,1632,244,1656,regional,196,15.737311043770617
Madrid,working,Full,connectors_shade,41,Afternoon,1632,244,1656,regional,197,15.915173427615652
Madrid,working,Full,connectors_shade,41,Afternoon,1632,244,1656,regional,198,16.093305270964475
Madrid,working,Full,connectors_shade,41,Afternoon,1632,244,1656,regional,199,16.273543854758692
Madrid,working,Full,connectors_shade,41,Afternoon,1632,244,1656,regional,200,16.456625630654884
Madrid,working,Full,connectors_shade,41,Afternoon,1632,244,1656,regional,201,16.639886476116583
Madrid,working,Full,connectors_shade,41,Afternoon,1632,244,1656,regional,202,16.82332637735098
Madrid,working,Full,connectors_shade,41,Afternoon,1632,244,1656,regional,203,17.007279842231824
Madrid,working,Full,connectors_shade,41,Afternoon,1632,244,1656,regional,204,17.191854777592688
Madrid,working,Full,connectors_shade,41,Afternoon,1632,244,1656,regional,205,17.37725160430139
Madrid,working,Full,connectors_shade,41,Afternoon,1632,244,1656,regional,206,17.564760611348
Madrid,working,Full,connectors_shade,41,Afternoon,1632,244,1656,regional,207,17.753250412809834
Madrid,working,Full,connectors_shade,41,Afternoon,1632,244,1656,regional,208,17.94287237673074
Madrid,working,Full,connectors_shade,41,Afternoon,1632,244,1656,regional,209,18.133290238719944
Madrid,working,Full,connectors_shade,41,Afternoon,1632,244,1656,regional,210,18.327053839433866
Madrid,working,Full,connectors_shade,41,Afternoon,1632,244,1656,regional,211,18.523002980415615
Madrid,working,Full,connectors_shade,41,Afternoon,1632,244,1656,regional,212,18.72171878949401
Madrid,working,Full,connectors_shade,41,Afternoon,1632,244,1656,regional,213,18.923572011757894
Madrid,working,Full,connectors_shade,41,Afternoon,1632,244,1656,regional,214,19.130115350323127
Madrid,working,Full,connectors_shade,41,Afternoon,1632,244,1656,regional,215,19.33762537461681
Madrid,working,Full,connectors_shade,41,Afternoon,1632,244,1656,regional,216,19.546215519639155
Madrid,working,Full,connectors_shade,41,Afternoon,1632,244,1656,regional,217,19.75557349845668
Madrid,working,Full,connectors_shade,41,Afternoon,1632,244,1656,regional,218,19.967417416434543
Madrid,working,Full,connectors_shade,41,Afternoon,1632,244,1656,regional,219,20.18394579358414
Madrid,working,Full,connectors_shade,41,Afternoon,1632,244,1656,regional,220,20.4018658053077
Madrid,working,Full,connectors_shade,41,Afternoon,1632,244,1656,regional,221,20.621823138158554
Madrid,working,Full,connectors_shade,41,Afternoon,1632,244,1656,regional,222,20.84276538327431
Madrid,working,Full,connectors_shade,41,Afternoon,1632,244,1656,regional,223,21.06451861857396
Madrid,working,Full,connectors_shade,41,Afternoon,1632,244,1656,regional,224,21.287900678933752
Madrid,working,Full,connectors_shade,41,Afternoon,1632,244,1656,regional,225,21.511491974469966
Madrid,working,Full,connectors_shade,41,Afternoon,1632,244,1656,regional,226,21.736495924854502
Madrid,working,Full,connectors_shade,41,Afternoon,1632,244,1656,regional,227,21.963898234750403
Madrid,working,Full,connectors_shade,41,Afternoon,1632,244,1656,regional,228,22.192978434943953
Madrid,working,Full,connectors_shade,41,Afternoon,1632,244,1656,regional,229,22.42780572572826
Madrid,working,Full,connectors_shade,41,Afternoon,1632,244,1656,regional,230,22.664354039751125
Madrid,working,Full,connectors_shade,41,Afternoon,1632,244,1656,regional,231,22.9016531892843
Madrid,working,Full,connectors_shade,41,Afternoon,1632,244,1656,regional,232,23.139632021250844
Madrid,working,Full,connectors_shade,41,Afternoon,1632,244,1656,regional,233,23.378494999197294
Madrid,working,Full,connectors_shade,41,Afternoon,1632,244,1656,regional,234,23.618456089930728
Madrid,working,Full,connectors_shade,41,Afternoon,1632,244,1656,regional,235,23.85877105918971
Madrid,working,Full,connectors_shade,41,Afternoon,1632,244,1656,regional,236,24.100213144110924
Madrid,working,Full,connectors_shade,41,Afternoon,1632,244,1656,regional,237,24.34246892536947
Madrid,working,Full,connectors_shade,41,Afternoon,1632,244,1656,regional,238,24.589501204670945
Madrid,working,Full,connectors_shade,41,Afternoon,1632,244,1656,regional,239,24.842606783290584
Madrid,working,Full,connectors_shade,41,Afternoon,1632,244,1656,regional,240,25.09985297044768
Madrid,working,Full,connectors_shade,41,Afternoon,1632,244,1656,regional,241,25.3644767683946
Madrid,working,Full,connectors_shade,41,Afternoon,1632,244,1656,regional,242,25.642649256586594
Madrid,working,Full,connectors_shade,41,Afternoon,1632,244,1656,regional,243,25.925204138883824
Madrid,working,Full,connectors_shade,41,Afternoon,1632,244,1656,regional,244,26.268116034204823
Madrid,working,Full,connectors_shade,41,Afternoon,1632,244,1656,uniform_area,0,0.0
Madrid,working,Full,connectors_shade,41,Afternoon,1632,244,1656,uniform_area,1,0.0001237846322265194
Madrid,working,Full,connectors_shade,41,Afternoon,1632,244,1656,uniform_area,2,0.001817225269093722
Madrid,working,Full,connectors_shade,41,Afternoon,1632,244,1656,uniform_area,3,0.005088106585818263
Madrid,working,Full,connectors_shade,41,Afternoon,1632,244,1656,uniform_area,4,0.008994407523297585
Madrid,working,Full,connectors_shade,41,Afternoon,1632,244,1656,uniform_area,5,0.015131430650278806
Madrid,working,Full,connectors_shade,41,Afternoon,1632,244,1656,uniform_area,6,0.021666899173321767
Madrid,working,Full,connectors_shade,41,Afternoon,1632,244,1656,uniform_area,7,0.02879419935811462
Madrid,working,Full,connectors_shade,41,Afternoon,1632,244,1656,uniform_area,8,0.036249177678294574
Madrid,working,Full,connectors_shade,41,Afternoon,1632,244,1656,uniform_area,9,0.044883787330334386
Madrid,working,Full,connectors_shade,41,Afternoon,1632,244,1656,uniform_area,10,0.05475637604510449
Madrid,working,Full,connectors_shade,41,Afternoon,1632,244,1656,uniform_area,11,0.06622351374993765
Madrid,working,Full,connectors_shade,41,Afternoon,1632,244,1656,uniform_area,12,0.07812944580420736
Madrid,working,Full,connectors_shade,41,Afternoon,1632,244,1656,uniform_area,13,0.09048970699051836
Madrid,working,Full,connectors_shade,41,Afternoon,1632,244,1656,uniform_area,14,0.10329341673883764
Madrid,working,Full,connectors_shade,41,Afternoon,1632,244,1656,uniform_area,15,0.11656531870156452
Madrid,working,Full,connectors_shade,41,Afternoon,1632,244,1656,uniform_area,16,0.13026676051439898
Madrid,working,Full,connectors_shade,41,Afternoon,1632,244,1656,uniform_area,17,0.14522954371189264
Madrid,working,Full,connectors_shade,41,Afternoon,1632,244,1656,uniform_area,18,0.16042389679960498
Madrid,working,Full,connectors_shade,41,Afternoon,1632,244,1656,uniform_area,19,0.17581883732325965
Madrid,working,Full,connectors_shade,41,Afternoon,1632,244,1656,uniform_area,20,0.1919276809592577
Madrid,working,Full,connectors_shade,41,Afternoon,1632,244,1656,uniform_area,21,0.2085491447669258
Madrid,working,Full,connectors_shade,41,Afternoon,1632,244,1656,uniform_area,22,0.22611863959654463
Madrid,working,Full,connectors_shade,41,Afternoon,1632,244,1656,uniform_area,23,0.2455738786642969
Madrid,working,Full,connectors_shade,41,Afternoon,1632,244,1656,uniform_area,24,0.2653288954808425
Madrid,working,Full,connectors_shade,41,Afternoon,1632,244,1656,uniform_area,25,0.28559625730913507
Madrid,working,Full,connectors_shade,41,Afternoon,1632,244,1656,uniform_area,26,0.30633818289417986
Madrid,working,Full,connectors_shade,41,Afternoon,1632,244,1656,uniform_area,27,0.32730746800780347
Madrid,working,Full,connectors_shade,41,Afternoon,1632,244,1656,uniform_area,28,0.3484490709863545
Madrid,working,Full,connectors_shade,41,Afternoon,1632,244,1656,uniform_area,29,0.37008923470893934
Madrid,working,Full,connectors_shade,41,Afternoon,1632,244,1656,uniform_area,30,0.39228373505990677
Madrid,working,Full,connectors_shade,41,Afternoon,1632,244,1656,uniform_area,31,0.4147941770767696
Madrid,working,Full,connectors_shade,41,Afternoon,1632,244,1656,uniform_area,32,0.4388315630880698
Madrid,working,Full,connectors_shade,41,Afternoon,1632,244,1656,uniform_area,33,0.463881530703527
Madrid,working,Full,connectors_shade,41,Afternoon,1632,244,1656,uniform_area,34,0.49090332474899706
Madrid,working,Full,connectors_shade,41,Afternoon,1632,244,1656,uniform_area,35,0.5187345010174812
Madrid,working,Full,connectors_shade,41,Afternoon,1632,244,1656,uniform_area,36,0.5477738319167096
Madrid,working,Full,connectors_shade,41,Afternoon,1632,244,1656,uniform_area,37,0.5781749603873649
Madrid,working,Full,connectors_shade,41,Afternoon,1632,244,1656,uniform_area,38,0.6095387863186977
Madrid,working,Full,connectors_shade,41,Afternoon,1632,244,1656,uniform_area,39,0.6421334067350637
Madrid,working,Full,connectors_shade,41,Afternoon,1632,244,1656,uniform_area,40,0.6751529356037327
Madrid,working,Full,connectors_shade,41,Afternoon,1632,244,1656,uniform_area,41,0.7089343511889568
Madrid,working,Full,connectors_shade,41,Afternoon,1632,244,1656,uniform_area,42,0.743265640004412
Madrid,working,Full,connectors_shade,41,Afternoon,1632,244,1656,uniform_area,43,0.7779019774713106
Madrid,working,Full,connectors_shade,41,Afternoon,1632,244,1656,uniform_area,44,0.8130601813129295
Madrid,working,Full,connectors_shade,41,Afternoon,1632,244,1656,uniform_area,45,0.8500103150686855
Madrid,working,Full,connectors_shade,41,Afternoon,1632,244,1656,uniform_area,46,0.8876791969637758
Madrid,working,Full,connectors_shade,41,Afternoon,1632,244,1656,uniform_area,47,0.9257412312288646
Madrid,working,Full,connectors_shade,41,Afternoon,1632,244,1656,uniform_area,48,0.9649300806390294
Madrid,working,Full,connectors_shade,41,Afternoon,1632,244,1656,uniform_area,49,1.0052181891032568
Madrid,working,Full,connectors_shade,41,Afternoon,1632,244,1656,uniform_area,50,1.0456937990058686
Madrid,working,Full,connectors_shade,41,Afternoon,1632,244,1656,uniform_area,51,1.086993236336112
Madrid,working,Full,connectors_shade,41,Afternoon,1632,244,1656,uniform_area,52,1.1284846661571528
Madrid,working,Full,connectors_shade,41,Afternoon,1632,244,1656,uniform_area,53,1.170632912394089
Madrid,working,Full,connectors_shade,41,Afternoon,1632,244,1656,uniform_area,54,1.2136651838597639
Madrid,working,Full,connectors_shade,41,Afternoon,1632,244,1656,uniform_area,55,1.257971661473547
Madrid,working,Full,connectors_shade,41,Afternoon,1632,244,1656,uniform_area,56,1.303243996047628
Madrid,working,Full,connectors_shade,41,Afternoon,1632,244,1656,uniform_area,57,1.3494863979436447
Madrid,working,Full,connectors_shade,41,Afternoon,1632,244,1656,uniform_area,58,1.3959520278212563
Madrid,working,Full,connectors_shade,41,Afternoon,1632,244,1656,uniform_area,59,1.442982924674952
Madrid,working,Full,connectors_shade,41,Afternoon,1632,244,1656,uniform_area,60,1.4905728393325124
Madrid,working,Full,connectors_shade,41,Afternoon,1632,244,1656,uniform_area,61,1.5384985438123453
Madrid,working,Full,connectors_shade,41,Afternoon,1632,244,1656,uniform_area,62,1.586711394956049
Madrid,working,Full,connectors_shade,41,Afternoon,1632,244,1656,uniform_area,63,1.6364037671801737
Madrid,working,Full,connectors_shade,41,Afternoon,1632,244,1656,uniform_area,64,1.6876910243936687
Madrid,working,Full,connectors_shade,41,Afternoon,1632,244,1656,uniform_area,65,1.7395284258491757
Madrid,working,Full,connectors_shade,41,Afternoon,1632,244,1656,uniform_area,66,1.7924053994701563
Madrid,working,Full,connectors_shade,41,Afternoon,1632,244,1656,uniform_area,67,1.8456883681011786
Madrid,working,Full,connectors_shade,41,Afternoon,1632,244,1656,uniform_area,68,1.9010091517661272
Madrid,working,Full,connectors_shade,41,Afternoon,1632,244,1656,uniform_area,69,1.9569412799412575
Madrid,working,Full,connectors_shade,41,Afternoon,1632,244,1656,uniform_area,70,2.0136055187959174
Madrid,working,Full,connectors_shade,41,Afternoon,1632,244,1656,uniform_area,71,2.071044114365965
Madrid,working,Full,connectors_shade,41,Afternoon,1632,244,1656,uniform_area,72,2.1300110712114626
Madrid,working,Full,connectors_shade,41,Afternoon,1632,244,1656,uniform_area,73,2.190640278832572
Madrid,working,Full,connectors_shade,41,Afternoon,1632,244,1656,uniform_area,74,2.2529688464856803
Madrid,working,Full,connectors_shade,41,Afternoon,1632,244,1656,uniform_area,75,2.3162525564546432
Madrid,working,Full,connectors_shade,41,Afternoon,1632,244,1656,uniform_area,76,2.3800100627745384
Madrid,working,Full,connectors_shade,41,Afternoon,1632,244,1656,uniform_area,77,2.4442719704189475
Madrid,working,Full,connectors_shade,41,Afternoon,1632,244,1656,uniform_area,78,2.509416369863176
Madrid,working,Full,connectors_shade,41,Afternoon,1632,244,1656,uniform_area,79,2.575309554816558
Madrid,working,Full,connectors_shade,41,Afternoon,1632,244,1656,uniform_area,80,2.6418113748536367
Madrid,working,Full,connectors_shade,41,Afternoon,1632,244,1656,uniform_area,81,2.7089476652788713
Madrid,working,Full,connectors_shade,41,Afternoon,1632,244,1656,uniform_area,82,2.7764464989523874
Madrid,working,Full,connectors_shade,41,Afternoon,1632,244,1656,uniform_area,83,2.8442781316395593
Madrid,working,Full,connectors_shade,41,Afternoon,1632,244,1656,uniform_area,84,2.9134922666453558
Madrid,working,Full,connectors_shade,41,Afternoon,1632,244,1656,uniform_area,85,2.9828352387173456
Madrid,working,Full,connectors_shade,41,Afternoon,1632,244,1656,uniform_area,86,3.052451042223631
Madrid,working,Full,connectors_shade,41,Afternoon,1632,244,1656,uniform_area,87,3.1234487306671017
Madrid,working,Full,connectors_shade,41,Afternoon,1632,244,1656,uniform_area,88,3.1960092611046527
Madrid,working,Full,connectors_shade,41,Afternoon,1632,244,1656,uniform_area,89,3.268927796725819
Madrid,working,Full,connectors_shade,41,Afternoon,1632,244,1656,uniform_area,90,3.3429274979077
Madrid,working,Full,connectors_shade,41,Afternoon,1632,244,1656,uniform_area,91,3.417536790319448
Madrid,working,Full,connectors_shade,41,Afternoon,1632,244,1656,uniform_area,92,3.4924450184076568
Madrid,working,Full,connectors_shade,41,Afternoon,1632,244,1656,uniform_area,93,3.567846783842911
Madrid,working,Full,connectors_shade,41,Afternoon,1632,244,1656,uniform_area,94,3.643872808329463
Madrid,working,Full,connectors_shade,41,Afternoon,1632,244,1656,uniform_area,95,3.7201550474946417
Madrid,working,Full,connectors_shade,41,Afternoon,1632,244,1656,uniform_area,96,3.7972434008402285
Madrid,working,Full,connectors_shade,41,Afternoon,1632,244,1656,uniform_area,97,3.874839523799641
Madrid,working,Full,connectors_shade,41,Afternoon,1632,244,1656,uniform_area,98,3.9530531056269305
Madrid,working,Full,connectors_shade,41,Afternoon,1632,244,1656,uniform_area,99,4.031790236590882
Madrid,working,Full,connectors_shade,41,Afternoon,1632,244,1656,uniform_area,100,4.112454261337274
Madrid,working,Full,connectors_shade,41,Afternoon,1632,244,1656,uniform_area,101,4.193508829273888
Madrid,working,Full,connectors_shade,41,Afternoon,1632,244,1656,uniform_area,102,4.274709021797449
Madrid,working,Full,connectors_shade,41,Afternoon,1632,244,1656,uniform_area,103,4.356138693548894
Madrid,working,Full,connectors_shade,41,Afternoon,1632,244,1656,uniform_area,104,4.4377175144231815
Madrid,working,Full,connectors_shade,41,Afternoon,1632,244,1656,uniform_area,105,4.520048195269387
Madrid,working,Full,connectors_shade,41,Afternoon,1632,244,1656,uniform_area,106,4.603189202731709
Madrid,working,Full,connectors_shade,41,Afternoon,1632,244,1656,uniform_area,107,4.686444205216921
Madrid,working,Full,connectors_shade,41,Afternoon,1632,244,1656,uniform_area,108,4.769961780787333
Madrid,working,Full,connectors_shade,41,Afternoon,1632,244,1656,uniform_area,109,4.854574524654855
Madrid,working,Full,connectors_shade,41,Afternoon,1632,244,1656,uniform_area,110,4.93960783041579
Madrid,working,Full,connectors_shade,41,Afternoon,1632,244,1656,uniform_area,111,5.025097495823074
Madrid,working,Full,connectors_shade,41,Afternoon,1632,244,1656,uniform_area,112,5.1109709284346305
Madrid,working,Full,connectors_shade,41,Afternoon,1632,244,1656,uniform_area,113,5.197439967514928
Madrid,working,Full,connectors_shade,41,Afternoon,1632,244,1656,uniform_area,114,5.284345210431511
Madrid,working,Full,connectors_shade,41,Afternoon,1632,244,1656,uniform_area,115,5.37197382044082
Madrid,working,Full,connectors_shade,41,Afternoon,1632,244,1656,uniform_area,116,5.459717985173489
Madrid,working,Full,connectors_shade,41,Afternoon,1632,244,1656,uniform_area,117,5.547951306817844
Madrid,working,Full,connectors_shade,41,Afternoon,1632,244,1656,uniform_area,118,5.636269536730586
Madrid,working,Full,connectors_shade,41,Afternoon,1632,244,1656,uniform_area,119,5.725980554273953
Madrid,working,Full,connectors_shade,41,Afternoon,1632,244,1656,uniform_area,120,5.815893669176069
Madrid,working,Full,connectors_shade,41,Afternoon,1632,244,1656,uniform_area,121,5.906039123448286
Madrid,working,Full,connectors_shade,41,Afternoon,1632,244,1656,uniform_area,122,5.997753431060139
Madrid,working,Full,connectors_shade,41,Afternoon,1632,244,1656,uniform_area,123,6.090292127481176
Madrid,working,Full,connectors_shade,41,Afternoon,1632,244,1656,uniform_area,124,6.183612279467079
Madrid,working,Full,connectors_shade,41,Afternoon,1632,244,1656,uniform_area,125,6.279286919608084
Madrid,working,Full,connectors_shade,41,Afternoon,1632,244,1656,uniform_area,126,6.376433435808316
Madrid,working,Full,connectors_shade,41,Afternoon,1632,244,1656,uniform_area,127,6.475103735812012
Madrid,working,Full,connectors_shade,41,Afternoon,1632,244,1656,uniform_area,128,6.574391816164396
Madrid,working,Full,connectors_shade,41,Afternoon,1632,244,1656,uniform_area,129,6.674184123619431
Madrid,working,Full,connectors_shade,41,Afternoon,1632,244,1656,uniform_area,130,6.774839555210744
Madrid,working,Full,connectors_shade,41,Afternoon,1632,244,1656,uniform_area,131,6.875649086038093
Madrid,working,Full,connectors_shade,41,Afternoon,1632,244,1656,uniform_area,132,6.977638360197067
Madrid,working,Full,connectors_shade,41,Afternoon,1632,244,1656,uniform_area,133,7.080351786138493
Madrid,working,Full,connectors_shade,41,Afternoon,1632,244,1656,uniform_area,134,7.185039111196996
Madrid,working,Full,connectors_shade,41,Afternoon,1632,244,1656,uniform_area,135,7.29053544238053
Madrid,working,Full,connectors_shade,41,Afternoon,1632,244,1656,uniform_area,136,7.396485824770754
Madrid,working,Full,connectors_shade,41,Afternoon,1632,244,1656,uniform_area,137,7.503566803335244
Madrid,working,Full,connectors_shade,41,Afternoon,1632,244,1656,uniform_area,138,7.613315344664955
Madrid,working,Full,connectors_shade,41,Afternoon,1632,244,1656,uniform_area,139,7.723699237862473
Madrid,working,Full,connectors_shade,41,Afternoon,1632,244,1656,uniform_area,140,7.835544687930745
Madrid,working,Full,connectors_shade,41,Afternoon,1632,244,1656,uniform_area,141,7.948469761834529
Madrid,working,Full,connectors_shade,41,Afternoon,1632,244,1656,uniform_area,142,8.061843970016934
Madrid,working,Full,connectors_shade,41,Afternoon,1632,244,1656,uniform_area,143,8.176336334103103
Madrid,working,Full,connectors_shade,41,Afternoon,1632,244,1656,uniform_area,144,8.292414068729235
Madrid,working,Full,connectors_shade,41,Afternoon,1632,244,1656,uniform_area,145,8.40903687580543
Madrid,working,Full,connectors_shade,41,Afternoon,1632,244,1656,uniform_area,146,8.526542174681444
Madrid,working,Full,connectors_shade,41,Afternoon,1632,244,1656,uniform_area,147,8.645698777392804
Madrid,working,Full,connectors_shade,41,Afternoon,1632,244,1656,uniform_area,148,8.765735524056987
Madrid,working,Full,connectors_shade,41,Afternoon,1632,244,1656,uniform_area,149,8.886621743330199
Madrid,working,Full,connectors_shade,41,Afternoon,1632,244,1656,uniform_area,150,9.008446363028053
Madrid,working,Full,connectors_shade,41,Afternoon,1632,244,1656,uniform_area,151,9.132013605087957
Madrid,working,Full,connectors_shade,41,Afternoon,1632,244,1656,uniform_area,152,9.255890865270487
Madrid,working,Full,connectors_shade,41,Afternoon,1632,244,1656,uniform_area,153,9.38065080391911
Madrid,working,Full,connectors_shade,41,Afternoon,1632,244,1656,uniform_area,154,9.505965481565651
Madrid,working,Full,connectors_shade,41,Afternoon,1632,244,1656,uniform_area,155,9.632029002103936
Madrid,working,Full,connectors_shade,41,Afternoon,1632,244,1656,uniform_area,156,9.758528475516073
Madrid,working,Full,connectors_shade,41,Afternoon,1632,244,1656,uniform_area,157,9.886492729594746
Madrid,working,Full,connectors_shade,41,Afternoon,1632,244,1656,uniform_area,158,10.014791464757673
Madrid,working,Full,connectors_shade,41,Afternoon,1632,244,1656,uniform_area,159,10.143310227612524
Madrid,working,Full,connectors_shade,41,Afternoon,1632,244,1656,uniform_area,160,10.274164899105442
Madrid,working,Full,connectors_shade,41,Afternoon,1632,244,1656,uniform_area,161,10.405957682727305
Madrid,working,Full,connectors_shade,41,Afternoon,1632,244,1656,uniform_area,162,10.538737331562192
Madrid,working,Full,connectors_shade,41,Afternoon,1632,244,1656,uniform_area,163,10.672021526906475
Madrid,working,Full,connectors_shade,41,Afternoon,1632,244,1656,uniform_area,164,10.806014601966112
Madrid,working,Full,connectors_shade,41,Afternoon,1632,244,1656,uniform_area,165,10.941023749289334
Madrid,working,Full,connectors_shade,41,Afternoon,1632,244,1656,uniform_area,166,11.07733856086828
Madrid,working,Full,connectors_shade,41,Afternoon,1632,244,1656,uniform_area,167,11.21485907691021
Madrid,working,Full,connectors_shade,41,Afternoon,1632,244,1656,uniform_area,168,11.353368185865294
Madrid,working,Full,connectors_shade,41,Afternoon,1632,244,1656,uniform_area,169,11.491987125111175
Madrid,working,Full,connectors_shade,41,Afternoon,1632,244,1656,uniform_area,170,11.63077313897359
Madrid,working,Full,connectors_shade,41,Afternoon,1632,244,1656,uniform_area,171,11.771205810755067
Madrid,working,Full,connectors_shade,41,Afternoon,1632,244,1656,uniform_area,172,11.91275311666983
Madrid,working,Full,connectors_shade,41,Afternoon,1632,244,1656,uniform_area,173,12.057606846543676
Madrid,working,Full,connectors_shade,41,Afternoon,1632,244,1656,uniform_area,174,12.203562401095887
Madrid,working,Full,connectors_shade,41,Afternoon,1632,244,1656,uniform_area,175,12.352431130447261
Madrid,working,Full,connectors_shade,41,Afternoon,1632,244,1656,uniform_area,176,12.50287156221878
Madrid,working,Full,connectors_shade,41,Afternoon,1632,244,1656,uniform_area,177,12.654045364321538
Madrid,working,Full,connectors_shade,41,Afternoon,1632,244,1656,uniform_area,178,12.80888393986258
Madrid,working,Full,connectors_shade,41,Afternoon,1632,244,1656,uniform_area,179,12.964140257944859
Madrid,working,Full,connectors_shade,41,Afternoon,1632,244,1656,uniform_area,180,13.121393790453887
Madrid,working,Full,connectors_shade,41,Afternoon,1632,244,1656,uniform_area,181,13.279156041117982
Madrid,working,Full,connectors_shade,41,Afternoon,1632,244,1656,uniform_area,182,13.440743826368513
Madrid,working,Full,connectors_shade,41,Afternoon,1632,244,1656,uniform_area,183,13.603018074788272
Madrid,working,Full,connectors_shade,41,Afternoon,1632,244,1656,uniform_area,184,13.76728196589741
Madrid,working,Full,connectors_shade,41,Afternoon,1632,244,1656,uniform_area,185,13.93387050344574
Madrid,working,Full,connectors_shade,41,Afternoon,1632,244,1656,uniform_area,186,14.101322243945
Madrid,working,Full,connectors_shade,41,Afternoon,1632,244,1656,uniform_area,187,14.269086942906466
Madrid,working,Full,connectors_shade,41,Afternoon,1632,244,1656,uniform_area,188,14.437691928421925
Madrid,working,Full,connectors_shade,41,Afternoon,1632,244,1656,uniform_area,189,14.606999832776213
Madrid,working,Full,connectors_shade,41,Afternoon,1632,244,1656,uniform_area,190,14.776685703161608
Madrid,working,Full,connectors_shade,41,Afternoon,1632,244,1656,uniform_area,191,14.947306398275346
Madrid,working,Full,connectors_shade,41,Afternoon,1632,244,1656,uniform_area,192,15.11990790399801
Madrid,working,Full,connectors_shade,41,Afternoon,1632,244,1656,uniform_area,193,15.293746157477313
Madrid,working,Full,connectors_shade,41,Afternoon,1632,244,1656,uniform_area,194,15.467892615650904
Madrid,working,Full,connectors_shade,41,Afternoon,1632,244,1656,uniform_area,195,15.642783289466573
Madrid,working,Full,connectors_shade,41,Afternoon,1632,244,1656,uniform_area,196,15.822054593606593
Madrid,working,Full,connectors_shade,41,Afternoon,1632,244,1656,uniform_area,197,16.00156083592615
Madrid,working,Full,connectors_shade,41,Afternoon,1632,244,1656,uniform_area,198,16.1819599735795
Madrid,working,Full,connectors_shade,41,Afternoon,1632,244,1656,uniform_area,199,16.363328879888734
Madrid,working,Full,connectors_shade,41,Afternoon,1632,244,1656,uniform_area,200,16.54564119757519
Madrid,working,Full,connectors_shade,41,Afternoon,1632,244,1656,uniform_area,201,16.729442008767908
Madrid,working,Full,connectors_shade,41,Afternoon,1632,244,1656,uniform_area,202,16.91422509940538
Madrid,working,Full,connectors_shade,41,Afternoon,1632,244,1656,uniform_area,203,17.099710055254242
Madrid,working,Full,connectors_shade,41,Afternoon,1632,244,1656,uniform_area,204,17.290866820379858
Madrid,working,Full,connectors_shade,41,Afternoon,1632,244,1656,uniform_area,205,17.48254756190052
Madrid,working,Full,connectors_shade,41,Afternoon,1632,244,1656,uniform_area,206,17.675183395959348
Madrid,working,Full,connectors_shade,41,Afternoon,1632,244,1656,uniform_area,207,17.868022155622107
Madrid,working,Full,connectors_shade,41,Afternoon,1632,244,1656,uniform_area,208,18.062297504503693
Madrid,working,Full,connectors_shade,41,Afternoon,1632,244,1656,uniform_area,209,18.257576603600334
Madrid,working,Full,connectors_shade,41,Afternoon,1632,244,1656,uniform_area,210,18.45313274449291
Madrid,working,Full,connectors_shade,41,Afternoon,1632,244,1656,uniform_area,211,18.649293252724956
Madrid,working,Full,connectors_shade,41,Afternoon,1632,244,1656,uniform_area,212,18.846707237469076
Madrid,working,Full,connectors_shade,41,Afternoon,1632,244,1656,uniform_area,213,19.045936742596936
Madrid,working,Full,connectors_shade,41,Afternoon,1632,244,1656,uniform_area,214,19.245969356578104
Madrid,working,Full,connectors_shade,41,Afternoon,1632,244,1656,uniform_area,215,19.447568465681584
Madrid,working,Full,connectors_shade,41,Afternoon,1632,244,1656,uniform_area,216,19.656469685866636
Madrid,working,Full,connectors_shade,41,Afternoon,1632,244,1656,uniform_area,217,19.86721514677095
Madrid,working,Full,connectors_shade,41,Afternoon,1632,244,1656,uniform_area,218,20.078704652552265
Madrid,working,Full,connectors_shade,41,Afternoon,1632,244,1656,uniform_area,219,20.29131275808828
Madrid,working,Full,connectors_shade,41,Afternoon,1632,244,1656,uniform_area,220,20.508717489431774
Madrid,working,Full,connectors_shade,41,Afternoon,1632,244,1656,uniform_area,221,20.72798650737888
Madrid,working,Full,connectors_shade,41,Afternoon,1632,244,1656,uniform_area,222,20.94883681686206
Madrid,working,Full,connectors_shade,41,Afternoon,1632,244,1656,uniform_area,223,21.172029771561938
Madrid,working,Full,connectors_shade,41,Afternoon,1632,244,1656,uniform_area,224,21.395496835323094
Madrid,working,Full,connectors_shade,41,Afternoon,1632,244,1656,uniform_area,225,21.62495993317022
Madrid,working,Full,connectors_shade,41,Afternoon,1632,244,1656,uniform_area,226,21.857077170402995
Madrid,working,Full,connectors_shade,41,Afternoon,1632,244,1656,uniform_area,227,22.09051006061152
Madrid,working,Full,connectors_shade,41,Afternoon,1632,244,1656,uniform_area,228,22.325775806278937
Madrid,working,Full,connectors_shade,41,Afternoon,1632,244,1656,uniform_area,229,22.562009470532015
Madrid,working,Full,connectors_shade,41,Afternoon,1632,244,1656,uniform_area,230,22.79937787080263
Madrid,working,Full,connectors_shade,41,Afternoon,1632,244,1656,uniform_area,231,23.037104993885006
Madrid,working,Full,connectors_shade,41,Afternoon,1632,244,1656,uniform_area,232,23.276027975821144
Madrid,working,Full,connectors_shade,41,Afternoon,1632,244,1656,uniform_area,233,23.517754942461856
Madrid,working,Full,connectors_shade,41,Afternoon,1632,244,1656,uniform_area,234,23.76006714937058
Madrid,working,Full,connectors_shade,41,Afternoon,1632,244,1656,uniform_area,235,24.003429246250548
Madrid,working,Full,connectors_shade,41,Afternoon,1632,244,1656,uniform_area,236,24.247491585036624
Madrid,working,Full,connectors_shade,41,Afternoon,1632,244,1656,uniform_area,237,24.495726086628675
Madrid,working,Full,connectors_shade,41,Afternoon,1632,244,1656,uniform_area,238,24.74495244710242
Madrid,working,Full,connectors_shade,41,Afternoon,1632,244,1656,uniform_area,239,25.00088770013467
Madrid,working,Full,connectors_shade,41,Afternoon,1632,244,1656,uniform_area,240,25.258686459228947
Madrid,working,Full,connectors_shade,41,Afternoon,1632,244,1656,uniform_area,241,25.52433265212596
Madrid,working,Full,connectors_shade,41,Afternoon,1632,244,1656,uniform_area,242,25.798439825997985
Madrid,working,Full,connectors_shade,41,Afternoon,1632,244,1656,uniform_area,243,26.08644570438494
Madrid,working,Full,connectors_shade,41,Afternoon,1632,244,1656,uniform_area,244,26.432001051889838
Madrid,working,Full,connectors_sun,21,Morning,1632,244,1655,local,0,0.0
Madrid,working,Full,connectors_sun,21,Morning,1632,244,1655,local,1,0.0012523608930074517
Madrid,working,Full,connectors_sun,21,Morning,1632,244,1655,local,2,0.0029560755520599267
Madrid,working,Full,connectors_sun,21,Morning,1632,244,1655,local,3,0.004784820770476905
Madrid,working,Full,connectors_sun,21,Morning,1632,244,1655,local,4,0.007409262149386094
Madrid,working,Full,connectors_sun,21,Morning,1632,244,1655,local,5,0.011128922885499179
Madrid,working,Full,connectors_sun,21,Morning,1632,244,1655,local,6,0.015062805970378162
Madrid,working,Full,connectors_sun,21,Morning,1632,244,1655,local,7,0.019252481314738355
Madrid,working,Full,connectors_sun,21,Morning,1632,244,1655,local,8,0.024593671167157015
Madrid,working,Full,connectors_sun,21,Morning,1632,244,1655,local,9,0.032242917544025446
Madrid,working,Full,connectors_sun,21,Morning,1632,244,1655,local,10,0.04156717456981329
Madrid,working,Full,connectors_sun,21,Morning,1632,244,1655,local,11,0.05158107066317993
Madrid,working,Full,connectors_sun,21,Morning,1632,244,1655,local,12,0.06286882398458071
Madrid,working,Full,connectors_sun,21,Morning,1632,244,1655,local,13,0.07445164173351995
Madrid,working,Full,connectors_sun,21,Morning,1632,244,1655,local,14,0.08737498405946548
Madrid,working,Full,connectors_sun,21,Morning,1632,244,1655,local,15,0.1012257467276734
Madrid,working,Full,connectors_sun,21,Morning,1632,244,1655,local,16,0.11571186121703829
Madrid,working,Full,connectors_sun,21,Morning,1632,244,1655,local,17,0.13103048405580348
Madrid,working,Full,connectors_sun,21,Morning,1632,244,1655,local,18,0.1476916102098985
Madrid,working,Full,connectors_sun,21,Morning,1632,244,1655,local,19,0.1674184427689682
Madrid,working,Full,connectors_sun,21,Morning,1632,244,1655,local,20,0.188531259845775
Madrid,working,Full,connectors_sun,21,Morning,1632,244,1655,local,21,0.21073390510651058
Madrid,working,Full,connectors_sun,21,Morning,1632,244,1655,local,22,0.233585490861666
Madrid,working,Full,connectors_sun,21,Morning,1632,244,1655,local,23,0.2601458921169604
Madrid,working,Full,connectors_sun,21,Morning,1632,244,1655,local,24,0.2870818526195592
Madrid,working,Full,connectors_sun,21,Morning,1632,244,1655,local,25,0.31485504000140513
Madrid,working,Full,connectors_sun,21,Morning,1632,244,1655,local,26,0.3450637516601903
Madrid,working,Full,connectors_sun,21,Morning,1632,244,1655,local,27,0.3758510095823407
Madrid,working,Full,connectors_sun,21,Morning,1632,244,1655,local,28,0.40770804398731436
Madrid,working,Full,connectors_sun,21,Morning,1632,244,1655,local,29,0.44188959007181794
Madrid,working,Full,connectors_sun,21,Morning,1632,244,1655,local,30,0.4770044434957404
Madrid,working,Full,connectors_sun,21,Morning,1632,244,1655,local,31,0.5134802013165201
Madrid,working,Full,connectors_sun,21,Morning,1632,244,1655,local,32,0.5513554001693604
Madrid,working,Full,connectors_sun,21,Morning,1632,244,1655,local,33,0.5899922792946497
Madrid,working,Full,connectors_sun,21,Morning,1632,244,1655,local,34,0.6289291819977374
Madrid,working,Full,connectors_sun,21,Morning,1632,244,1655,local,35,0.6687810884828962
Madrid,working,Full,connectors_sun,21,Morning,1632,244,1655,local,36,0.7091202257845833
Madrid,working,Full,connectors_sun,21,Morning,1632,244,1655,local,37,0.7501626509822169
Madrid,working,Full,connectors_sun,21,Morning,1632,244,1655,local,38,0.7935674153935156
Madrid,working,Full,connectors_sun,21,Morning,1632,244,1655,local,39,0.8373578861243208
Madrid,working,Full,connectors_sun,21,Morning,1632,244,1655,local,40,0.8816844810104792
Madrid,working,Full,connectors_sun,21,Morning,1632,244,1655,local,41,0.9274028699390494
Madrid,working,Full,connectors_sun,21,Morning,1632,244,1655,local,42,0.9738314810063841
Madrid,working,Full,connectors_sun,21,Morning,1632,244,1655,local,43,1.0207746405986824
Madrid,working,Full,connectors_sun,21,Morning,1632,244,1655,local,44,1.0680642079106393
Madrid,working,Full,connectors_sun,21,Morning,1632,244,1655,local,45,1.1157417537644156
Madrid,working,Full,connectors_sun,21,Morning,1632,244,1655,local,46,1.1640464329762181
Madrid,working,Full,connectors_sun,21,Morning,1632,244,1655,local,47,1.2131985991581455
Madrid,working,Full,connectors_sun,21,Morning,1632,244,1655,local,48,1.2632402952587738
Madrid,working,Full,connectors_sun,21,Morning,1632,244,1655,local,49,1.3164380051575113
Madrid,working,Full,connectors_sun,21,Morning,1632,244,1655,local,50,1.3709436510617543
Madrid,working,Full,connectors_sun,21,Morning,1632,244,1655,local,51,1.4263332452202622
Madrid,working,Full,connectors_sun,21,Morning,1632,244,1655,local,52,1.4824083532645655
Madrid,working,Full,connectors_sun,21,Morning,1632,244,1655,local,53,1.539841387116673
Madrid,working,Full,connectors_sun,21,Morning,1632,244,1655,local,54,1.5976113460566987
Madrid,working,Full,connectors_sun,21,Morning,1632,244,1655,local,55,1.6567842040357845
Madrid,working,Full,connectors_sun,21,Morning,1632,244,1655,local,56,1.7179420819887428
Madrid,working,Full,connectors_sun,21,Morning,1632,244,1655,local,57,1.779703902595956
Madrid,working,Full,connectors_sun,21,Morning,1632,244,1655,local,58,1.8416974206094467
Madrid,working,Full,connectors_sun,21,Morning,1632,244,1655,local,59,1.9056817954647118
Madrid,working,Full,connectors_sun,21,Morning,1632,244,1655,local,60,1.9698049208001023
Madrid,working,Full,connectors_sun,21,Morning,1632,244,1655,local,61,2.0341642806948683
Madrid,working,Full,connectors_sun,21,Morning,1632,244,1655,local,62,2.099435139881219
Madrid,working,Full,connectors_sun,21,Morning,1632,244,1655,local,63,2.1659401502816493
Madrid,working,Full,connectors_sun,21,Morning,1632,244,1655,local,64,2.239065568858256
Madrid,working,Full,connectors_sun,21,Morning,1632,244,1655,local,65,2.3124715398994447
Madrid,working,Full,connectors_sun,21,Morning,1632,244,1655,local,66,2.3860659932852664
Madrid,working,Full,connectors_sun,21,Morning,1632,244,1655,local,67,2.4610370169151556
Madrid,working,Full,connectors_sun,21,Morning,1632,244,1655,local,68,2.5372314759477663
Madrid,working,Full,connectors_sun,21,Morning,1632,244,1655,local,69,2.615563255827114
Madrid,working,Full,connectors_sun,21,Morning,1632,244,1655,local,70,2.694175383096828
Madrid,working,Full,connectors_sun,21,Morning,1632,244,1655,local,71,2.7749175816118887
Madrid,working,Full,connectors_sun,21,Morning,1632,244,1655,local,72,2.857327120088755
Madrid,working,Full,connectors_sun,21,Morning,1632,244,1655,local,73,2.9404023795995444
Madrid,working,Full,connectors_sun,21,Morning,1632,244,1655,local,74,3.0250023130416523
Madrid,working,Full,connectors_sun,21,Morning,1632,244,1655,local,75,3.1106814089855814
Madrid,working,Full,connectors_sun,21,Morning,1632,244,1655,local,76,3.1965260617996933
Madrid,working,Full,connectors_sun,21,Morning,1632,244,1655,local,77,3.283122947800709
Madrid,working,Full,connectors_sun,21,Morning,1632,244,1655,local,78,3.3700234475454645
Madrid,working,Full,connectors_sun,21,Morning,1632,244,1655,local,79,3.45924029245875
Madrid,working,Full,connectors_sun,21,Morning,1632,244,1655,local,80,3.5493473472256905
Madrid,working,Full,connectors_sun,21,Morning,1632,244,1655,local,81,3.641859361096999
Madrid,working,Full,connectors_sun,21,Morning,1632,244,1655,local,82,3.7359754490788
Madrid,working,Full,connectors_sun,21,Morning,1632,244,1655,local,83,3.8323759125260484
Madrid,working,Full,connectors_sun,21,Morning,1632,244,1655,local,84,3.9296875544376624
Madrid,working,Full,connectors_sun,21,Morning,1632,244,1655,local,85,4.027796704454394
Madrid,working,Full,connectors_sun,21,Morning,1632,244,1655,local,86,4.127430402623593
Madrid,working,Full,connectors_sun,21,Morning,1632,244,1655,local,87,4.22709438888731
Madrid,working,Full,connectors_sun,21,Morning,1632,244,1655,local,88,4.327418707746
Madrid,working,Full,connectors_sun,21,Morning,1632,244,1655,local,89,4.428891810435637
Madrid,working,Full,connectors_sun,21,Morning,1632,244,1655,local,90,4.531697139943781
Madrid,working,Full,connectors_sun,21,Morning,1632,244,1655,local,91,4.635276748572755
Madrid,working,Full,connectors_sun,21,Morning,1632,244,1655,local,92,4.740427828157666
Madrid,working,Full,connectors_sun,21,Morning,1632,244,1655,local,93,4.848557114904014
Madrid,working,Full,connectors_sun,21,Morning,1632,244,1655,local,94,4.9575508186363075
Madrid,working,Full,connectors_sun,21,Morning,1632,244,1655,local,95,5.067941318398998
Madrid,working,Full,connectors_sun,21,Morning,1632,244,1655,local,96,5.178811360973725
Madrid,working,Full,connectors_sun,21,Morning,1632,244,1655,local,97,5.291005839369639
Madrid,working,Full,connectors_sun,21,Morning,1632,244,1655,local,98,5.404749092018725
Madrid,working,Full,connectors_sun,21,Morning,1632,244,1655,local,99,5.519527767117995
Madrid,working,Full,connectors_sun,21,Morning,1632,244,1655,local,100,5.634931566759415
Madrid,working,Full,connectors_sun,21,Morning,1632,244,1655,local,101,5.75083830225653
Madrid,working,Full,connectors_sun,21,Morning,1632,244,1655,local,102,5.867687512366236
Madrid,working,Full,connectors_sun,21,Morning,1632,244,1655,local,103,5.984630646466804
Madrid,working,Full,connectors_sun,21,Morning,1632,244,1655,local,104,6.101765917790253
Madrid,working,Full,connectors_sun,21,Morning,1632,244,1655,local,105,6.219261230167234
Madrid,working,Full,connectors_sun,21,Morning,1632,244,1655,local,106,6.338317075297196
Madrid,working,Full,connectors_sun,21,Morning,1632,244,1655,local,107,6.46008333620888
Madrid,working,Full,connectors_sun,21,Morning,1632,244,1655,local,108,6.58328141982703
Madrid,working,Full,connectors_sun,21,Morning,1632,244,1655,local,109,6.707149698742774
Madrid,working,Full,connectors_sun,21,Morning,1632,244,1655,local,110,6.83221906179459
Madrid,working,Full,connectors_sun,21,Morning,1632,244,1655,local,111,6.957935480480924
Madrid,working,Full,connectors_sun,21,Morning,1632,244,1655,local,112,7.0844343584706975
Madrid,working,Full,connectors_sun,21,Morning,1632,244,1655,local,113,7.211787964829022
Madrid,working,Full,connectors_sun,21,Morning,1632,244,1655,local,114,7.341105086623221
Madrid,working,Full,connectors_sun,21,Morning,1632,244,1655,local,115,7.47065066018244
Madrid,working,Full,connectors_sun,21,Morning,1632,244,1655,local,116,7.60105716720026
Madrid,working,Full,connectors_sun,21,Morning,1632,244,1655,local,117,7.733210511883245
Madrid,working,Full,connectors_sun,21,Morning,1632,244,1655,local,118,7.866030241129167
Madrid,working,Full,connectors_sun,21,Morning,1632,244,1655,local,119,8.000272971244513
Madrid,working,Full,connectors_sun,21,Morning,1632,244,1655,local,120,8.135998635852438
Madrid,working,Full,connectors_sun,21,Morning,1632,244,1655,local,121,8.271852321457523
Madrid,working,Full,connectors_sun,21,Morning,1632,244,1655,local,122,8.40876279733464
Madrid,working,Full,connectors_sun,21,Morning,1632,244,1655,local,123,8.54696967219759
Madrid,working,Full,connectors_sun,21,Morning,1632,244,1655,local,124,8.686321260396172
Madrid,working,Full,connectors_sun,21,Morning,1632,244,1655,local,125,8.827808368434146
Madrid,working,Full,connectors_sun,21,Morning,1632,244,1655,local,126,8.969621355807055
Madrid,working,Full,connectors_sun,21,Morning,1632,244,1655,local,127,9.113569492062897
Madrid,working,Full,connectors_sun,21,Morning,1632,244,1655,local,128,9.260199924323981
Madrid,working,Full,connectors_sun,21,Morning,1632,244,1655,local,129,9.407580377704763
Madrid,working,Full,connectors_sun,21,Morning,1632,244,1655,local,130,9.557333415807031
Madrid,working,Full,connectors_sun,21,Morning,1632,244,1655,local,131,9.707201248075256
Madrid,working,Full,connectors_sun,21,Morning,1632,244,1655,local,132,9.857873893647886
Madrid,working,Full,connectors_sun,21,Morning,1632,244,1655,local,133,10.012564761583132
Madrid,working,Full,connectors_sun,21,Morning,1632,244,1655,local,134,10.172135706806396
Madrid,working,Full,connectors_sun,21,Morning,1632,244,1655,local,135,10.334561868436603
Madrid,working,Full,connectors_sun,21,Morning,1632,244,1655,local,136,10.497393228462668
Madrid,working,Full,connectors_sun,21,Morning,1632,244,1655,local,137,10.66148417801999
Madrid,working,Full,connectors_sun,21,Morning,1632,244,1655,local,138,10.82806833057248
Madrid,working,Full,connectors_sun,21,Morning,1632,244,1655,local,139,10.997930530664577
Madrid,working,Full,connectors_sun,21,Morning,1632,244,1655,local,140,11.171725813596385
Madrid,working,Full,connectors_sun,21,Morning,1632,244,1655,local,141,11.345965402121298
Madrid,working,Full,connectors_sun,21,Morning,1632,244,1655,local,142,11.521032743096686
Madrid,working,Full,connectors_sun,21,Morning,1632,244,1655,local,143,11.696848463686605
Madrid,working,Full,connectors_sun,21,Morning,1632,244,1655,local,144,11.875686501534625
Madrid,working,Full,connectors_sun,21,Morning,1632,244,1655,local,145,12.057029510903488
Madrid,working,Full,connectors_sun,21,Morning,1632,244,1655,local,146,12.239307272245686
Madrid,working,Full,connectors_sun,21,Morning,1632,244,1655,local,147,12.42264997852218
Madrid,working,Full,connectors_sun,21,Morning,1632,244,1655,local,148,12.606774173417492
Madrid,working,Full,connectors_sun,21,Morning,1632,244,1655,local,149,12.793219447505685
Madrid,working,Full,connectors_sun,21,Morning,1632,244,1655,local,150,12.979767280576388
Madrid,working,Full,connectors_sun,21,Morning,1632,244,1655,local,151,13.167263396872913
Madrid,working,Full,connectors_sun,21,Morning,1632,244,1655,local,152,13.361207682701762
Madrid,working,Full,connectors_sun,21,Morning,1632,244,1655,local,153,13.555884262123648
Madrid,working,Full,connectors_sun,21,Morning,1632,244,1655,local,154,13.751691648114994
Madrid,working,Full,connectors_sun,21,Morning,1632,244,1655,local,155,13.948251607260726
Madrid,working,Full,connectors_sun,21,Morning,1632,244,1655,local,156,14.146002153477006
Madrid,working,Full,connectors_sun,21,Morning,1632,244,1655,local,157,14.345496551477853
Madrid,working,Full,connectors_sun,21,Morning,1632,244,1655,local,158,14.547675237893888
Madrid,working,Full,connectors_sun,21,Morning,1632,244,1655,local,159,14.75162372481862
Madrid,working,Full,connectors_sun,21,Morning,1632,244,1655,local,160,14.95677658344696
Madrid,working,Full,connectors_sun,21,Morning,1632,244,1655,local,161,15.162726017776318
Madrid,working,Full,connectors_sun,21,Morning,1632,244,1655,local,162,15.370798582728124
Madrid,working,Full,connectors_sun,21,Morning,1632,244,1655,local,163,15.579819492883733
Madrid,working,Full,connectors_sun,21,Morning,1632,244,1655,local,164,15.792069100608197
Madrid,working,Full,connectors_sun,21,Morning,1632,244,1655,local,165,16.005684896352765
Madrid,working,Full,connectors_sun,21,Morning,1632,244,1655,local,166,16.22004863239731
Madrid,working,Full,connectors_sun,21,Morning,1632,244,1655,local,167,16.44205656817014
Madrid,working,Full,connectors_sun,21,Morning,1632,244,1655,local,168,16.66523351629457
Madrid,working,Full,connectors_sun,21,Morning,1632,244,1655,local,169,16.888940775403906
Madrid,working,Full,connectors_sun,21,Morning,1632,244,1655,local,170,17.11480582358961
Madrid,working,Full,connectors_sun,21,Morning,1632,244,1655,local,171,17.341545928011566
Madrid,working,Full,connectors_sun,21,Morning,1632,244,1655,local,172,17.568627064474416
Madrid,working,Full,connectors_sun,21,Morning,1632,244,1655,local,173,17.797423759771583
Madrid,working,Full,connectors_sun,21,Morning,1632,244,1655,local,174,18.026723440142263
Madrid,working,Full,connectors_sun,21,Morning,1632,244,1655,local,175,18.2569703409986
Madrid,working,Full,connectors_sun,21,Morning,1632,244,1655,local,176,18.490682132968328
Madrid,working,Full,connectors_sun,21,Morning,1632,244,1655,local,177,18.72674618361471
Madrid,working,Full,connectors_sun,21,Morning,1632,244,1655,local,178,18.971681650049188
Madrid,working,Full,connectors_sun,21,Morning,1632,244,1655,local,179,19.21891786142874
Madrid,working,Full,connectors_sun,21,Morning,1632,244,1655,local,180,19.46619871883225
Madrid,working,Full,connectors_sun,21,Morning,1632,244,1655,local,181,19.714645578097862
Madrid,working,Full,connectors_sun,21,Morning,1632,244,1655,local,182,19.966973093207777
Madrid,working,Full,connectors_sun,21,Morning,1632,244,1655,local,183,20.22055018567
Madrid,working,Full,connectors_sun,21,Morning,1632,244,1655,local,184,20.480089061753787
Madrid,working,Full,connectors_sun,21,Morning,1632,244,1655,local,185,20.74134348938037
Madrid,working,Full,connectors_sun,21,Morning,1632,244,1655,local,186,21.005261125615622
Madrid,working,Full,connectors_sun,21,Morning,1632,244,1655,local,187,21.269248772365295
Madrid,working,Full,connectors_sun,21,Morning,1632,244,1655,local,188,21.53342548204748
Madrid,working,Full,connectors_sun,21,Morning,1632,244,1655,local,189,21.803886809561913
Madrid,working,Full,connectors_sun,21,Morning,1632,244,1655,local,190,22.08224525346788
Madrid,working,Full,connectors_sun,21,Morning,1632,244,1655,local,191,22.36187888074849
Madrid,working,Full,connectors_sun,21,Morning,1632,244,1655,local,192,22.643990969378184
Madrid,working,Full,connectors_sun,21,Morning,1632,244,1655,local,193,22.929131459134386
Madrid,working,Full,connectors_sun,21,Morning,1632,244,1655,local,194,23.215411881718378
Madrid,working,Full,connectors_sun,21,Morning,1632,244,1655,local,195,23.50499886262662
Madrid,working,Full,connectors_sun,21,Morning,1632,244,1655,local,196,23.7954206067892
Madrid,working,Full,connectors_sun,21,Morning,1632,244,1655,local,197,24.08683559738301
Madrid,working,Full,connectors_sun,21,Morning,1632,244,1655,local,198,24.381013944806664
Madrid,working,Full,connectors_sun,21,Morning,1632,244,1655,local,199,24.67640780812254
Madrid,working,Full,connectors_sun,21,Morning,1632,244,1655,local,200,24.97871892044056
Madrid,working,Full,connectors_sun,21,Morning,1632,244,1655,local,201,25.283959208953608
Madrid,working,Full,connectors_sun,21,Morning,1632,244,1655,local,202,25.59042394639172
Madrid,working,Full,connectors_sun,21,Morning,1632,244,1655,local,203,25.898165082155266
Madrid,working,Full,connectors_sun,21,Morning,1632,244,1655,local,204,26.206002537176513
Madrid,working,Full,connectors_sun,21,Morning,1632,244,1655,local,205,26.517791122479913
Madrid,working,Full,connectors_sun,21,Morning,1632,244,1655,local,206,26.836074218619775
Madrid,working,Full,connectors_sun,21,Morning,1632,244,1655,local,207,27.156468588446636
Madrid,working,Full,connectors_sun,21,Morning,1632,244,1655,local,208,27.479326562223516
Madrid,working,Full,connectors_sun,21,Morning,1632,244,1655,local,209,27.810775758431642
Madrid,working,Full,connectors_sun,21,Morning,1632,244,1655,local,210,28.14666496635804
Madrid,working,Full,connectors_sun,21,Morning,1632,244,1655,local,211,28.485389026366008
Madrid,working,Full,connectors_sun,21,Morning,1632,244,1655,local,212,28.8268798273841
Madrid,working,Full,connectors_sun,21,Morning,1632,244,1655,local,213,29.168701287333523
Madrid,working,Full,connectors_sun,21,Morning,1632,244,1655,local,214,29.512441922939036
Madrid,working,Full,connectors_sun,21,Morning,1632,244,1655,local,215,29.856584679915724
Madrid,working,Full,connectors_sun,21,Morning,1632,244,1655,local,216,30.204833400941865
Madrid,working,Full,connectors_sun,21,Morning,1632,244,1655,local,217,30.553655020943182
Madrid,working,Full,connectors_sun,21,Morning,1632,244,1655,local,218,30.931961415100957
Madrid,working,Full,connectors_sun,21,Morning,1632,244,1655,local,219,31.316481854217514
Madrid,working,Full,connectors_sun,21,Morning,1632,244,1655,local,220,31.703614735592748
Madrid,working,Full,connectors_sun,21,Morning,1632,244,1655,local,221,32.094986016123144
Madrid,working,Full,connectors_sun,21,Morning,1632,244,1655,local,222,32.48834055663491
Madrid,working,Full,connectors_sun,21,Morning,1632,244,1655,local,223,32.88771433253768
Madrid,working,Full,connectors_sun,21,Morning,1632,244,1655,local,224,33.290987241927304
Madrid,working,Full,connectors_sun,21,Morning,1632,244,1655,local,225,33.70316352404794
Madrid,working,Full,connectors_sun,21,Morning,1632,244,1655,local,226,34.12988880188118
Madrid,working,Full,connectors_sun,21,Morning,1632,244,1655,local,227,34.5610121396282
Madrid,working,Full,connectors_sun,21,Morning,1632,244,1655,local,228,35.006257701795874
Madrid,working,Full,connectors_sun,21,Morning,1632,244,1655,local,229,35.45375351690237
Madrid,working,Full,connectors_sun,21,Morning,1632,244,1655,local,230,35.90366721170027
Madrid,working,Full,connectors_sun,21,Morning,1632,244,1655,local,231,36.36105422016096
Madrid,working,Full,connectors_sun,21,Morning,1632,244,1655,local,232,36.83202366398288
Madrid,working,Full,connectors_sun,21,Morning,1632,244,1655,local,233,37.31539004375889
Madrid,working,Full,connectors_sun,21,Morning,1632,244,1655,local,234,37.80793849668247
Madrid,working,Full,connectors_sun,21,Morning,1632,244,1655,local,235,38.30442676434869
Madrid,working,Full,connectors_sun,21,Morning,1632,244,1655,local,236,38.80275538169962
Madrid,working,Full,connectors_sun,21,Morning,1632,244,1655,local,237,39.30550232029685
Madrid,working,Full,connectors_sun,21,Morning,1632,244,1655,local,238,39.810763325684256
Madrid,working,Full,connectors_sun,21,Morning,1632,244,1655,local,239,40.34817827830644
Madrid,working,Full,connectors_sun,21,Morning,1632,244,1655,local,240,40.90796283759008
Madrid,working,Full,connectors_sun,21,Morning,1632,244,1655,local,241,41.53506789081784
Madrid,working,Full,connectors_sun,21,Morning,1632,244,1655,local,242,42.17062007586416
Madrid,working,Full,connectors_sun,21,Morning,1632,244,1655,local,243,42.83770790665013
Madrid,working,Full,connectors_sun,21,Morning,1632,244,1655,local,244,43.53668896698446
Madrid,working,Full,connectors_sun,21,Morning,1632,244,1655,regional,0,0.0
Madrid,working,Full,connectors_sun,21,Morning,1632,244,1655,regional,1,0.0009068956336883448
Madrid,working,Full,connectors_sun,21,Morning,1632,244,1655,regional,2,0.0024533930665988288
Madrid,working,Full,connectors_sun,21,Morning,1632,244,1655,regional,3,0.005072225931667079
Madrid,working,Full,connectors_sun,21,Morning,1632,244,1655,regional,4,0.008905151228283475
Madrid,working,Full,connectors_sun,21,Morning,1632,244,1655,regional,5,0.013881048008367576
Madrid,working,Full,connectors_sun,21,Morning,1632,244,1655,regional,6,0.020369429651690203
Madrid,working,Full,connectors_sun,21,Morning,1632,244,1655,regional,7,0.029676979077079373
Madrid,working,Full,connectors_sun,21,Morning,1632,244,1655,regional,8,0.039366963279131084
Madrid,working,Full,connectors_sun,21,Morning,1632,244,1655,regional,9,0.04964364318562623
Madrid,working,Full,connectors_sun,21,Morning,1632,244,1655,regional,10,0.06114660682031018
Madrid,working,Full,connectors_sun,21,Morning,1632,244,1655,regional,11,0.07343168414971515
Madrid,working,Full,connectors_sun,21,Morning,1632,244,1655,regional,12,0.08685330257019022
Madrid,working,Full,connectors_sun,21,Morning,1632,244,1655,regional,13,0.10149041852080878
Madrid,working,Full,connectors_sun,21,Morning,1632,244,1655,regional,14,0.1163042775074912
Madrid,working,Full,connectors_sun,21,Morning,1632,244,1655,regional,15,0.1327948121793518
Madrid,working,Full,connectors_sun,21,Morning,1632,244,1655,regional,16,0.1498349892791528
Madrid,working,Full,connectors_sun,21,Morning,1632,244,1655,regional,17,0.1682758999855631
Madrid,working,Full,connectors_sun,21,Morning,1632,244,1655,regional,18,0.1884920104213124
Madrid,working,Full,connectors_sun,21,Morning,1632,244,1655,regional,19,0.2091953043565013
Madrid,working,Full,connectors_sun,21,Morning,1632,244,1655,regional,20,0.23127588236395485
Madrid,working,Full,connectors_sun,21,Morning,1632,244,1655,regional,21,0.25513167938641423
Madrid,working,Full,connectors_sun,21,Morning,1632,244,1655,regional,22,0.28009816919597064
Madrid,working,Full,connectors_sun,21,Morning,1632,244,1655,regional,23,0.30541656732641875
Madrid,working,Full,connectors_sun,21,Morning,1632,244,1655,regional,24,0.33199647950684485
Madrid,working,Full,connectors_sun,21,Morning,1632,244,1655,regional,25,0.3600632743683807
Madrid,working,Full,connectors_sun,21,Morning,1632,244,1655,regional,26,0.38952000929155994
Madrid,working,Full,connectors_sun,21,Morning,1632,244,1655,regional,27,0.4194145637535724
Madrid,working,Full,connectors_sun,21,Morning,1632,244,1655,regional,28,0.450315133912382
Madrid,working,Full,connectors_sun,21,Morning,1632,244,1655,regional,29,0.4821769586532384
Madrid,working,Full,connectors_sun,21,Morning,1632,244,1655,regional,30,0.515773134243993
Madrid,working,Full,connectors_sun,21,Morning,1632,244,1655,regional,31,0.5518028212153965
Madrid,working,Full,connectors_sun,21,Morning,1632,244,1655,regional,32,0.5899297473306707
Madrid,working,Full,connectors_sun,21,Morning,1632,244,1655,regional,33,0.6286318179542186
Madrid,working,Full,connectors_sun,21,Morning,1632,244,1655,regional,34,0.6680751625766963
Madrid,working,Full,connectors_sun,21,Morning,1632,244,1655,regional,35,0.7083893992476639
Madrid,working,Full,connectors_sun,21,Morning,1632,244,1655,regional,36,0.7496956336906112
Madrid,working,Full,connectors_sun,21,Morning,1632,244,1655,regional,37,0.7911275969069393
Madrid,working,Full,connectors_sun,21,Morning,1632,244,1655,regional,38,0.8341774521770573
Madrid,working,Full,connectors_sun,21,Morning,1632,244,1655,regional,39,0.8779607854448109
Madrid,working,Full,connectors_sun,21,Morning,1632,244,1655,regional,40,0.9224816558839214
Madrid,working,Full,connectors_sun,21,Morning,1632,244,1655,regional,41,0.968275325243301
Madrid,working,Full,connectors_sun,21,Morning,1632,244,1655,regional,42,1.0148730599782758
Madrid,working,Full,connectors_sun,21,Morning,1632,244,1655,regional,43,1.0628735257639437
Madrid,working,Full,connectors_sun,21,Morning,1632,244,1655,regional,44,1.1115455019440703
Madrid,working,Full,connectors_sun,21,Morning,1632,244,1655,regional,45,1.1605122512790458
Madrid,working,Full,connectors_sun,21,Morning,1632,244,1655,regional,46,1.2097659437880701
Madrid,working,Full,connectors_sun,21,Morning,1632,244,1655,regional,47,1.2618585140308387
Madrid,working,Full,connectors_sun,21,Morning,1632,244,1655,regional,48,1.3144940584525866
Madrid,working,Full,connectors_sun,21,Morning,1632,244,1655,regional,49,1.3681480403774124
Madrid,working,Full,connectors_sun,21,Morning,1632,244,1655,regional,50,1.4233821392445594
Madrid,working,Full,connectors_sun,21,Morning,1632,244,1655,regional,51,1.4809626241957592
Madrid,working,Full,connectors_sun,21,Morning,1632,244,1655,regional,52,1.5389929096768244
Madrid,working,Full,connectors_sun,21,Morning,1632,244,1655,regional,53,1.597116763703997
Madrid,working,Full,connectors_sun,21,Morning,1632,244,1655,regional,54,1.6556964813073993
Madrid,working,Full,connectors_sun,21,Morning,1632,244,1655,regional,55,1.7156538448189131
Madrid,working,Full,connectors_sun,21,Morning,1632,244,1655,regional,56,1.7760442367585576
Madrid,working,Full,connectors_sun,21,Morning,1632,244,1655,regional,57,1.8372977908676829
Madrid,working,Full,connectors_sun,21,Morning,1632,244,1655,regional,58,1.9004508288912334
Madrid,working,Full,connectors_sun,21,Morning,1632,244,1655,regional,59,1.9642258847775251
Madrid,working,Full,connectors_sun,21,Morning,1632,244,1655,regional,60,2.0293035276743185
Madrid,working,Full,connectors_sun,21,Morning,1632,244,1655,regional,61,2.0961058638936674
Madrid,working,Full,connectors_sun,21,Morning,1632,244,1655,regional,62,2.163688130853906
Madrid,working,Full,connectors_sun,21,Morning,1632,244,1655,regional,63,2.2366060622836055
Madrid,working,Full,connectors_sun,21,Morning,1632,244,1655,regional,64,2.311189825343436
Madrid,working,Full,connectors_sun,21,Morning,1632,244,1655,regional,65,2.3872107507981175
Madrid,working,Full,connectors_sun,21,Morning,1632,244,1655,regional,66,2.4637436060180953
Madrid,working,Full,connectors_sun,21,Morning,1632,244,1655,regional,67,2.543129700365178
Madrid,working,Full,connectors_sun,21,Morning,1632,244,1655,regional,68,2.623207000364558
Madrid,working,Full,connectors_sun,21,Morning,1632,244,1655,regional,69,2.703795961966629
Madrid,working,Full,connectors_sun,21,Morning,1632,244,1655,regional,70,2.7859119002331436
Madrid,working,Full,connectors_sun,21,Morning,1632,244,1655,regional,71,2.8683130900452003
Madrid,working,Full,connectors_sun,21,Morning,1632,244,1655,regional,72,2.951138279838133
Madrid,working,Full,connectors_sun,21,Morning,1632,244,1655,regional,73,3.0349342127612795
Madrid,working,Full,connectors_sun,21,Morning,1632,244,1655,regional,74,3.1192406657593046
Madrid,working,Full,connectors_sun,21,Morning,1632,244,1655,regional,75,3.2038225704289403
Madrid,working,Full,connectors_sun,21,Morning,1632,244,1655,regional,76,3.2885549776887677
Madrid,working,Full,connectors_sun,21,Morning,1632,244,1655,regional,77,3.3744950763754287
Madrid,working,Full,connectors_sun,21,Morning,1632,244,1655,regional,78,3.461504673664468
Madrid,working,Full,connectors_sun,21,Morning,1632,244,1655,regional,79,3.5499044148922034
Madrid,working,Full,connectors_sun,21,Morning,1632,244,1655,regional,80,3.640322030152266
Madrid,working,Full,connectors_sun,21,Morning,1632,244,1655,regional,81,3.7309068245942867
Madrid,working,Full,connectors_sun,21,Morning,1632,244,1655,regional,82,3.822259561439242
Madrid,working,Full,connectors_sun,21,Morning,1632,244,1655,regional,83,3.9151383418897074
Madrid,working,Full,connectors_sun,21,Morning,1632,244,1655,regional,84,4.008878981349584
Madrid,working,Full,connectors_sun,21,Morning,1632,244,1655,regional,85,4.10424147101681
Madrid,working,Full,connectors_sun,21,Morning,1632,244,1655,regional,86,4.200706289001841
Madrid,working,Full,connectors_sun,21,Morning,1632,244,1655,regional,87,4.298076793133733
Madrid,working,Full,connectors_sun,21,Morning,1632,244,1655,regional,88,4.395689200141932
Madrid,working,Full,connectors_sun,21,Morning,1632,244,1655,regional,89,4.494334895535166
Madrid,working,Full,connectors_sun,21,Morning,1632,244,1655,regional,90,4.5954518296655325
Madrid,working,Full,connectors_sun,21,Morning,1632,244,1655,regional,91,4.698152539504762
Madrid,working,Full,connectors_sun,21,Morning,1632,244,1655,regional,92,4.8011951327915
Madrid,working,Full,connectors_sun,21,Morning,1632,244,1655,regional,93,4.90477468129239
Madrid,working,Full,connectors_sun,21,Morning,1632,244,1655,regional,94,5.009936132037344
Madrid,working,Full,connectors_sun,21,Morning,1632,244,1655,regional,95,5.116097419718733
Madrid,working,Full,connectors_sun,21,Morning,1632,244,1655,regional,96,5.223210528535909
Madrid,working,Full,connectors_sun,21,Morning,1632,244,1655,regional,97,5.331645770846279
Madrid,working,Full,connectors_sun,21,Morning,1632,244,1655,regional,98,5.441036807139838
Madrid,working,Full,connectors_sun,21,Morning,1632,244,1655,regional,99,5.550645397695931
Madrid,working,Full,connectors_sun,21,Morning,1632,244,1655,regional,100,5.661213000186509
Madrid,working,Full,connectors_sun,21,Morning,1632,244,1655,regional,101,5.772200432362074
Madrid,working,Full,connectors_sun,21,Morning,1632,244,1655,regional,102,5.88392604272783
Madrid,working,Full,connectors_sun,21,Morning,1632,244,1655,regional,103,5.99966419315392
Madrid,working,Full,connectors_sun,21,Morning,1632,244,1655,regional,104,6.117401807147268
Madrid,working,Full,connectors_sun,21,Morning,1632,244,1655,regional,105,6.235194266822477
Madrid,working,Full,connectors_sun,21,Morning,1632,244,1655,regional,106,6.353346550207339
Madrid,working,Full,connectors_sun,21,Morning,1632,244,1655,regional,107,6.472116893301382
Madrid,working,Full,connectors_sun,21,Morning,1632,244,1655,regional,108,6.59191284449316
Madrid,working,Full,connectors_sun,21,Morning,1632,244,1655,regional,109,6.712557309931153
Madrid,working,Full,connectors_sun,21,Morning,1632,244,1655,regional,110,6.833635755223515
Madrid,working,Full,connectors_sun,21,Morning,1632,244,1655,regional,111,6.956400049749997
Madrid,working,Full,connectors_sun,21,Morning,1632,244,1655,regional,112,7.079915945290902
Madrid,working,Full,connectors_sun,21,Morning,1632,244,1655,regional,113,7.2041074122367235
Madrid,working,Full,connectors_sun,21,Morning,1632,244,1655,regional,114,7.331133420396303
Madrid,working,Full,connectors_sun,21,Morning,1632,244,1655,regional,115,7.459294615976801
Madrid,working,Full,connectors_sun,21,Morning,1632,244,1655,regional,116,7.591327948288391
Madrid,working,Full,connectors_sun,21,Morning,1632,244,1655,regional,117,7.724100288073858
Madrid,working,Full,connectors_sun,21,Morning,1632,244,1655,regional,118,7.857968095071505
Madrid,working,Full,connectors_sun,21,Morning,1632,244,1655,regional,119,7.992808985193633
Madrid,working,Full,connectors_sun,21,Morning,1632,244,1655,regional,120,8.129093254123935
Madrid,working,Full,connectors_sun,21,Morning,1632,244,1655,regional,121,8.269059147701391
Madrid,working,Full,connectors_sun,21,Morning,1632,244,1655,regional,122,8.409783155338529
Madrid,working,Full,connectors_sun,21,Morning,1632,244,1655,regional,123,8.551027266190317
Madrid,working,Full,connectors_sun,21,Morning,1632,244,1655,regional,124,8.69278855618229
Madrid,working,Full,connectors_sun,21,Morning,1632,244,1655,regional,125,8.835332880989178
Madrid,working,Full,connectors_sun,21,Morning,1632,244,1655,regional,126,8.979098343006262
Madrid,working,Full,connectors_sun,21,Morning,1632,244,1655,regional,127,9.12420880764414
Madrid,working,Full,connectors_sun,21,Morning,1632,244,1655,regional,128,9.271166648160932
Madrid,working,Full,connectors_sun,21,Morning,1632,244,1655,regional,129,9.418663096949047
Madrid,working,Full,connectors_sun,21,Morning,1632,244,1655,regional,130,9.568048918451883
Madrid,working,Full,connectors_sun,21,Morning,1632,244,1655,regional,131,9.71815461329183
Madrid,working,Full,connectors_sun,21,Morning,1632,244,1655,regional,132,9.869719259656875
Madrid,working,Full,connectors_sun,21,Morning,1632,244,1655,regional,133,10.022136990052848
Madrid,working,Full,connectors_sun,21,Morning,1632,244,1655,regional,134,10.17606449980849
Madrid,working,Full,connectors_sun,21,Morning,1632,244,1655,regional,135,10.334116719655576
Madrid,working,Full,connectors_sun,21,Morning,1632,244,1655,regional,136,10.493546641431045
Madrid,working,Full,connectors_sun,21,Morning,1632,244,1655,regional,137,10.658818432353273
Madrid,working,Full,connectors_sun,21,Morning,1632,244,1655,regional,138,10.827240869428545
Madrid,working,Full,connectors_sun,21,Morning,1632,244,1655,regional,139,10.997306878800766
Madrid,working,Full,connectors_sun,21,Morning,1632,244,1655,regional,140,11.168614027374964
Madrid,working,Full,connectors_sun,21,Morning,1632,244,1655,regional,141,11.344994952081105
Madrid,working,Full,connectors_sun,21,Morning,1632,244,1655,regional,142,11.523375895965392
Madrid,working,Full,connectors_sun,21,Morning,1632,244,1655,regional,143,11.703107067967869
Madrid,working,Full,connectors_sun,21,Morning,1632,244,1655,regional,144,11.884331141616292
Madrid,working,Full,connectors_sun,21,Morning,1632,244,1655,regional,145,12.065846496795471
Madrid,working,Full,connectors_sun,21,Morning,1632,244,1655,regional,146,12.24875829038771
Madrid,working,Full,connectors_sun,21,Morning,1632,244,1655,regional,147,12.43201934373591
Madrid,working,Full,connectors_sun,21,Morning,1632,244,1655,regional,148,12.615851408031087
Madrid,working,Full,connectors_sun,21,Morning,1632,244,1655,regional,149,12.800707924202348
Madrid,working,Full,connectors_sun,21,Morning,1632,244,1655,regional,150,12.988433166809681
Madrid,working,Full,connectors_sun,21,Morning,1632,244,1655,regional,151,13.177469048652673
Madrid,working,Full,connectors_sun,21,Morning,1632,244,1655,regional,152,13.366599713120424
Madrid,working,Full,connectors_sun,21,Morning,1632,244,1655,regional,153,13.559443684912761
Madrid,working,Full,connectors_sun,21,Morning,1632,244,1655,regional,154,13.753061451848788
Madrid,working,Full,connectors_sun,21,Morning,1632,244,1655,regional,155,13.948973915607832
Madrid,working,Full,connectors_sun,21,Morning,1632,244,1655,regional,156,14.145362431362999
Madrid,working,Full,connectors_sun,21,Morning,1632,244,1655,regional,157,14.343587390778989
Madrid,working,Full,connectors_sun,21,Morning,1632,244,1655,regional,158,14.543309080505004
Madrid,working,Full,connectors_sun,21,Morning,1632,244,1655,regional,159,14.744065517898191
Madrid,working,Full,connectors_sun,21,Morning,1632,244,1655,regional,160,14.948103378470723
Madrid,working,Full,connectors_sun,21,Morning,1632,244,1655,regional,161,15.153020621377058
Madrid,working,Full,connectors_sun,21,Morning,1632,244,1655,regional,162,15.36155522449627
Madrid,working,Full,connectors_sun,21,Morning,1632,244,1655,regional,163,15.574090506990611
Madrid,working,Full,connectors_sun,21,Morning,1632,244,1655,regional,164,15.787049002426945
Madrid,working,Full,connectors_sun,21,Morning,1632,244,1655,regional,165,16.001562695887102
Madrid,working,Full,connectors_sun,21,Morning,1632,244,1655,regional,166,16.217610690891696
Madrid,working,Full,connectors_sun,21,Morning,1632,244,1655,regional,167,16.436445896409776
Madrid,working,Full,connectors_sun,21,Morning,1632,244,1655,regional,168,16.656182099820896
Madrid,working,Full,connectors_sun,21,Morning,1632,244,1655,regional,169,16.878812048688385
Madrid,working,Full,connectors_sun,21,Morning,1632,244,1655,regional,170,17.105034920073557
Madrid,working,Full,connectors_sun,21,Morning,1632,244,1655,regional,171,17.334993290157477
Madrid,working,Full,connectors_sun,21,Morning,1632,244,1655,regional,172,17.56507190913026
Madrid,working,Full,connectors_sun,21,Morning,1632,244,1655,regional,173,17.796860040850568
Madrid,working,Full,connectors_sun,21,Morning,1632,244,1655,regional,174,18.030852317677127
Madrid,working,Full,connectors_sun,21,Morning,1632,244,1655,regional,175,18.265028501705867
Madrid,working,Full,connectors_sun,21,Morning,1632,244,1655,regional,176,18.500084387659445
Madrid,working,Full,connectors_sun,21,Morning,1632,244,1655,regional,177,18.739381076072913
Madrid,working,Full,connectors_sun,21,Morning,1632,244,1655,regional,178,18.98057521330375
Madrid,working,Full,connectors_sun,21,Morning,1632,244,1655,regional,179,19.231458745146256
Madrid,working,Full,connectors_sun,21,Morning,1632,244,1655,regional,180,19.483159300495853
Madrid,working,Full,connectors_sun,21,Morning,1632,244,1655,regional,181,19.735617556640833
Madrid,working,Full,connectors_sun,21,Morning,1632,244,1655,regional,182,19.988184786906398
Madrid,working,Full,connectors_sun,21,Morning,1632,244,1655,regional,183,20.24216712594741
Madrid,working,Full,connectors_sun,21,Morning,1632,244,1655,regional,184,20.501320594249027
Madrid,working,Full,connectors_sun,21,Morning,1632,244,1655,regional,185,20.761185486928888
Madrid,working,Full,connectors_sun,21,Morning,1632,244,1655,regional,186,21.02738953794445
Madrid,working,Full,connectors_sun,21,Morning,1632,244,1655,regional,187,21.296180752923135
Madrid,working,Full,connectors_sun,21,Morning,1632,244,1655,regional,188,21.565947207347538
Madrid,working,Full,connectors_sun,21,Morning,1632,244,1655,regional,189,21.84097815202815
Madrid,working,Full,connectors_sun,21,Morning,1632,244,1655,regional,190,22.121487811235667
Madrid,working,Full,connectors_sun,21,Morning,1632,244,1655,regional,191,22.405995123805322
Madrid,working,Full,connectors_sun,21,Morning,1632,244,1655,regional,192,22.69143289082846
Madrid,working,Full,connectors_sun,21,Morning,1632,244,1655,regional,193,22.979539431410547
Madrid,working,Full,connectors_sun,21,Morning,1632,244,1655,regional,194,23.271251499989624
Madrid,working,Full,connectors_sun,21,Morning,1632,244,1655,regional,195,23.56401658710945
Madrid,working,Full,connectors_sun,21,Morning,1632,244,1655,regional,196,23.86134648875191
Madrid,working,Full,connectors_sun,21,Morning,1632,244,1655,regional,197,24.159326859207766
Madrid,working,Full,connectors_sun,21,Morning,1632,244,1655,regional,198,24.459965783655797
Madrid,working,Full,connectors_sun,21,Morning,1632,244,1655,regional,199,24.762744738469305
Madrid,working,Full,connectors_sun,21,Morning,1632,244,1655,regional,200,25.070719070137045
Madrid,working,Full,connectors_sun,21,Morning,1632,244,1655,regional,201,25.38184316449061
Madrid,working,Full,connectors_sun,21,Morning,1632,244,1655,regional,202,25.695002082222704
Madrid,working,Full,connectors_sun,21,Morning,1632,244,1655,regional,203,26.008806700616613
Madrid,working,Full,connectors_sun,21,Morning,1632,244,1655,regional,204,26.322927801397867
Madrid,working,Full,connectors_sun,21,Morning,1632,244,1655,regional,205,26.64138942714962
Madrid,working,Full,connectors_sun,21,Morning,1632,244,1655,regional,206,26.964667143134466
Madrid,working,Full,connectors_sun,21,Morning,1632,244,1655,regional,207,27.28944661196805
Madrid,working,Full,connectors_sun,21,Morning,1632,244,1655,regional,208,27.617078911256275
Madrid,working,Full,connectors_sun,21,Morning,1632,244,1655,regional,209,27.94651112807038
Madrid,working,Full,connectors_sun,21,Morning,1632,244,1655,regional,210,28.282524376708828
Madrid,working,Full,connectors_sun,21,Morning,1632,244,1655,regional,211,28.623775515158496
Madrid,working,Full,connectors_sun,21,Morning,1632,244,1655,regional,212,28.96669982848559
Madrid,working,Full,connectors_sun,21,Morning,1632,244,1655,regional,213,29.31095813874618
Madrid,working,Full,connectors_sun,21,Morning,1632,244,1655,regional,214,29.658696836902397
Madrid,working,Full,connectors_sun,21,Morning,1632,244,1655,regional,215,30.00893631851923
Madrid,working,Full,connectors_sun,21,Morning,1632,244,1655,regional,216,30.361110891820335
Madrid,working,Full,connectors_sun,21,Morning,1632,244,1655,regional,217,30.716347257614785
Madrid,working,Full,connectors_sun,21,Morning,1632,244,1655,regional,218,31.10005660931572
Madrid,working,Full,connectors_sun,21,Morning,1632,244,1655,regional,219,31.48532760780017
Madrid,working,Full,connectors_sun,21,Morning,1632,244,1655,regional,220,31.880871524567688
Madrid,working,Full,connectors_sun,21,Morning,1632,244,1655,regional,221,32.27890107728194
Madrid,working,Full,connectors_sun,21,Morning,1632,244,1655,regional,222,32.67829289512568
Madrid,working,Full,connectors_sun,21,Morning,1632,244,1655,regional,223,33.08131951844565
Madrid,working,Full,connectors_sun,21,Morning,1632,244,1655,regional,224,33.48772664551839
Madrid,working,Full,connectors_sun,21,Morning,1632,244,1655,regional,225,33.905515672747114
Madrid,working,Full,connectors_sun,21,Morning,1632,244,1655,regional,226,34.330895033407295
Madrid,working,Full,connectors_sun,21,Morning,1632,244,1655,regional,227,34.7668707660473
Madrid,working,Full,connectors_sun,21,Morning,1632,244,1655,regional,228,35.21703051442228
Madrid,working,Full,connectors_sun,21,Morning,1632,244,1655,regional,229,35.66924555469703
Madrid,working,Full,connectors_sun,21,Morning,1632,244,1655,regional,230,36.123186075333216
Madrid,working,Full,connectors_sun,21,Morning,1632,244,1655,regional,231,36.57800639891441
Madrid,working,Full,connectors_sun,21,Morning,1632,244,1655,regional,232,37.053425600156196
Madrid,working,Full,connectors_sun,21,Morning,1632,244,1655,regional,233,37.54128505671428
Madrid,working,Full,connectors_sun,21,Morning,1632,244,1655,regional,234,38.03058859830328
Madrid,working,Full,connectors_sun,21,Morning,1632,244,1655,regional,235,38.5320565431298
Madrid,working,Full,connectors_sun,21,Morning,1632,244,1655,regional,236,39.035538983323455
Madrid,working,Full,connectors_sun,21,Morning,1632,244,1655,regional,237,39.54251424423941
Madrid,working,Full,connectors_sun,21,Morning,1632,244,1655,regional,238,40.051852126097586
Madrid,working,Full,connectors_sun,21,Morning,1632,244,1655,regional,239,40.59848699651396
Madrid,working,Full,connectors_sun,21,Morning,1632,244,1655,regional,240,41.15821066433006
Madrid,working,Full,connectors_sun,21,Morning,1632,244,1655,regional,241,41.79228253272231
Madrid,working,Full,connectors_sun,21,Morning,1632,244,1655,regional,242,42.434917522875274
Madrid,working,Full,connectors_sun,21,Morning,1632,244,1655,regional,243,43.109181085891976
Madrid,working,Full,connectors_sun,21,Morning,1632,244,1655,regional,244,43.815948976564094
Madrid,working,Full,connectors_sun,21,Morning,1632,244,1655,uniform_area,0,0.0
Madrid,working,Full,connectors_sun,21,Morning,1632,244,1655,uniform_area,1,0.00010094305075908209
Madrid,working,Full,connectors_sun,21,Morning,1632,244,1655,uniform_area,2,0.0015304444870727458
Madrid,working,Full,connectors_sun,21,Morning,1632,244,1655,uniform_area,3,0.004226313729000613
Madrid,working,Full,connectors_sun,21,Morning,1632,244,1655,uniform_area,4,0.007963998687843218
Madrid,working,Full,connectors_sun,21,Morning,1632,244,1655,uniform_area,5,0.013087988336844377
Madrid,working,Full,connectors_sun,21,Morning,1632,244,1655,uniform_area,6,0.019442222560516646
Madrid,working,Full,connectors_sun,21,Morning,1632,244,1655,uniform_area,7,0.02757411294328779
Madrid,working,Full,connectors_sun,21,Morning,1632,244,1655,uniform_area,8,0.03693853133243817
Madrid,working,Full,connectors_sun,21,Morning,1632,244,1655,uniform_area,9,0.047165441947651175
Madrid,working,Full,connectors_sun,21,Morning,1632,244,1655,uniform_area,10,0.05786622868088739
Madrid,working,Full,connectors_sun,21,Morning,1632,244,1655,uniform_area,11,0.06924532636793487
Madrid,working,Full,connectors_sun,21,Morning,1632,244,1655,uniform_area,12,0.08140292057499653
Madrid,working,Full,connectors_sun,21,Morning,1632,244,1655,uniform_area,13,0.09616330307743423
Madrid,working,Full,connectors_sun,21,Morning,1632,244,1655,uniform_area,14,0.11162581887410207
Madrid,working,Full,connectors_sun,21,Morning,1632,244,1655,uniform_area,15,0.1283607568638221
Madrid,working,Full,connectors_sun,21,Morning,1632,244,1655,uniform_area,16,0.14582108969346416
Madrid,working,Full,connectors_sun,21,Morning,1632,244,1655,uniform_area,17,0.16380128655320633
Madrid,working,Full,connectors_sun,21,Morning,1632,244,1655,uniform_area,18,0.183035945537372
Madrid,working,Full,connectors_sun,21,Morning,1632,244,1655,uniform_area,19,0.2038708107747753
Madrid,working,Full,connectors_sun,21,Morning,1632,244,1655,uniform_area,20,0.2254108319259462
Madrid,working,Full,connectors_sun,21,Morning,1632,244,1655,uniform_area,21,0.24757897610484014
Madrid,working,Full,connectors_sun,21,Morning,1632,244,1655,uniform_area,22,0.2706638321199952
Madrid,working,Full,connectors_sun,21,Morning,1632,244,1655,uniform_area,23,0.2973643211076412
Madrid,working,Full,connectors_sun,21,Morning,1632,244,1655,uniform_area,24,0.32589129930773436
Madrid,working,Full,connectors_sun,21,Morning,1632,244,1655,uniform_area,25,0.3557348186021481
Madrid,working,Full,connectors_sun,21,Morning,1632,244,1655,uniform_area,26,0.38683900078225053
Madrid,working,Full,connectors_sun,21,Morning,1632,244,1655,uniform_area,27,0.4200421269282088
Madrid,working,Full,connectors_sun,21,Morning,1632,244,1655,uniform_area,28,0.4536490088101474
Madrid,working,Full,connectors_sun,21,Morning,1632,244,1655,uniform_area,29,0.48766188503278984
Madrid,working,Full,connectors_sun,21,Morning,1632,244,1655,uniform_area,30,0.522267592638519
Madrid,working,Full,connectors_sun,21,Morning,1632,244,1655,uniform_area,31,0.5577086465291728
Madrid,working,Full,connectors_sun,21,Morning,1632,244,1655,uniform_area,32,0.5951174220790393
Madrid,working,Full,connectors_sun,21,Morning,1632,244,1655,uniform_area,33,0.6330249408305413
Madrid,working,Full,connectors_sun,21,Morning,1632,244,1655,uniform_area,34,0.6713134358911255
Madrid,working,Full,connectors_sun,21,Morning,1632,244,1655,uniform_area,35,0.7098006261037889
Madrid,working,Full,connectors_sun,21,Morning,1632,244,1655,uniform_area,36,0.7490290533786884
Madrid,working,Full,connectors_sun,21,Morning,1632,244,1655,uniform_area,37,0.7893314583597392
Madrid,working,Full,connectors_sun,21,Morning,1632,244,1655,uniform_area,38,0.8323230323207668
Madrid,working,Full,connectors_sun,21,Morning,1632,244,1655,uniform_area,39,0.8759498869896796
Madrid,working,Full,connectors_sun,21,Morning,1632,244,1655,uniform_area,40,0.9198384168944438
Madrid,working,Full,connectors_sun,21,Morning,1632,244,1655,uniform_area,41,0.9652079452925302
Madrid,working,Full,connectors_sun,21,Morning,1632,244,1655,uniform_area,42,1.0108947087720246
Madrid,working,Full,connectors_sun,21,Morning,1632,244,1655,uniform_area,43,1.0569022184751113
Madrid,working,Full,connectors_sun,21,Morning,1632,244,1655,uniform_area,44,1.1037786617675072
Madrid,working,Full,connectors_sun,21,Morning,1632,244,1655,uniform_area,45,1.1519074685495758
Madrid,working,Full,connectors_sun,21,Morning,1632,244,1655,uniform_area,46,1.2017713120063687
Madrid,working,Full,connectors_sun,21,Morning,1632,244,1655,uniform_area,47,1.2535874621286698
Madrid,working,Full,connectors_sun,21,Morning,1632,244,1655,uniform_area,48,1.3056710390634068
Madrid,working,Full,connectors_sun,21,Morning,1632,244,1655,uniform_area,49,1.358265805549295
Madrid,working,Full,connectors_sun,21,Morning,1632,244,1655,uniform_area,50,1.4116552922642969
Madrid,working,Full,connectors_sun,21,Morning,1632,244,1655,uniform_area,51,1.4662502589320385
Madrid,working,Full,connectors_sun,21,Morning,1632,244,1655,uniform_area,52,1.5224274800179154
Madrid,working,Full,connectors_sun,21,Morning,1632,244,1655,uniform_area,53,1.5790167727028455
Madrid,working,Full,connectors_sun,21,Morning,1632,244,1655,uniform_area,54,1.6363566337815107
Madrid,working,Full,connectors_sun,21,Morning,1632,244,1655,uniform_area,55,1.6950211962953763
Madrid,working,Full,connectors_sun,21,Morning,1632,244,1655,uniform_area,56,1.755224317895375
Madrid,working,Full,connectors_sun,21,Morning,1632,244,1655,uniform_area,57,1.8161583132906252
Madrid,working,Full,connectors_sun,21,Morning,1632,244,1655,uniform_area,58,1.878446480661562
Madrid,working,Full,connectors_sun,21,Morning,1632,244,1655,uniform_area,59,1.9421116616439567
Madrid,working,Full,connectors_sun,21,Morning,1632,244,1655,uniform_area,60,2.0061662848316817
Madrid,working,Full,connectors_sun,21,Morning,1632,244,1655,uniform_area,61,2.071297952257244
Madrid,working,Full,connectors_sun,21,Morning,1632,244,1655,uniform_area,62,2.138129071050407
Madrid,working,Full,connectors_sun,21,Morning,1632,244,1655,uniform_area,63,2.2072319830029175
Madrid,working,Full,connectors_sun,21,Morning,1632,244,1655,uniform_area,64,2.279594034471151
Madrid,working,Full,connectors_sun,21,Morning,1632,244,1655,uniform_area,65,2.355472733611061
Madrid,working,Full,connectors_sun,21,Morning,1632,244,1655,uniform_area,66,2.4315550789977656
Madrid,working,Full,connectors_sun,21,Morning,1632,244,1655,uniform_area,67,2.5088652126233475
Madrid,working,Full,connectors_sun,21,Morning,1632,244,1655,uniform_area,68,2.58712592258501
Madrid,working,Full,connectors_sun,21,Morning,1632,244,1655,uniform_area,69,2.6668754144682687
Madrid,working,Full,connectors_sun,21,Morning,1632,244,1655,uniform_area,70,2.749408300738419
Madrid,working,Full,connectors_sun,21,Morning,1632,244,1655,uniform_area,71,2.832112272397444
Madrid,working,Full,connectors_sun,21,Morning,1632,244,1655,uniform_area,72,2.915693886888511
Madrid,working,Full,connectors_sun,21,Morning,1632,244,1655,uniform_area,73,3.001212054561908
Madrid,working,Full,connectors_sun,21,Morning,1632,244,1655,uniform_area,74,3.0871325755270487
Madrid,working,Full,connectors_sun,21,Morning,1632,244,1655,uniform_area,75,3.1741037806333754
Madrid,working,Full,connectors_sun,21,Morning,1632,244,1655,uniform_area,76,3.261755601166461
Madrid,working,Full,connectors_sun,21,Morning,1632,244,1655,uniform_area,77,3.349903054457349
Madrid,working,Full,connectors_sun,21,Morning,1632,244,1655,uniform_area,78,3.43847138373301
Madrid,working,Full,connectors_sun,21,Morning,1632,244,1655,uniform_area,79,3.5285186101227333
Madrid,working,Full,connectors_sun,21,Morning,1632,244,1655,uniform_area,80,3.619308700153849
Madrid,working,Full,connectors_sun,21,Morning,1632,244,1655,uniform_area,81,3.711168678572313
Madrid,working,Full,connectors_sun,21,Morning,1632,244,1655,uniform_area,82,3.8037744600015895
Madrid,working,Full,connectors_sun,21,Morning,1632,244,1655,uniform_area,83,3.897873187687855
Madrid,working,Full,connectors_sun,21,Morning,1632,244,1655,uniform_area,84,3.9923825323832616
Madrid,working,Full,connectors_sun,21,Morning,1632,244,1655,uniform_area,85,4.087804600228133
Madrid,working,Full,connectors_sun,21,Morning,1632,244,1655,uniform_area,86,4.184473489483633
Madrid,working,Full,connectors_sun,21,Morning,1632,244,1655,uniform_area,87,4.283299101943704
Madrid,working,Full,connectors_sun,21,Morning,1632,244,1655,uniform_area,88,4.382893724070094
Madrid,working,Full,connectors_sun,21,Morning,1632,244,1655,uniform_area,89,4.483253327838042
Madrid,working,Full,connectors_sun,21,Morning,1632,244,1655,uniform_area,90,4.586673033820815
Madrid,working,Full,connectors_sun,21,Morning,1632,244,1655,uniform_area,91,4.690694158756166
Madrid,working,Full,connectors_sun,21,Morning,1632,244,1655,uniform_area,92,4.79524331538119
Madrid,working,Full,connectors_sun,21,Morning,1632,244,1655,uniform_area,93,4.899906521918383
Madrid,working,Full,connectors_sun,21,Morning,1632,244,1655,uniform_area,94,5.006294394544625
Madrid,working,Full,connectors_sun,21,Morning,1632,244,1655,uniform_area,95,5.112825350331719
Madrid,working,Full,connectors_sun,21,Morning,1632,244,1655,uniform_area,96,5.219981077185883
Madrid,working,Full,connectors_sun,21,Morning,1632,244,1655,uniform_area,97,5.32943387230005
Madrid,working,Full,connectors_sun,21,Morning,1632,244,1655,uniform_area,98,5.439577881220924
Madrid,working,Full,connectors_sun,21,Morning,1632,244,1655,uniform_area,99,5.550208365387017
Madrid,working,Full,connectors_sun,21,Morning,1632,244,1655,uniform_area,100,5.66271840385219
Madrid,working,Full,connectors_sun,21,Morning,1632,244,1655,uniform_area,101,5.776187246692222
Madrid,working,Full,connectors_sun,21,Morning,1632,244,1655,uniform_area,102,5.89027615376594
Madrid,working,Full,connectors_sun,21,Morning,1632,244,1655,uniform_area,103,6.005226198192981
Madrid,working,Full,connectors_sun,21,Morning,1632,244,1655,uniform_area,104,6.12127017931238
Madrid,working,Full,connectors_sun,21,Morning,1632,244,1655,uniform_area,105,6.239432584924397
Madrid,working,Full,connectors_sun,21,Morning,1632,244,1655,uniform_area,106,6.358420246175606
Madrid,working,Full,connectors_sun,21,Morning,1632,244,1655,uniform_area,107,6.477749407629468
Madrid,working,Full,connectors_sun,21,Morning,1632,244,1655,uniform_area,108,6.598692103588398
Madrid,working,Full,connectors_sun,21,Morning,1632,244,1655,uniform_area,109,6.720262732289074
Madrid,working,Full,connectors_sun,21,Morning,1632,244,1655,uniform_area,110,6.842605237753419
Madrid,working,Full,connectors_sun,21,Morning,1632,244,1655,uniform_area,111,6.967476434337173
Madrid,working,Full,connectors_sun,21,Morning,1632,244,1655,uniform_area,112,7.09296780859433
Madrid,working,Full,connectors_sun,21,Morning,1632,244,1655,uniform_area,113,7.219582086924301
Madrid,working,Full,connectors_sun,21,Morning,1632,244,1655,uniform_area,114,7.348866221122545
Madrid,working,Full,connectors_sun,21,Morning,1632,244,1655,uniform_area,115,7.480357200583235
Madrid,working,Full,connectors_sun,21,Morning,1632,244,1655,uniform_area,116,7.612801474359011
Madrid,working,Full,connectors_sun,21,Morning,1632,244,1655,uniform_area,117,7.745865386054701
Madrid,working,Full,connectors_sun,21,Morning,1632,244,1655,uniform_area,118,7.880643469750845
Madrid,working,Full,connectors_sun,21,Morning,1632,244,1655,uniform_area,119,8.01812527838927
Madrid,working,Full,connectors_sun,21,Morning,1632,244,1655,uniform_area,120,8.156791965779053
Madrid,working,Full,connectors_sun,21,Morning,1632,244,1655,uniform_area,121,8.296112523352813
Madrid,working,Full,connectors_sun,21,Morning,1632,244,1655,uniform_area,122,8.437312145788173
Madrid,working,Full,connectors_sun,21,Morning,1632,244,1655,uniform_area,123,8.579475171481075
Madrid,working,Full,connectors_sun,21,Morning,1632,244,1655,uniform_area,124,8.722734043129947
Madrid,working,Full,connectors_sun,21,Morning,1632,244,1655,uniform_area,125,8.866263605727605
Madrid,working,Full,connectors_sun,21,Morning,1632,244,1655,uniform_area,126,9.011240671912683
Madrid,working,Full,connectors_sun,21,Morning,1632,244,1655,uniform_area,127,9.157381393558982
Madrid,working,Full,connectors_sun,21,Morning,1632,244,1655,uniform_area,128,9.304536494977912
Madrid,working,Full,connectors_sun,21,Morning,1632,244,1655,uniform_area,129,9.452392028095325
Madrid,working,Full,connectors_sun,21,Morning,1632,244,1655,uniform_area,130,9.60234974004018
Madrid,working,Full,connectors_sun,21,Morning,1632,244,1655,uniform_area,131,9.753009601746319
Madrid,working,Full,connectors_sun,21,Morning,1632,244,1655,uniform_area,132,9.904208373462021
Madrid,working,Full,connectors_sun,21,Morning,1632,244,1655,uniform_area,133,10.05996242127622
Madrid,working,Full,connectors_sun,21,Morning,1632,244,1655,uniform_area,134,10.216140975146114
Madrid,working,Full,connectors_sun,21,Morning,1632,244,1655,uniform_area,135,10.372909515257822
Madrid,working,Full,connectors_sun,21,Morning,1632,244,1655,uniform_area,136,10.531816457145085
Madrid,working,Full,connectors_sun,21,Morning,1632,244,1655,uniform_area,137,10.69384881507865
Madrid,working,Full,connectors_sun,21,Morning,1632,244,1655,uniform_area,138,10.863201794689845
Madrid,working,Full,connectors_sun,21,Morning,1632,244,1655,uniform_area,139,11.034168744268245
Madrid,working,Full,connectors_sun,21,Morning,1632,244,1655,uniform_area,140,11.211518245002065
Madrid,working,Full,connectors_sun,21,Morning,1632,244,1655,uniform_area,141,11.38975930140023
Madrid,working,Full,connectors_sun,21,Morning,1632,244,1655,uniform_area,142,11.56839069837309
Madrid,working,Full,connectors_sun,21,Morning,1632,244,1655,uniform_area,143,11.747473038344554
Madrid,working,Full,connectors_sun,21,Morning,1632,244,1655,uniform_area,144,11.928341499456533
Madrid,working,Full,connectors_sun,21,Morning,1632,244,1655,uniform_area,145,12.110294424129723
Madrid,working,Full,connectors_sun,21,Morning,1632,244,1655,uniform_area,146,12.294138604774666
Madrid,working,Full,connectors_sun,21,Morning,1632,244,1655,uniform_area,147,12.479708790829184
Madrid,working,Full,connectors_sun,21,Morning,1632,244,1655,uniform_area,148,12.66746161648925
Madrid,working,Full,connectors_sun,21,Morning,1632,244,1655,uniform_area,149,12.857549198925382
Madrid,working,Full,connectors_sun,21,Morning,1632,244,1655,uniform_area,150,13.04918894589491
Madrid,working,Full,connectors_sun,21,Morning,1632,244,1655,uniform_area,151,13.241377311118114
Madrid,working,Full,connectors_sun,21,Morning,1632,244,1655,uniform_area,152,13.43531070851878
Madrid,working,Full,connectors_sun,21,Morning,1632,244,1655,uniform_area,153,13.629609947174774
Madrid,working,Full,connectors_sun,21,Morning,1632,244,1655,uniform_area,154,13.826411537894762
Madrid,working,Full,connectors_sun,21,Morning,1632,244,1655,uniform_area,155,14.024089977368769
Madrid,working,Full,connectors_sun,21,Morning,1632,244,1655,uniform_area,156,14.224652167870282
Madrid,working,Full,connectors_sun,21,Morning,1632,244,1655,uniform_area,157,14.425884904194069
Madrid,working,Full,connectors_sun,21,Morning,1632,244,1655,uniform_area,158,14.628177810597885
Madrid,working,Full,connectors_sun,21,Morning,1632,244,1655,uniform_area,159,14.831986504894475
Madrid,working,Full,connectors_sun,21,Morning,1632,244,1655,uniform_area,160,15.037662758154978
Madrid,working,Full,connectors_sun,21,Morning,1632,244,1655,uniform_area,161,15.244134728816302
Madrid,working,Full,connectors_sun,21,Morning,1632,244,1655,uniform_area,162,15.452680545821087
Madrid,working,Full,connectors_sun,21,Morning,1632,244,1655,uniform_area,163,15.663929083277756
Madrid,working,Full,connectors_sun,21,Morning,1632,244,1655,uniform_area,164,15.876654969945267
Madrid,working,Full,connectors_sun,21,Morning,1632,244,1655,uniform_area,165,16.090809574949123
Madrid,working,Full,connectors_sun,21,Morning,1632,244,1655,uniform_area,166,16.30940600535715
Madrid,working,Full,connectors_sun,21,Morning,1632,244,1655,uniform_area,167,16.528954972595706
Madrid,working,Full,connectors_sun,21,Morning,1632,244,1655,uniform_area,168,16.75123718288852
Madrid,working,Full,connectors_sun,21,Morning,1632,244,1655,uniform_area,169,16.97534171165454
Madrid,working,Full,connectors_sun,21,Morning,1632,244,1655,uniform_area,170,17.20409258848483
Madrid,working,Full,connectors_sun,21,Morning,1632,244,1655,uniform_area,171,17.433469204279124
Madrid,working,Full,connectors_sun,21,Morning,1632,244,1655,uniform_area,172,17.6659719213322
Madrid,working,Full,connectors_sun,21,Morning,1632,244,1655,uniform_area,173,17.898724827849865
Madrid,working,Full,connectors_sun,21,Morning,1632,244,1655,uniform_area,174,18.132408526451144
Madrid,working,Full,connectors_sun,21,Morning,1632,244,1655,uniform_area,175,18.3678450388285
Madrid,working,Full,connectors_sun,21,Morning,1632,244,1655,uniform_area,176,18.603796519946258
Madrid,working,Full,connectors_sun,21,Morning,1632,244,1655,uniform_area,177,18.84314563766561
Madrid,working,Full,connectors_sun,21,Morning,1632,244,1655,uniform_area,178,19.08643190761782
Madrid,working,Full,connectors_sun,21,Morning,1632,244,1655,uniform_area,179,19.335887162907344
Madrid,working,Full,connectors_sun,21,Morning,1632,244,1655,uniform_area,180,19.586095957979303
Madrid,working,Full,connectors_sun,21,Morning,1632,244,1655,uniform_area,181,19.837847020884254
Madrid,working,Full,connectors_sun,21,Morning,1632,244,1655,uniform_area,182,20.090137184084742
Madrid,working,Full,connectors_sun,21,Morning,1632,244,1655,uniform_area,183,20.343679714434245
Madrid,working,Full,connectors_sun,21,Morning,1632,244,1655,uniform_area,184,20.60103432607007
Madrid,working,Full,connectors_sun,21,Morning,1632,244,1655,uniform_area,185,20.861721047319108
Madrid,working,Full,connectors_sun,21,Morning,1632,244,1655,uniform_area,186,21.128806655042723
Madrid,working,Full,connectors_sun,21,Morning,1632,244,1655,uniform_area,187,21.39727293206414
Madrid,working,Full,connectors_sun,21,Morning,1632,244,1655,uniform_area,188,21.66638245252966
Madrid,working,Full,connectors_sun,21,Morning,1632,244,1655,uniform_area,189,21.940201334992164
Madrid,working,Full,connectors_sun,21,Morning,1632,244,1655,uniform_area,190,22.221949619773557
Madrid,working,Full,connectors_sun,21,Morning,1632,244,1655,uniform_area,191,22.50510087116086
Madrid,working,Full,connectors_sun,21,Morning,1632,244,1655,uniform_area,192,22.789488352897536
Madrid,working,Full,connectors_sun,21,Morning,1632,244,1655,uniform_area,193,23.076253824749887
Madrid,working,Full,connectors_sun,21,Morning,1632,244,1655,uniform_area,194,23.36600541325114
Madrid,working,Full,connectors_sun,21,Morning,1632,244,1655,uniform_area,195,23.65648382922615
Madrid,working,Full,connectors_sun,21,Morning,1632,244,1655,uniform_area,196,23.951313534733725
Madrid,working,Full,connectors_sun,21,Morning,1632,244,1655,uniform_area,197,24.246537981179166
Madrid,working,Full,connectors_sun,21,Morning,1632,244,1655,uniform_area,198,24.546034065094453
Madrid,working,Full,connectors_sun,21,Morning,1632,244,1655,uniform_area,199,24.84697756385803
Madrid,working,Full,connectors_sun,21,Morning,1632,244,1655,uniform_area,200,25.154233690084823
Madrid,working,Full,connectors_sun,21,Morning,1632,244,1655,uniform_area,201,25.464151220006194
Madrid,working,Full,connectors_sun,21,Morning,1632,244,1655,uniform_area,202,25.77464976162408
Madrid,working,Full,connectors_sun,21,Morning,1632,244,1655,uniform_area,203,26.086636959830972
Madrid,working,Full,connectors_sun,21,Morning,1632,244,1655,uniform_area,204,26.401379243726524
Madrid,working,Full,connectors_sun,21,Morning,1632,244,1655,uniform_area,205,26.718054216535364
Madrid,working,Full,connectors_sun,21,Morning,1632,244,1655,uniform_area,206,27.039624552223085
Madrid,working,Full,connectors_sun,21,Morning,1632,244,1655,uniform_area,207,27.364726672465917
Madrid,working,Full,connectors_sun,21,Morning,1632,244,1655,uniform_area,208,27.692035749581223
Madrid,working,Full,connectors_sun,21,Morning,1632,244,1655,uniform_area,209,28.022416228970826
Madrid,working,Full,connectors_sun,21,Morning,1632,244,1655,uniform_area,210,28.358091499799016
Madrid,working,Full,connectors_sun,21,Morning,1632,244,1655,uniform_area,211,28.700073958473073
Madrid,working,Full,connectors_sun,21,Morning,1632,244,1655,uniform_area,212,29.042758009773024
Madrid,working,Full,connectors_sun,21,Morning,1632,244,1655,uniform_area,213,29.388119484468138
Madrid,working,Full,connectors_sun,21,Morning,1632,244,1655,uniform_area,214,29.73551510800987
Madrid,working,Full,connectors_sun,21,Morning,1632,244,1655,uniform_area,215,30.084857036890178
Madrid,working,Full,connectors_sun,21,Morning,1632,244,1655,uniform_area,216,30.438594622125
Madrid,working,Full,connectors_sun,21,Morning,1632,244,1655,uniform_area,217,30.79234158992215
Madrid,working,Full,connectors_sun,21,Morning,1632,244,1655,uniform_area,218,31.175308639778137
Madrid,working,Full,connectors_sun,21,Morning,1632,244,1655,uniform_area,219,31.55877850843202
Madrid,working,Full,connectors_sun,21,Morning,1632,244,1655,uniform_area,220,31.95285755850374
Madrid,working,Full,connectors_sun,21,Morning,1632,244,1655,uniform_area,221,32.34887394119842
Madrid,working,Full,connectors_sun,21,Morning,1632,244,1655,uniform_area,222,32.745909114092115
Madrid,working,Full,connectors_sun,21,Morning,1632,244,1655,uniform_area,223,33.14396831370852
Madrid,working,Full,connectors_sun,21,Morning,1632,244,1655,uniform_area,224,33.55132421277762
Madrid,working,Full,connectors_sun,21,Morning,1632,244,1655,uniform_area,225,33.96665439969981
Madrid,working,Full,connectors_sun,21,Morning,1632,244,1655,uniform_area,226,34.39065984684188
Madrid,working,Full,connectors_sun,21,Morning,1632,244,1655,uniform_area,227,34.82496946619432
Madrid,working,Full,connectors_sun,21,Morning,1632,244,1655,uniform_area,228,35.27315214350331
Madrid,working,Full,connectors_sun,21,Morning,1632,244,1655,uniform_area,229,35.72350671932342
Madrid,working,Full,connectors_sun,21,Morning,1632,244,1655,uniform_area,230,36.176098845060785
Madrid,working,Full,connectors_sun,21,Morning,1632,244,1655,uniform_area,231,36.62898092271297
Madrid,working,Full,connectors_sun,21,Morning,1632,244,1655,uniform_area,232,37.10249598681972
Madrid,working,Full,connectors_sun,21,Morning,1632,244,1655,uniform_area,233,37.58840467384514
Madrid,working,Full,connectors_sun,21,Morning,1632,244,1655,uniform_area,234,38.08291517527801
Madrid,working,Full,connectors_sun,21,Morning,1632,244,1655,uniform_area,235,38.581994341440414
Madrid,working,Full,connectors_sun,21,Morning,1632,244,1655,uniform_area,236,39.0831597929771
Madrid,working,Full,connectors_sun,21,Morning,1632,244,1655,uniform_area,237,39.58772945055572
Madrid,working,Full,connectors_sun,21,Morning,1632,244,1655,uniform_area,238,40.09464364634143
Madrid,working,Full,connectors_sun,21,Morning,1632,244,1655,uniform_area,239,40.63198764623521
Madrid,working,Full,connectors_sun,21,Morning,1632,244,1655,uniform_area,240,41.19018285674874
Madrid,working,Full,connectors_sun,21,Morning,1632,244,1655,uniform_area,241,41.82043311792414
Madrid,working,Full,connectors_sun,21,Morning,1632,244,1655,uniform_area,242,42.45922715902891
Madrid,working,Full,connectors_sun,21,Morning,1632,244,1655,uniform_area,243,43.12950599909216
Madrid,working,Full,connectors_sun,21,Morning,1632,244,1655,uniform_area,244,43.831861971825965
Madrid,working,Full,connectors_sun,21,Afternoon,1632,244,1656,local,0,0.0
Madrid,working,Full,connectors_sun,21,Afternoon,1632,244,1656,local,1,5.171413393792676e-05
Madrid,working,Full,connectors_sun,21,Afternoon,1632,244,1656,local,2,0.0014136870292004505
Madrid,working,Full,connectors_sun,21,Afternoon,1632,244,1656,local,3,0.003035450748305454
Madrid,working,Full,connectors_sun,21,Afternoon,1632,244,1656,local,4,0.005186475872226196
Madrid,working,Full,connectors_sun,21,Afternoon,1632,244,1656,local,5,0.008090289739952697
Madrid,working,Full,connectors_sun,21,Afternoon,1632,244,1656,local,6,0.011822113331471864
Madrid,working,Full,connectors_sun,21,Afternoon,1632,244,1656,local,7,0.017040552340689276
Madrid,working,Full,connectors_sun,21,Afternoon,1632,244,1656,local,8,0.023094122614034835
Madrid,working,Full,connectors_sun,21,Afternoon,1632,244,1656,local,9,0.029484460732826977
Madrid,working,Full,connectors_sun,21,Afternoon,1632,244,1656,local,10,0.03686990080399964
Madrid,working,Full,connectors_sun,21,Afternoon,1632,244,1656,local,11,0.044701925244004834
Madrid,working,Full,connectors_sun,21,Afternoon,1632,244,1656,local,12,0.053290433335451325
Madrid,working,Full,connectors_sun,21,Afternoon,1632,244,1656,local,13,0.06261340997341518
Madrid,working,Full,connectors_sun,21,Afternoon,1632,244,1656,local,14,0.0721625821267678
Madrid,working,Full,connectors_sun,21,Afternoon,1632,244,1656,local,15,0.08226612423171357
Madrid,working,Full,connectors_sun,21,Afternoon,1632,244,1656,local,16,0.09376144490850367
Madrid,working,Full,connectors_sun,21,Afternoon,1632,244,1656,local,17,0.10692093595407921
Madrid,working,Full,connectors_sun,21,Afternoon,1632,244,1656,local,18,0.12052375497445103
Madrid,working,Full,connectors_sun,21,Afternoon,1632,244,1656,local,19,0.13428928771149407
Madrid,working,Full,connectors_sun,21,Afternoon,1632,244,1656,local,20,0.1481216122962785
Madrid,working,Full,connectors_sun,21,Afternoon,1632,244,1656,local,21,0.16293226601948824
Madrid,working,Full,connectors_sun,21,Afternoon,1632,244,1656,local,22,0.17961039746919583
Madrid,working,Full,connectors_sun,21,Afternoon,1632,244,1656,local,23,0.1968755323636234
Madrid,working,Full,connectors_sun,21,Afternoon,1632,244,1656,local,24,0.21441417918565117
Madrid,working,Full,connectors_sun,21,Afternoon,1632,244,1656,local,25,0.23287207769318552
Madrid,working,Full,connectors_sun,21,Afternoon,1632,244,1656,local,26,0.25224937759026467
Madrid,working,Full,connectors_sun,21,Afternoon,1632,244,1656,local,27,0.273973648637216
Madrid,working,Full,connectors_sun,21,Afternoon,1632,244,1656,local,28,0.296081559466562
Madrid,working,Full,connectors_sun,21,Afternoon,1632,244,1656,local,29,0.3187486374007991
Madrid,working,Full,connectors_sun,21,Afternoon,1632,244,1656,local,30,0.3418562002579179
Madrid,working,Full,connectors_sun,21,Afternoon,1632,244,1656,local,31,0.3665788338712965
Madrid,working,Full,connectors_sun,21,Afternoon,1632,244,1656,local,32,0.393635252755847
Madrid,working,Full,connectors_sun,21,Afternoon,1632,244,1656,local,33,0.42178285245222547
Madrid,working,Full,connectors_sun,21,Afternoon,1632,244,1656,local,34,0.4507105135236698
Madrid,working,Full,connectors_sun,21,Afternoon,1632,244,1656,local,35,0.4810623687281005
Madrid,working,Full,connectors_sun,21,Afternoon,1632,244,1656,local,36,0.5119165445721193
Madrid,working,Full,connectors_sun,21,Afternoon,1632,244,1656,local,37,0.5429867035989677
Madrid,working,Full,connectors_sun,21,Afternoon,1632,244,1656,local,38,0.5746487605977004
Madrid,working,Full,connectors_sun,21,Afternoon,1632,244,1656,local,39,0.6071107591378587
Madrid,working,Full,connectors_sun,21,Afternoon,1632,244,1656,local,40,0.6401538133680487
Madrid,working,Full,connectors_sun,21,Afternoon,1632,244,1656,local,41,0.6737360988945581
Madrid,working,Full,connectors_sun,21,Afternoon,1632,244,1656,local,42,0.7080029644280268
Madrid,working,Full,connectors_sun,21,Afternoon,1632,244,1656,local,43,0.7423709682875113
Madrid,working,Full,connectors_sun,21,Afternoon,1632,244,1656,local,44,0.776801809423462
Madrid,working,Full,connectors_sun,21,Afternoon,1632,244,1656,local,45,0.8120426878497217
Madrid,working,Full,connectors_sun,21,Afternoon,1632,244,1656,local,46,0.8476036553693027
Madrid,working,Full,connectors_sun,21,Afternoon,1632,244,1656,local,47,0.8846672486897914
Madrid,working,Full,connectors_sun,21,Afternoon,1632,244,1656,local,48,0.9224486265054154
Madrid,working,Full,connectors_sun,21,Afternoon,1632,244,1656,local,49,0.9607206699050765
Madrid,working,Full,connectors_sun,21,Afternoon,1632,244,1656,local,50,0.9992796833604195
Madrid,working,Full,connectors_sun,21,Afternoon,1632,244,1656,local,51,1.0384315817744496
Madrid,working,Full,connectors_sun,21,Afternoon,1632,244,1656,local,52,1.0792195625026815
Madrid,working,Full,connectors_sun,21,Afternoon,1632,244,1656,local,53,1.1202061302745638
Madrid,working,Full,connectors_sun,21,Afternoon,1632,244,1656,local,54,1.1612853979665145
Madrid,working,Full,connectors_sun,21,Afternoon,1632,244,1656,local,55,1.203137698892621
Madrid,working,Full,connectors_sun,21,Afternoon,1632,244,1656,local,56,1.2453371913046476
Madrid,working,Full,connectors_sun,21,Afternoon,1632,244,1656,local,57,1.2891513941233899
Madrid,working,Full,connectors_sun,21,Afternoon,1632,244,1656,local,58,1.3332734878059576
Madrid,working,Full,connectors_sun,21,Afternoon,1632,244,1656,local,59,1.3780075583489468
Madrid,working,Full,connectors_sun,21,Afternoon,1632,244,1656,local,60,1.4236729178419723
Madrid,working,Full,connectors_sun,21,Afternoon,1632,244,1656,local,61,1.4699317193781833
Madrid,working,Full,connectors_sun,21,Afternoon,1632,244,1656,local,62,1.5166679754482522
Madrid,working,Full,connectors_sun,21,Afternoon,1632,244,1656,local,63,1.563694171808106
Madrid,working,Full,connectors_sun,21,Afternoon,1632,244,1656,local,64,1.6125164397178222
Madrid,working,Full,connectors_sun,21,Afternoon,1632,244,1656,local,65,1.6621306605375408
Madrid,working,Full,connectors_sun,21,Afternoon,1632,244,1656,local,66,1.7131610921580767
Madrid,working,Full,connectors_sun,21,Afternoon,1632,244,1656,local,67,1.765996588831691
Madrid,working,Full,connectors_sun,21,Afternoon,1632,244,1656,local,68,1.8198322701085081
Madrid,working,Full,connectors_sun,21,Afternoon,1632,244,1656,local,69,1.874032197208279
Madrid,working,Full,connectors_sun,21,Afternoon,1632,244,1656,local,70,1.9290076693904923
Madrid,working,Full,connectors_sun,21,Afternoon,1632,244,1656,local,71,1.9848755306570407
Madrid,working,Full,connectors_sun,21,Afternoon,1632,244,1656,local,72,2.041420057488732
Madrid,working,Full,connectors_sun,21,Afternoon,1632,244,1656,local,73,2.1003736005076923
Madrid,working,Full,connectors_sun,21,Afternoon,1632,244,1656,local,74,2.1594177966083206
Madrid,working,Full,connectors_sun,21,Afternoon,1632,244,1656,local,75,2.218637566399954
Madrid,working,Full,connectors_sun,21,Afternoon,1632,244,1656,local,76,2.2783326266409687
Madrid,working,Full,connectors_sun,21,Afternoon,1632,244,1656,local,77,2.338386539385117
Madrid,working,Full,connectors_sun,21,Afternoon,1632,244,1656,local,78,2.3993488244381087
Madrid,working,Full,connectors_sun,21,Afternoon,1632,244,1656,local,79,2.4609927669572786
Madrid,working,Full,connectors_sun,21,Afternoon,1632,244,1656,local,80,2.5229125828858905
Madrid,working,Full,connectors_sun,21,Afternoon,1632,244,1656,local,81,2.585779487502249
Madrid,working,Full,connectors_sun,21,Afternoon,1632,244,1656,local,82,2.649106646585833
Madrid,working,Full,connectors_sun,21,Afternoon,1632,244,1656,local,83,2.712741042737297
Madrid,working,Full,connectors_sun,21,Afternoon,1632,244,1656,local,84,2.7773884761798158
Madrid,working,Full,connectors_sun,21,Afternoon,1632,244,1656,local,85,2.842845971421715
Madrid,working,Full,connectors_sun,21,Afternoon,1632,244,1656,local,86,2.909509296922115
Madrid,working,Full,connectors_sun,21,Afternoon,1632,244,1656,local,87,2.976542564947813
Madrid,working,Full,connectors_sun,21,Afternoon,1632,244,1656,local,88,3.044272646317543
Madrid,working,Full,connectors_sun,21,Afternoon,1632,244,1656,local,89,3.112491313974957
Madrid,working,Full,connectors_sun,21,Afternoon,1632,244,1656,local,90,3.181481698000914
Madrid,working,Full,connectors_sun,21,Afternoon,1632,244,1656,local,91,3.2510243402241534
Madrid,working,Full,connectors_sun,21,Afternoon,1632,244,1656,local,92,3.320693686381188
Madrid,working,Full,connectors_sun,21,Afternoon,1632,244,1656,local,93,3.3909013086432918
Madrid,working,Full,connectors_sun,21,Afternoon,1632,244,1656,local,94,3.4616534376130472
Madrid,working,Full,connectors_sun,21,Afternoon,1632,244,1656,local,95,3.532973965657528
Madrid,working,Full,connectors_sun,21,Afternoon,1632,244,1656,local,96,3.6044159785290844
Madrid,working,Full,connectors_sun,21,Afternoon,1632,244,1656,local,97,3.6761231179148797
Madrid,working,Full,connectors_sun,21,Afternoon,1632,244,1656,local,98,3.748442369954577
Madrid,working,Full,connectors_sun,21,Afternoon,1632,244,1656,local,99,3.821867483075556
Madrid,working,Full,connectors_sun,21,Afternoon,1632,244,1656,local,100,3.8955302718919613
Madrid,working,Full,connectors_sun,21,Afternoon,1632,244,1656,local,101,3.9717024064223967
Madrid,working,Full,connectors_sun,21,Afternoon,1632,244,1656,local,102,4.049330386891398
Madrid,working,Full,connectors_sun,21,Afternoon,1632,244,1656,local,103,4.127210211284478
Madrid,working,Full,connectors_sun,21,Afternoon,1632,244,1656,local,104,4.205773421364242
Madrid,working,Full,connectors_sun,21,Afternoon,1632,244,1656,local,105,4.28572645458965
Madrid,working,Full,connectors_sun,21,Afternoon,1632,244,1656,local,106,4.366135217378377
Madrid,working,Full,connectors_sun,21,Afternoon,1632,244,1656,local,107,4.4470106712455735
Madrid,working,Full,connectors_sun,21,Afternoon,1632,244,1656,local,108,4.528328855596233
Madrid,working,Full,connectors_sun,21,Afternoon,1632,244,1656,local,109,4.610768802776596
Madrid,working,Full,connectors_sun,21,Afternoon,1632,244,1656,local,110,4.693530165851996
Madrid,working,Full,connectors_sun,21,Afternoon,1632,244,1656,local,111,4.777132868934674
Madrid,working,Full,connectors_sun,21,Afternoon,1632,244,1656,local,112,4.860852157680413
Madrid,working,Full,connectors_sun,21,Afternoon,1632,244,1656,local,113,4.944994626622056
Madrid,working,Full,connectors_sun,21,Afternoon,1632,244,1656,local,114,5.031930590140942
Madrid,working,Full,connectors_sun,21,Afternoon,1632,244,1656,local,115,5.120714337356399
Madrid,working,Full,connectors_sun,21,Afternoon,1632,244,1656,local,116,5.209945755288585
Madrid,working,Full,connectors_sun,21,Afternoon,1632,244,1656,local,117,5.299287050023209
Madrid,working,Full,connectors_sun,21,Afternoon,1632,244,1656,local,118,5.388699151455916
Madrid,working,Full,connectors_sun,21,Afternoon,1632,244,1656,local,119,5.478460050049712
Madrid,working,Full,connectors_sun,21,Afternoon,1632,244,1656,local,120,5.569004947367265
Madrid,working,Full,connectors_sun,21,Afternoon,1632,244,1656,local,121,5.660117069311481
Madrid,working,Full,connectors_sun,21,Afternoon,1632,244,1656,local,122,5.752035189849012
Madrid,working,Full,connectors_sun,21,Afternoon,1632,244,1656,local,123,5.8454391011072175
Madrid,working,Full,connectors_sun,21,Afternoon,1632,244,1656,local,124,5.940331927661093
Madrid,working,Full,connectors_sun,21,Afternoon,1632,244,1656,local,125,6.036589360179046
Madrid,working,Full,connectors_sun,21,Afternoon,1632,244,1656,local,126,6.1336526389366455
Madrid,working,Full,connectors_sun,21,Afternoon,1632,244,1656,local,127,6.230975069957493
Madrid,working,Full,connectors_sun,21,Afternoon,1632,244,1656,local,128,6.328445574169992
Madrid,working,Full,connectors_sun,21,Afternoon,1632,244,1656,local,129,6.428012185308609
Madrid,working,Full,connectors_sun,21,Afternoon,1632,244,1656,local,130,6.528004533535122
Madrid,working,Full,connectors_sun,21,Afternoon,1632,244,1656,local,131,6.628380293675928
Madrid,working,Full,connectors_sun,21,Afternoon,1632,244,1656,local,132,6.729492267806354
Madrid,working,Full,connectors_sun,21,Afternoon,1632,244,1656,local,133,6.830918573386295
Madrid,working,Full,connectors_sun,21,Afternoon,1632,244,1656,local,134,6.93351742392288
Madrid,working,Full,connectors_sun,21,Afternoon,1632,244,1656,local,135,7.036337040222629
Madrid,working,Full,connectors_sun,21,Afternoon,1632,244,1656,local,136,7.139373953921188
Madrid,working,Full,connectors_sun,21,Afternoon,1632,244,1656,local,137,7.242706503949475
Madrid,working,Full,connectors_sun,21,Afternoon,1632,244,1656,local,138,7.347305267956281
Madrid,working,Full,connectors_sun,21,Afternoon,1632,244,1656,local,139,7.452037328173819
Madrid,working,Full,connectors_sun,21,Afternoon,1632,244,1656,local,140,7.558187158498835
Madrid,working,Full,connectors_sun,21,Afternoon,1632,244,1656,local,141,7.665540032997467
Madrid,working,Full,connectors_sun,21,Afternoon,1632,244,1656,local,142,7.773647083983092
Madrid,working,Full,connectors_sun,21,Afternoon,1632,244,1656,local,143,7.88272247301861
Madrid,working,Full,connectors_sun,21,Afternoon,1632,244,1656,local,144,7.9946480467685594
Madrid,working,Full,connectors_sun,21,Afternoon,1632,244,1656,local,145,8.10719206644812
Madrid,working,Full,connectors_sun,21,Afternoon,1632,244,1656,local,146,8.220555714412546
Madrid,working,Full,connectors_sun,21,Afternoon,1632,244,1656,local,147,8.334554243292848
Madrid,working,Full,connectors_sun,21,Afternoon,1632,244,1656,local,148,8.449405922901674
Madrid,working,Full,connectors_sun,21,Afternoon,1632,244,1656,local,149,8.566950079319842
Madrid,working,Full,connectors_sun,21,Afternoon,1632,244,1656,local,150,8.686515293910027
Madrid,working,Full,connectors_sun,21,Afternoon,1632,244,1656,local,151,8.806721191441182
Madrid,working,Full,connectors_sun,21,Afternoon,1632,244,1656,local,152,8.927298785552027
Madrid,working,Full,connectors_sun,21,Afternoon,1632,244,1656,local,153,9.048948097624903
Madrid,working,Full,connectors_sun,21,Afternoon,1632,244,1656,local,154,9.17173206297256
Madrid,working,Full,connectors_sun,21,Afternoon,1632,244,1656,local,155,9.294872631288323
Madrid,working,Full,connectors_sun,21,Afternoon,1632,244,1656,local,156,9.421074838622983
Madrid,working,Full,connectors_sun,21,Afternoon,1632,244,1656,local,157,9.55009204691104
Madrid,working,Full,connectors_sun,21,Afternoon,1632,244,1656,local,158,9.679270391724103
Madrid,working,Full,connectors_sun,21,Afternoon,1632,244,1656,local,159,9.808846196122007
Madrid,working,Full,connectors_sun,21,Afternoon,1632,244,1656,local,160,9.939236428907876
Madrid,working,Full,connectors_sun,21,Afternoon,1632,244,1656,local,161,10.07094327559021
Madrid,working,Full,connectors_sun,21,Afternoon,1632,244,1656,local,162,10.20397166514136
Madrid,working,Full,connectors_sun,21,Afternoon,1632,244,1656,local,163,10.339111318821306
Madrid,working,Full,connectors_sun,21,Afternoon,1632,244,1656,local,164,10.47639201779755
Madrid,working,Full,connectors_sun,21,Afternoon,1632,244,1656,local,165,10.614344504371967
Madrid,working,Full,connectors_sun,21,Afternoon,1632,244,1656,local,166,10.753970060094154
Madrid,working,Full,connectors_sun,21,Afternoon,1632,244,1656,local,167,10.894653033730673
Madrid,working,Full,connectors_sun,21,Afternoon,1632,244,1656,local,168,11.036706816775167
Madrid,working,Full,connectors_sun,21,Afternoon,1632,244,1656,local,169,11.181105739413486
Madrid,working,Full,connectors_sun,21,Afternoon,1632,244,1656,local,170,11.326938333245302
Madrid,working,Full,connectors_sun,21,Afternoon,1632,244,1656,local,171,11.472893727444994
Madrid,working,Full,connectors_sun,21,Afternoon,1632,244,1656,local,172,11.619664754951435
Madrid,working,Full,connectors_sun,21,Afternoon,1632,244,1656,local,173,11.769211588111936
Madrid,working,Full,connectors_sun,21,Afternoon,1632,244,1656,local,174,11.919197817197807
Madrid,working,Full,connectors_sun,21,Afternoon,1632,244,1656,local,175,12.070022216672262
Madrid,working,Full,connectors_sun,21,Afternoon,1632,244,1656,local,176,12.22216374473362
Madrid,working,Full,connectors_sun,21,Afternoon,1632,244,1656,local,177,12.374938971313908
Madrid,working,Full,connectors_sun,21,Afternoon,1632,244,1656,local,178,12.53112063710885
Madrid,working,Full,connectors_sun,21,Afternoon,1632,244,1656,local,179,12.68932094130212
Madrid,working,Full,connectors_sun,21,Afternoon,1632,244,1656,local,180,12.848075097444525
Madrid,working,Full,connectors_sun,21,Afternoon,1632,244,1656,local,181,13.00698896792357
Madrid,working,Full,connectors_sun,21,Afternoon,1632,244,1656,local,182,13.166197784503982
Madrid,working,Full,connectors_sun,21,Afternoon,1632,244,1656,local,183,13.325587642284843
Madrid,working,Full,connectors_sun,21,Afternoon,1632,244,1656,local,184,13.488395298902258
Madrid,working,Full,connectors_sun,21,Afternoon,1632,244,1656,local,185,13.651589875542768
Madrid,working,Full,connectors_sun,21,Afternoon,1632,244,1656,local,186,13.815888303520966
Madrid,working,Full,connectors_sun,21,Afternoon,1632,244,1656,local,187,13.981325622855511
Madrid,working,Full,connectors_sun,21,Afternoon,1632,244,1656,local,188,14.14789484117548
Madrid,working,Full,connectors_sun,21,Afternoon,1632,244,1656,local,189,14.316125494784707
Madrid,working,Full,connectors_sun,21,Afternoon,1632,244,1656,local,190,14.48505809274453
Madrid,working,Full,connectors_sun,21,Afternoon,1632,244,1656,local,191,14.655329332953887
Madrid,working,Full,connectors_sun,21,Afternoon,1632,244,1656,local,192,14.825941073673539
Madrid,working,Full,connectors_sun,21,Afternoon,1632,244,1656,local,193,14.997512892887098
Madrid,working,Full,connectors_sun,21,Afternoon,1632,244,1656,local,194,15.171678666430198
Madrid,working,Full,connectors_sun,21,Afternoon,1632,244,1656,local,195,15.348701206366163
Madrid,working,Full,connectors_sun,21,Afternoon,1632,244,1656,local,196,15.52671212150889
Madrid,working,Full,connectors_sun,21,Afternoon,1632,244,1656,local,197,15.705379345779596
Madrid,working,Full,connectors_sun,21,Afternoon,1632,244,1656,local,198,15.886128100042487
Madrid,working,Full,connectors_sun,21,Afternoon,1632,244,1656,local,199,16.069470743719023
Madrid,working,Full,connectors_sun,21,Afternoon,1632,244,1656,local,200,16.25357349110262
Madrid,working,Full,connectors_sun,21,Afternoon,1632,244,1656,local,201,16.438104756359742
Madrid,working,Full,connectors_sun,21,Afternoon,1632,244,1656,local,202,16.62417142332846
Madrid,working,Full,connectors_sun,21,Afternoon,1632,244,1656,local,203,16.812344028009278
Madrid,working,Full,connectors_sun,21,Afternoon,1632,244,1656,local,204,17.001577882630382
Madrid,working,Full,connectors_sun,21,Afternoon,1632,244,1656,local,205,17.192722613913716
Madrid,working,Full,connectors_sun,21,Afternoon,1632,244,1656,local,206,17.384928442121247
Madrid,working,Full,connectors_sun,21,Afternoon,1632,244,1656,local,207,17.5817992614573
Madrid,working,Full,connectors_sun,21,Afternoon,1632,244,1656,local,208,17.78026073654322
Madrid,working,Full,connectors_sun,21,Afternoon,1632,244,1656,local,209,17.979954087078276
Madrid,working,Full,connectors_sun,21,Afternoon,1632,244,1656,local,210,18.18333826018335
Madrid,working,Full,connectors_sun,21,Afternoon,1632,244,1656,local,211,18.3878059341506
Madrid,working,Full,connectors_sun,21,Afternoon,1632,244,1656,local,212,18.594069760481396
Madrid,working,Full,connectors_sun,21,Afternoon,1632,244,1656,local,213,18.80204314135125
Madrid,working,Full,connectors_sun,21,Afternoon,1632,244,1656,local,214,19.01408848729818
Madrid,working,Full,connectors_sun,21,Afternoon,1632,244,1656,local,215,19.226617322309014
Madrid,working,Full,connectors_sun,21,Afternoon,1632,244,1656,local,216,19.43958844531526
Madrid,working,Full,connectors_sun,21,Afternoon,1632,244,1656,local,217,19.653698117875724
Madrid,working,Full,connectors_sun,21,Afternoon,1632,244,1656,local,218,19.871265567537453
Madrid,working,Full,connectors_sun,21,Afternoon,1632,244,1656,local,219,20.092164395073983
Madrid,working,Full,connectors_sun,21,Afternoon,1632,244,1656,local,220,20.315569404005124
Madrid,working,Full,connectors_sun,21,Afternoon,1632,244,1656,local,221,20.539720111935278
Madrid,working,Full,connectors_sun,21,Afternoon,1632,244,1656,local,222,20.765307760038702
Madrid,working,Full,connectors_sun,21,Afternoon,1632,244,1656,local,223,20.99140399382948
Madrid,working,Full,connectors_sun,21,Afternoon,1632,244,1656,local,224,21.217879988345796
Madrid,working,Full,connectors_sun,21,Afternoon,1632,244,1656,local,225,21.451076581337542
Madrid,working,Full,connectors_sun,21,Afternoon,1632,244,1656,local,226,21.684550966070123
Madrid,working,Full,connectors_sun,21,Afternoon,1632,244,1656,local,227,21.919539030193384
Madrid,working,Full,connectors_sun,21,Afternoon,1632,244,1656,local,228,22.15664390345651
Madrid,working,Full,connectors_sun,21,Afternoon,1632,244,1656,local,229,22.39398084381289
Madrid,working,Full,connectors_sun,21,Afternoon,1632,244,1656,local,230,22.63508326334831
Madrid,working,Full,connectors_sun,21,Afternoon,1632,244,1656,local,231,22.878813305386526
Madrid,working,Full,connectors_sun,21,Afternoon,1632,244,1656,local,232,23.127198957541793
Madrid,working,Full,connectors_sun,21,Afternoon,1632,244,1656,local,233,23.37781421685535
Madrid,working,Full,connectors_sun,21,Afternoon,1632,244,1656,local,234,23.6291505919101
Madrid,working,Full,connectors_sun,21,Afternoon,1632,244,1656,local,235,23.883974723955802
Madrid,working,Full,connectors_sun,21,Afternoon,1632,244,1656,local,236,24.139449037200006
Madrid,working,Full,connectors_sun,21,Afternoon,1632,244,1656,local,237,24.41313923515125
Madrid,working,Full,connectors_sun,21,Afternoon,1632,244,1656,local,238,24.69318742786254
Madrid,working,Full,connectors_sun,21,Afternoon,1632,244,1656,local,239,24.98276274582671
Madrid,working,Full,connectors_sun,21,Afternoon,1632,244,1656,local,240,25.28921421658844
Madrid,working,Full,connectors_sun,21,Afternoon,1632,244,1656,local,241,25.610117014949086
Madrid,working,Full,connectors_sun,21,Afternoon,1632,244,1656,local,242,25.93725078551807
Madrid,working,Full,connectors_sun,21,Afternoon,1632,244,1656,local,243,26.277132441178594
Madrid,working,Full,connectors_sun,21,Afternoon,1632,244,1656,local,244,26.650197943080478
Madrid,working,Full,connectors_sun,21,Afternoon,1632,244,1656,regional,0,0.0
Madrid,working,Full,connectors_sun,21,Afternoon,1632,244,1656,regional,1,0.0003924034651486107
Madrid,working,Full,connectors_sun,21,Afternoon,1632,244,1656,regional,2,0.0023934911627841618
Madrid,working,Full,connectors_sun,21,Afternoon,1632,244,1656,regional,3,0.005772557569457866
Madrid,working,Full,connectors_sun,21,Afternoon,1632,244,1656,regional,4,0.01018306593333041
Madrid,working,Full,connectors_sun,21,Afternoon,1632,244,1656,regional,5,0.01560254153844527
Madrid,working,Full,connectors_sun,21,Afternoon,1632,244,1656,regional,6,0.021196928431261215
Madrid,working,Full,connectors_sun,21,Afternoon,1632,244,1656,regional,7,0.027046638089627685
Madrid,working,Full,connectors_sun,21,Afternoon,1632,244,1656,regional,8,0.03314950551797078
Madrid,working,Full,connectors_sun,21,Afternoon,1632,244,1656,regional,9,0.03998683117307504
Madrid,working,Full,connectors_sun,21,Afternoon,1632,244,1656,regional,10,0.047286070132903105
Madrid,working,Full,connectors_sun,21,Afternoon,1632,244,1656,regional,11,0.054917076821040856
Madrid,working,Full,connectors_sun,21,Afternoon,1632,244,1656,regional,12,0.06446934393412003
Madrid,working,Full,connectors_sun,21,Afternoon,1632,244,1656,regional,13,0.07493320371340498
Madrid,working,Full,connectors_sun,21,Afternoon,1632,244,1656,regional,14,0.08597707942073247
Madrid,working,Full,connectors_sun,21,Afternoon,1632,244,1656,regional,15,0.09718504606395136
Madrid,working,Full,connectors_sun,21,Afternoon,1632,244,1656,regional,16,0.10853569622498402
Madrid,working,Full,connectors_sun,21,Afternoon,1632,244,1656,regional,17,0.12037782747675005
Madrid,working,Full,connectors_sun,21,Afternoon,1632,244,1656,regional,18,0.13227815785403582
Madrid,working,Full,connectors_sun,21,Afternoon,1632,244,1656,regional,19,0.1447731542270932
Madrid,working,Full,connectors_sun,21,Afternoon,1632,244,1656,regional,20,0.15826872881397727
Madrid,working,Full,connectors_sun,21,Afternoon,1632,244,1656,regional,21,0.17213405834241158
Madrid,working,Full,connectors_sun,21,Afternoon,1632,244,1656,regional,22,0.18681949559588287
Madrid,working,Full,connectors_sun,21,Afternoon,1632,244,1656,regional,23,0.20264597010752108
Madrid,working,Full,connectors_sun,21,Afternoon,1632,244,1656,regional,24,0.21911520180171426
Madrid,working,Full,connectors_sun,21,Afternoon,1632,244,1656,regional,25,0.23645000678885872
Madrid,working,Full,connectors_sun,21,Afternoon,1632,244,1656,regional,26,0.25397631475444693
Madrid,working,Full,connectors_sun,21,Afternoon,1632,244,1656,regional,27,0.2718021666436531
Madrid,working,Full,connectors_sun,21,Afternoon,1632,244,1656,regional,28,0.2904889829493968
Madrid,working,Full,connectors_sun,21,Afternoon,1632,244,1656,regional,29,0.3121399868198441
Madrid,working,Full,connectors_sun,21,Afternoon,1632,244,1656,regional,30,0.3345542415077584
Madrid,working,Full,connectors_sun,21,Afternoon,1632,244,1656,regional,31,0.36034054156664097
Madrid,working,Full,connectors_sun,21,Afternoon,1632,244,1656,regional,32,0.38703750181042457
Madrid,working,Full,connectors_sun,21,Afternoon,1632,244,1656,regional,33,0.41449441977859264
Madrid,working,Full,connectors_sun,21,Afternoon,1632,244,1656,regional,34,0.44231882856290156
Madrid,working,Full,connectors_sun,21,Afternoon,1632,244,1656,regional,35,0.47095899393340235
Madrid,working,Full,connectors_sun,21,Afternoon,1632,244,1656,regional,36,0.5002459966704255
Madrid,working,Full,connectors_sun,21,Afternoon,1632,244,1656,regional,37,0.530501809813818
Madrid,working,Full,connectors_sun,21,Afternoon,1632,244,1656,regional,38,0.5616164878038642
Madrid,working,Full,connectors_sun,21,Afternoon,1632,244,1656,regional,39,0.5931126980206017
Madrid,working,Full,connectors_sun,21,Afternoon,1632,244,1656,regional,40,0.6249111299882032
Madrid,working,Full,connectors_sun,21,Afternoon,1632,244,1656,regional,41,0.6572395199611581
Madrid,working,Full,connectors_sun,21,Afternoon,1632,244,1656,regional,42,0.6902125836267913
Madrid,working,Full,connectors_sun,21,Afternoon,1632,244,1656,regional,43,0.7236596874801693
Madrid,working,Full,connectors_sun,21,Afternoon,1632,244,1656,regional,44,0.757185528178069
Madrid,working,Full,connectors_sun,21,Afternoon,1632,244,1656,regional,45,0.7920040404150905
Madrid,working,Full,connectors_sun,21,Afternoon,1632,244,1656,regional,46,0.8275526643660863
Madrid,working,Full,connectors_sun,21,Afternoon,1632,244,1656,regional,47,0.8633633155637358
Madrid,working,Full,connectors_sun,21,Afternoon,1632,244,1656,regional,48,0.8994281746467373
Madrid,working,Full,connectors_sun,21,Afternoon,1632,244,1656,regional,49,0.9356059617757236
Madrid,working,Full,connectors_sun,21,Afternoon,1632,244,1656,regional,50,0.9736169476720832
Madrid,working,Full,connectors_sun,21,Afternoon,1632,244,1656,regional,51,1.012391136803591
Madrid,working,Full,connectors_sun,21,Afternoon,1632,244,1656,regional,52,1.05190390267603
Madrid,working,Full,connectors_sun,21,Afternoon,1632,244,1656,regional,53,1.0920116788551955
Madrid,working,Full,connectors_sun,21,Afternoon,1632,244,1656,regional,54,1.133964824301882
Madrid,working,Full,connectors_sun,21,Afternoon,1632,244,1656,regional,55,1.1760763719537217
Madrid,working,Full,connectors_sun,21,Afternoon,1632,244,1656,regional,56,1.2182796345279459
Madrid,working,Full,connectors_sun,21,Afternoon,1632,244,1656,regional,57,1.2608013715197435
Madrid,working,Full,connectors_sun,21,Afternoon,1632,244,1656,regional,58,1.3038408239824035
Madrid,working,Full,connectors_sun,21,Afternoon,1632,244,1656,regional,59,1.3475038810828286
Madrid,working,Full,connectors_sun,21,Afternoon,1632,244,1656,regional,60,1.391720195003917
Madrid,working,Full,connectors_sun,21,Afternoon,1632,244,1656,regional,61,1.436713200426227
Madrid,working,Full,connectors_sun,21,Afternoon,1632,244,1656,regional,62,1.4824836176932192
Madrid,working,Full,connectors_sun,21,Afternoon,1632,244,1656,regional,63,1.5288541511142582
Madrid,working,Full,connectors_sun,21,Afternoon,1632,244,1656,regional,64,1.5760358917229718
Madrid,working,Full,connectors_sun,21,Afternoon,1632,244,1656,regional,65,1.6241381182657277
Madrid,working,Full,connectors_sun,21,Afternoon,1632,244,1656,regional,66,1.67287971307245
Madrid,working,Full,connectors_sun,21,Afternoon,1632,244,1656,regional,67,1.7226190820404301
Madrid,working,Full,connectors_sun,21,Afternoon,1632,244,1656,regional,68,1.7737805312588457
Madrid,working,Full,connectors_sun,21,Afternoon,1632,244,1656,regional,69,1.8256167413962772
Madrid,working,Full,connectors_sun,21,Afternoon,1632,244,1656,regional,70,1.8780359525914871
Madrid,working,Full,connectors_sun,21,Afternoon,1632,244,1656,regional,71,1.9323016776733675
Madrid,working,Full,connectors_sun,21,Afternoon,1632,244,1656,regional,72,1.9874587385703133
Madrid,working,Full,connectors_sun,21,Afternoon,1632,244,1656,regional,73,2.0440146489715416
Madrid,working,Full,connectors_sun,21,Afternoon,1632,244,1656,regional,74,2.101662681344801
Madrid,working,Full,connectors_sun,21,Afternoon,1632,244,1656,regional,75,2.1607403212272236
Madrid,working,Full,connectors_sun,21,Afternoon,1632,244,1656,regional,76,2.220429592846065
Madrid,working,Full,connectors_sun,21,Afternoon,1632,244,1656,regional,77,2.2808764906555976
Madrid,working,Full,connectors_sun,21,Afternoon,1632,244,1656,regional,78,2.342945847118481
Madrid,working,Full,connectors_sun,21,Afternoon,1632,244,1656,regional,79,2.4054166655307427
Madrid,working,Full,connectors_sun,21,Afternoon,1632,244,1656,regional,80,2.4684231610789094
Madrid,working,Full,connectors_sun,21,Afternoon,1632,244,1656,regional,81,2.531632051991675
Madrid,working,Full,connectors_sun,21,Afternoon,1632,244,1656,regional,82,2.5971912094944214
Madrid,working,Full,connectors_sun,21,Afternoon,1632,244,1656,regional,83,2.6630590533349383
Madrid,working,Full,connectors_sun,21,Afternoon,1632,244,1656,regional,84,2.730523220578514
Madrid,working,Full,connectors_sun,21,Afternoon,1632,244,1656,regional,85,2.7986975037268254
Madrid,working,Full,connectors_sun,21,Afternoon,1632,244,1656,regional,86,2.8673561372264764
Madrid,working,Full,connectors_sun,21,Afternoon,1632,244,1656,regional,87,2.937302996622629
Madrid,working,Full,connectors_sun,21,Afternoon,1632,244,1656,regional,88,3.00773398299757
Madrid,working,Full,connectors_sun,21,Afternoon,1632,244,1656,regional,89,3.0796898604780796
Madrid,working,Full,connectors_sun,21,Afternoon,1632,244,1656,regional,90,3.151995729715575
Madrid,working,Full,connectors_sun,21,Afternoon,1632,244,1656,regional,91,3.2246799966944066
Madrid,working,Full,connectors_sun,21,Afternoon,1632,244,1656,regional,92,3.298367692861093
Madrid,working,Full,connectors_sun,21,Afternoon,1632,244,1656,regional,93,3.3730508461943822
Madrid,working,Full,connectors_sun,21,Afternoon,1632,244,1656,regional,94,3.448490273587427
Madrid,working,Full,connectors_sun,21,Afternoon,1632,244,1656,regional,95,3.5241219778324853
Madrid,working,Full,connectors_sun,21,Afternoon,1632,244,1656,regional,96,3.599897845934214
Madrid,working,Full,connectors_sun,21,Afternoon,1632,244,1656,regional,97,3.677414008322922
Madrid,working,Full,connectors_sun,21,Afternoon,1632,244,1656,regional,98,3.7551630372654596
Madrid,working,Full,connectors_sun,21,Afternoon,1632,244,1656,regional,99,3.8334401837027685
Madrid,working,Full,connectors_sun,21,Afternoon,1632,244,1656,regional,100,3.911861672430448
Madrid,working,Full,connectors_sun,21,Afternoon,1632,244,1656,regional,101,3.990934200307879
Madrid,working,Full,connectors_sun,21,Afternoon,1632,244,1656,regional,102,4.070450598538516
Madrid,working,Full,connectors_sun,21,Afternoon,1632,244,1656,regional,103,4.150065286642986
Madrid,working,Full,connectors_sun,21,Afternoon,1632,244,1656,regional,104,4.230145066815527
Madrid,working,Full,connectors_sun,21,Afternoon,1632,244,1656,regional,105,4.310929776419888
Madrid,working,Full,connectors_sun,21,Afternoon,1632,244,1656,regional,106,4.392104855345208
Madrid,working,Full,connectors_sun,21,Afternoon,1632,244,1656,regional,107,4.474236978626467
Madrid,working,Full,connectors_sun,21,Afternoon,1632,244,1656,regional,108,4.5569643871345304
Madrid,working,Full,connectors_sun,21,Afternoon,1632,244,1656,regional,109,4.640287743056683
Madrid,working,Full,connectors_sun,21,Afternoon,1632,244,1656,regional,110,4.723773377160499
Madrid,working,Full,connectors_sun,21,Afternoon,1632,244,1656,regional,111,4.80736873609493
Madrid,working,Full,connectors_sun,21,Afternoon,1632,244,1656,regional,112,4.892288506619588
Madrid,working,Full,connectors_sun,21,Afternoon,1632,244,1656,regional,113,4.977375654564567
Madrid,working,Full,connectors_sun,21,Afternoon,1632,244,1656,regional,114,5.063376035444067
Madrid,working,Full,connectors_sun,21,Afternoon,1632,244,1656,regional,115,5.149691101998888
Madrid,working,Full,connectors_sun,21,Afternoon,1632,244,1656,regional,116,5.237262865215216
Madrid,working,Full,connectors_sun,21,Afternoon,1632,244,1656,regional,117,5.325252078701414
Madrid,working,Full,connectors_sun,21,Afternoon,1632,244,1656,regional,118,5.4140327665905446
Madrid,working,Full,connectors_sun,21,Afternoon,1632,244,1656,regional,119,5.503441718880505
Madrid,working,Full,connectors_sun,21,Afternoon,1632,244,1656,regional,120,5.59397508699894
Madrid,working,Full,connectors_sun,21,Afternoon,1632,244,1656,regional,121,5.685088316402866
Madrid,working,Full,connectors_sun,21,Afternoon,1632,244,1656,regional,122,5.777702048990616
Madrid,working,Full,connectors_sun,21,Afternoon,1632,244,1656,regional,123,5.8706768190423215
Madrid,working,Full,connectors_sun,21,Afternoon,1632,244,1656,regional,124,5.964144709792209
Madrid,working,Full,connectors_sun,21,Afternoon,1632,244,1656,regional,125,6.05900352825091
Madrid,working,Full,connectors_sun,21,Afternoon,1632,244,1656,regional,126,6.156218078657772
Madrid,working,Full,connectors_sun,21,Afternoon,1632,244,1656,regional,127,6.25424157675296
Madrid,working,Full,connectors_sun,21,Afternoon,1632,244,1656,regional,128,6.3531875909612
Madrid,working,Full,connectors_sun,21,Afternoon,1632,244,1656,regional,129,6.452516277389219
Madrid,working,Full,connectors_sun,21,Afternoon,1632,244,1656,regional,130,6.55198176430984
Madrid,working,Full,connectors_sun,21,Afternoon,1632,244,1656,regional,131,6.65160743579003
Madrid,working,Full,connectors_sun,21,Afternoon,1632,244,1656,regional,132,6.7525859479750885
Madrid,working,Full,connectors_sun,21,Afternoon,1632,244,1656,regional,133,6.854195740751396
Madrid,working,Full,connectors_sun,21,Afternoon,1632,244,1656,regional,134,6.957108447161272
Madrid,working,Full,connectors_sun,21,Afternoon,1632,244,1656,regional,135,7.061836325247784
Madrid,working,Full,connectors_sun,21,Afternoon,1632,244,1656,regional,136,7.167893654024416
Madrid,working,Full,connectors_sun,21,Afternoon,1632,244,1656,regional,137,7.274427107358762
Madrid,working,Full,connectors_sun,21,Afternoon,1632,244,1656,regional,138,7.382355871262321
Madrid,working,Full,connectors_sun,21,Afternoon,1632,244,1656,regional,139,7.492368925176625
Madrid,working,Full,connectors_sun,21,Afternoon,1632,244,1656,regional,140,7.603494706190239
Madrid,working,Full,connectors_sun,21,Afternoon,1632,244,1656,regional,141,7.71529508554995
Madrid,working,Full,connectors_sun,21,Afternoon,1632,244,1656,regional,142,7.828095624795585
Madrid,working,Full,connectors_sun,21,Afternoon,1632,244,1656,regional,143,7.942337401462507
Madrid,working,Full,connectors_sun,21,Afternoon,1632,244,1656,regional,144,8.058081742552929
Madrid,working,Full,connectors_sun,21,Afternoon,1632,244,1656,regional,145,8.174489817359634
Madrid,working,Full,connectors_sun,21,Afternoon,1632,244,1656,regional,146,8.291914634490892
Madrid,working,Full,connectors_sun,21,Afternoon,1632,244,1656,regional,147,8.410949174074428
Madrid,working,Full,connectors_sun,21,Afternoon,1632,244,1656,regional,148,8.531091075189803
Madrid,working,Full,connectors_sun,21,Afternoon,1632,244,1656,regional,149,8.65301422575263
Madrid,working,Full,connectors_sun,21,Afternoon,1632,244,1656,regional,150,8.775264844452439
Madrid,working,Full,connectors_sun,21,Afternoon,1632,244,1656,regional,151,8.897729912043788
Madrid,working,Full,connectors_sun,21,Afternoon,1632,244,1656,regional,152,9.020702367759894
Madrid,working,Full,connectors_sun,21,Afternoon,1632,244,1656,regional,153,9.144401223768986
Madrid,working,Full,connectors_sun,21,Afternoon,1632,244,1656,regional,154,9.268560585439165
Madrid,working,Full,connectors_sun,21,Afternoon,1632,244,1656,regional,155,9.394103841226006
Madrid,working,Full,connectors_sun,21,Afternoon,1632,244,1656,regional,156,9.52015987581798
Madrid,working,Full,connectors_sun,21,Afternoon,1632,244,1656,regional,157,9.646359010273068
Madrid,working,Full,connectors_sun,21,Afternoon,1632,244,1656,regional,158,9.774961063799019
Madrid,working,Full,connectors_sun,21,Afternoon,1632,244,1656,regional,159,9.90412698962911
Madrid,working,Full,connectors_sun,21,Afternoon,1632,244,1656,regional,160,10.034003102076552
Madrid,working,Full,connectors_sun,21,Afternoon,1632,244,1656,regional,161,10.16551455146451
Madrid,working,Full,connectors_sun,21,Afternoon,1632,244,1656,regional,162,10.301445964880767
Madrid,working,Full,connectors_sun,21,Afternoon,1632,244,1656,regional,163,10.43751981068592
Madrid,working,Full,connectors_sun,21,Afternoon,1632,244,1656,regional,164,10.57380687947701
Madrid,working,Full,connectors_sun,21,Afternoon,1632,244,1656,regional,165,10.711754687558997
Madrid,working,Full,connectors_sun,21,Afternoon,1632,244,1656,regional,166,10.851040508505301
Madrid,working,Full,connectors_sun,21,Afternoon,1632,244,1656,regional,167,10.990708315692931
Madrid,working,Full,connectors_sun,21,Afternoon,1632,244,1656,regional,168,11.130462234984728
Madrid,working,Full,connectors_sun,21,Afternoon,1632,244,1656,regional,169,11.272097321309696
Madrid,working,Full,connectors_sun,21,Afternoon,1632,244,1656,regional,170,11.41604567236195
Madrid,working,Full,connectors_sun,21,Afternoon,1632,244,1656,regional,171,11.560402698050298
Madrid,working,Full,connectors_sun,21,Afternoon,1632,244,1656,regional,172,11.70593898413906
Madrid,working,Full,connectors_sun,21,Afternoon,1632,244,1656,regional,173,11.852498158602081
Madrid,working,Full,connectors_sun,21,Afternoon,1632,244,1656,regional,174,11.999548570296444
Madrid,working,Full,connectors_sun,21,Afternoon,1632,244,1656,regional,175,12.14874862697935
Madrid,working,Full,connectors_sun,21,Afternoon,1632,244,1656,regional,176,12.301274994493026
Madrid,working,Full,connectors_sun,21,Afternoon,1632,244,1656,regional,177,12.45569677862306
Madrid,working,Full,connectors_sun,21,Afternoon,1632,244,1656,regional,178,12.610746617659544
Madrid,working,Full,connectors_sun,21,Afternoon,1632,244,1656,regional,179,12.767036561666801
Madrid,working,Full,connectors_sun,21,Afternoon,1632,244,1656,regional,180,12.924319577776854
Madrid,working,Full,connectors_sun,21,Afternoon,1632,244,1656,regional,181,13.082461192404738
Madrid,working,Full,connectors_sun,21,Afternoon,1632,244,1656,regional,182,13.241669354168355
Madrid,working,Full,connectors_sun,21,Afternoon,1632,244,1656,regional,183,13.401883985762266
Madrid,working,Full,connectors_sun,21,Afternoon,1632,244,1656,regional,184,13.562272800370023
Madrid,working,Full,connectors_sun,21,Afternoon,1632,244,1656,regional,185,13.723146965879584
Madrid,working,Full,connectors_sun,21,Afternoon,1632,244,1656,regional,186,13.886103896122176
Madrid,working,Full,connectors_sun,21,Afternoon,1632,244,1656,regional,187,14.049787446725988
Madrid,working,Full,connectors_sun,21,Afternoon,1632,244,1656,regional,188,14.215689336649827
Madrid,working,Full,connectors_sun,21,Afternoon,1632,244,1656,regional,189,14.381937250493838
Madrid,working,Full,connectors_sun,21,Afternoon,1632,244,1656,regional,190,14.549469271059316
Madrid,working,Full,connectors_sun,21,Afternoon,1632,244,1656,regional,191,14.71755922010409
Madrid,working,Full,connectors_sun,21,Afternoon,1632,244,1656,regional,192,14.887485091343203
Madrid,working,Full,connectors_sun,21,Afternoon,1632,244,1656,regional,193,15.059194887213556
Madrid,working,Full,connectors_sun,21,Afternoon,1632,244,1656,regional,194,15.233967738118952
Madrid,working,Full,connectors_sun,21,Afternoon,1632,244,1656,regional,195,15.408934514735934
Madrid,working,Full,connectors_sun,21,Afternoon,1632,244,1656,regional,196,15.585856368268557
Madrid,working,Full,connectors_sun,21,Afternoon,1632,244,1656,regional,197,15.764488268932348
Madrid,working,Full,connectors_sun,21,Afternoon,1632,244,1656,regional,198,15.944549910600156
Madrid,working,Full,connectors_sun,21,Afternoon,1632,244,1656,regional,199,16.12611964351012
Madrid,working,Full,connectors_sun,21,Afternoon,1632,244,1656,regional,200,16.308311803395423
Madrid,working,Full,connectors_sun,21,Afternoon,1632,244,1656,regional,201,16.491281149109405
Madrid,working,Full,connectors_sun,21,Afternoon,1632,244,1656,regional,202,16.674945468976397
Madrid,working,Full,connectors_sun,21,Afternoon,1632,244,1656,regional,203,16.8596138696447
Madrid,working,Full,connectors_sun,21,Afternoon,1632,244,1656,regional,204,17.048232247902895
Madrid,working,Full,connectors_sun,21,Afternoon,1632,244,1656,regional,205,17.239156789227078
Madrid,working,Full,connectors_sun,21,Afternoon,1632,244,1656,regional,206,17.43413591126368
Madrid,working,Full,connectors_sun,21,Afternoon,1632,244,1656,regional,207,17.632339163741676
Madrid,working,Full,connectors_sun,21,Afternoon,1632,244,1656,regional,208,17.83377948706958
Madrid,working,Full,connectors_sun,21,Afternoon,1632,244,1656,regional,209,18.036106182451334
Madrid,working,Full,connectors_sun,21,Afternoon,1632,244,1656,regional,210,18.239612313362866
Madrid,working,Full,connectors_sun,21,Afternoon,1632,244,1656,regional,211,18.44362861464317
Madrid,working,Full,connectors_sun,21,Afternoon,1632,244,1656,regional,212,18.64803495877684
Madrid,working,Full,connectors_sun,21,Afternoon,1632,244,1656,regional,213,18.85611235426052
Madrid,working,Full,connectors_sun,21,Afternoon,1632,244,1656,regional,214,19.06642765729345
Madrid,working,Full,connectors_sun,21,Afternoon,1632,244,1656,regional,215,19.278813593550332
Madrid,working,Full,connectors_sun,21,Afternoon,1632,244,1656,regional,216,19.491512350519926
Madrid,working,Full,connectors_sun,21,Afternoon,1632,244,1656,regional,217,19.706752824188698
Madrid,working,Full,connectors_sun,21,Afternoon,1632,244,1656,regional,218,19.923065168926158
Madrid,working,Full,connectors_sun,21,Afternoon,1632,244,1656,regional,219,20.140069843032673
Madrid,working,Full,connectors_sun,21,Afternoon,1632,244,1656,regional,220,20.35808979696826
Madrid,working,Full,connectors_sun,21,Afternoon,1632,244,1656,regional,221,20.576629778082424
Madrid,working,Full,connectors_sun,21,Afternoon,1632,244,1656,regional,222,20.797213651817408
Madrid,working,Full,connectors_sun,21,Afternoon,1632,244,1656,regional,223,21.0201943395472
Madrid,working,Full,connectors_sun,21,Afternoon,1632,244,1656,regional,224,21.244569561329165
Madrid,working,Full,connectors_sun,21,Afternoon,1632,244,1656,regional,225,21.47496344965851
Madrid,working,Full,connectors_sun,21,Afternoon,1632,244,1656,regional,226,21.706011201016132
Madrid,working,Full,connectors_sun,21,Afternoon,1632,244,1656,regional,227,21.93807457585292
Madrid,working,Full,connectors_sun,21,Afternoon,1632,244,1656,regional,228,22.17121934086592
Madrid,working,Full,connectors_sun,21,Afternoon,1632,244,1656,regional,229,22.40768688702673
Madrid,working,Full,connectors_sun,21,Afternoon,1632,244,1656,regional,230,22.645699204450885
Madrid,working,Full,connectors_sun,21,Afternoon,1632,244,1656,regional,231,22.884239057808113
Madrid,working,Full,connectors_sun,21,Afternoon,1632,244,1656,regional,232,23.12867176939696
Madrid,working,Full,connectors_sun,21,Afternoon,1632,244,1656,regional,233,23.37575046310523
Madrid,working,Full,connectors_sun,21,Afternoon,1632,244,1656,regional,234,23.624447263667143
Madrid,working,Full,connectors_sun,21,Afternoon,1632,244,1656,regional,235,23.881285159338614
Madrid,working,Full,connectors_sun,21,Afternoon,1632,244,1656,regional,236,24.145954165841935
Madrid,working,Full,connectors_sun,21,Afternoon,1632,244,1656,regional,237,24.419823942910465
Madrid,working,Full,connectors_sun,21,Afternoon,1632,244,1656,regional,238,24.695975281002795
Madrid,working,Full,connectors_sun,21,Afternoon,1632,244,1656,regional,239,24.97456187960475
Madrid,working,Full,connectors_sun,21,Afternoon,1632,244,1656,regional,240,25.27703367622282
Madrid,working,Full,connectors_sun,21,Afternoon,1632,244,1656,regional,241,25.596015186515807
Madrid,working,Full,connectors_sun,21,Afternoon,1632,244,1656,regional,242,25.921592957211917
Madrid,working,Full,connectors_sun,21,Afternoon,1632,244,1656,regional,243,26.255836033475187
Madrid,working,Full,connectors_sun,21,Afternoon,1632,244,1656,regional,244,26.62734011169346
Madrid,working,Full,connectors_sun,21,Afternoon,1632,244,1656,uniform_area,0,0.0
Madrid,working,Full,connectors_sun,21,Afternoon,1632,244,1656,uniform_area,1,0.00010725345339240297
Madrid,working,Full,connectors_sun,21,Afternoon,1632,244,1656,uniform_area,2,0.0009470155381522983
Madrid,working,Full,connectors_sun,21,Afternoon,1632,244,1656,uniform_area,3,0.0023699177091537184
Madrid,working,Full,connectors_sun,21,Afternoon,1632,244,1656,uniform_area,4,0.004193389289211977
Madrid,working,Full,connectors_sun,21,Afternoon,1632,244,1656,uniform_area,5,0.007673523317086254
Madrid,working,Full,connectors_sun,21,Afternoon,1632,244,1656,uniform_area,6,0.011558101263007067
Madrid,working,Full,connectors_sun,21,Afternoon,1632,244,1656,uniform_area,7,0.015800402586755805
Madrid,working,Full,connectors_sun,21,Afternoon,1632,244,1656,uniform_area,8,0.020167412516836705
Madrid,working,Full,connectors_sun,21,Afternoon,1632,244,1656,uniform_area,9,0.026083061438956712
Madrid,working,Full,connectors_sun,21,Afternoon,1632,244,1656,uniform_area,10,0.03271313552285533
Madrid,working,Full,connectors_sun,21,Afternoon,1632,244,1656,uniform_area,11,0.0396644495697909
Madrid,working,Full,connectors_sun,21,Afternoon,1632,244,1656,uniform_area,12,0.04776520702167669
Madrid,working,Full,connectors_sun,21,Afternoon,1632,244,1656,uniform_area,13,0.05646016928882477
Madrid,working,Full,connectors_sun,21,Afternoon,1632,244,1656,uniform_area,14,0.06589946631166857
Madrid,working,Full,connectors_sun,21,Afternoon,1632,244,1656,uniform_area,15,0.07612598517057617
Madrid,working,Full,connectors_sun,21,Afternoon,1632,244,1656,uniform_area,16,0.08648790527426059
Madrid,working,Full,connectors_sun,21,Afternoon,1632,244,1656,uniform_area,17,0.09862915986516702
Madrid,working,Full,connectors_sun,21,Afternoon,1632,244,1656,uniform_area,18,0.11117912880866909
Madrid,working,Full,connectors_sun,21,Afternoon,1632,244,1656,uniform_area,19,0.12468155561156201
Madrid,working,Full,connectors_sun,21,Afternoon,1632,244,1656,uniform_area,20,0.13853413024001862
Madrid,working,Full,connectors_sun,21,Afternoon,1632,244,1656,uniform_area,21,0.15422862869828255
Madrid,working,Full,connectors_sun,21,Afternoon,1632,244,1656,uniform_area,22,0.17034590282525974
Madrid,working,Full,connectors_sun,21,Afternoon,1632,244,1656,uniform_area,23,0.186849291105866
Madrid,working,Full,connectors_sun,21,Afternoon,1632,244,1656,uniform_area,24,0.20357679775036538
Madrid,working,Full,connectors_sun,21,Afternoon,1632,244,1656,uniform_area,25,0.2210829416643586
Madrid,working,Full,connectors_sun,21,Afternoon,1632,244,1656,uniform_area,26,0.23873298929142084
Madrid,working,Full,connectors_sun,21,Afternoon,1632,244,1656,uniform_area,27,0.25810473709136117
Madrid,working,Full,connectors_sun,21,Afternoon,1632,244,1656,uniform_area,28,0.27791176002262974
Madrid,working,Full,connectors_sun,21,Afternoon,1632,244,1656,uniform_area,29,0.3010816203932359
Madrid,working,Full,connectors_sun,21,Afternoon,1632,244,1656,uniform_area,30,0.3261339492248008
Madrid,working,Full,connectors_sun,21,Afternoon,1632,244,1656,uniform_area,31,0.35174703974140287
Madrid,working,Full,connectors_sun,21,Afternoon,1632,244,1656,uniform_area,32,0.3781123027507851
Madrid,working,Full,connectors_sun,21,Afternoon,1632,244,1656,uniform_area,33,0.4059497838362614
Madrid,working,Full,connectors_sun,21,Afternoon,1632,244,1656,uniform_area,34,0.43461932433432143
Madrid,working,Full,connectors_sun,21,Afternoon,1632,244,1656,uniform_area,35,0.4637392069837126
Madrid,working,Full,connectors_sun,21,Afternoon,1632,244,1656,uniform_area,36,0.4933982210705864
Madrid,working,Full,connectors_sun,21,Afternoon,1632,244,1656,uniform_area,37,0.5233122575637504
Madrid,working,Full,connectors_sun,21,Afternoon,1632,244,1656,uniform_area,38,0.5534029377681959
Madrid,working,Full,connectors_sun,21,Afternoon,1632,244,1656,uniform_area,39,0.5848501993019678
Madrid,working,Full,connectors_sun,21,Afternoon,1632,244,1656,uniform_area,40,0.6171994064062828
Madrid,working,Full,connectors_sun,21,Afternoon,1632,244,1656,uniform_area,41,0.6502947577387911
Madrid,working,Full,connectors_sun,21,Afternoon,1632,244,1656,uniform_area,42,0.6835724387503185
Madrid,working,Full,connectors_sun,21,Afternoon,1632,244,1656,uniform_area,43,0.7187434563132152
Madrid,working,Full,connectors_sun,21,Afternoon,1632,244,1656,uniform_area,44,0.754377408181661
Madrid,working,Full,connectors_sun,21,Afternoon,1632,244,1656,uniform_area,45,0.7912398654195932
Madrid,working,Full,connectors_sun,21,Afternoon,1632,244,1656,uniform_area,46,0.8284847655616066
Madrid,working,Full,connectors_sun,21,Afternoon,1632,244,1656,uniform_area,47,0.8659230336283444
Madrid,working,Full,connectors_sun,21,Afternoon,1632,244,1656,uniform_area,48,0.9036427014831455
Madrid,working,Full,connectors_sun,21,Afternoon,1632,244,1656,uniform_area,49,0.9420394377976233
Madrid,working,Full,connectors_sun,21,Afternoon,1632,244,1656,uniform_area,50,0.9812946546039264
Madrid,working,Full,connectors_sun,21,Afternoon,1632,244,1656,uniform_area,51,1.0207105807729344
Madrid,working,Full,connectors_sun,21,Afternoon,1632,244,1656,uniform_area,52,1.0611604546237805
Madrid,working,Full,connectors_sun,21,Afternoon,1632,244,1656,uniform_area,53,1.103188967103854
Madrid,working,Full,connectors_sun,21,Afternoon,1632,244,1656,uniform_area,54,1.14570976071295
Madrid,working,Full,connectors_sun,21,Afternoon,1632,244,1656,uniform_area,55,1.1885761324515984
Madrid,working,Full,connectors_sun,21,Afternoon,1632,244,1656,uniform_area,56,1.2327314921546104
Madrid,working,Full,connectors_sun,21,Afternoon,1632,244,1656,uniform_area,57,1.2770836175916658
Madrid,working,Full,connectors_sun,21,Afternoon,1632,244,1656,uniform_area,58,1.3218339203323477
Madrid,working,Full,connectors_sun,21,Afternoon,1632,244,1656,uniform_area,59,1.367283611670612
Madrid,working,Full,connectors_sun,21,Afternoon,1632,244,1656,uniform_area,60,1.4134485206838587
Madrid,working,Full,connectors_sun,21,Afternoon,1632,244,1656,uniform_area,61,1.4597595639673806
Madrid,working,Full,connectors_sun,21,Afternoon,1632,244,1656,uniform_area,62,1.5063251238258768
Madrid,working,Full,connectors_sun,21,Afternoon,1632,244,1656,uniform_area,63,1.5545464556307242
Madrid,working,Full,connectors_sun,21,Afternoon,1632,244,1656,uniform_area,64,1.6032218577755766
Madrid,working,Full,connectors_sun,21,Afternoon,1632,244,1656,uniform_area,65,1.6524818367265126
Madrid,working,Full,connectors_sun,21,Afternoon,1632,244,1656,uniform_area,66,1.7018974541474043
Madrid,working,Full,connectors_sun,21,Afternoon,1632,244,1656,uniform_area,67,1.751733214795499
Madrid,working,Full,connectors_sun,21,Afternoon,1632,244,1656,uniform_area,68,1.803031428459351
Madrid,working,Full,connectors_sun,21,Afternoon,1632,244,1656,uniform_area,69,1.8560922014165966
Madrid,working,Full,connectors_sun,21,Afternoon,1632,244,1656,uniform_area,70,1.9092729795434216
Madrid,working,Full,connectors_sun,21,Afternoon,1632,244,1656,uniform_area,71,1.9638996632486898
Madrid,working,Full,connectors_sun,21,Afternoon,1632,244,1656,uniform_area,72,2.0187634335351405
Madrid,working,Full,connectors_sun,21,Afternoon,1632,244,1656,uniform_area,73,2.0750502774720574
Madrid,working,Full,connectors_sun,21,Afternoon,1632,244,1656,uniform_area,74,2.132531416956269
Madrid,working,Full,connectors_sun,21,Afternoon,1632,244,1656,uniform_area,75,2.191682886265101
Madrid,working,Full,connectors_sun,21,Afternoon,1632,244,1656,uniform_area,76,2.2516939880899614
Madrid,working,Full,connectors_sun,21,Afternoon,1632,244,1656,uniform_area,77,2.312418852331644
Madrid,working,Full,connectors_sun,21,Afternoon,1632,244,1656,uniform_area,78,2.3738521187671817
Madrid,working,Full,connectors_sun,21,Afternoon,1632,244,1656,uniform_area,79,2.4361069784092004
Madrid,working,Full,connectors_sun,21,Afternoon,1632,244,1656,uniform_area,80,2.4994970811026485
Madrid,working,Full,connectors_sun,21,Afternoon,1632,244,1656,uniform_area,81,2.564134500264255
Madrid,working,Full,connectors_sun,21,Afternoon,1632,244,1656,uniform_area,82,2.629585913245094
Madrid,working,Full,connectors_sun,21,Afternoon,1632,244,1656,uniform_area,83,2.695253251314236
Madrid,working,Full,connectors_sun,21,Afternoon,1632,244,1656,uniform_area,84,2.7612544658601847
Madrid,working,Full,connectors_sun,21,Afternoon,1632,244,1656,uniform_area,85,2.827663498960598
Madrid,working,Full,connectors_sun,21,Afternoon,1632,244,1656,uniform_area,86,2.8949710890913956
Madrid,working,Full,connectors_sun,21,Afternoon,1632,244,1656,uniform_area,87,2.9635904554170613
Madrid,working,Full,connectors_sun,21,Afternoon,1632,244,1656,uniform_area,88,3.0329525569061944
Madrid,working,Full,connectors_sun,21,Afternoon,1632,244,1656,uniform_area,89,3.103625621552425
Madrid,working,Full,connectors_sun,21,Afternoon,1632,244,1656,uniform_area,90,3.175374956204166
Madrid,working,Full,connectors_sun,21,Afternoon,1632,244,1656,uniform_area,91,3.2480943627681285
Madrid,working,Full,connectors_sun,21,Afternoon,1632,244,1656,uniform_area,92,3.321594476272656
Madrid,working,Full,connectors_sun,21,Afternoon,1632,244,1656,uniform_area,93,3.395291041683942
Madrid,working,Full,connectors_sun,21,Afternoon,1632,244,1656,uniform_area,94,3.469488113941897
Madrid,working,Full,connectors_sun,21,Afternoon,1632,244,1656,uniform_area,95,3.5445151203264005
Madrid,working,Full,connectors_sun,21,Afternoon,1632,244,1656,uniform_area,96,3.6204789210136235
Madrid,working,Full,connectors_sun,21,Afternoon,1632,244,1656,uniform_area,97,3.6974679543857847
Madrid,working,Full,connectors_sun,21,Afternoon,1632,244,1656,uniform_area,98,3.7746278739965415
Madrid,working,Full,connectors_sun,21,Afternoon,1632,244,1656,uniform_area,99,3.85261025546651
Madrid,working,Full,connectors_sun,21,Afternoon,1632,244,1656,uniform_area,100,3.930952855042585
Madrid,working,Full,connectors_sun,21,Afternoon,1632,244,1656,uniform_area,101,4.009399224191951
Madrid,working,Full,connectors_sun,21,Afternoon,1632,244,1656,uniform_area,102,4.088491310852666
Madrid,working,Full,connectors_sun,21,Afternoon,1632,244,1656,uniform_area,103,4.167755644994356
Madrid,working,Full,connectors_sun,21,Afternoon,1632,244,1656,uniform_area,104,4.2470514293968185
Madrid,working,Full,connectors_sun,21,Afternoon,1632,244,1656,uniform_area,105,4.327070267887179
Madrid,working,Full,connectors_sun,21,Afternoon,1632,244,1656,uniform_area,106,4.408164241573005
Madrid,working,Full,connectors_sun,21,Afternoon,1632,244,1656,uniform_area,107,4.489630844770518
Madrid,working,Full,connectors_sun,21,Afternoon,1632,244,1656,uniform_area,108,4.571819000451973
Madrid,working,Full,connectors_sun,21,Afternoon,1632,244,1656,uniform_area,109,4.654792578428238
Madrid,working,Full,connectors_sun,21,Afternoon,1632,244,1656,uniform_area,110,4.737921095714943
Madrid,working,Full,connectors_sun,21,Afternoon,1632,244,1656,uniform_area,111,4.822253410762375
Madrid,working,Full,connectors_sun,21,Afternoon,1632,244,1656,uniform_area,112,4.9068497737298635
Madrid,working,Full,connectors_sun,21,Afternoon,1632,244,1656,uniform_area,113,4.9919361879312465
Madrid,working,Full,connectors_sun,21,Afternoon,1632,244,1656,uniform_area,114,5.078037248112383
Madrid,working,Full,connectors_sun,21,Afternoon,1632,244,1656,uniform_area,115,5.164794919716491
Madrid,working,Full,connectors_sun,21,Afternoon,1632,244,1656,uniform_area,116,5.253215562094063
Madrid,working,Full,connectors_sun,21,Afternoon,1632,244,1656,uniform_area,117,5.34324509101913
Madrid,working,Full,connectors_sun,21,Afternoon,1632,244,1656,uniform_area,118,5.434204266400183
Madrid,working,Full,connectors_sun,21,Afternoon,1632,244,1656,uniform_area,119,5.525496924980818
Madrid,working,Full,connectors_sun,21,Afternoon,1632,244,1656,uniform_area,120,5.617039494687937
Madrid,working,Full,connectors_sun,21,Afternoon,1632,244,1656,uniform_area,121,5.710410480410029
Madrid,working,Full,connectors_sun,21,Afternoon,1632,244,1656,uniform_area,122,5.804228221118431
Madrid,working,Full,connectors_sun,21,Afternoon,1632,244,1656,uniform_area,123,5.8991308706897065
Madrid,working,Full,connectors_sun,21,Afternoon,1632,244,1656,uniform_area,124,5.994317981520266
Madrid,working,Full,connectors_sun,21,Afternoon,1632,244,1656,uniform_area,125,6.090756485925327
Madrid,working,Full,connectors_sun,21,Afternoon,1632,244,1656,uniform_area,126,6.187410395021563
Madrid,working,Full,connectors_sun,21,Afternoon,1632,244,1656,uniform_area,127,6.284904135721258
Madrid,working,Full,connectors_sun,21,Afternoon,1632,244,1656,uniform_area,128,6.384048260336852
Madrid,working,Full,connectors_sun,21,Afternoon,1632,244,1656,uniform_area,129,6.483955394417733
Madrid,working,Full,connectors_sun,21,Afternoon,1632,244,1656,uniform_area,130,6.584623804630944
Madrid,working,Full,connectors_sun,21,Afternoon,1632,244,1656,uniform_area,131,6.685475920331392
Madrid,working,Full,connectors_sun,21,Afternoon,1632,244,1656,uniform_area,132,6.78718752355172
Madrid,working,Full,connectors_sun,21,Afternoon,1632,244,1656,uniform_area,133,6.889080234908162
Madrid,working,Full,connectors_sun,21,Afternoon,1632,244,1656,uniform_area,134,6.99157527218842
Madrid,working,Full,connectors_sun,21,Afternoon,1632,244,1656,uniform_area,135,7.0957118088944755
Madrid,working,Full,connectors_sun,21,Afternoon,1632,244,1656,uniform_area,136,7.200317520037184
Madrid,working,Full,connectors_sun,21,Afternoon,1632,244,1656,uniform_area,137,7.305228276595779
Madrid,working,Full,connectors_sun,21,Afternoon,1632,244,1656,uniform_area,138,7.4114635868866685
Madrid,working,Full,connectors_sun,21,Afternoon,1632,244,1656,uniform_area,139,7.518791230637799
Madrid,working,Full,connectors_sun,21,Afternoon,1632,244,1656,uniform_area,140,7.626181102896353
Madrid,working,Full,connectors_sun,21,Afternoon,1632,244,1656,uniform_area,141,7.737376226965219
Madrid,working,Full,connectors_sun,21,Afternoon,1632,244,1656,uniform_area,142,7.85038847986019
Madrid,working,Full,connectors_sun,21,Afternoon,1632,244,1656,uniform_area,143,7.96459220054649
Madrid,working,Full,connectors_sun,21,Afternoon,1632,244,1656,uniform_area,144,8.080489998646007
Madrid,working,Full,connectors_sun,21,Afternoon,1632,244,1656,uniform_area,145,8.196689019294894
Madrid,working,Full,connectors_sun,21,Afternoon,1632,244,1656,uniform_area,146,8.313730465587946
Madrid,working,Full,connectors_sun,21,Afternoon,1632,244,1656,uniform_area,147,8.433177165615321
Madrid,working,Full,connectors_sun,21,Afternoon,1632,244,1656,uniform_area,148,8.553965366710358
Madrid,working,Full,connectors_sun,21,Afternoon,1632,244,1656,uniform_area,149,8.674779839915995
Madrid,working,Full,connectors_sun,21,Afternoon,1632,244,1656,uniform_area,150,8.795735361933339
Madrid,working,Full,connectors_sun,21,Afternoon,1632,244,1656,uniform_area,151,8.917553911627703
Madrid,working,Full,connectors_sun,21,Afternoon,1632,244,1656,uniform_area,152,9.040272431899394
Madrid,working,Full,connectors_sun,21,Afternoon,1632,244,1656,uniform_area,153,9.16405098128364
Madrid,working,Full,connectors_sun,21,Afternoon,1632,244,1656,uniform_area,154,9.28843537225178
Madrid,working,Full,connectors_sun,21,Afternoon,1632,244,1656,uniform_area,155,9.41549629283305
Madrid,working,Full,connectors_sun,21,Afternoon,1632,244,1656,uniform_area,156,9.543299669178815
Madrid,working,Full,connectors_sun,21,Afternoon,1632,244,1656,uniform_area,157,9.67211596876469
Madrid,working,Full,connectors_sun,21,Afternoon,1632,244,1656,uniform_area,158,9.801558171045599
Madrid,working,Full,connectors_sun,21,Afternoon,1632,244,1656,uniform_area,159,9.93261302050473
Madrid,working,Full,connectors_sun,21,Afternoon,1632,244,1656,uniform_area,160,10.06444686873061
Madrid,working,Full,connectors_sun,21,Afternoon,1632,244,1656,uniform_area,161,10.197078972403675
Madrid,working,Full,connectors_sun,21,Afternoon,1632,244,1656,uniform_area,162,10.331070232246367
Madrid,working,Full,connectors_sun,21,Afternoon,1632,244,1656,uniform_area,163,10.467521280265709
Madrid,working,Full,connectors_sun,21,Afternoon,1632,244,1656,uniform_area,164,10.60600403618497
Madrid,working,Full,connectors_sun,21,Afternoon,1632,244,1656,uniform_area,165,10.745630142360476
Madrid,working,Full,connectors_sun,21,Afternoon,1632,244,1656,uniform_area,166,10.888233688857447
Madrid,working,Full,connectors_sun,21,Afternoon,1632,244,1656,uniform_area,167,11.03157374826302
Madrid,working,Full,connectors_sun,21,Afternoon,1632,244,1656,uniform_area,168,11.17569352545734
Madrid,working,Full,connectors_sun,21,Afternoon,1632,244,1656,uniform_area,169,11.321545744457113
Madrid,working,Full,connectors_sun,21,Afternoon,1632,244,1656,uniform_area,170,11.467987029184869
Madrid,working,Full,connectors_sun,21,Afternoon,1632,244,1656,uniform_area,171,11.614839434274389
Madrid,working,Full,connectors_sun,21,Afternoon,1632,244,1656,uniform_area,172,11.76244599148449
Madrid,working,Full,connectors_sun,21,Afternoon,1632,244,1656,uniform_area,173,11.912514136412485
Madrid,working,Full,connectors_sun,21,Afternoon,1632,244,1656,uniform_area,174,12.064031009378228
Madrid,working,Full,connectors_sun,21,Afternoon,1632,244,1656,uniform_area,175,12.215888877535857
Madrid,working,Full,connectors_sun,21,Afternoon,1632,244,1656,uniform_area,176,12.368713758782818
Madrid,working,Full,connectors_sun,21,Afternoon,1632,244,1656,uniform_area,177,12.523348534276296
Madrid,working,Full,connectors_sun,21,Afternoon,1632,244,1656,uniform_area,178,12.67955602474352
Madrid,working,Full,connectors_sun,21,Afternoon,1632,244,1656,uniform_area,179,12.835911482788504
Madrid,working,Full,connectors_sun,21,Afternoon,1632,244,1656,uniform_area,180,12.99455179413475
Madrid,working,Full,connectors_sun,21,Afternoon,1632,244,1656,uniform_area,181,13.155119821347775
Madrid,working,Full,connectors_sun,21,Afternoon,1632,244,1656,uniform_area,182,13.317110437566598
Madrid,working,Full,connectors_sun,21,Afternoon,1632,244,1656,uniform_area,183,13.479971537839786
Madrid,working,Full,connectors_sun,21,Afternoon,1632,244,1656,uniform_area,184,13.643477411494128
Madrid,working,Full,connectors_sun,21,Afternoon,1632,244,1656,uniform_area,185,13.807650477979973
Madrid,working,Full,connectors_sun,21,Afternoon,1632,244,1656,uniform_area,186,13.972518211088337
Madrid,working,Full,connectors_sun,21,Afternoon,1632,244,1656,uniform_area,187,14.13922480920362
Madrid,working,Full,connectors_sun,21,Afternoon,1632,244,1656,uniform_area,188,14.306251332385349
Madrid,working,Full,connectors_sun,21,Afternoon,1632,244,1656,uniform_area,189,14.476474863094735
Madrid,working,Full,connectors_sun,21,Afternoon,1632,244,1656,uniform_area,190,14.648324195244934
Madrid,working,Full,connectors_sun,21,Afternoon,1632,244,1656,uniform_area,191,14.822334508962827
Madrid,working,Full,connectors_sun,21,Afternoon,1632,244,1656,uniform_area,192,14.997759225031754
Madrid,working,Full,connectors_sun,21,Afternoon,1632,244,1656,uniform_area,193,15.173308798013576
Madrid,working,Full,connectors_sun,21,Afternoon,1632,244,1656,uniform_area,194,15.35008171344262
Madrid,working,Full,connectors_sun,21,Afternoon,1632,244,1656,uniform_area,195,15.527286632651508
Madrid,working,Full,connectors_sun,21,Afternoon,1632,244,1656,uniform_area,196,15.705312043360964
Madrid,working,Full,connectors_sun,21,Afternoon,1632,244,1656,uniform_area,197,15.883606682126889
Madrid,working,Full,connectors_sun,21,Afternoon,1632,244,1656,uniform_area,198,16.062907248565274
Madrid,working,Full,connectors_sun,21,Afternoon,1632,244,1656,uniform_area,199,16.243943720826714
Madrid,working,Full,connectors_sun,21,Afternoon,1632,244,1656,uniform_area,200,16.42716270294264
Madrid,working,Full,connectors_sun,21,Afternoon,1632,244,1656,uniform_area,201,16.61176666841909
Madrid,working,Full,connectors_sun,21,Afternoon,1632,244,1656,uniform_area,202,16.797922474058293
Madrid,working,Full,connectors_sun,21,Afternoon,1632,244,1656,uniform_area,203,16.985473476348467
Madrid,working,Full,connectors_sun,21,Afternoon,1632,244,1656,uniform_area,204,17.173801440838467
Madrid,working,Full,connectors_sun,21,Afternoon,1632,244,1656,uniform_area,205,17.36630013019667
Madrid,working,Full,connectors_sun,21,Afternoon,1632,244,1656,uniform_area,206,17.5633420759465
Madrid,working,Full,connectors_sun,21,Afternoon,1632,244,1656,uniform_area,207,17.763044641457952
Madrid,working,Full,connectors_sun,21,Afternoon,1632,244,1656,uniform_area,208,17.964386791651528
Madrid,working,Full,connectors_sun,21,Afternoon,1632,244,1656,uniform_area,209,18.166484612121714
Madrid,working,Full,connectors_sun,21,Afternoon,1632,244,1656,uniform_area,210,18.370380684773146
Madrid,working,Full,connectors_sun,21,Afternoon,1632,244,1656,uniform_area,211,18.574690135488947
Madrid,working,Full,connectors_sun,21,Afternoon,1632,244,1656,uniform_area,212,18.785592592254662
Madrid,working,Full,connectors_sun,21,Afternoon,1632,244,1656,uniform_area,213,18.997890174828505
Madrid,working,Full,connectors_sun,21,Afternoon,1632,244,1656,uniform_area,214,19.210430973546785
Madrid,working,Full,connectors_sun,21,Afternoon,1632,244,1656,uniform_area,215,19.423632247603706
Madrid,working,Full,connectors_sun,21,Afternoon,1632,244,1656,uniform_area,216,19.637538373766102
Madrid,working,Full,connectors_sun,21,Afternoon,1632,244,1656,uniform_area,217,19.852066561218695
Madrid,working,Full,connectors_sun,21,Afternoon,1632,244,1656,uniform_area,218,20.068136646997544
Madrid,working,Full,connectors_sun,21,Afternoon,1632,244,1656,uniform_area,219,20.285995743604854
Madrid,working,Full,connectors_sun,21,Afternoon,1632,244,1656,uniform_area,220,20.50441676385266
Madrid,working,Full,connectors_sun,21,Afternoon,1632,244,1656,uniform_area,221,20.729058718774553
Madrid,working,Full,connectors_sun,21,Afternoon,1632,244,1656,uniform_area,222,20.955078701214283
Madrid,working,Full,connectors_sun,21,Afternoon,1632,244,1656,uniform_area,223,21.182609139664528
Madrid,working,Full,connectors_sun,21,Afternoon,1632,244,1656,uniform_area,224,21.410972004321266
Madrid,working,Full,connectors_sun,21,Afternoon,1632,244,1656,uniform_area,225,21.645044361844647
Madrid,working,Full,connectors_sun,21,Afternoon,1632,244,1656,uniform_area,226,21.879606246232285
Madrid,working,Full,connectors_sun,21,Afternoon,1632,244,1656,uniform_area,227,22.114678366112383
Madrid,working,Full,connectors_sun,21,Afternoon,1632,244,1656,uniform_area,228,22.35010423952138
Madrid,working,Full,connectors_sun,21,Afternoon,1632,244,1656,uniform_area,229,22.586194597842905
Madrid,working,Full,connectors_sun,21,Afternoon,1632,244,1656,uniform_area,230,22.822761846514933
Madrid,working,Full,connectors_sun,21,Afternoon,1632,244,1656,uniform_area,231,23.061866920423835
Madrid,working,Full,connectors_sun,21,Afternoon,1632,244,1656,uniform_area,232,23.303880097362946
Madrid,working,Full,connectors_sun,21,Afternoon,1632,244,1656,uniform_area,233,23.551805576395246
Madrid,working,Full,connectors_sun,21,Afternoon,1632,244,1656,uniform_area,234,23.79992483119531
Madrid,working,Full,connectors_sun,21,Afternoon,1632,244,1656,uniform_area,235,24.052593806964214
Madrid,working,Full,connectors_sun,21,Afternoon,1632,244,1656,uniform_area,236,24.3151865853837
Madrid,working,Full,connectors_sun,21,Afternoon,1632,244,1656,uniform_area,237,24.58597921321285
Madrid,working,Full,connectors_sun,21,Afternoon,1632,244,1656,uniform_area,238,24.86614521712122
Madrid,working,Full,connectors_sun,21,Afternoon,1632,244,1656,uniform_area,239,25.150925961847257
Madrid,working,Full,connectors_sun,21,Afternoon,1632,244,1656,uniform_area,240,25.45796329909409
Madrid,working,Full,connectors_sun,21,Afternoon,1632,244,1656,uniform_area,241,25.779213892533505
Madrid,working,Full,connectors_sun,21,Afternoon,1632,244,1656,uniform_area,242,26.106725211165756
Madrid,working,Full,connectors_sun,21,Afternoon,1632,244,1656,uniform_area,243,26.446380243364715
Madrid,working,Full,connectors_sun,21,Afternoon,1632,244,1656,uniform_area,244,26.82018235150324
Madrid,working,Full,connectors_sun,41,Morning,1632,244,1655,local,0,0.0
Madrid,working,Full,connectors_sun,41,Morning,1632,244,1655,local,1,0.00018187357797123897
Madrid,working,Full,connectors_sun,41,Morning,1632,244,1655,local,2,0.0005252795437767023
Madrid,working,Full,connectors_sun,41,Morning,1632,244,1655,local,3,0.001109452182088589
Madrid,working,Full,connectors_sun,41,Morning,1632,244,1655,local,4,0.003065171332252107
Madrid,working,Full,connectors_sun,41,Morning,1632,244,1655,local,5,0.005640112471492491
Madrid,working,Full,connectors_sun,41,Morning,1632,244,1655,local,6,0.00954086725048654
Madrid,working,Full,connectors_sun,41,Morning,1632,244,1655,local,7,0.014432564430090186
Madrid,working,Full,connectors_sun,41,Morning,1632,244,1655,local,8,0.02080994795444055
Madrid,working,Full,connectors_sun,41,Morning,1632,244,1655,local,9,0.027791541215240936
Madrid,working,Full,connectors_sun,41,Morning,1632,244,1655,local,10,0.035555529301058236
Madrid,working,Full,connectors_sun,41,Morning,1632,244,1655,local,11,0.043659557274071704
Madrid,working,Full,connectors_sun,41,Morning,1632,244,1655,local,12,0.054885951521562316
Madrid,working,Full,connectors_sun,41,Morning,1632,244,1655,local,13,0.06691354850105254
Madrid,working,Full,connectors_sun,41,Morning,1632,244,1655,local,14,0.0804278988951077
Madrid,working,Full,connectors_sun,41,Morning,1632,244,1655,local,15,0.09494339159491262
Madrid,working,Full,connectors_sun,41,Morning,1632,244,1655,local,16,0.11156576373089974
Madrid,working,Full,connectors_sun,41,Morning,1632,244,1655,local,17,0.12930031113787485
Madrid,working,Full,connectors_sun,41,Morning,1632,244,1655,local,18,0.14745248768891397
Madrid,working,Full,connectors_sun,41,Morning,1632,244,1655,local,19,0.16606786413477773
Madrid,working,Full,connectors_sun,41,Morning,1632,244,1655,local,20,0.18595205254145986
Madrid,working,Full,connectors_sun,41,Morning,1632,244,1655,local,21,0.2078937411560518
Madrid,working,Full,connectors_sun,41,Morning,1632,244,1655,local,22,0.23272115110152355
Madrid,working,Full,connectors_sun,41,Morning,1632,244,1655,local,23,0.25816754580767437
Madrid,working,Full,connectors_sun,41,Morning,1632,244,1655,local,24,0.2841988871212327
Madrid,working,Full,connectors_sun,41,Morning,1632,244,1655,local,25,0.3145131499182535
Madrid,working,Full,connectors_sun,41,Morning,1632,244,1655,local,26,0.34645765725226685
Madrid,working,Full,connectors_sun,41,Morning,1632,244,1655,local,27,0.37918866190547174
Madrid,working,Full,connectors_sun,41,Morning,1632,244,1655,local,28,0.4133999351197576
Madrid,working,Full,connectors_sun,41,Morning,1632,244,1655,local,29,0.4482365524644606
Madrid,working,Full,connectors_sun,41,Morning,1632,244,1655,local,30,0.48443895048023966
Madrid,working,Full,connectors_sun,41,Morning,1632,244,1655,local,31,0.5231141055640199
Madrid,working,Full,connectors_sun,41,Morning,1632,244,1655,local,32,0.5627330348987123
Madrid,working,Full,connectors_sun,41,Morning,1632,244,1655,local,33,0.6026045108071326
Madrid,working,Full,connectors_sun,41,Morning,1632,244,1655,local,34,0.6433416514558146
Madrid,working,Full,connectors_sun,41,Morning,1632,244,1655,local,35,0.6844980983342581
Madrid,working,Full,connectors_sun,41,Morning,1632,244,1655,local,36,0.7261275603179693
Madrid,working,Full,connectors_sun,41,Morning,1632,244,1655,local,37,0.7683680640327809
Madrid,working,Full,connectors_sun,41,Morning,1632,244,1655,local,38,0.8112091054815544
Madrid,working,Full,connectors_sun,41,Morning,1632,244,1655,local,39,0.8544164257437609
Madrid,working,Full,connectors_sun,41,Morning,1632,244,1655,local,40,0.9003889479835383
Madrid,working,Full,connectors_sun,41,Morning,1632,244,1655,local,41,0.9465911549406953
Madrid,working,Full,connectors_sun,41,Morning,1632,244,1655,local,42,0.9939125431920465
Madrid,working,Full,connectors_sun,41,Morning,1632,244,1655,local,43,1.0423600775435091
Madrid,working,Full,connectors_sun,41,Morning,1632,244,1655,local,44,1.0915108429626772
Madrid,working,Full,connectors_sun,41,Morning,1632,244,1655,local,45,1.1415664249670485
Madrid,working,Full,connectors_sun,41,Morning,1632,244,1655,local,46,1.1916642849187482
Madrid,working,Full,connectors_sun,41,Morning,1632,244,1655,local,47,1.2422413187546475
Madrid,working,Full,connectors_sun,41,Morning,1632,244,1655,local,48,1.2932399376784225
Madrid,working,Full,connectors_sun,41,Morning,1632,244,1655,local,49,1.3455272966643217
Madrid,working,Full,connectors_sun,41,Morning,1632,244,1655,local,50,1.3979641461780639
Madrid,working,Full,connectors_sun,41,Morning,1632,244,1655,local,51,1.4538582341213653
Madrid,working,Full,connectors_sun,41,Morning,1632,244,1655,local,52,1.5109461506172257
Madrid,working,Full,connectors_sun,41,Morning,1632,244,1655,local,53,1.5698071964203901
Madrid,working,Full,connectors_sun,41,Morning,1632,244,1655,local,54,1.6294389716398165
Madrid,working,Full,connectors_sun,41,Morning,1632,244,1655,local,55,1.6903120348303462
Madrid,working,Full,connectors_sun,41,Morning,1632,244,1655,local,56,1.7517291808919357
Madrid,working,Full,connectors_sun,41,Morning,1632,244,1655,local,57,1.814382354682598
Madrid,working,Full,connectors_sun,41,Morning,1632,244,1655,local,58,1.8795494606971281
Madrid,working,Full,connectors_sun,41,Morning,1632,244,1655,local,59,1.945185399635989
Madrid,working,Full,connectors_sun,41,Morning,1632,244,1655,local,60,2.011047493260405
Madrid,working,Full,connectors_sun,41,Morning,1632,244,1655,local,61,2.077497464499452
Madrid,working,Full,connectors_sun,41,Morning,1632,244,1655,local,62,2.1445119715443486
Madrid,working,Full,connectors_sun,41,Morning,1632,244,1655,local,63,2.2123569309414655
Madrid,working,Full,connectors_sun,41,Morning,1632,244,1655,local,64,2.2806523046303284
Madrid,working,Full,connectors_sun,41,Morning,1632,244,1655,local,65,2.35029848887087
Madrid,working,Full,connectors_sun,41,Morning,1632,244,1655,local,66,2.422999723309343
Madrid,working,Full,connectors_sun,41,Morning,1632,244,1655,local,67,2.499701938318849
Madrid,working,Full,connectors_sun,41,Morning,1632,244,1655,local,68,2.5766840956602306
Madrid,working,Full,connectors_sun,41,Morning,1632,244,1655,local,69,2.6562383006871615
Madrid,working,Full,connectors_sun,41,Morning,1632,244,1655,local,70,2.7365526029016487
Madrid,working,Full,connectors_sun,41,Morning,1632,244,1655,local,71,2.818497034244719
Madrid,working,Full,connectors_sun,41,Morning,1632,244,1655,local,72,2.901036952829927
Madrid,working,Full,connectors_sun,41,Morning,1632,244,1655,local,73,2.9854356777273674
Madrid,working,Full,connectors_sun,41,Morning,1632,244,1655,local,74,3.070847688459861
Madrid,working,Full,connectors_sun,41,Morning,1632,244,1655,local,75,3.158181134717392
Madrid,working,Full,connectors_sun,41,Morning,1632,244,1655,local,76,3.248180135118445
Madrid,working,Full,connectors_sun,41,Morning,1632,244,1655,local,77,3.3387184838979516
Madrid,working,Full,connectors_sun,41,Morning,1632,244,1655,local,78,3.4298558838411943
Madrid,working,Full,connectors_sun,41,Morning,1632,244,1655,local,79,3.5215778319580493
Madrid,working,Full,connectors_sun,41,Morning,1632,244,1655,local,80,3.6161176989652235
Madrid,working,Full,connectors_sun,41,Morning,1632,244,1655,local,81,3.711637363218038
Madrid,working,Full,connectors_sun,41,Morning,1632,244,1655,local,82,3.8083956821151506
Madrid,working,Full,connectors_sun,41,Morning,1632,244,1655,local,83,3.906050315844632
Madrid,working,Full,connectors_sun,41,Morning,1632,244,1655,local,84,4.005806892095006
Madrid,working,Full,connectors_sun,41,Morning,1632,244,1655,local,85,4.106743624665179
Madrid,working,Full,connectors_sun,41,Morning,1632,244,1655,local,86,4.208139586531325
Madrid,working,Full,connectors_sun,41,Morning,1632,244,1655,local,87,4.3104166366473144
Madrid,working,Full,connectors_sun,41,Morning,1632,244,1655,local,88,4.412715408274652
Madrid,working,Full,connectors_sun,41,Morning,1632,244,1655,local,89,4.515666834608159
Madrid,working,Full,connectors_sun,41,Morning,1632,244,1655,local,90,4.6201074855617
Madrid,working,Full,connectors_sun,41,Morning,1632,244,1655,local,91,4.725790421944733
Madrid,working,Full,connectors_sun,41,Morning,1632,244,1655,local,92,4.831979089885237
Madrid,working,Full,connectors_sun,41,Morning,1632,244,1655,local,93,4.939438179092712
Madrid,working,Full,connectors_sun,41,Morning,1632,244,1655,local,94,5.05025112186149
Madrid,working,Full,connectors_sun,41,Morning,1632,244,1655,local,95,5.1618454619968865
Madrid,working,Full,connectors_sun,41,Morning,1632,244,1655,local,96,5.27486567303116
Madrid,working,Full,connectors_sun,41,Morning,1632,244,1655,local,97,5.388266180420914
Madrid,working,Full,connectors_sun,41,Morning,1632,244,1655,local,98,5.502805456476579
Madrid,working,Full,connectors_sun,41,Morning,1632,244,1655,local,99,5.618662976845842
Madrid,working,Full,connectors_sun,41,Morning,1632,244,1655,local,100,5.735534960948692
Madrid,working,Full,connectors_sun,41,Morning,1632,244,1655,local,101,5.85307119372316
Madrid,working,Full,connectors_sun,41,Morning,1632,244,1655,local,102,5.9707049704180575
Madrid,working,Full,connectors_sun,41,Morning,1632,244,1655,local,103,6.089243953888488
Madrid,working,Full,connectors_sun,41,Morning,1632,244,1655,local,104,6.20844504089963
Madrid,working,Full,connectors_sun,41,Morning,1632,244,1655,local,105,6.3279618157076385
Madrid,working,Full,connectors_sun,41,Morning,1632,244,1655,local,106,6.447677457523939
Madrid,working,Full,connectors_sun,41,Morning,1632,244,1655,local,107,6.568661265563526
Madrid,working,Full,connectors_sun,41,Morning,1632,244,1655,local,108,6.69318013027448
Madrid,working,Full,connectors_sun,41,Morning,1632,244,1655,local,109,6.817880881386565
Madrid,working,Full,connectors_sun,41,Morning,1632,244,1655,local,110,6.94382489157211
Madrid,working,Full,connectors_sun,41,Morning,1632,244,1655,local,111,7.070442202661895
Madrid,working,Full,connectors_sun,41,Morning,1632,244,1655,local,112,7.198347608992218
Madrid,working,Full,connectors_sun,41,Morning,1632,244,1655,local,113,7.326722666181085
Madrid,working,Full,connectors_sun,41,Morning,1632,244,1655,local,114,7.456057393755349
Madrid,working,Full,connectors_sun,41,Morning,1632,244,1655,local,115,7.586110349078978
Madrid,working,Full,connectors_sun,41,Morning,1632,244,1655,local,116,7.717318211927046
Madrid,working,Full,connectors_sun,41,Morning,1632,244,1655,local,117,7.849722328736151
Madrid,working,Full,connectors_sun,41,Morning,1632,244,1655,local,118,7.98293148148514
Madrid,working,Full,connectors_sun,41,Morning,1632,244,1655,local,119,8.11796442142161
Madrid,working,Full,connectors_sun,41,Morning,1632,244,1655,local,120,8.253813405977908
Madrid,working,Full,connectors_sun,41,Morning,1632,244,1655,local,121,8.390789906880197
Madrid,working,Full,connectors_sun,41,Morning,1632,244,1655,local,122,8.530228343938186
Madrid,working,Full,connectors_sun,41,Morning,1632,244,1655,local,123,8.669829232071592
Madrid,working,Full,connectors_sun,41,Morning,1632,244,1655,local,124,8.810376502136394
Madrid,working,Full,connectors_sun,41,Morning,1632,244,1655,local,125,8.951262710212868
Madrid,working,Full,connectors_sun,41,Morning,1632,244,1655,local,126,9.09373423598122
Madrid,working,Full,connectors_sun,41,Morning,1632,244,1655,local,127,9.238578573303107
Madrid,working,Full,connectors_sun,41,Morning,1632,244,1655,local,128,9.384897040557814
Madrid,working,Full,connectors_sun,41,Morning,1632,244,1655,local,129,9.53138147884442
Madrid,working,Full,connectors_sun,41,Morning,1632,244,1655,local,130,9.680881326372187
Madrid,working,Full,connectors_sun,41,Morning,1632,244,1655,local,131,9.832311546249207
Madrid,working,Full,connectors_sun,41,Morning,1632,244,1655,local,132,9.984437468169125
Madrid,working,Full,connectors_sun,41,Morning,1632,244,1655,local,133,10.137884976666815
Madrid,working,Full,connectors_sun,41,Morning,1632,244,1655,local,134,10.29429433757616
Madrid,working,Full,connectors_sun,41,Morning,1632,244,1655,local,135,10.451091990995067
Madrid,working,Full,connectors_sun,41,Morning,1632,244,1655,local,136,10.608273144726732
Madrid,working,Full,connectors_sun,41,Morning,1632,244,1655,local,137,10.768986003706194
Madrid,working,Full,connectors_sun,41,Morning,1632,244,1655,local,138,10.935274972950644
Madrid,working,Full,connectors_sun,41,Morning,1632,244,1655,local,139,11.105011312289708
Madrid,working,Full,connectors_sun,41,Morning,1632,244,1655,local,140,11.275452579016907
Madrid,working,Full,connectors_sun,41,Morning,1632,244,1655,local,141,11.44751730316749
Madrid,working,Full,connectors_sun,41,Morning,1632,244,1655,local,142,11.622628406314323
Madrid,working,Full,connectors_sun,41,Morning,1632,244,1655,local,143,11.801184258136178
Madrid,working,Full,connectors_sun,41,Morning,1632,244,1655,local,144,11.979934913857562
Madrid,working,Full,connectors_sun,41,Morning,1632,244,1655,local,145,12.160056857795785
Madrid,working,Full,connectors_sun,41,Morning,1632,244,1655,local,146,12.341254878903216
Madrid,working,Full,connectors_sun,41,Morning,1632,244,1655,local,147,12.524410666286162
Madrid,working,Full,connectors_sun,41,Morning,1632,244,1655,local,148,12.709764329888337
Madrid,working,Full,connectors_sun,41,Morning,1632,244,1655,local,149,12.896090604272816
Madrid,working,Full,connectors_sun,41,Morning,1632,244,1655,local,150,13.083224126591691
Madrid,working,Full,connectors_sun,41,Morning,1632,244,1655,local,151,13.270529637666673
Madrid,working,Full,connectors_sun,41,Morning,1632,244,1655,local,152,13.45862772606896
Madrid,working,Full,connectors_sun,41,Morning,1632,244,1655,local,153,13.649517531072922
Madrid,working,Full,connectors_sun,41,Morning,1632,244,1655,local,154,13.841008967442912
Madrid,working,Full,connectors_sun,41,Morning,1632,244,1655,local,155,14.03294193257306
Madrid,working,Full,connectors_sun,41,Morning,1632,244,1655,local,156,14.232345956347325
Madrid,working,Full,connectors_sun,41,Morning,1632,244,1655,local,157,14.43280425059704
Madrid,working,Full,connectors_sun,41,Morning,1632,244,1655,local,158,14.634204015509178
Madrid,working,Full,connectors_sun,41,Morning,1632,244,1655,local,159,14.836778484151743
Madrid,working,Full,connectors_sun,41,Morning,1632,244,1655,local,160,15.040682295549942
Madrid,working,Full,connectors_sun,41,Morning,1632,244,1655,local,161,15.246340854260444
Madrid,working,Full,connectors_sun,41,Morning,1632,244,1655,local,162,15.454465987445582
Madrid,working,Full,connectors_sun,41,Morning,1632,244,1655,local,163,15.664580926478962
Madrid,working,Full,connectors_sun,41,Morning,1632,244,1655,local,164,15.87543424485231
Madrid,working,Full,connectors_sun,41,Morning,1632,244,1655,local,165,16.08696763750441
Madrid,working,Full,connectors_sun,41,Morning,1632,244,1655,local,166,16.29909396742237
Madrid,working,Full,connectors_sun,41,Morning,1632,244,1655,local,167,16.51635480465404
Madrid,working,Full,connectors_sun,41,Morning,1632,244,1655,local,168,16.73460922310875
Madrid,working,Full,connectors_sun,41,Morning,1632,244,1655,local,169,16.960642561299213
Madrid,working,Full,connectors_sun,41,Morning,1632,244,1655,local,170,17.187652749241177
Madrid,working,Full,connectors_sun,41,Morning,1632,244,1655,local,171,17.415436305421842
Madrid,working,Full,connectors_sun,41,Morning,1632,244,1655,local,172,17.645760176555154
Madrid,working,Full,connectors_sun,41,Morning,1632,244,1655,local,173,17.876925820140144
Madrid,working,Full,connectors_sun,41,Morning,1632,244,1655,local,174,18.108252322897254
Madrid,working,Full,connectors_sun,41,Morning,1632,244,1655,local,175,18.340183011576375
Madrid,working,Full,connectors_sun,41,Morning,1632,244,1655,local,176,18.57247525923136
Madrid,working,Full,connectors_sun,41,Morning,1632,244,1655,local,177,18.805650847432045
Madrid,working,Full,connectors_sun,41,Morning,1632,244,1655,local,178,19.04447999776362
Madrid,working,Full,connectors_sun,41,Morning,1632,244,1655,local,179,19.291866629448073
Madrid,working,Full,connectors_sun,41,Morning,1632,244,1655,local,180,19.541891819783576
Madrid,working,Full,connectors_sun,41,Morning,1632,244,1655,local,181,19.792145466561244
Madrid,working,Full,connectors_sun,41,Morning,1632,244,1655,local,182,20.04338354066002
Madrid,working,Full,connectors_sun,41,Morning,1632,244,1655,local,183,20.298623153137154
Madrid,working,Full,connectors_sun,41,Morning,1632,244,1655,local,184,20.555648529394595
Madrid,working,Full,connectors_sun,41,Morning,1632,244,1655,local,185,20.818514303006577
Madrid,working,Full,connectors_sun,41,Morning,1632,244,1655,local,186,21.08314738879245
Madrid,working,Full,connectors_sun,41,Morning,1632,244,1655,local,187,21.350837531600263
Madrid,working,Full,connectors_sun,41,Morning,1632,244,1655,local,188,21.61876228504948
Madrid,working,Full,connectors_sun,41,Morning,1632,244,1655,local,189,21.887238805188378
Madrid,working,Full,connectors_sun,41,Morning,1632,244,1655,local,190,22.161962286357657
Madrid,working,Full,connectors_sun,41,Morning,1632,244,1655,local,191,22.44472325430844
Madrid,working,Full,connectors_sun,41,Morning,1632,244,1655,local,192,22.728331277851428
Madrid,working,Full,connectors_sun,41,Morning,1632,244,1655,local,193,23.01493631123773
Madrid,working,Full,connectors_sun,41,Morning,1632,244,1655,local,194,23.304822172140334
Madrid,working,Full,connectors_sun,41,Morning,1632,244,1655,local,195,23.595486329953484
Madrid,working,Full,connectors_sun,41,Morning,1632,244,1655,local,196,23.889694855881576
Madrid,working,Full,connectors_sun,41,Morning,1632,244,1655,local,197,24.184535413216256
Madrid,working,Full,connectors_sun,41,Morning,1632,244,1655,local,198,24.480011955153515
Madrid,working,Full,connectors_sun,41,Morning,1632,244,1655,local,199,24.77803457238855
Madrid,working,Full,connectors_sun,41,Morning,1632,244,1655,local,200,25.077286970643513
Madrid,working,Full,connectors_sun,41,Morning,1632,244,1655,local,201,25.383631954823166
Madrid,working,Full,connectors_sun,41,Morning,1632,244,1655,local,202,25.692717672565703
Madrid,working,Full,connectors_sun,41,Morning,1632,244,1655,local,203,26.002951943042635
Madrid,working,Full,connectors_sun,41,Morning,1632,244,1655,local,204,26.31399684127169
Madrid,working,Full,connectors_sun,41,Morning,1632,244,1655,local,205,26.62599761881148
Madrid,working,Full,connectors_sun,41,Morning,1632,244,1655,local,206,26.942013556585692
Madrid,working,Full,connectors_sun,41,Morning,1632,244,1655,local,207,27.26451186931085
Madrid,working,Full,connectors_sun,41,Morning,1632,244,1655,local,208,27.589293161881876
Madrid,working,Full,connectors_sun,41,Morning,1632,244,1655,local,209,27.91610757509228
Madrid,working,Full,connectors_sun,41,Morning,1632,244,1655,local,210,28.255879104762645
Madrid,working,Full,connectors_sun,41,Morning,1632,244,1655,local,211,28.5984376540956
Madrid,working,Full,connectors_sun,41,Morning,1632,244,1655,local,212,28.943181780408715
Madrid,working,Full,connectors_sun,41,Morning,1632,244,1655,local,213,29.288339497487502
Madrid,working,Full,connectors_sun,41,Morning,1632,244,1655,local,214,29.635587163771998
Madrid,working,Full,connectors_sun,41,Morning,1632,244,1655,local,215,29.984121394761676
Madrid,working,Full,connectors_sun,41,Morning,1632,244,1655,local,216,30.336702530625907
Madrid,working,Full,connectors_sun,41,Morning,1632,244,1655,local,217,30.690311543245528
Madrid,working,Full,connectors_sun,41,Morning,1632,244,1655,local,218,31.073630169274637
Madrid,working,Full,connectors_sun,41,Morning,1632,244,1655,local,219,31.463282345615056
Madrid,working,Full,connectors_sun,41,Morning,1632,244,1655,local,220,31.85601165088126
Madrid,working,Full,connectors_sun,41,Morning,1632,244,1655,local,221,32.252894237349516
Madrid,working,Full,connectors_sun,41,Morning,1632,244,1655,local,222,32.6508512495476
Madrid,working,Full,connectors_sun,41,Morning,1632,244,1655,local,223,33.05494061398201
Madrid,working,Full,connectors_sun,41,Morning,1632,244,1655,local,224,33.46276969358317
Madrid,working,Full,connectors_sun,41,Morning,1632,244,1655,local,225,33.87967305705852
Madrid,working,Full,connectors_sun,41,Morning,1632,244,1655,local,226,34.31089719726437
Madrid,working,Full,connectors_sun,41,Morning,1632,244,1655,local,227,34.74591942639365
Madrid,working,Full,connectors_sun,41,Morning,1632,244,1655,local,228,35.194858523886936
Madrid,working,Full,connectors_sun,41,Morning,1632,244,1655,local,229,35.64581531759408
Madrid,working,Full,connectors_sun,41,Morning,1632,244,1655,local,230,36.10023871429887
Madrid,working,Full,connectors_sun,41,Morning,1632,244,1655,local,231,36.5620678274214
Madrid,working,Full,connectors_sun,41,Morning,1632,244,1655,local,232,37.03737253935873
Madrid,working,Full,connectors_sun,41,Morning,1632,244,1655,local,233,37.5250800804001
Madrid,working,Full,connectors_sun,41,Morning,1632,244,1655,local,234,38.02211038420094
Madrid,working,Full,connectors_sun,41,Morning,1632,244,1655,local,235,38.523220527322195
Madrid,working,Full,connectors_sun,41,Morning,1632,244,1655,local,236,39.02638250281612
Madrid,working,Full,connectors_sun,41,Morning,1632,244,1655,local,237,39.53297160888385
Madrid,working,Full,connectors_sun,41,Morning,1632,244,1655,local,238,40.04196386151392
Madrid,working,Full,connectors_sun,41,Morning,1632,244,1655,local,239,40.58375074913217
Madrid,working,Full,connectors_sun,41,Morning,1632,244,1655,local,240,41.14802852375963
Madrid,working,Full,connectors_sun,41,Morning,1632,244,1655,local,241,41.77989704053634
Madrid,working,Full,connectors_sun,41,Morning,1632,244,1655,local,242,42.42050532350086
Madrid,working,Full,connectors_sun,41,Morning,1632,244,1655,local,243,43.09282365703587
Madrid,working,Full,connectors_sun,41,Morning,1632,244,1655,local,244,43.797160307994325
Madrid,working,Full,connectors_sun,41,Morning,1632,244,1655,regional,0,0.0
Madrid,working,Full,connectors_sun,41,Morning,1632,244,1655,regional,1,0.0009741083850131721
Madrid,working,Full,connectors_sun,41,Morning,1632,244,1655,regional,2,0.0036152830758280833
Madrid,working,Full,connectors_sun,41,Morning,1632,244,1655,regional,3,0.007073819846340358
Madrid,working,Full,connectors_sun,41,Morning,1632,244,1655,regional,4,0.013432474291743591
Madrid,working,Full,connectors_sun,41,Morning,1632,244,1655,regional,5,0.020208570665754124
Madrid,working,Full,connectors_sun,41,Morning,1632,244,1655,regional,6,0.027516762398838775
Madrid,working,Full,connectors_sun,41,Morning,1632,244,1655,regional,7,0.03584283696558772
Madrid,working,Full,connectors_sun,41,Morning,1632,244,1655,regional,8,0.04470275583891698
Madrid,working,Full,connectors_sun,41,Morning,1632,244,1655,regional,9,0.055427704340068294
Madrid,working,Full,connectors_sun,41,Morning,1632,244,1655,regional,10,0.06745059339301547
Madrid,working,Full,connectors_sun,41,Morning,1632,244,1655,regional,11,0.08018442822262743
Madrid,working,Full,connectors_sun,41,Morning,1632,244,1655,regional,12,0.09364939325209645
Madrid,working,Full,connectors_sun,41,Morning,1632,244,1655,regional,13,0.10751697984128332
Madrid,working,Full,connectors_sun,41,Morning,1632,244,1655,regional,14,0.12201485942369095
Madrid,working,Full,connectors_sun,41,Morning,1632,244,1655,regional,15,0.13759496557235054
Madrid,working,Full,connectors_sun,41,Morning,1632,244,1655,regional,16,0.15405348545110314
Madrid,working,Full,connectors_sun,41,Morning,1632,244,1655,regional,17,0.1716158717758784
Madrid,working,Full,connectors_sun,41,Morning,1632,244,1655,regional,18,0.18964879419923772
Madrid,working,Full,connectors_sun,41,Morning,1632,244,1655,regional,19,0.20911365516407784
Madrid,working,Full,connectors_sun,41,Morning,1632,244,1655,regional,20,0.23015117341772923
Madrid,working,Full,connectors_sun,41,Morning,1632,244,1655,regional,21,0.2524304240960043
Madrid,working,Full,connectors_sun,41,Morning,1632,244,1655,regional,22,0.27591919518526653
Madrid,working,Full,connectors_sun,41,Morning,1632,244,1655,regional,23,0.3009422639299992
Madrid,working,Full,connectors_sun,41,Morning,1632,244,1655,regional,24,0.3280851834926683
Madrid,working,Full,connectors_sun,41,Morning,1632,244,1655,regional,25,0.35584874222749724
Madrid,working,Full,connectors_sun,41,Morning,1632,244,1655,regional,26,0.3864501644123625
Madrid,working,Full,connectors_sun,41,Morning,1632,244,1655,regional,27,0.41844307322885493
Madrid,working,Full,connectors_sun,41,Morning,1632,244,1655,regional,28,0.45212805137852363
Madrid,working,Full,connectors_sun,41,Morning,1632,244,1655,regional,29,0.48635169613066476
Madrid,working,Full,connectors_sun,41,Morning,1632,244,1655,regional,30,0.5214293348756699
Madrid,working,Full,connectors_sun,41,Morning,1632,244,1655,regional,31,0.557376903801705
Madrid,working,Full,connectors_sun,41,Morning,1632,244,1655,regional,32,0.5956766059246881
Madrid,working,Full,connectors_sun,41,Morning,1632,244,1655,regional,33,0.6363207394151013
Madrid,working,Full,connectors_sun,41,Morning,1632,244,1655,regional,34,0.6780803359348662
Madrid,working,Full,connectors_sun,41,Morning,1632,244,1655,regional,35,0.7203522217907654
Madrid,working,Full,connectors_sun,41,Morning,1632,244,1655,regional,36,0.7633077172353769
Madrid,working,Full,connectors_sun,41,Morning,1632,244,1655,regional,37,0.8069145013496241
Madrid,working,Full,connectors_sun,41,Morning,1632,244,1655,regional,38,0.8516339391020835
Madrid,working,Full,connectors_sun,41,Morning,1632,244,1655,regional,39,0.8966366934294788
Madrid,working,Full,connectors_sun,41,Morning,1632,244,1655,regional,40,0.9446971432947073
Madrid,working,Full,connectors_sun,41,Morning,1632,244,1655,regional,41,0.9934438986197107
Madrid,working,Full,connectors_sun,41,Morning,1632,244,1655,regional,42,1.0426580520899908
Madrid,working,Full,connectors_sun,41,Morning,1632,244,1655,regional,43,1.0930362717946562
Madrid,working,Full,connectors_sun,41,Morning,1632,244,1655,regional,44,1.144170018363226
Madrid,working,Full,connectors_sun,41,Morning,1632,244,1655,regional,45,1.1962810564935622
Madrid,working,Full,connectors_sun,41,Morning,1632,244,1655,regional,46,1.2494437353746672
Madrid,working,Full,connectors_sun,41,Morning,1632,244,1655,regional,47,1.3028924414686074
Madrid,working,Full,connectors_sun,41,Morning,1632,244,1655,regional,48,1.3565272420376475
Madrid,working,Full,connectors_sun,41,Morning,1632,244,1655,regional,49,1.411697073989475
Madrid,working,Full,connectors_sun,41,Morning,1632,244,1655,regional,50,1.467863263338198
Madrid,working,Full,connectors_sun,41,Morning,1632,244,1655,regional,51,1.5251014882883418
Madrid,working,Full,connectors_sun,41,Morning,1632,244,1655,regional,52,1.5840608695529756
Madrid,working,Full,connectors_sun,41,Morning,1632,244,1655,regional,53,1.6456436554634244
Madrid,working,Full,connectors_sun,41,Morning,1632,244,1655,regional,54,1.707919283005802
Madrid,working,Full,connectors_sun,41,Morning,1632,244,1655,regional,55,1.7705618203533937
Madrid,working,Full,connectors_sun,41,Morning,1632,244,1655,regional,56,1.8334727542308675
Madrid,working,Full,connectors_sun,41,Morning,1632,244,1655,regional,57,1.8978290792402426
Madrid,working,Full,connectors_sun,41,Morning,1632,244,1655,regional,58,1.9628251406364385
Madrid,working,Full,connectors_sun,41,Morning,1632,244,1655,regional,59,2.0287869570013566
Madrid,working,Full,connectors_sun,41,Morning,1632,244,1655,regional,60,2.096337664948819
Madrid,working,Full,connectors_sun,41,Morning,1632,244,1655,regional,61,2.164543405882556
Madrid,working,Full,connectors_sun,41,Morning,1632,244,1655,regional,62,2.2341029964667682
Madrid,working,Full,connectors_sun,41,Morning,1632,244,1655,regional,63,2.304952001599054
Madrid,working,Full,connectors_sun,41,Morning,1632,244,1655,regional,64,2.3762500755375844
Madrid,working,Full,connectors_sun,41,Morning,1632,244,1655,regional,65,2.4528598331836133
Madrid,working,Full,connectors_sun,41,Morning,1632,244,1655,regional,66,2.532495129729485
Madrid,working,Full,connectors_sun,41,Morning,1632,244,1655,regional,67,2.612577651072568
Madrid,working,Full,connectors_sun,41,Morning,1632,244,1655,regional,68,2.6949407759669364
Madrid,working,Full,connectors_sun,41,Morning,1632,244,1655,regional,69,2.7775468245937405
Madrid,working,Full,connectors_sun,41,Morning,1632,244,1655,regional,70,2.8606940520315183
Madrid,working,Full,connectors_sun,41,Morning,1632,244,1655,regional,71,2.9459523430950423
Madrid,working,Full,connectors_sun,41,Morning,1632,244,1655,regional,72,3.031901927118247
Madrid,working,Full,connectors_sun,41,Morning,1632,244,1655,regional,73,3.120027914338494
Madrid,working,Full,connectors_sun,41,Morning,1632,244,1655,regional,74,3.208458759260211
Madrid,working,Full,connectors_sun,41,Morning,1632,244,1655,regional,75,3.2972512173065422
Madrid,working,Full,connectors_sun,41,Morning,1632,244,1655,regional,76,3.386308982844603
Madrid,working,Full,connectors_sun,41,Morning,1632,244,1655,regional,77,3.4756645789145764
Madrid,working,Full,connectors_sun,41,Morning,1632,244,1655,regional,78,3.566741658015355
Madrid,working,Full,connectors_sun,41,Morning,1632,244,1655,regional,79,3.658488472336585
Madrid,working,Full,connectors_sun,41,Morning,1632,244,1655,regional,80,3.751883609230164
Madrid,working,Full,connectors_sun,41,Morning,1632,244,1655,regional,81,3.8457145063162503
Madrid,working,Full,connectors_sun,41,Morning,1632,244,1655,regional,82,3.9403137524972127
Madrid,working,Full,connectors_sun,41,Morning,1632,244,1655,regional,83,4.037194443016362
Madrid,working,Full,connectors_sun,41,Morning,1632,244,1655,regional,84,4.134716895748072
Madrid,working,Full,connectors_sun,41,Morning,1632,244,1655,regional,85,4.233322833919068
Madrid,working,Full,connectors_sun,41,Morning,1632,244,1655,regional,86,4.333737278872457
Madrid,working,Full,connectors_sun,41,Morning,1632,244,1655,regional,87,4.434367685155946
Madrid,working,Full,connectors_sun,41,Morning,1632,244,1655,regional,88,4.535285566725433
Madrid,working,Full,connectors_sun,41,Morning,1632,244,1655,regional,89,4.63759077252377
Madrid,working,Full,connectors_sun,41,Morning,1632,244,1655,regional,90,4.742074517173258
Madrid,working,Full,connectors_sun,41,Morning,1632,244,1655,regional,91,4.847157566604122
Madrid,working,Full,connectors_sun,41,Morning,1632,244,1655,regional,92,4.953262628968958
Madrid,working,Full,connectors_sun,41,Morning,1632,244,1655,regional,93,5.059839809330021
Madrid,working,Full,connectors_sun,41,Morning,1632,244,1655,regional,94,5.16761779674407
Madrid,working,Full,connectors_sun,41,Morning,1632,244,1655,regional,95,5.27628614241519
Madrid,working,Full,connectors_sun,41,Morning,1632,244,1655,regional,96,5.385752249955886
Madrid,working,Full,connectors_sun,41,Morning,1632,244,1655,regional,97,5.495694911082097
Madrid,working,Full,connectors_sun,41,Morning,1632,244,1655,regional,98,5.606694207842405
Madrid,working,Full,connectors_sun,41,Morning,1632,244,1655,regional,99,5.717954632156045
Madrid,working,Full,connectors_sun,41,Morning,1632,244,1655,regional,100,5.829421346443106
Madrid,working,Full,connectors_sun,41,Morning,1632,244,1655,regional,101,5.941837669083256
Madrid,working,Full,connectors_sun,41,Morning,1632,244,1655,regional,102,6.0546032920730015
Madrid,working,Full,connectors_sun,41,Morning,1632,244,1655,regional,103,6.168495597198101
Madrid,working,Full,connectors_sun,41,Morning,1632,244,1655,regional,104,6.286610990342156
Madrid,working,Full,connectors_sun,41,Morning,1632,244,1655,regional,105,6.406485418588847
Madrid,working,Full,connectors_sun,41,Morning,1632,244,1655,regional,106,6.52650330483152
Madrid,working,Full,connectors_sun,41,Morning,1632,244,1655,regional,107,6.647049914979317
Madrid,working,Full,connectors_sun,41,Morning,1632,244,1655,regional,108,6.7677696072481845
Madrid,working,Full,connectors_sun,41,Morning,1632,244,1655,regional,109,6.88908566938915
Madrid,working,Full,connectors_sun,41,Morning,1632,244,1655,regional,110,7.011681027101699
Madrid,working,Full,connectors_sun,41,Morning,1632,244,1655,regional,111,7.135548023779749
Madrid,working,Full,connectors_sun,41,Morning,1632,244,1655,regional,112,7.261442266581899
Madrid,working,Full,connectors_sun,41,Morning,1632,244,1655,regional,113,7.388070828298224
Madrid,working,Full,connectors_sun,41,Morning,1632,244,1655,regional,114,7.515620205800188
Madrid,working,Full,connectors_sun,41,Morning,1632,244,1655,regional,115,7.646683020411641
Madrid,working,Full,connectors_sun,41,Morning,1632,244,1655,regional,116,7.778297546282054
Madrid,working,Full,connectors_sun,41,Morning,1632,244,1655,regional,117,7.912939835307458
Madrid,working,Full,connectors_sun,41,Morning,1632,244,1655,regional,118,8.048240035006897
Madrid,working,Full,connectors_sun,41,Morning,1632,244,1655,regional,119,8.184132953477478
Madrid,working,Full,connectors_sun,41,Morning,1632,244,1655,regional,120,8.321028540322818
Madrid,working,Full,connectors_sun,41,Morning,1632,244,1655,regional,121,8.458987552779456
Madrid,working,Full,connectors_sun,41,Morning,1632,244,1655,regional,122,8.598284502694515
Madrid,working,Full,connectors_sun,41,Morning,1632,244,1655,regional,123,8.741773258002826
Madrid,working,Full,connectors_sun,41,Morning,1632,244,1655,regional,124,8.886437475853599
Madrid,working,Full,connectors_sun,41,Morning,1632,244,1655,regional,125,9.031312652767726
Madrid,working,Full,connectors_sun,41,Morning,1632,244,1655,regional,126,9.176639934919386
Madrid,working,Full,connectors_sun,41,Morning,1632,244,1655,regional,127,9.322488765215294
Madrid,working,Full,connectors_sun,41,Morning,1632,244,1655,regional,128,9.47032010088162
Madrid,working,Full,connectors_sun,41,Morning,1632,244,1655,regional,129,9.619442959062294
Madrid,working,Full,connectors_sun,41,Morning,1632,244,1655,regional,130,9.769369316029538
Madrid,working,Full,connectors_sun,41,Morning,1632,244,1655,regional,131,9.920766666135968
Madrid,working,Full,connectors_sun,41,Morning,1632,244,1655,regional,132,10.073619242089135
Madrid,working,Full,connectors_sun,41,Morning,1632,244,1655,regional,133,10.226983219522232
Madrid,working,Full,connectors_sun,41,Morning,1632,244,1655,regional,134,10.381272038550478
Madrid,working,Full,connectors_sun,41,Morning,1632,244,1655,regional,135,10.537071121280633
Madrid,working,Full,connectors_sun,41,Morning,1632,244,1655,regional,136,10.693653407622868
Madrid,working,Full,connectors_sun,41,Morning,1632,244,1655,regional,137,10.851565303849203
Madrid,working,Full,connectors_sun,41,Morning,1632,244,1655,regional,138,11.014702756193993
Madrid,working,Full,connectors_sun,41,Morning,1632,244,1655,regional,139,11.179068554823768
Madrid,working,Full,connectors_sun,41,Morning,1632,244,1655,regional,140,11.349280976982497
Madrid,working,Full,connectors_sun,41,Morning,1632,244,1655,regional,141,11.522257549299265
Madrid,working,Full,connectors_sun,41,Morning,1632,244,1655,regional,142,11.696877311788866
Madrid,working,Full,connectors_sun,41,Morning,1632,244,1655,regional,143,11.87250783118934
Madrid,working,Full,connectors_sun,41,Morning,1632,244,1655,regional,144,12.05382800261916
Madrid,working,Full,connectors_sun,41,Morning,1632,244,1655,regional,145,12.237391534709122
Madrid,working,Full,connectors_sun,41,Morning,1632,244,1655,regional,146,12.421021995651445
Madrid,working,Full,connectors_sun,41,Morning,1632,244,1655,regional,147,12.605525082645858
Madrid,working,Full,connectors_sun,41,Morning,1632,244,1655,regional,148,12.790562949795286
Madrid,working,Full,connectors_sun,41,Morning,1632,244,1655,regional,149,12.976039801845705
Madrid,working,Full,connectors_sun,41,Morning,1632,244,1655,regional,150,13.162084837564105
Madrid,working,Full,connectors_sun,41,Morning,1632,244,1655,regional,151,13.348688907047805
Madrid,working,Full,connectors_sun,41,Morning,1632,244,1655,regional,152,13.536028321740991
Madrid,working,Full,connectors_sun,41,Morning,1632,244,1655,regional,153,13.725665295085527
Madrid,working,Full,connectors_sun,41,Morning,1632,244,1655,regional,154,13.91620762518102
Madrid,working,Full,connectors_sun,41,Morning,1632,244,1655,regional,155,14.108814401837076
Madrid,working,Full,connectors_sun,41,Morning,1632,244,1655,regional,156,14.302539082665573
Madrid,working,Full,connectors_sun,41,Morning,1632,244,1655,regional,157,14.497306070679604
Madrid,working,Full,connectors_sun,41,Morning,1632,244,1655,regional,158,14.695687320088789
Madrid,working,Full,connectors_sun,41,Morning,1632,244,1655,regional,159,14.896966834857475
Madrid,working,Full,connectors_sun,41,Morning,1632,244,1655,regional,160,15.099477719421456
Madrid,working,Full,connectors_sun,41,Morning,1632,244,1655,regional,161,15.304136493339115
Madrid,working,Full,connectors_sun,41,Morning,1632,244,1655,regional,162,15.509156981903404
Madrid,working,Full,connectors_sun,41,Morning,1632,244,1655,regional,163,15.715518382521264
Madrid,working,Full,connectors_sun,41,Morning,1632,244,1655,regional,164,15.924875007564147
Madrid,working,Full,connectors_sun,41,Morning,1632,244,1655,regional,165,16.135642573626242
Madrid,working,Full,connectors_sun,41,Morning,1632,244,1655,regional,166,16.349719021005086
Madrid,working,Full,connectors_sun,41,Morning,1632,244,1655,regional,167,16.5675908948987
Madrid,working,Full,connectors_sun,41,Morning,1632,244,1655,regional,168,16.785539878457307
Madrid,working,Full,connectors_sun,41,Morning,1632,244,1655,regional,169,17.007932803803342
Madrid,working,Full,connectors_sun,41,Morning,1632,244,1655,regional,170,17.23100238724858
Madrid,working,Full,connectors_sun,41,Morning,1632,244,1655,regional,171,17.45659412189272
Madrid,working,Full,connectors_sun,41,Morning,1632,244,1655,regional,172,17.68544461366414
Madrid,working,Full,connectors_sun,41,Morning,1632,244,1655,regional,173,17.917945246558016
Madrid,working,Full,connectors_sun,41,Morning,1632,244,1655,regional,174,18.150725369569642
Madrid,working,Full,connectors_sun,41,Morning,1632,244,1655,regional,175,18.385266142806927
Madrid,working,Full,connectors_sun,41,Morning,1632,244,1655,regional,176,18.622039122203272
Madrid,working,Full,connectors_sun,41,Morning,1632,244,1655,regional,177,18.8591730169911
Madrid,working,Full,connectors_sun,41,Morning,1632,244,1655,regional,178,19.097874583413677
Madrid,working,Full,connectors_sun,41,Morning,1632,244,1655,regional,179,19.3415137590528
Madrid,working,Full,connectors_sun,41,Morning,1632,244,1655,regional,180,19.58656370404662
Madrid,working,Full,connectors_sun,41,Morning,1632,244,1655,regional,181,19.841283674860836
Madrid,working,Full,connectors_sun,41,Morning,1632,244,1655,regional,182,20.096869418067957
Madrid,working,Full,connectors_sun,41,Morning,1632,244,1655,regional,183,20.35361288238328
Madrid,working,Full,connectors_sun,41,Morning,1632,244,1655,regional,184,20.61062509763263
Madrid,working,Full,connectors_sun,41,Morning,1632,244,1655,regional,185,20.873602051742235
Madrid,working,Full,connectors_sun,41,Morning,1632,244,1655,regional,186,21.137942828656275
Madrid,working,Full,connectors_sun,41,Morning,1632,244,1655,regional,187,21.409118665932844
Madrid,working,Full,connectors_sun,41,Morning,1632,244,1655,regional,188,21.682428879982375
Madrid,working,Full,connectors_sun,41,Morning,1632,244,1655,regional,189,21.956677208246624
Madrid,working,Full,connectors_sun,41,Morning,1632,244,1655,regional,190,22.23640827097614
Madrid,working,Full,connectors_sun,41,Morning,1632,244,1655,regional,191,22.52174719405908
Madrid,working,Full,connectors_sun,41,Morning,1632,244,1655,regional,192,22.810673091264377
Madrid,working,Full,connectors_sun,41,Morning,1632,244,1655,regional,193,23.10103147799884
Madrid,working,Full,connectors_sun,41,Morning,1632,244,1655,regional,194,23.394780346679976
Madrid,working,Full,connectors_sun,41,Morning,1632,244,1655,regional,195,23.691598025714146
Madrid,working,Full,connectors_sun,41,Morning,1632,244,1655,regional,196,23.988677128561367
Madrid,working,Full,connectors_sun,41,Morning,1632,244,1655,regional,197,24.290733649254552
Madrid,working,Full,connectors_sun,41,Morning,1632,244,1655,regional,198,24.59375865770461
Madrid,working,Full,connectors_sun,41,Morning,1632,244,1655,regional,199,24.899121963746314
Madrid,working,Full,connectors_sun,41,Morning,1632,244,1655,regional,200,25.207005954455205
Madrid,working,Full,connectors_sun,41,Morning,1632,244,1655,regional,201,25.52001493264781
Madrid,working,Full,connectors_sun,41,Morning,1632,244,1655,regional,202,25.835605294599727
Madrid,working,Full,connectors_sun,41,Morning,1632,244,1655,regional,203,26.152334417961377
Madrid,working,Full,connectors_sun,41,Morning,1632,244,1655,regional,204,26.46962089166867
Madrid,working,Full,connectors_sun,41,Morning,1632,244,1655,regional,205,26.787455908225006
Madrid,working,Full,connectors_sun,41,Morning,1632,244,1655,regional,206,27.109278625693374
Madrid,working,Full,connectors_sun,41,Morning,1632,244,1655,regional,207,27.435718452902492
Madrid,working,Full,connectors_sun,41,Morning,1632,244,1655,regional,208,27.764210952886778
Madrid,working,Full,connectors_sun,41,Morning,1632,244,1655,regional,209,28.095529030310974
Madrid,working,Full,connectors_sun,41,Morning,1632,244,1655,regional,210,28.428671486100807
Madrid,working,Full,connectors_sun,41,Morning,1632,244,1655,regional,211,28.773412780854496
Madrid,working,Full,connectors_sun,41,Morning,1632,244,1655,regional,212,29.119998282147016
Madrid,working,Full,connectors_sun,41,Morning,1632,244,1655,regional,213,29.46812143409041
Madrid,working,Full,connectors_sun,41,Morning,1632,244,1655,regional,214,29.819905395274564
Madrid,working,Full,connectors_sun,41,Morning,1632,244,1655,regional,215,30.174162731865152
Madrid,working,Full,connectors_sun,41,Morning,1632,244,1655,regional,216,30.529823232888308
Madrid,working,Full,connectors_sun,41,Morning,1632,244,1655,regional,217,30.888697173455423
Madrid,working,Full,connectors_sun,41,Morning,1632,244,1655,regional,218,31.27626384841978
Madrid,working,Full,connectors_sun,41,Morning,1632,244,1655,regional,219,31.665177443695367
Madrid,working,Full,connectors_sun,41,Morning,1632,244,1655,regional,220,32.06438833427427
Madrid,working,Full,connectors_sun,41,Morning,1632,244,1655,regional,221,32.46590563899335
Madrid,working,Full,connectors_sun,41,Morning,1632,244,1655,regional,222,32.8685661287134
Madrid,working,Full,connectors_sun,41,Morning,1632,244,1655,regional,223,33.27505357676432
Madrid,working,Full,connectors_sun,41,Morning,1632,244,1655,regional,224,33.684692578382396
Madrid,working,Full,connectors_sun,41,Morning,1632,244,1655,regional,225,34.10566785995051
Madrid,working,Full,connectors_sun,41,Morning,1632,244,1655,regional,226,34.534416305943665
Madrid,working,Full,connectors_sun,41,Morning,1632,244,1655,regional,227,34.974228029026094
Madrid,working,Full,connectors_sun,41,Morning,1632,244,1655,regional,228,35.42813817300358
Madrid,working,Full,connectors_sun,41,Morning,1632,244,1655,regional,229,35.88408358242171
Madrid,working,Full,connectors_sun,41,Morning,1632,244,1655,regional,230,36.3427901295627
Madrid,working,Full,connectors_sun,41,Morning,1632,244,1655,regional,231,36.8032591340213
Madrid,working,Full,connectors_sun,41,Morning,1632,244,1655,regional,232,37.28446629598793
Madrid,working,Full,connectors_sun,41,Morning,1632,244,1655,regional,233,37.77875240950366
Madrid,working,Full,connectors_sun,41,Morning,1632,244,1655,regional,234,38.27433669799474
Madrid,working,Full,connectors_sun,41,Morning,1632,244,1655,regional,235,38.78180648579074
Madrid,working,Full,connectors_sun,41,Morning,1632,244,1655,regional,236,39.291466838182465
Madrid,working,Full,connectors_sun,41,Morning,1632,244,1655,regional,237,39.804665590102275
Madrid,working,Full,connectors_sun,41,Morning,1632,244,1655,regional,238,40.32020978768677
Madrid,working,Full,connectors_sun,41,Morning,1632,244,1655,regional,239,40.872772975129045
Madrid,working,Full,connectors_sun,41,Morning,1632,244,1655,regional,240,41.43767510535855
Madrid,working,Full,connectors_sun,41,Morning,1632,244,1655,regional,241,42.07654969576146
Madrid,working,Full,connectors_sun,41,Morning,1632,244,1655,regional,242,42.72430542129377
Madrid,working,Full,connectors_sun,41,Morning,1632,244,1655,regional,243,43.404696097502146
Madrid,working,Full,connectors_sun,41,Morning,1632,244,1655,regional,244,44.117548969904774
Madrid,working,Full,connectors_sun,41,Morning,1632,244,1655,uniform_area,0,0.0
Madrid,working,Full,connectors_sun,41,Morning,1632,244,1655,uniform_area,1,0.0011599435843913709
Madrid,working,Full,connectors_sun,41,Morning,1632,244,1655,uniform_area,2,0.0036290315401741116
Madrid,working,Full,connectors_sun,41,Morning,1632,244,1655,uniform_area,3,0.008213161962476876
Madrid,working,Full,connectors_sun,41,Morning,1632,244,1655,uniform_area,4,0.013718541003936697
Madrid,working,Full,connectors_sun,41,Morning,1632,244,1655,uniform_area,5,0.02008227092450334
Madrid,working,Full,connectors_sun,41,Morning,1632,244,1655,uniform_area,6,0.026970171969515212
Madrid,working,Full,connectors_sun,41,Morning,1632,244,1655,uniform_area,7,0.03440338411960073
Madrid,working,Full,connectors_sun,41,Morning,1632,244,1655,uniform_area,8,0.04225107834704034
Madrid,working,Full,connectors_sun,41,Morning,1632,244,1655,uniform_area,9,0.052166950184405335
Madrid,working,Full,connectors_sun,41,Morning,1632,244,1655,uniform_area,10,0.06424994400828063
Madrid,working,Full,connectors_sun,41,Morning,1632,244,1655,uniform_area,11,0.07681908199831852
Madrid,working,Full,connectors_sun,41,Morning,1632,244,1655,uniform_area,12,0.09002236424504567
Madrid,working,Full,connectors_sun,41,Morning,1632,244,1655,uniform_area,13,0.10386512401051343
Madrid,working,Full,connectors_sun,41,Morning,1632,244,1655,uniform_area,14,0.11846546073334092
Madrid,working,Full,connectors_sun,41,Morning,1632,244,1655,uniform_area,15,0.1339925328720727
Madrid,working,Full,connectors_sun,41,Morning,1632,244,1655,uniform_area,16,0.15033629926112665
Madrid,working,Full,connectors_sun,41,Morning,1632,244,1655,uniform_area,17,0.16924265715427314
Madrid,working,Full,connectors_sun,41,Morning,1632,244,1655,uniform_area,18,0.18933030914803822
Madrid,working,Full,connectors_sun,41,Morning,1632,244,1655,uniform_area,19,0.21040023566485583
Madrid,working,Full,connectors_sun,41,Morning,1632,244,1655,uniform_area,20,0.2321416309984022
Madrid,working,Full,connectors_sun,41,Morning,1632,244,1655,uniform_area,21,0.25536472439318153
Madrid,working,Full,connectors_sun,41,Morning,1632,244,1655,uniform_area,22,0.28077994754228397
Madrid,working,Full,connectors_sun,41,Morning,1632,244,1655,uniform_area,23,0.3066353592573188
Madrid,working,Full,connectors_sun,41,Morning,1632,244,1655,uniform_area,24,0.33291843956541367
Madrid,working,Full,connectors_sun,41,Morning,1632,244,1655,uniform_area,25,0.3598797883465274
Madrid,working,Full,connectors_sun,41,Morning,1632,244,1655,uniform_area,26,0.3901334468566851
Madrid,working,Full,connectors_sun,41,Morning,1632,244,1655,uniform_area,27,0.424214497296703
Madrid,working,Full,connectors_sun,41,Morning,1632,244,1655,uniform_area,28,0.45913685074852373
Madrid,working,Full,connectors_sun,41,Morning,1632,244,1655,uniform_area,29,0.49535549027091585
Madrid,working,Full,connectors_sun,41,Morning,1632,244,1655,uniform_area,30,0.5320019528404321
Madrid,working,Full,connectors_sun,41,Morning,1632,244,1655,uniform_area,31,0.5692135527167387
Madrid,working,Full,connectors_sun,41,Morning,1632,244,1655,uniform_area,32,0.6075006300306036
Madrid,working,Full,connectors_sun,41,Morning,1632,244,1655,uniform_area,33,0.6468936021195545
Madrid,working,Full,connectors_sun,41,Morning,1632,244,1655,uniform_area,34,0.6866290475947778
Madrid,working,Full,connectors_sun,41,Morning,1632,244,1655,uniform_area,35,0.7272717084342099
Madrid,working,Full,connectors_sun,41,Morning,1632,244,1655,uniform_area,36,0.7681286963521847
Madrid,working,Full,connectors_sun,41,Morning,1632,244,1655,uniform_area,37,0.8094431119322363
Madrid,working,Full,connectors_sun,41,Morning,1632,244,1655,uniform_area,38,0.8516824517704198
Madrid,working,Full,connectors_sun,41,Morning,1632,244,1655,uniform_area,39,0.8954759378195035
Madrid,working,Full,connectors_sun,41,Morning,1632,244,1655,uniform_area,40,0.9422192427433412
Madrid,working,Full,connectors_sun,41,Morning,1632,244,1655,uniform_area,41,0.989551819340824
Madrid,working,Full,connectors_sun,41,Morning,1632,244,1655,uniform_area,42,1.0370982945906966
Madrid,working,Full,connectors_sun,41,Morning,1632,244,1655,uniform_area,43,1.085677220788896
Madrid,working,Full,connectors_sun,41,Morning,1632,244,1655,uniform_area,44,1.135028685762528
Madrid,working,Full,connectors_sun,41,Morning,1632,244,1655,uniform_area,45,1.1844191485485576
Madrid,working,Full,connectors_sun,41,Morning,1632,244,1655,uniform_area,46,1.2353153646969062
Madrid,working,Full,connectors_sun,41,Morning,1632,244,1655,uniform_area,47,1.286680065763445
Madrid,working,Full,connectors_sun,41,Morning,1632,244,1655,uniform_area,48,1.3394047109591203
Madrid,working,Full,connectors_sun,41,Morning,1632,244,1655,uniform_area,49,1.3940166800076803
Madrid,working,Full,connectors_sun,41,Morning,1632,244,1655,uniform_area,50,1.4488967004066833
Madrid,working,Full,connectors_sun,41,Morning,1632,244,1655,uniform_area,51,1.5044415150003683
Madrid,working,Full,connectors_sun,41,Morning,1632,244,1655,uniform_area,52,1.5604562064375562
Madrid,working,Full,connectors_sun,41,Morning,1632,244,1655,uniform_area,53,1.6184513759155585
Madrid,working,Full,connectors_sun,41,Morning,1632,244,1655,uniform_area,54,1.677115294715519
Madrid,working,Full,connectors_sun,41,Morning,1632,244,1655,uniform_area,55,1.7369577311204247
Madrid,working,Full,connectors_sun,41,Morning,1632,244,1655,uniform_area,56,1.7995030033194557
Madrid,working,Full,connectors_sun,41,Morning,1632,244,1655,uniform_area,57,1.8634813131946333
Madrid,working,Full,connectors_sun,41,Morning,1632,244,1655,uniform_area,58,1.9296274189541123
Madrid,working,Full,connectors_sun,41,Morning,1632,244,1655,uniform_area,59,1.9960599487426829
Madrid,working,Full,connectors_sun,41,Morning,1632,244,1655,uniform_area,60,2.06404372321224
Madrid,working,Full,connectors_sun,41,Morning,1632,244,1655,uniform_area,61,2.1341326881855256
Madrid,working,Full,connectors_sun,41,Morning,1632,244,1655,uniform_area,62,2.20466591545068
Madrid,working,Full,connectors_sun,41,Morning,1632,244,1655,uniform_area,63,2.276655123256057
Madrid,working,Full,connectors_sun,41,Morning,1632,244,1655,uniform_area,64,2.3493775336965164
Madrid,working,Full,connectors_sun,41,Morning,1632,244,1655,uniform_area,65,2.422212046528815
Madrid,working,Full,connectors_sun,41,Morning,1632,244,1655,uniform_area,66,2.499069262132269
Madrid,working,Full,connectors_sun,41,Morning,1632,244,1655,uniform_area,67,2.5790208858404244
Madrid,working,Full,connectors_sun,41,Morning,1632,244,1655,uniform_area,68,2.6595382416873905
Madrid,working,Full,connectors_sun,41,Morning,1632,244,1655,uniform_area,69,2.7403140460711213
Madrid,working,Full,connectors_sun,41,Morning,1632,244,1655,uniform_area,70,2.823129856746764
Madrid,working,Full,connectors_sun,41,Morning,1632,244,1655,uniform_area,71,2.908712292744925
Madrid,working,Full,connectors_sun,41,Morning,1632,244,1655,uniform_area,72,2.994982257104986
Madrid,working,Full,connectors_sun,41,Morning,1632,244,1655,uniform_area,73,3.0821129636240374
Madrid,working,Full,connectors_sun,41,Morning,1632,244,1655,uniform_area,74,3.170247210600379
Madrid,working,Full,connectors_sun,41,Morning,1632,244,1655,uniform_area,75,3.2587462367040567
Madrid,working,Full,connectors_sun,41,Morning,1632,244,1655,uniform_area,76,3.349096381892542
Madrid,working,Full,connectors_sun,41,Morning,1632,244,1655,uniform_area,77,3.4405758170499507
Madrid,working,Full,connectors_sun,41,Morning,1632,244,1655,uniform_area,78,3.532669862621812
Madrid,working,Full,connectors_sun,41,Morning,1632,244,1655,uniform_area,79,3.626211533504532
Madrid,working,Full,connectors_sun,41,Morning,1632,244,1655,uniform_area,80,3.720504137061755
Madrid,working,Full,connectors_sun,41,Morning,1632,244,1655,uniform_area,81,3.8163599086020765
Madrid,working,Full,connectors_sun,41,Morning,1632,244,1655,uniform_area,82,3.9133133346092985
Madrid,working,Full,connectors_sun,41,Morning,1632,244,1655,uniform_area,83,4.010656905146378
Madrid,working,Full,connectors_sun,41,Morning,1632,244,1655,uniform_area,84,4.108712810471268
Madrid,working,Full,connectors_sun,41,Morning,1632,244,1655,uniform_area,85,4.207547603736854
Madrid,working,Full,connectors_sun,41,Morning,1632,244,1655,uniform_area,86,4.306946125835271
Madrid,working,Full,connectors_sun,41,Morning,1632,244,1655,uniform_area,87,4.406758189496112
Madrid,working,Full,connectors_sun,41,Morning,1632,244,1655,uniform_area,88,4.510034919830786
Madrid,working,Full,connectors_sun,41,Morning,1632,244,1655,uniform_area,89,4.613508856746511
Madrid,working,Full,connectors_sun,41,Morning,1632,244,1655,uniform_area,90,4.717070725831812
Madrid,working,Full,connectors_sun,41,Morning,1632,244,1655,uniform_area,91,4.8237408266605355
Madrid,working,Full,connectors_sun,41,Morning,1632,244,1655,uniform_area,92,4.931058056000381
Madrid,working,Full,connectors_sun,41,Morning,1632,244,1655,uniform_area,93,5.038973400428403
Madrid,working,Full,connectors_sun,41,Morning,1632,244,1655,uniform_area,94,5.147359734136934
Madrid,working,Full,connectors_sun,41,Morning,1632,244,1655,uniform_area,95,5.2559640190782915
Madrid,working,Full,connectors_sun,41,Morning,1632,244,1655,uniform_area,96,5.364904955958708
Madrid,working,Full,connectors_sun,41,Morning,1632,244,1655,uniform_area,97,5.474830921792975
Madrid,working,Full,connectors_sun,41,Morning,1632,244,1655,uniform_area,98,5.586923790803829
Madrid,working,Full,connectors_sun,41,Morning,1632,244,1655,uniform_area,99,5.699578700685243
Madrid,working,Full,connectors_sun,41,Morning,1632,244,1655,uniform_area,100,5.812494168136886
Madrid,working,Full,connectors_sun,41,Morning,1632,244,1655,uniform_area,101,5.9269637634120445
Madrid,working,Full,connectors_sun,41,Morning,1632,244,1655,uniform_area,102,6.042320162211367
Madrid,working,Full,connectors_sun,41,Morning,1632,244,1655,uniform_area,103,6.158224389349262
Madrid,working,Full,connectors_sun,41,Morning,1632,244,1655,uniform_area,104,6.2748596264261565
Madrid,working,Full,connectors_sun,41,Morning,1632,244,1655,uniform_area,105,6.392721090865092
Madrid,working,Full,connectors_sun,41,Morning,1632,244,1655,uniform_area,106,6.512481719715781
Madrid,working,Full,connectors_sun,41,Morning,1632,244,1655,uniform_area,107,6.633338246118394
Madrid,working,Full,connectors_sun,41,Morning,1632,244,1655,uniform_area,108,6.755165186259069
Madrid,working,Full,connectors_sun,41,Morning,1632,244,1655,uniform_area,109,6.878427456063868
Madrid,working,Full,connectors_sun,41,Morning,1632,244,1655,uniform_area,110,7.003104298929223
Madrid,working,Full,connectors_sun,41,Morning,1632,244,1655,uniform_area,111,7.1287399981395625
Madrid,working,Full,connectors_sun,41,Morning,1632,244,1655,uniform_area,112,7.256135694972589
Madrid,working,Full,connectors_sun,41,Morning,1632,244,1655,uniform_area,113,7.385349073424326
Madrid,working,Full,connectors_sun,41,Morning,1632,244,1655,uniform_area,114,7.5149445473265795
Madrid,working,Full,connectors_sun,41,Morning,1632,244,1655,uniform_area,115,7.645565795716368
Madrid,working,Full,connectors_sun,41,Morning,1632,244,1655,uniform_area,116,7.7798684603969726
Madrid,working,Full,connectors_sun,41,Morning,1632,244,1655,uniform_area,117,7.915753540059657
Madrid,working,Full,connectors_sun,41,Morning,1632,244,1655,uniform_area,118,8.052067783210084
Madrid,working,Full,connectors_sun,41,Morning,1632,244,1655,uniform_area,119,8.188635324589747
Madrid,working,Full,connectors_sun,41,Morning,1632,244,1655,uniform_area,120,8.326384988421886
Madrid,working,Full,connectors_sun,41,Morning,1632,244,1655,uniform_area,121,8.468102759191058
Madrid,working,Full,connectors_sun,41,Morning,1632,244,1655,uniform_area,122,8.610513190242278
Madrid,working,Full,connectors_sun,41,Morning,1632,244,1655,uniform_area,123,8.753827216180898
Madrid,working,Full,connectors_sun,41,Morning,1632,244,1655,uniform_area,124,8.897969540650765
Madrid,working,Full,connectors_sun,41,Morning,1632,244,1655,uniform_area,125,9.043468905881113
Madrid,working,Full,connectors_sun,41,Morning,1632,244,1655,uniform_area,126,9.190044538287358
Madrid,working,Full,connectors_sun,41,Morning,1632,244,1655,uniform_area,127,9.336893247317338
Madrid,working,Full,connectors_sun,41,Morning,1632,244,1655,uniform_area,128,9.483795338613785
Madrid,working,Full,connectors_sun,41,Morning,1632,244,1655,uniform_area,129,9.631769704264709
Madrid,working,Full,connectors_sun,41,Morning,1632,244,1655,uniform_area,130,9.781846826848485
Madrid,working,Full,connectors_sun,41,Morning,1632,244,1655,uniform_area,131,9.932925534390776
Madrid,working,Full,connectors_sun,41,Morning,1632,244,1655,uniform_area,132,10.084367692571584
Madrid,working,Full,connectors_sun,41,Morning,1632,244,1655,uniform_area,133,10.238559792277897
Madrid,working,Full,connectors_sun,41,Morning,1632,244,1655,uniform_area,134,10.393528215803576
Madrid,working,Full,connectors_sun,41,Morning,1632,244,1655,uniform_area,135,10.549031813467021
Madrid,working,Full,connectors_sun,41,Morning,1632,244,1655,uniform_area,136,10.709006837893321
Madrid,working,Full,connectors_sun,41,Morning,1632,244,1655,uniform_area,137,10.869475293407866
Madrid,working,Full,connectors_sun,41,Morning,1632,244,1655,uniform_area,138,11.030821505851408
Madrid,working,Full,connectors_sun,41,Morning,1632,244,1655,uniform_area,139,11.194327728958937
Madrid,working,Full,connectors_sun,41,Morning,1632,244,1655,uniform_area,140,11.361196012515274
Madrid,working,Full,connectors_sun,41,Morning,1632,244,1655,uniform_area,141,11.536181160522087
Madrid,working,Full,connectors_sun,41,Morning,1632,244,1655,uniform_area,142,11.711901348064101
Madrid,working,Full,connectors_sun,41,Morning,1632,244,1655,uniform_area,143,11.891478675572557
Madrid,working,Full,connectors_sun,41,Morning,1632,244,1655,uniform_area,144,12.074029770609995
Madrid,working,Full,connectors_sun,41,Morning,1632,244,1655,uniform_area,145,12.257557175301633
Madrid,working,Full,connectors_sun,41,Morning,1632,244,1655,uniform_area,146,12.44138370603039
Madrid,working,Full,connectors_sun,41,Morning,1632,244,1655,uniform_area,147,12.625374112520952
Madrid,working,Full,connectors_sun,41,Morning,1632,244,1655,uniform_area,148,12.809793783629909
Madrid,working,Full,connectors_sun,41,Morning,1632,244,1655,uniform_area,149,12.9945481162431
Madrid,working,Full,connectors_sun,41,Morning,1632,244,1655,uniform_area,150,13.181167805296061
Madrid,working,Full,connectors_sun,41,Morning,1632,244,1655,uniform_area,151,13.371913892797968
Madrid,working,Full,connectors_sun,41,Morning,1632,244,1655,uniform_area,152,13.563003794126779
Madrid,working,Full,connectors_sun,41,Morning,1632,244,1655,uniform_area,153,13.756927945915752
Madrid,working,Full,connectors_sun,41,Morning,1632,244,1655,uniform_area,154,13.952787803373772
Madrid,working,Full,connectors_sun,41,Morning,1632,244,1655,uniform_area,155,14.149652550923403
Madrid,working,Full,connectors_sun,41,Morning,1632,244,1655,uniform_area,156,14.34887180725574
Madrid,working,Full,connectors_sun,41,Morning,1632,244,1655,uniform_area,157,14.549338817985277
Madrid,working,Full,connectors_sun,41,Morning,1632,244,1655,uniform_area,158,14.753000891223236
Madrid,working,Full,connectors_sun,41,Morning,1632,244,1655,uniform_area,159,14.957066907806793
Madrid,working,Full,connectors_sun,41,Morning,1632,244,1655,uniform_area,160,15.163341012559206
Madrid,working,Full,connectors_sun,41,Morning,1632,244,1655,uniform_area,161,15.371515203850912
Madrid,working,Full,connectors_sun,41,Morning,1632,244,1655,uniform_area,162,15.580580846079235
Madrid,working,Full,connectors_sun,41,Morning,1632,244,1655,uniform_area,163,15.791067450066272
Madrid,working,Full,connectors_sun,41,Morning,1632,244,1655,uniform_area,164,16.00321214601048
Madrid,working,Full,connectors_sun,41,Morning,1632,244,1655,uniform_area,165,16.21671104462175
Madrid,working,Full,connectors_sun,41,Morning,1632,244,1655,uniform_area,166,16.432266386011563
Madrid,working,Full,connectors_sun,41,Morning,1632,244,1655,uniform_area,167,16.649082087272813
Madrid,working,Full,connectors_sun,41,Morning,1632,244,1655,uniform_area,168,16.87021329483877
Madrid,working,Full,connectors_sun,41,Morning,1632,244,1655,uniform_area,169,17.09199537550753
Madrid,working,Full,connectors_sun,41,Morning,1632,244,1655,uniform_area,170,17.316346095292474
Madrid,working,Full,connectors_sun,41,Morning,1632,244,1655,uniform_area,171,17.542375549636372
Madrid,working,Full,connectors_sun,41,Morning,1632,244,1655,uniform_area,172,17.77305704086726
Madrid,working,Full,connectors_sun,41,Morning,1632,244,1655,uniform_area,173,18.004422463886847
Madrid,working,Full,connectors_sun,41,Morning,1632,244,1655,uniform_area,174,18.238792361374305
Madrid,working,Full,connectors_sun,41,Morning,1632,244,1655,uniform_area,175,18.473360792092908
Madrid,working,Full,connectors_sun,41,Morning,1632,244,1655,uniform_area,176,18.709237472636445
Madrid,working,Full,connectors_sun,41,Morning,1632,244,1655,uniform_area,177,18.947588887902796
Madrid,working,Full,connectors_sun,41,Morning,1632,244,1655,uniform_area,178,19.187208779233885
Madrid,working,Full,connectors_sun,41,Morning,1632,244,1655,uniform_area,179,19.430584500617297
Madrid,working,Full,connectors_sun,41,Morning,1632,244,1655,uniform_area,180,19.678175305582798
Madrid,working,Full,connectors_sun,41,Morning,1632,244,1655,uniform_area,181,19.932030003384554
Madrid,working,Full,connectors_sun,41,Morning,1632,244,1655,uniform_area,182,20.1865424943828
Madrid,working,Full,connectors_sun,41,Morning,1632,244,1655,uniform_area,183,20.442604080576317
Madrid,working,Full,connectors_sun,41,Morning,1632,244,1655,uniform_area,184,20.70004705886835
Madrid,working,Full,connectors_sun,41,Morning,1632,244,1655,uniform_area,185,20.96065631053455
Madrid,working,Full,connectors_sun,41,Morning,1632,244,1655,uniform_area,186,21.224317197562165
Madrid,working,Full,connectors_sun,41,Morning,1632,244,1655,uniform_area,187,21.49440385907557
Madrid,working,Full,connectors_sun,41,Morning,1632,244,1655,uniform_area,188,21.76589025778507
Madrid,working,Full,connectors_sun,41,Morning,1632,244,1655,uniform_area,189,22.038211924765452
Madrid,working,Full,connectors_sun,41,Morning,1632,244,1655,uniform_area,190,22.315233844043114
Madrid,working,Full,connectors_sun,41,Morning,1632,244,1655,uniform_area,191,22.600492873937483
Madrid,working,Full,connectors_sun,41,Morning,1632,244,1655,uniform_area,192,22.886918723380198
Madrid,working,Full,connectors_sun,41,Morning,1632,244,1655,uniform_area,193,23.174333980733362
Madrid,working,Full,connectors_sun,41,Morning,1632,244,1655,uniform_area,194,23.46420622438252
Madrid,working,Full,connectors_sun,41,Morning,1632,244,1655,uniform_area,195,23.75754251872799
Madrid,working,Full,connectors_sun,41,Morning,1632,244,1655,uniform_area,196,24.052972008564264
Madrid,working,Full,connectors_sun,41,Morning,1632,244,1655,uniform_area,197,24.3527654196187
Madrid,working,Full,connectors_sun,41,Morning,1632,244,1655,uniform_area,198,24.653355046888805
Madrid,working,Full,connectors_sun,41,Morning,1632,244,1655,uniform_area,199,24.958031687740935
Madrid,working,Full,connectors_sun,41,Morning,1632,244,1655,uniform_area,200,25.263947058459966
Madrid,working,Full,connectors_sun,41,Morning,1632,244,1655,uniform_area,201,25.576456459302552
Madrid,working,Full,connectors_sun,41,Morning,1632,244,1655,uniform_area,202,25.892439085228965
Madrid,working,Full,connectors_sun,41,Morning,1632,244,1655,uniform_area,203,26.208913357747566
Madrid,working,Full,connectors_sun,41,Morning,1632,244,1655,uniform_area,204,26.525900715634045
Madrid,working,Full,connectors_sun,41,Morning,1632,244,1655,uniform_area,205,26.845598135558355
Madrid,working,Full,connectors_sun,41,Morning,1632,244,1655,uniform_area,206,27.16677712391281
Madrid,working,Full,connectors_sun,41,Morning,1632,244,1655,uniform_area,207,27.493300848049827
Madrid,working,Full,connectors_sun,41,Morning,1632,244,1655,uniform_area,208,27.8232347800126
Madrid,working,Full,connectors_sun,41,Morning,1632,244,1655,uniform_area,209,28.154958420859863
Madrid,working,Full,connectors_sun,41,Morning,1632,244,1655,uniform_area,210,28.48886165126245
Madrid,working,Full,connectors_sun,41,Morning,1632,244,1655,uniform_area,211,28.833554452334752
Madrid,working,Full,connectors_sun,41,Morning,1632,244,1655,uniform_area,212,29.1789180777458
Madrid,working,Full,connectors_sun,41,Morning,1632,244,1655,uniform_area,213,29.527194854820713
Madrid,working,Full,connectors_sun,41,Morning,1632,244,1655,uniform_area,214,29.87713643800772
Madrid,working,Full,connectors_sun,41,Morning,1632,244,1655,uniform_area,215,30.229201944769926
Madrid,working,Full,connectors_sun,41,Morning,1632,244,1655,uniform_area,216,30.585593006544702
Madrid,working,Full,connectors_sun,41,Morning,1632,244,1655,uniform_area,217,30.94229922080444
Madrid,working,Full,connectors_sun,41,Morning,1632,244,1655,uniform_area,218,31.328408445172307
Madrid,working,Full,connectors_sun,41,Morning,1632,244,1655,uniform_area,219,31.715081651199593
Madrid,working,Full,connectors_sun,41,Morning,1632,244,1655,uniform_area,220,32.11287217942021
Madrid,working,Full,connectors_sun,41,Morning,1632,244,1655,uniform_area,221,32.51252560568675
Madrid,working,Full,connectors_sun,41,Morning,1632,244,1655,uniform_area,222,32.913170313538615
Madrid,working,Full,connectors_sun,41,Morning,1632,244,1655,uniform_area,223,33.31500084890175
Madrid,working,Full,connectors_sun,41,Morning,1632,244,1655,uniform_area,224,33.725970479033755
Madrid,working,Full,connectors_sun,41,Morning,1632,244,1655,uniform_area,225,34.14524621753867
Madrid,working,Full,connectors_sun,41,Morning,1632,244,1655,uniform_area,226,34.57298321260432
Madrid,working,Full,connectors_sun,41,Morning,1632,244,1655,uniform_area,227,35.01043974816599
Madrid,working,Full,connectors_sun,41,Morning,1632,244,1655,uniform_area,228,35.462140106454314
Madrid,working,Full,connectors_sun,41,Morning,1632,244,1655,uniform_area,229,35.915858834594424
Madrid,working,Full,connectors_sun,41,Morning,1632,244,1655,uniform_area,230,36.372409709677456
Madrid,working,Full,connectors_sun,41,Morning,1632,244,1655,uniform_area,231,36.8298998989889
Madrid,working,Full,connectors_sun,41,Morning,1632,244,1655,uniform_area,232,37.3078734175892
Madrid,working,Full,connectors_sun,41,Morning,1632,244,1655,uniform_area,233,37.79830243736011
Madrid,working,Full,connectors_sun,41,Morning,1632,244,1655,uniform_area,234,38.29758689609215
Madrid,working,Full,connectors_sun,41,Morning,1632,244,1655,uniform_area,235,38.802001420603396
Madrid,working,Full,connectors_sun,41,Morning,1632,244,1655,uniform_area,236,39.3086546050751
Madrid,working,Full,connectors_sun,41,Morning,1632,244,1655,uniform_area,237,39.81880940016172
Madrid,working,Full,connectors_sun,41,Morning,1632,244,1655,uniform_area,238,40.33135874624712
Madrid,working,Full,connectors_sun,41,Morning,1632,244,1655,uniform_area,239,40.87397923394635
Madrid,working,Full,connectors_sun,41,Morning,1632,244,1655,uniform_area,240,41.437033949252
Madrid,working,Full,connectors_sun,41,Morning,1632,244,1655,uniform_area,241,42.07262507369163
Madrid,working,Full,connectors_sun,41,Morning,1632,244,1655,uniform_area,242,42.71714942310098
Madrid,working,Full,connectors_sun,41,Morning,1632,244,1655,uniform_area,243,43.39339424449066
Madrid,working,Full,connectors_sun,41,Morning,1632,244,1655,uniform_area,244,44.10164175485529
Madrid,working,Full,connectors_sun,41,Afternoon,1632,244,1656,local,0,0.0
Madrid,working,Full,connectors_sun,41,Afternoon,1632,244,1656,local,1,0.0006396735848675976
Madrid,working,Full,connectors_sun,41,Afternoon,1632,244,1656,local,2,0.0014278352487276896
Madrid,working,Full,connectors_sun,41,Afternoon,1632,244,1656,local,3,0.0033311056810230418
Madrid,working,Full,connectors_sun,41,Afternoon,1632,244,1656,local,4,0.005966169597931208
Madrid,working,Full,connectors_sun,41,Afternoon,1632,244,1656,local,5,0.009078269976756481
Madrid,working,Full,connectors_sun,41,Afternoon,1632,244,1656,local,6,0.014283300808535668
Madrid,working,Full,connectors_sun,41,Afternoon,1632,244,1656,local,7,0.02020189070028025
Madrid,working,Full,connectors_sun,41,Afternoon,1632,244,1656,local,8,0.02636429377858515
Madrid,working,Full,connectors_sun,41,Afternoon,1632,244,1656,local,9,0.033114877015101594
Madrid,working,Full,connectors_sun,41,Afternoon,1632,244,1656,local,10,0.04079314919840938
Madrid,working,Full,connectors_sun,41,Afternoon,1632,244,1656,local,11,0.049363349991860365
Madrid,working,Full,connectors_sun,41,Afternoon,1632,244,1656,local,12,0.058601769675323975
Madrid,working,Full,connectors_sun,41,Afternoon,1632,244,1656,local,13,0.06794464559707537
Madrid,working,Full,connectors_sun,41,Afternoon,1632,244,1656,local,14,0.07785112642872763
Madrid,working,Full,connectors_sun,41,Afternoon,1632,244,1656,local,15,0.08858980739275252
Madrid,working,Full,connectors_sun,41,Afternoon,1632,244,1656,local,16,0.10156584205423973
Madrid,working,Full,connectors_sun,41,Afternoon,1632,244,1656,local,17,0.114992926869065
Madrid,working,Full,connectors_sun,41,Afternoon,1632,244,1656,local,18,0.12856645309585377
Madrid,working,Full,connectors_sun,41,Afternoon,1632,244,1656,local,19,0.14234448828375731
Madrid,working,Full,connectors_sun,41,Afternoon,1632,244,1656,local,20,0.15686954898401567
Madrid,working,Full,connectors_sun,41,Afternoon,1632,244,1656,local,21,0.17169218433329833
Madrid,working,Full,connectors_sun,41,Afternoon,1632,244,1656,local,22,0.18685802811343977
Madrid,working,Full,connectors_sun,41,Afternoon,1632,244,1656,local,23,0.20362920248464728
Madrid,working,Full,connectors_sun,41,Afternoon,1632,244,1656,local,24,0.22171664224025026
Madrid,working,Full,connectors_sun,41,Afternoon,1632,244,1656,local,25,0.24037226141865392
Madrid,working,Full,connectors_sun,41,Afternoon,1632,244,1656,local,26,0.2603770000244089
Madrid,working,Full,connectors_sun,41,Afternoon,1632,244,1656,local,27,0.28128426709322196
Madrid,working,Full,connectors_sun,41,Afternoon,1632,244,1656,local,28,0.30342713117289544
Madrid,working,Full,connectors_sun,41,Afternoon,1632,244,1656,local,29,0.3260160573178036
Madrid,working,Full,connectors_sun,41,Afternoon,1632,244,1656,local,30,0.3506492339933936
Madrid,working,Full,connectors_sun,41,Afternoon,1632,244,1656,local,31,0.3759050759736349
Madrid,working,Full,connectors_sun,41,Afternoon,1632,244,1656,local,32,0.40171351142400247
Madrid,working,Full,connectors_sun,41,Afternoon,1632,244,1656,local,33,0.4298997723173644
Madrid,working,Full,connectors_sun,41,Afternoon,1632,244,1656,local,34,0.45888243854185057
Madrid,working,Full,connectors_sun,41,Afternoon,1632,244,1656,local,35,0.48830952711193976
Madrid,working,Full,connectors_sun,41,Afternoon,1632,244,1656,local,36,0.5191268314940386
Madrid,working,Full,connectors_sun,41,Afternoon,1632,244,1656,local,37,0.5504099169949539
Madrid,working,Full,connectors_sun,41,Afternoon,1632,244,1656,local,38,0.5823396511855998
Madrid,working,Full,connectors_sun,41,Afternoon,1632,244,1656,local,39,0.6150151502795698
Madrid,working,Full,connectors_sun,41,Afternoon,1632,244,1656,local,40,0.6482238432504162
Madrid,working,Full,connectors_sun,41,Afternoon,1632,244,1656,local,41,0.6818830541616406
Madrid,working,Full,connectors_sun,41,Afternoon,1632,244,1656,local,42,0.7161958033687383
Madrid,working,Full,connectors_sun,41,Afternoon,1632,244,1656,local,43,0.7506184933250283
Madrid,working,Full,connectors_sun,41,Afternoon,1632,244,1656,local,44,0.7853762441481257
Madrid,working,Full,connectors_sun,41,Afternoon,1632,244,1656,local,45,0.820872605156094
Madrid,working,Full,connectors_sun,41,Afternoon,1632,244,1656,local,46,0.8576626327124134
Madrid,working,Full,connectors_sun,41,Afternoon,1632,244,1656,local,47,0.8950109006310513
Madrid,working,Full,connectors_sun,41,Afternoon,1632,244,1656,local,48,0.9330875964335332
Madrid,working,Full,connectors_sun,41,Afternoon,1632,244,1656,local,49,0.9713673338004972
Madrid,working,Full,connectors_sun,41,Afternoon,1632,244,1656,local,50,1.0101138351901648
Madrid,working,Full,connectors_sun,41,Afternoon,1632,244,1656,local,51,1.0492732417112982
Madrid,working,Full,connectors_sun,41,Afternoon,1632,244,1656,local,52,1.0886108766103053
Madrid,working,Full,connectors_sun,41,Afternoon,1632,244,1656,local,53,1.1295055346609018
Madrid,working,Full,connectors_sun,41,Afternoon,1632,244,1656,local,54,1.1705942867355315
Madrid,working,Full,connectors_sun,41,Afternoon,1632,244,1656,local,55,1.2118693146721882
Madrid,working,Full,connectors_sun,41,Afternoon,1632,244,1656,local,56,1.2544388290170156
Madrid,working,Full,connectors_sun,41,Afternoon,1632,244,1656,local,57,1.2972500542077876
Madrid,working,Full,connectors_sun,41,Afternoon,1632,244,1656,local,58,1.341549940690024
Madrid,working,Full,connectors_sun,41,Afternoon,1632,244,1656,local,59,1.386642880158227
Madrid,working,Full,connectors_sun,41,Afternoon,1632,244,1656,local,60,1.4324670941536974
Madrid,working,Full,connectors_sun,41,Afternoon,1632,244,1656,local,61,1.4789691055469207
Madrid,working,Full,connectors_sun,41,Afternoon,1632,244,1656,local,62,1.5255851762090655
Madrid,working,Full,connectors_sun,41,Afternoon,1632,244,1656,local,63,1.5740105310130992
Madrid,working,Full,connectors_sun,41,Afternoon,1632,244,1656,local,64,1.623180750001385
Madrid,working,Full,connectors_sun,41,Afternoon,1632,244,1656,local,65,1.672782298101093
Madrid,working,Full,connectors_sun,41,Afternoon,1632,244,1656,local,66,1.7226973017399416
Madrid,working,Full,connectors_sun,41,Afternoon,1632,244,1656,local,67,1.7751694329045102
Madrid,working,Full,connectors_sun,41,Afternoon,1632,244,1656,local,68,1.828080152618312
Madrid,working,Full,connectors_sun,41,Afternoon,1632,244,1656,local,69,1.8820160894697604
Madrid,working,Full,connectors_sun,41,Afternoon,1632,244,1656,local,70,1.9368557080228166
Madrid,working,Full,connectors_sun,41,Afternoon,1632,244,1656,local,71,1.9926333018802753
Madrid,working,Full,connectors_sun,41,Afternoon,1632,244,1656,local,72,2.0488964270608245
Madrid,working,Full,connectors_sun,41,Afternoon,1632,244,1656,local,73,2.106380265184398
Madrid,working,Full,connectors_sun,41,Afternoon,1632,244,1656,local,74,2.1654493542927145
Madrid,working,Full,connectors_sun,41,Afternoon,1632,244,1656,local,75,2.224552018549468
Madrid,working,Full,connectors_sun,41,Afternoon,1632,244,1656,local,76,2.2839798695650617
Madrid,working,Full,connectors_sun,41,Afternoon,1632,244,1656,local,77,2.343726669909633
Madrid,working,Full,connectors_sun,41,Afternoon,1632,244,1656,local,78,2.4040726121436324
Madrid,working,Full,connectors_sun,41,Afternoon,1632,244,1656,local,79,2.465337020067175
Madrid,working,Full,connectors_sun,41,Afternoon,1632,244,1656,local,80,2.5277133567370007
Madrid,working,Full,connectors_sun,41,Afternoon,1632,244,1656,local,81,2.5904863524559665
Madrid,working,Full,connectors_sun,41,Afternoon,1632,244,1656,local,82,2.654167316079804
Madrid,working,Full,connectors_sun,41,Afternoon,1632,244,1656,local,83,2.718053321540494
Madrid,working,Full,connectors_sun,41,Afternoon,1632,244,1656,local,84,2.7827941133767697
Madrid,working,Full,connectors_sun,41,Afternoon,1632,244,1656,local,85,2.8482752326628975
Madrid,working,Full,connectors_sun,41,Afternoon,1632,244,1656,local,86,2.9149404442659574
Madrid,working,Full,connectors_sun,41,Afternoon,1632,244,1656,local,87,2.9824546402617007
Madrid,working,Full,connectors_sun,41,Afternoon,1632,244,1656,local,88,3.050661077636604
Madrid,working,Full,connectors_sun,41,Afternoon,1632,244,1656,local,89,3.1191943620361853
Madrid,working,Full,connectors_sun,41,Afternoon,1632,244,1656,local,90,3.1879121752076744
Madrid,working,Full,connectors_sun,41,Afternoon,1632,244,1656,local,91,3.2573109492295567
Madrid,working,Full,connectors_sun,41,Afternoon,1632,244,1656,local,92,3.3273751299626215
Madrid,working,Full,connectors_sun,41,Afternoon,1632,244,1656,local,93,3.3975420483434315
Madrid,working,Full,connectors_sun,41,Afternoon,1632,244,1656,local,94,3.4684010927795415
Madrid,working,Full,connectors_sun,41,Afternoon,1632,244,1656,local,95,3.5396742572242776
Madrid,working,Full,connectors_sun,41,Afternoon,1632,244,1656,local,96,3.611319871324835
Madrid,working,Full,connectors_sun,41,Afternoon,1632,244,1656,local,97,3.6831626560777746
Madrid,working,Full,connectors_sun,41,Afternoon,1632,244,1656,local,98,3.755478411795368
Madrid,working,Full,connectors_sun,41,Afternoon,1632,244,1656,local,99,3.827979433297089
Madrid,working,Full,connectors_sun,41,Afternoon,1632,244,1656,local,100,3.9020599554975592
Madrid,working,Full,connectors_sun,41,Afternoon,1632,244,1656,local,101,3.9771186340868407
Madrid,working,Full,connectors_sun,41,Afternoon,1632,244,1656,local,102,4.052313541299145
Madrid,working,Full,connectors_sun,41,Afternoon,1632,244,1656,local,103,4.128999359280851
Madrid,working,Full,connectors_sun,41,Afternoon,1632,244,1656,local,104,4.207541887345491
Madrid,working,Full,connectors_sun,41,Afternoon,1632,244,1656,local,105,4.286288928347934
Madrid,working,Full,connectors_sun,41,Afternoon,1632,244,1656,local,106,4.36569630181196
Madrid,working,Full,connectors_sun,41,Afternoon,1632,244,1656,local,107,4.445836965319589
Madrid,working,Full,connectors_sun,41,Afternoon,1632,244,1656,local,108,4.5265336634551225
Madrid,working,Full,connectors_sun,41,Afternoon,1632,244,1656,local,109,4.6076766410479815
Madrid,working,Full,connectors_sun,41,Afternoon,1632,244,1656,local,110,4.689658144352924
Madrid,working,Full,connectors_sun,41,Afternoon,1632,244,1656,local,111,4.7726710226916875
Madrid,working,Full,connectors_sun,41,Afternoon,1632,244,1656,local,112,4.8560453975712
Madrid,working,Full,connectors_sun,41,Afternoon,1632,244,1656,local,113,4.940553861934942
Madrid,working,Full,connectors_sun,41,Afternoon,1632,244,1656,local,114,5.027785768055096
Madrid,working,Full,connectors_sun,41,Afternoon,1632,244,1656,local,115,5.1166328961065775
Madrid,working,Full,connectors_sun,41,Afternoon,1632,244,1656,local,116,5.205936660890543
Madrid,working,Full,connectors_sun,41,Afternoon,1632,244,1656,local,117,5.2953575211421455
Madrid,working,Full,connectors_sun,41,Afternoon,1632,244,1656,local,118,5.385092889428771
Madrid,working,Full,connectors_sun,41,Afternoon,1632,244,1656,local,119,5.475059843922236
Madrid,working,Full,connectors_sun,41,Afternoon,1632,244,1656,local,120,5.566023291960177
Madrid,working,Full,connectors_sun,41,Afternoon,1632,244,1656,local,121,5.657896952741469
Madrid,working,Full,connectors_sun,41,Afternoon,1632,244,1656,local,122,5.7501737585445465
Madrid,working,Full,connectors_sun,41,Afternoon,1632,244,1656,local,123,5.843733707262857
Madrid,working,Full,connectors_sun,41,Afternoon,1632,244,1656,local,124,5.938978976921043
Madrid,working,Full,connectors_sun,41,Afternoon,1632,244,1656,local,125,6.035290688018224
Madrid,working,Full,connectors_sun,41,Afternoon,1632,244,1656,local,126,6.132408699763483
Madrid,working,Full,connectors_sun,41,Afternoon,1632,244,1656,local,127,6.229786009905294
Madrid,working,Full,connectors_sun,41,Afternoon,1632,244,1656,local,128,6.327311476735711
Madrid,working,Full,connectors_sun,41,Afternoon,1632,244,1656,local,129,6.42693423246545
Madrid,working,Full,connectors_sun,41,Afternoon,1632,244,1656,local,130,6.526982965351864
Madrid,working,Full,connectors_sun,41,Afternoon,1632,244,1656,local,131,6.627415326354616
Madrid,working,Full,connectors_sun,41,Afternoon,1632,244,1656,local,132,6.728584316490509
Madrid,working,Full,connectors_sun,41,Afternoon,1632,244,1656,local,133,6.830067815324199
Madrid,working,Full,connectors_sun,41,Afternoon,1632,244,1656,local,134,6.9324172272971
Madrid,working,Full,connectors_sun,41,Afternoon,1632,244,1656,local,135,7.035126034795698
Madrid,working,Full,connectors_sun,41,Afternoon,1632,244,1656,local,136,7.138040215521535
Madrid,working,Full,connectors_sun,41,Afternoon,1632,244,1656,local,137,7.241336482735642
Madrid,working,Full,connectors_sun,41,Afternoon,1632,244,1656,local,138,7.345716358073573
Madrid,working,Full,connectors_sun,41,Afternoon,1632,244,1656,local,139,7.450397129254982
Madrid,working,Full,connectors_sun,41,Afternoon,1632,244,1656,local,140,7.556297809426334
Madrid,working,Full,connectors_sun,41,Afternoon,1632,244,1656,local,141,7.662540077529549
Madrid,working,Full,connectors_sun,41,Afternoon,1632,244,1656,local,142,7.770058919064959
Madrid,working,Full,connectors_sun,41,Afternoon,1632,244,1656,local,143,7.878447232872345
Madrid,working,Full,connectors_sun,41,Afternoon,1632,244,1656,local,144,7.98794990915701
Madrid,working,Full,connectors_sun,41,Afternoon,1632,244,1656,local,145,8.100234436742111
Madrid,working,Full,connectors_sun,41,Afternoon,1632,244,1656,local,146,8.212943006164023
Madrid,working,Full,connectors_sun,41,Afternoon,1632,244,1656,local,147,8.326513235660917
Madrid,working,Full,connectors_sun,41,Afternoon,1632,244,1656,local,148,8.440594445937055
Madrid,working,Full,connectors_sun,41,Afternoon,1632,244,1656,local,149,8.555641791747108
Madrid,working,Full,connectors_sun,41,Afternoon,1632,244,1656,local,150,8.675274427935847
Madrid,working,Full,connectors_sun,41,Afternoon,1632,244,1656,local,151,8.795672452641062
Madrid,working,Full,connectors_sun,41,Afternoon,1632,244,1656,local,152,8.916646191260913
Madrid,working,Full,connectors_sun,41,Afternoon,1632,244,1656,local,153,9.038575053974903
Madrid,working,Full,connectors_sun,41,Afternoon,1632,244,1656,local,154,9.161726793611145
Madrid,working,Full,connectors_sun,41,Afternoon,1632,244,1656,local,155,9.285973457690137
Madrid,working,Full,connectors_sun,41,Afternoon,1632,244,1656,local,156,9.412283589628345
Madrid,working,Full,connectors_sun,41,Afternoon,1632,244,1656,local,157,9.541573306220252
Madrid,working,Full,connectors_sun,41,Afternoon,1632,244,1656,local,158,9.670941527869251
Madrid,working,Full,connectors_sun,41,Afternoon,1632,244,1656,local,159,9.801084016645971
Madrid,working,Full,connectors_sun,41,Afternoon,1632,244,1656,local,160,9.93202921313619
Madrid,working,Full,connectors_sun,41,Afternoon,1632,244,1656,local,161,10.064197551660968
Madrid,working,Full,connectors_sun,41,Afternoon,1632,244,1656,local,162,10.197659291621788
Madrid,working,Full,connectors_sun,41,Afternoon,1632,244,1656,local,163,10.33296881599687
Madrid,working,Full,connectors_sun,41,Afternoon,1632,244,1656,local,164,10.470424956730358
Madrid,working,Full,connectors_sun,41,Afternoon,1632,244,1656,local,165,10.608699570743616
Madrid,working,Full,connectors_sun,41,Afternoon,1632,244,1656,local,166,10.748988835498205
Madrid,working,Full,connectors_sun,41,Afternoon,1632,244,1656,local,167,10.890339749786794
Madrid,working,Full,connectors_sun,41,Afternoon,1632,244,1656,local,168,11.03334865458727
Madrid,working,Full,connectors_sun,41,Afternoon,1632,244,1656,local,169,11.178559276688555
Madrid,working,Full,connectors_sun,41,Afternoon,1632,244,1656,local,170,11.32463456722676
Madrid,working,Full,connectors_sun,41,Afternoon,1632,244,1656,local,171,11.470902164932037
Madrid,working,Full,connectors_sun,41,Afternoon,1632,244,1656,local,172,11.617961529828582
Madrid,working,Full,connectors_sun,41,Afternoon,1632,244,1656,local,173,11.767901286945447
Madrid,working,Full,connectors_sun,41,Afternoon,1632,244,1656,local,174,11.918361146693346
Madrid,working,Full,connectors_sun,41,Afternoon,1632,244,1656,local,175,12.069428956024376
Madrid,working,Full,connectors_sun,41,Afternoon,1632,244,1656,local,176,12.222070067728353
Madrid,working,Full,connectors_sun,41,Afternoon,1632,244,1656,local,177,12.375644990485128
Madrid,working,Full,connectors_sun,41,Afternoon,1632,244,1656,local,178,12.532473280040422
Madrid,working,Full,connectors_sun,41,Afternoon,1632,244,1656,local,179,12.691088389446053
Madrid,working,Full,connectors_sun,41,Afternoon,1632,244,1656,local,180,12.850111655158909
Madrid,working,Full,connectors_sun,41,Afternoon,1632,244,1656,local,181,13.009317699902436
Madrid,working,Full,connectors_sun,41,Afternoon,1632,244,1656,local,182,13.170160579858324
Madrid,working,Full,connectors_sun,41,Afternoon,1632,244,1656,local,183,13.331334192722569
Madrid,working,Full,connectors_sun,41,Afternoon,1632,244,1656,local,184,13.49460995664589
Madrid,working,Full,connectors_sun,41,Afternoon,1632,244,1656,local,185,13.658370514217305
Madrid,working,Full,connectors_sun,41,Afternoon,1632,244,1656,local,186,13.823517872954174
Madrid,working,Full,connectors_sun,41,Afternoon,1632,244,1656,local,187,13.989497465625236
Madrid,working,Full,connectors_sun,41,Afternoon,1632,244,1656,local,188,14.156257923406619
Madrid,working,Full,connectors_sun,41,Afternoon,1632,244,1656,local,189,14.324848373915179
Madrid,working,Full,connectors_sun,41,Afternoon,1632,244,1656,local,190,14.494117562307414
Madrid,working,Full,connectors_sun,41,Afternoon,1632,244,1656,local,191,14.664547843860936
Madrid,working,Full,connectors_sun,41,Afternoon,1632,244,1656,local,192,14.83572578719636
Madrid,working,Full,connectors_sun,41,Afternoon,1632,244,1656,local,193,15.007925753728896
Madrid,working,Full,connectors_sun,41,Afternoon,1632,244,1656,local,194,15.182410438261318
Madrid,working,Full,connectors_sun,41,Afternoon,1632,244,1656,local,195,15.359685313201878
Madrid,working,Full,connectors_sun,41,Afternoon,1632,244,1656,local,196,15.53808985157666
Madrid,working,Full,connectors_sun,41,Afternoon,1632,244,1656,local,197,15.717280307439605
Madrid,working,Full,connectors_sun,41,Afternoon,1632,244,1656,local,198,15.89859366470209
Madrid,working,Full,connectors_sun,41,Afternoon,1632,244,1656,local,199,16.082443526403736
Madrid,working,Full,connectors_sun,41,Afternoon,1632,244,1656,local,200,16.267085433001803
Madrid,working,Full,connectors_sun,41,Afternoon,1632,244,1656,local,201,16.45214184070744
Madrid,working,Full,connectors_sun,41,Afternoon,1632,244,1656,local,202,16.638678644828293
Madrid,working,Full,connectors_sun,41,Afternoon,1632,244,1656,local,203,16.827295278877322
Madrid,working,Full,connectors_sun,41,Afternoon,1632,244,1656,local,204,17.016704820100557
Madrid,working,Full,connectors_sun,41,Afternoon,1632,244,1656,local,205,17.20822141165835
Madrid,working,Full,connectors_sun,41,Afternoon,1632,244,1656,local,206,17.400884945345133
Madrid,working,Full,connectors_sun,41,Afternoon,1632,244,1656,local,207,17.59844981973648
Madrid,working,Full,connectors_sun,41,Afternoon,1632,244,1656,local,208,17.797455264046345
Madrid,working,Full,connectors_sun,41,Afternoon,1632,244,1656,local,209,17.997774909178485
Madrid,working,Full,connectors_sun,41,Afternoon,1632,244,1656,local,210,18.201784016939882
Madrid,working,Full,connectors_sun,41,Afternoon,1632,244,1656,local,211,18.40697088149678
Madrid,working,Full,connectors_sun,41,Afternoon,1632,244,1656,local,212,18.613768816326253
Madrid,working,Full,connectors_sun,41,Afternoon,1632,244,1656,local,213,18.8222442433291
Madrid,working,Full,connectors_sun,41,Afternoon,1632,244,1656,local,214,19.035475325194614
Madrid,working,Full,connectors_sun,41,Afternoon,1632,244,1656,local,215,19.249298665971224
Madrid,working,Full,connectors_sun,41,Afternoon,1632,244,1656,local,216,19.46362324862638
Madrid,working,Full,connectors_sun,41,Afternoon,1632,244,1656,local,217,19.67826594948344
Madrid,working,Full,connectors_sun,41,Afternoon,1632,244,1656,local,218,19.896453763293895
Madrid,working,Full,connectors_sun,41,Afternoon,1632,244,1656,local,219,20.117839323340313
Madrid,working,Full,connectors_sun,41,Afternoon,1632,244,1656,local,220,20.341725255669243
Madrid,working,Full,connectors_sun,41,Afternoon,1632,244,1656,local,221,20.566230026406632
Madrid,working,Full,connectors_sun,41,Afternoon,1632,244,1656,local,222,20.792276441130536
Madrid,working,Full,connectors_sun,41,Afternoon,1632,244,1656,local,223,21.018985565710665
Madrid,working,Full,connectors_sun,41,Afternoon,1632,244,1656,local,224,21.24654468343582
Madrid,working,Full,connectors_sun,41,Afternoon,1632,244,1656,local,225,21.48085221776714
Madrid,working,Full,connectors_sun,41,Afternoon,1632,244,1656,local,226,21.71527064327527
Madrid,working,Full,connectors_sun,41,Afternoon,1632,244,1656,local,227,21.95097256628636
Madrid,working,Full,connectors_sun,41,Afternoon,1632,244,1656,local,228,22.188554765876347
Madrid,working,Full,connectors_sun,41,Afternoon,1632,244,1656,local,229,22.426438819028043
Madrid,working,Full,connectors_sun,41,Afternoon,1632,244,1656,local,230,22.668176451921408
Madrid,working,Full,connectors_sun,41,Afternoon,1632,244,1656,local,231,22.912662056087612
Madrid,working,Full,connectors_sun,41,Afternoon,1632,244,1656,local,232,23.161780879624157
Madrid,working,Full,connectors_sun,41,Afternoon,1632,244,1656,local,233,23.412841510318295
Madrid,working,Full,connectors_sun,41,Afternoon,1632,244,1656,local,234,23.664510783864262
Madrid,working,Full,connectors_sun,41,Afternoon,1632,244,1656,local,235,23.91960558151471
Madrid,working,Full,connectors_sun,41,Afternoon,1632,244,1656,local,236,24.175316600252344
Madrid,working,Full,connectors_sun,41,Afternoon,1632,244,1656,local,237,24.449527488000456
Madrid,working,Full,connectors_sun,41,Afternoon,1632,244,1656,local,238,24.730209763909706
Madrid,working,Full,connectors_sun,41,Afternoon,1632,244,1656,local,239,25.02045070257946
Madrid,working,Full,connectors_sun,41,Afternoon,1632,244,1656,local,240,25.327333717192964
Madrid,working,Full,connectors_sun,41,Afternoon,1632,244,1656,local,241,25.648583910173056
Madrid,working,Full,connectors_sun,41,Afternoon,1632,244,1656,local,242,25.976124192935846
Madrid,working,Full,connectors_sun,41,Afternoon,1632,244,1656,local,243,26.316419140918914
Madrid,working,Full,connectors_sun,41,Afternoon,1632,244,1656,local,244,26.69019756879329
Madrid,working,Full,connectors_sun,41,Afternoon,1632,244,1656,regional,0,0.0
Madrid,working,Full,connectors_sun,41,Afternoon,1632,244,1656,regional,1,0.0006883338101974296
Madrid,working,Full,connectors_sun,41,Afternoon,1632,244,1656,regional,2,0.002984865896585606
Madrid,working,Full,connectors_sun,41,Afternoon,1632,244,1656,regional,3,0.0059772357627200234
Madrid,working,Full,connectors_sun,41,Afternoon,1632,244,1656,regional,4,0.009856981107195805
Madrid,working,Full,connectors_sun,41,Afternoon,1632,244,1656,regional,5,0.014563587454396272
Madrid,working,Full,connectors_sun,41,Afternoon,1632,244,1656,regional,6,0.020084842669176085
Madrid,working,Full,connectors_sun,41,Afternoon,1632,244,1656,regional,7,0.025748135040386047
Madrid,working,Full,connectors_sun,41,Afternoon,1632,244,1656,regional,8,0.03190908183765618
Madrid,working,Full,connectors_sun,41,Afternoon,1632,244,1656,regional,9,0.0384895394147521
Madrid,working,Full,connectors_sun,41,Afternoon,1632,244,1656,regional,10,0.04542244815236691
Madrid,working,Full,connectors_sun,41,Afternoon,1632,244,1656,regional,11,0.05421591019710412
Madrid,working,Full,connectors_sun,41,Afternoon,1632,244,1656,regional,12,0.0637818129338557
Madrid,working,Full,connectors_sun,41,Afternoon,1632,244,1656,regional,13,0.07391619029711946
Madrid,working,Full,connectors_sun,41,Afternoon,1632,244,1656,regional,14,0.08448924371597838
Madrid,working,Full,connectors_sun,41,Afternoon,1632,244,1656,regional,15,0.09576338266769784
Madrid,working,Full,connectors_sun,41,Afternoon,1632,244,1656,regional,16,0.10750710625314532
Madrid,working,Full,connectors_sun,41,Afternoon,1632,244,1656,regional,17,0.11930683915519215
Madrid,working,Full,connectors_sun,41,Afternoon,1632,244,1656,regional,18,0.13121300503386416
Madrid,working,Full,connectors_sun,41,Afternoon,1632,244,1656,regional,19,0.14379753425632058
Madrid,working,Full,connectors_sun,41,Afternoon,1632,244,1656,regional,20,0.15719294250758295
Madrid,working,Full,connectors_sun,41,Afternoon,1632,244,1656,regional,21,0.17135020601337858
Madrid,working,Full,connectors_sun,41,Afternoon,1632,244,1656,regional,22,0.18584667962521284
Madrid,working,Full,connectors_sun,41,Afternoon,1632,244,1656,regional,23,0.2013852871765568
Madrid,working,Full,connectors_sun,41,Afternoon,1632,244,1656,regional,24,0.21839909790614018
Madrid,working,Full,connectors_sun,41,Afternoon,1632,244,1656,regional,25,0.23548327653487328
Madrid,working,Full,connectors_sun,41,Afternoon,1632,244,1656,regional,26,0.2530017841011371
Madrid,working,Full,connectors_sun,41,Afternoon,1632,244,1656,regional,27,0.2708532727116517
Madrid,working,Full,connectors_sun,41,Afternoon,1632,244,1656,regional,28,0.29176500680147677
Madrid,working,Full,connectors_sun,41,Afternoon,1632,244,1656,regional,29,0.3136836726966084
Madrid,working,Full,connectors_sun,41,Afternoon,1632,244,1656,regional,30,0.3381853764411147
Madrid,working,Full,connectors_sun,41,Afternoon,1632,244,1656,regional,31,0.3645733525085733
Madrid,working,Full,connectors_sun,41,Afternoon,1632,244,1656,regional,32,0.3919990591904429
Madrid,working,Full,connectors_sun,41,Afternoon,1632,244,1656,regional,33,0.41973628111999156
Madrid,working,Full,connectors_sun,41,Afternoon,1632,244,1656,regional,34,0.44823085182253786
Madrid,working,Full,connectors_sun,41,Afternoon,1632,244,1656,regional,35,0.4773641255250508
Madrid,working,Full,connectors_sun,41,Afternoon,1632,244,1656,regional,36,0.5066792408823194
Madrid,working,Full,connectors_sun,41,Afternoon,1632,244,1656,regional,37,0.5371807584241135
Madrid,working,Full,connectors_sun,41,Afternoon,1632,244,1656,regional,38,0.5685610193664822
Madrid,working,Full,connectors_sun,41,Afternoon,1632,244,1656,regional,39,0.6002762464532615
Madrid,working,Full,connectors_sun,41,Afternoon,1632,244,1656,regional,40,0.6324904577583768
Madrid,working,Full,connectors_sun,41,Afternoon,1632,244,1656,regional,41,0.665010815547624
Madrid,working,Full,connectors_sun,41,Afternoon,1632,244,1656,regional,42,0.6983842929429422
Madrid,working,Full,connectors_sun,41,Afternoon,1632,244,1656,regional,43,0.731903600477535
Madrid,working,Full,connectors_sun,41,Afternoon,1632,244,1656,regional,44,0.766286213655119
Madrid,working,Full,connectors_sun,41,Afternoon,1632,244,1656,regional,45,0.8014321639691301
Madrid,working,Full,connectors_sun,41,Afternoon,1632,244,1656,regional,46,0.8369226243817727
Madrid,working,Full,connectors_sun,41,Afternoon,1632,244,1656,regional,47,0.8728880322403619
Madrid,working,Full,connectors_sun,41,Afternoon,1632,244,1656,regional,48,0.9089270878437945
Madrid,working,Full,connectors_sun,41,Afternoon,1632,244,1656,regional,49,0.945366686667789
Madrid,working,Full,connectors_sun,41,Afternoon,1632,244,1656,regional,50,0.9823373903763928
Madrid,working,Full,connectors_sun,41,Afternoon,1632,244,1656,regional,51,1.0209224447169034
Madrid,working,Full,connectors_sun,41,Afternoon,1632,244,1656,regional,52,1.0597493387443402
Madrid,working,Full,connectors_sun,41,Afternoon,1632,244,1656,regional,53,1.0992893399971306
Madrid,working,Full,connectors_sun,41,Afternoon,1632,244,1656,regional,54,1.140084925695828
Madrid,working,Full,connectors_sun,41,Afternoon,1632,244,1656,regional,55,1.1820948458294642
Madrid,working,Full,connectors_sun,41,Afternoon,1632,244,1656,regional,56,1.2242502000081101
Madrid,working,Full,connectors_sun,41,Afternoon,1632,244,1656,regional,57,1.2665017799661675
Madrid,working,Full,connectors_sun,41,Afternoon,1632,244,1656,regional,58,1.309101622007632
Madrid,working,Full,connectors_sun,41,Afternoon,1632,244,1656,regional,59,1.3522935991915084
Madrid,working,Full,connectors_sun,41,Afternoon,1632,244,1656,regional,60,1.3962629196432021
Madrid,working,Full,connectors_sun,41,Afternoon,1632,244,1656,regional,61,1.4412752058984968
Madrid,working,Full,connectors_sun,41,Afternoon,1632,244,1656,regional,62,1.4865842388382067
Madrid,working,Full,connectors_sun,41,Afternoon,1632,244,1656,regional,63,1.5325173880609064
Madrid,working,Full,connectors_sun,41,Afternoon,1632,244,1656,regional,64,1.579114110903831
Madrid,working,Full,connectors_sun,41,Afternoon,1632,244,1656,regional,65,1.6263643932574603
Madrid,working,Full,connectors_sun,41,Afternoon,1632,244,1656,regional,66,1.67512831977116
Madrid,working,Full,connectors_sun,41,Afternoon,1632,244,1656,regional,67,1.724269742638067
Madrid,working,Full,connectors_sun,41,Afternoon,1632,244,1656,regional,68,1.7749306723892264
Madrid,working,Full,connectors_sun,41,Afternoon,1632,244,1656,regional,69,1.8264886465509356
Madrid,working,Full,connectors_sun,41,Afternoon,1632,244,1656,regional,70,1.8787868448558023
Madrid,working,Full,connectors_sun,41,Afternoon,1632,244,1656,regional,71,1.9322445816896714
Madrid,working,Full,connectors_sun,41,Afternoon,1632,244,1656,regional,72,1.987266090760765
Madrid,working,Full,connectors_sun,41,Afternoon,1632,244,1656,regional,73,2.0425404759350494
Madrid,working,Full,connectors_sun,41,Afternoon,1632,244,1656,regional,74,2.099545443256883
Madrid,working,Full,connectors_sun,41,Afternoon,1632,244,1656,regional,75,2.157871665999589
Madrid,working,Full,connectors_sun,41,Afternoon,1632,244,1656,regional,76,2.217265825677549
Madrid,working,Full,connectors_sun,41,Afternoon,1632,244,1656,regional,77,2.277186034252175
Madrid,working,Full,connectors_sun,41,Afternoon,1632,244,1656,regional,78,2.3384337273094573
Madrid,working,Full,connectors_sun,41,Afternoon,1632,244,1656,regional,79,2.4013360046542025
Madrid,working,Full,connectors_sun,41,Afternoon,1632,244,1656,regional,80,2.4643463330768665
Madrid,working,Full,connectors_sun,41,Afternoon,1632,244,1656,regional,81,2.5287060409359796
Madrid,working,Full,connectors_sun,41,Afternoon,1632,244,1656,regional,82,2.5935171461554285
Madrid,working,Full,connectors_sun,41,Afternoon,1632,244,1656,regional,83,2.6598390097997378
Madrid,working,Full,connectors_sun,41,Afternoon,1632,244,1656,regional,84,2.7264257838036587
Madrid,working,Full,connectors_sun,41,Afternoon,1632,244,1656,regional,85,2.7943734590245572
Madrid,working,Full,connectors_sun,41,Afternoon,1632,244,1656,regional,86,2.8631476837950944
Madrid,working,Full,connectors_sun,41,Afternoon,1632,244,1656,regional,87,2.932950999828425
Madrid,working,Full,connectors_sun,41,Afternoon,1632,244,1656,regional,88,3.0028180295094424
Madrid,working,Full,connectors_sun,41,Afternoon,1632,244,1656,regional,89,3.074025190255558
Madrid,working,Full,connectors_sun,41,Afternoon,1632,244,1656,regional,90,3.145430155453834
Madrid,working,Full,connectors_sun,41,Afternoon,1632,244,1656,regional,91,3.2180165686826134
Madrid,working,Full,connectors_sun,41,Afternoon,1632,244,1656,regional,92,3.2909567569128537
Madrid,working,Full,connectors_sun,41,Afternoon,1632,244,1656,regional,93,3.364031087525778
Madrid,working,Full,connectors_sun,41,Afternoon,1632,244,1656,regional,94,3.438053361654659
Madrid,working,Full,connectors_sun,41,Afternoon,1632,244,1656,regional,95,3.5130039564323474
Madrid,working,Full,connectors_sun,41,Afternoon,1632,244,1656,regional,96,3.588873051498275
Madrid,working,Full,connectors_sun,41,Afternoon,1632,244,1656,regional,97,3.665002090205859
Madrid,working,Full,connectors_sun,41,Afternoon,1632,244,1656,regional,98,3.741351343440331
Madrid,working,Full,connectors_sun,41,Afternoon,1632,244,1656,regional,99,3.8192923904324365
Madrid,working,Full,connectors_sun,41,Afternoon,1632,244,1656,regional,100,3.8975506057772327
Madrid,working,Full,connectors_sun,41,Afternoon,1632,244,1656,regional,101,3.976353154497196
Madrid,working,Full,connectors_sun,41,Afternoon,1632,244,1656,regional,102,4.056032224125522
Madrid,working,Full,connectors_sun,41,Afternoon,1632,244,1656,regional,103,4.136249416582477
Madrid,working,Full,connectors_sun,41,Afternoon,1632,244,1656,regional,104,4.216558024158077
Madrid,working,Full,connectors_sun,41,Afternoon,1632,244,1656,regional,105,4.29775411433601
Madrid,working,Full,connectors_sun,41,Afternoon,1632,244,1656,regional,106,4.3796253316551415
Madrid,working,Full,connectors_sun,41,Afternoon,1632,244,1656,regional,107,4.462376351712102
Madrid,working,Full,connectors_sun,41,Afternoon,1632,244,1656,regional,108,4.54567213165642
Madrid,working,Full,connectors_sun,41,Afternoon,1632,244,1656,regional,109,4.629204388475443
Madrid,working,Full,connectors_sun,41,Afternoon,1632,244,1656,regional,110,4.71284146942743
Madrid,working,Full,connectors_sun,41,Afternoon,1632,244,1656,regional,111,4.7968877825460385
Madrid,working,Full,connectors_sun,41,Afternoon,1632,244,1656,regional,112,4.881944013055295
Madrid,working,Full,connectors_sun,41,Afternoon,1632,244,1656,regional,113,4.9671429975259755
Madrid,working,Full,connectors_sun,41,Afternoon,1632,244,1656,regional,114,5.05321145983313
Madrid,working,Full,connectors_sun,41,Afternoon,1632,244,1656,regional,115,5.140140857830255
Madrid,working,Full,connectors_sun,41,Afternoon,1632,244,1656,regional,116,5.227830423548402
Madrid,working,Full,connectors_sun,41,Afternoon,1632,244,1656,regional,117,5.316560997081626
Madrid,working,Full,connectors_sun,41,Afternoon,1632,244,1656,regional,118,5.405499575651626
Madrid,working,Full,connectors_sun,41,Afternoon,1632,244,1656,regional,119,5.495497986763973
Madrid,working,Full,connectors_sun,41,Afternoon,1632,244,1656,regional,120,5.586278434100772
Madrid,working,Full,connectors_sun,41,Afternoon,1632,244,1656,regional,121,5.677561525725648
Madrid,working,Full,connectors_sun,41,Afternoon,1632,244,1656,regional,122,5.770330833139703
Madrid,working,Full,connectors_sun,41,Afternoon,1632,244,1656,regional,123,5.863360984830469
Madrid,working,Full,connectors_sun,41,Afternoon,1632,244,1656,regional,124,5.956884550953216
Madrid,working,Full,connectors_sun,41,Afternoon,1632,244,1656,regional,125,6.051799873309077
Madrid,working,Full,connectors_sun,41,Afternoon,1632,244,1656,regional,126,6.1490723308356765
Madrid,working,Full,connectors_sun,41,Afternoon,1632,244,1656,regional,127,6.247154217910885
Madrid,working,Full,connectors_sun,41,Afternoon,1632,244,1656,regional,128,6.346159170607944
Madrid,working,Full,connectors_sun,41,Afternoon,1632,244,1656,regional,129,6.445547023468501
Madrid,working,Full,connectors_sun,41,Afternoon,1632,244,1656,regional,130,6.545071758308665
Madrid,working,Full,connectors_sun,41,Afternoon,1632,244,1656,regional,131,6.644756773124428
Madrid,working,Full,connectors_sun,41,Afternoon,1632,244,1656,regional,132,6.7457954344823365
Madrid,working,Full,connectors_sun,41,Afternoon,1632,244,1656,regional,133,6.847465752462044
Madrid,working,Full,connectors_sun,41,Afternoon,1632,244,1656,regional,134,6.950439760172887
Madrid,working,Full,connectors_sun,41,Afternoon,1632,244,1656,regional,135,7.055230020791135
Madrid,working,Full,connectors_sun,41,Afternoon,1632,244,1656,regional,136,7.161350524004216
Madrid,working,Full,connectors_sun,41,Afternoon,1632,244,1656,regional,137,7.267947435384838
Madrid,working,Full,connectors_sun,41,Afternoon,1632,244,1656,regional,138,7.375940488469681
Madrid,working,Full,connectors_sun,41,Afternoon,1632,244,1656,regional,139,7.48479272821387
Madrid,working,Full,connectors_sun,41,Afternoon,1632,244,1656,regional,140,7.595257153627305
Madrid,working,Full,connectors_sun,41,Afternoon,1632,244,1656,regional,141,7.706606219550977
Madrid,working,Full,connectors_sun,41,Afternoon,1632,244,1656,regional,142,7.818919694345007
Madrid,working,Full,connectors_sun,41,Afternoon,1632,244,1656,regional,143,7.9318553915756445
Madrid,working,Full,connectors_sun,41,Afternoon,1632,244,1656,regional,144,8.046238478760765
Madrid,working,Full,connectors_sun,41,Afternoon,1632,244,1656,regional,145,8.16206684053214
Madrid,working,Full,connectors_sun,41,Afternoon,1632,244,1656,regional,146,8.278766602420529
Madrid,working,Full,connectors_sun,41,Afternoon,1632,244,1656,regional,147,8.396630345177309
Madrid,working,Full,connectors_sun,41,Afternoon,1632,244,1656,regional,148,8.515771640072309
Madrid,working,Full,connectors_sun,41,Afternoon,1632,244,1656,regional,149,8.63654605940953
Madrid,working,Full,connectors_sun,41,Afternoon,1632,244,1656,regional,150,8.758956082911029
Madrid,working,Full,connectors_sun,41,Afternoon,1632,244,1656,regional,151,8.881577941462664
Madrid,working,Full,connectors_sun,41,Afternoon,1632,244,1656,regional,152,9.0052186318404
Madrid,working,Full,connectors_sun,41,Afternoon,1632,244,1656,regional,153,9.12948134230942
Madrid,working,Full,connectors_sun,41,Afternoon,1632,244,1656,regional,154,9.254289768185359
Madrid,working,Full,connectors_sun,41,Afternoon,1632,244,1656,regional,155,9.380400036234189
Madrid,working,Full,connectors_sun,41,Afternoon,1632,244,1656,regional,156,9.506635631419142
Madrid,working,Full,connectors_sun,41,Afternoon,1632,244,1656,regional,157,9.632976610823606
Madrid,working,Full,connectors_sun,41,Afternoon,1632,244,1656,regional,158,9.762269064518177
Madrid,working,Full,connectors_sun,41,Afternoon,1632,244,1656,regional,159,9.892299398853249
Madrid,working,Full,connectors_sun,41,Afternoon,1632,244,1656,regional,160,10.022747369959538
Madrid,working,Full,connectors_sun,41,Afternoon,1632,244,1656,regional,161,10.154710746159182
Madrid,working,Full,connectors_sun,41,Afternoon,1632,244,1656,regional,162,10.29087916888306
Madrid,working,Full,connectors_sun,41,Afternoon,1632,244,1656,regional,163,10.427113610404241
Madrid,working,Full,connectors_sun,41,Afternoon,1632,244,1656,regional,164,10.56354209645769
Madrid,working,Full,connectors_sun,41,Afternoon,1632,244,1656,regional,165,10.701729317108427
Madrid,working,Full,connectors_sun,41,Afternoon,1632,244,1656,regional,166,10.841282885768281
Madrid,working,Full,connectors_sun,41,Afternoon,1632,244,1656,regional,167,10.98150126328057
Madrid,working,Full,connectors_sun,41,Afternoon,1632,244,1656,regional,168,11.121941798760572
Madrid,working,Full,connectors_sun,41,Afternoon,1632,244,1656,regional,169,11.264112213469586
Madrid,working,Full,connectors_sun,41,Afternoon,1632,244,1656,regional,170,11.40849126106158
Madrid,working,Full,connectors_sun,41,Afternoon,1632,244,1656,regional,171,11.553109401469731
Madrid,working,Full,connectors_sun,41,Afternoon,1632,244,1656,regional,172,11.698956515269286
Madrid,working,Full,connectors_sun,41,Afternoon,1632,244,1656,regional,173,11.846084359880086
Madrid,working,Full,connectors_sun,41,Afternoon,1632,244,1656,regional,174,11.993715467717598
Madrid,working,Full,connectors_sun,41,Afternoon,1632,244,1656,regional,175,12.143798466526036
Madrid,working,Full,connectors_sun,41,Afternoon,1632,244,1656,regional,176,12.297083921220125
Madrid,working,Full,connectors_sun,41,Afternoon,1632,244,1656,regional,177,12.452341999432749
Madrid,working,Full,connectors_sun,41,Afternoon,1632,244,1656,regional,178,12.608501703259762
Madrid,working,Full,connectors_sun,41,Afternoon,1632,244,1656,regional,179,12.765282001503184
Madrid,working,Full,connectors_sun,41,Afternoon,1632,244,1656,regional,180,12.922916723355854
Madrid,working,Full,connectors_sun,41,Afternoon,1632,244,1656,regional,181,13.081447228597753
Madrid,working,Full,connectors_sun,41,Afternoon,1632,244,1656,regional,182,13.241037391148303
Madrid,working,Full,connectors_sun,41,Afternoon,1632,244,1656,regional,183,13.401756557261177
Madrid,working,Full,connectors_sun,41,Afternoon,1632,244,1656,regional,184,13.562642395742456
Madrid,working,Full,connectors_sun,41,Afternoon,1632,244,1656,regional,185,13.723748977096733
Madrid,working,Full,connectors_sun,41,Afternoon,1632,244,1656,regional,186,13.887372814895134
Madrid,working,Full,connectors_sun,41,Afternoon,1632,244,1656,regional,187,14.05201769510919
Madrid,working,Full,connectors_sun,41,Afternoon,1632,244,1656,regional,188,14.218542055191561
Madrid,working,Full,connectors_sun,41,Afternoon,1632,244,1656,regional,189,14.385407521210144
Madrid,working,Full,connectors_sun,41,Afternoon,1632,244,1656,regional,190,14.553422378073844
Madrid,working,Full,connectors_sun,41,Afternoon,1632,244,1656,regional,191,14.721872142476878
Madrid,working,Full,connectors_sun,41,Afternoon,1632,244,1656,regional,192,14.892174449692916
Madrid,working,Full,connectors_sun,41,Afternoon,1632,244,1656,regional,193,15.064206339893838
Madrid,working,Full,connectors_sun,41,Afternoon,1632,244,1656,regional,194,15.239246098554343
Madrid,working,Full,connectors_sun,41,Afternoon,1632,244,1656,regional,195,15.415003229562126
Madrid,working,Full,connectors_sun,41,Afternoon,1632,244,1656,regional,196,15.593156115923714
Madrid,working,Full,connectors_sun,41,Afternoon,1632,244,1656,regional,197,15.772669887632059
Madrid,working,Full,connectors_sun,41,Afternoon,1632,244,1656,regional,198,15.953600786105754
Madrid,working,Full,connectors_sun,41,Afternoon,1632,244,1656,regional,199,16.1356003363359
Madrid,working,Full,connectors_sun,41,Afternoon,1632,244,1656,regional,200,16.318404079602953
Madrid,working,Full,connectors_sun,41,Afternoon,1632,244,1656,regional,201,16.50215391023136
Madrid,working,Full,connectors_sun,41,Afternoon,1632,244,1656,regional,202,16.686667025756705
Madrid,working,Full,connectors_sun,41,Afternoon,1632,244,1656,regional,203,16.872008721558743
Madrid,working,Full,connectors_sun,41,Afternoon,1632,244,1656,regional,204,17.06149743706655
Madrid,working,Full,connectors_sun,41,Afternoon,1632,244,1656,regional,205,17.253286763968827
Madrid,working,Full,connectors_sun,41,Afternoon,1632,244,1656,regional,206,17.44917027662702
Madrid,working,Full,connectors_sun,41,Afternoon,1632,244,1656,regional,207,17.64804172011824
Madrid,working,Full,connectors_sun,41,Afternoon,1632,244,1656,regional,208,17.850049301147394
Madrid,working,Full,connectors_sun,41,Afternoon,1632,244,1656,regional,209,18.053189432733287
Madrid,working,Full,connectors_sun,41,Afternoon,1632,244,1656,regional,210,18.257267284106437
Madrid,working,Full,connectors_sun,41,Afternoon,1632,244,1656,regional,211,18.462135518779096
Madrid,working,Full,connectors_sun,41,Afternoon,1632,244,1656,regional,212,18.667083940388956
Madrid,working,Full,connectors_sun,41,Afternoon,1632,244,1656,regional,213,18.87579238504026
Madrid,working,Full,connectors_sun,41,Afternoon,1632,244,1656,regional,214,19.086561948869313
Madrid,working,Full,connectors_sun,41,Afternoon,1632,244,1656,regional,215,19.299661064763566
Madrid,working,Full,connectors_sun,41,Afternoon,1632,244,1656,regional,216,19.512903778385983
Madrid,working,Full,connectors_sun,41,Afternoon,1632,244,1656,regional,217,19.728653492983383
Madrid,working,Full,connectors_sun,41,Afternoon,1632,244,1656,regional,218,19.945295187407037
Madrid,working,Full,connectors_sun,41,Afternoon,1632,244,1656,regional,219,20.16293462345546
Madrid,working,Full,connectors_sun,41,Afternoon,1632,244,1656,regional,220,20.381577795443413
Madrid,working,Full,connectors_sun,41,Afternoon,1632,244,1656,regional,221,20.60072905189898
Madrid,working,Full,connectors_sun,41,Afternoon,1632,244,1656,regional,222,20.821588399092494
Madrid,working,Full,connectors_sun,41,Afternoon,1632,244,1656,regional,223,21.04490697723419
Madrid,working,Full,connectors_sun,41,Afternoon,1632,244,1656,regional,224,21.269755354759788
Madrid,working,Full,connectors_sun,41,Afternoon,1632,244,1656,regional,225,21.5007305528172
Madrid,working,Full,connectors_sun,41,Afternoon,1632,244,1656,regional,226,21.7327584312373
Madrid,working,Full,connectors_sun,41,Afternoon,1632,244,1656,regional,227,21.965600602106264
Madrid,working,Full,connectors_sun,41,Afternoon,1632,244,1656,regional,228,22.199657929355382
Madrid,working,Full,connectors_sun,41,Afternoon,1632,244,1656,regional,229,22.436684084981383
Madrid,working,Full,connectors_sun,41,Afternoon,1632,244,1656,regional,230,22.675665211811243
Madrid,working,Full,connectors_sun,41,Afternoon,1632,244,1656,regional,231,22.91496580222452
Madrid,working,Full,connectors_sun,41,Afternoon,1632,244,1656,regional,232,23.16022665916658
Madrid,working,Full,connectors_sun,41,Afternoon,1632,244,1656,regional,233,23.407763769358752
Madrid,working,Full,connectors_sun,41,Afternoon,1632,244,1656,regional,234,23.657028738633045
Madrid,working,Full,connectors_sun,41,Afternoon,1632,244,1656,regional,235,23.914243717294433
Madrid,working,Full,connectors_sun,41,Afternoon,1632,244,1656,regional,236,24.179290667267107
Madrid,working,Full,connectors_sun,41,Afternoon,1632,244,1656,regional,237,24.453417942788736
Madrid,working,Full,connectors_sun,41,Afternoon,1632,244,1656,regional,238,24.729829827231875
Madrid,working,Full,connectors_sun,41,Afternoon,1632,244,1656,regional,239,25.00869261736972
Madrid,working,Full,connectors_sun,41,Afternoon,1632,244,1656,regional,240,25.311885646076888
Madrid,working,Full,connectors_sun,41,Afternoon,1632,244,1656,regional,241,25.631578168016677
Madrid,working,Full,connectors_sun,41,Afternoon,1632,244,1656,regional,242,25.957521885411104
Madrid,working,Full,connectors_sun,41,Afternoon,1632,244,1656,regional,243,26.292708523398595
Madrid,working,Full,connectors_sun,41,Afternoon,1632,244,1656,regional,244,26.665107134114923
Madrid,working,Full,connectors_sun,41,Afternoon,1632,244,1656,uniform_area,0,0.0
Madrid,working,Full,connectors_sun,41,Afternoon,1632,244,1656,uniform_area,1,0.0004134122786034133
Madrid,working,Full,connectors_sun,41,Afternoon,1632,244,1656,uniform_area,2,0.0010035980846264303
Madrid,working,Full,connectors_sun,41,Afternoon,1632,244,1656,uniform_area,3,0.002084836924567058
Madrid,working,Full,connectors_sun,41,Afternoon,1632,244,1656,uniform_area,4,0.004280434383976621
Madrid,working,Full,connectors_sun,41,Afternoon,1632,244,1656,uniform_area,5,0.007055325234019309
Madrid,working,Full,connectors_sun,41,Afternoon,1632,244,1656,uniform_area,6,0.011230385005615113
Madrid,working,Full,connectors_sun,41,Afternoon,1632,244,1656,uniform_area,7,0.015512825364156962
Madrid,working,Full,connectors_sun,41,Afternoon,1632,244,1656,uniform_area,8,0.0204901199426591
Madrid,working,Full,connectors_sun,41,Afternoon,1632,244,1656,uniform_area,9,0.0261830240856152
Madrid,working,Full,connectors_sun,41,Afternoon,1632,244,1656,uniform_area,10,0.03304264821648766
Madrid,working,Full,connectors_sun,41,Afternoon,1632,244,1656,uniform_area,11,0.041117195347599104
Madrid,working,Full,connectors_sun,41,Afternoon,1632,244,1656,uniform_area,12,0.04977194743506393
Madrid,working,Full,connectors_sun,41,Afternoon,1632,244,1656,uniform_area,13,0.058536498143544044
Madrid,working,Full,connectors_sun,41,Afternoon,1632,244,1656,uniform_area,14,0.06790134402788368
Madrid,working,Full,connectors_sun,41,Afternoon,1632,244,1656,uniform_area,15,0.07824542083817879
Madrid,working,Full,connectors_sun,41,Afternoon,1632,244,1656,uniform_area,16,0.09033055107604242
Madrid,working,Full,connectors_sun,41,Afternoon,1632,244,1656,uniform_area,17,0.10261129165796608
Madrid,working,Full,connectors_sun,41,Afternoon,1632,244,1656,uniform_area,18,0.11594254416031764
Madrid,working,Full,connectors_sun,41,Afternoon,1632,244,1656,uniform_area,19,0.12947147260405237
Madrid,working,Full,connectors_sun,41,Afternoon,1632,244,1656,uniform_area,20,0.14336661595124967
Madrid,working,Full,connectors_sun,41,Afternoon,1632,244,1656,uniform_area,21,0.15770674778962582
Madrid,working,Full,connectors_sun,41,Afternoon,1632,244,1656,uniform_area,22,0.17368869958725192
Madrid,working,Full,connectors_sun,41,Afternoon,1632,244,1656,uniform_area,23,0.18999868652409393
Madrid,working,Full,connectors_sun,41,Afternoon,1632,244,1656,uniform_area,24,0.20714086737872797
Madrid,working,Full,connectors_sun,41,Afternoon,1632,244,1656,uniform_area,25,0.22452864033535444
Madrid,working,Full,connectors_sun,41,Afternoon,1632,244,1656,uniform_area,26,0.24235778466918
Madrid,working,Full,connectors_sun,41,Afternoon,1632,244,1656,uniform_area,27,0.2606662244290691
Madrid,working,Full,connectors_sun,41,Afternoon,1632,244,1656,uniform_area,28,0.2823539390111011
Madrid,working,Full,connectors_sun,41,Afternoon,1632,244,1656,uniform_area,29,0.30532811197827914
Madrid,working,Full,connectors_sun,41,Afternoon,1632,244,1656,uniform_area,30,0.33020479017662013
Madrid,working,Full,connectors_sun,41,Afternoon,1632,244,1656,uniform_area,31,0.35631239544836474
Madrid,working,Full,connectors_sun,41,Afternoon,1632,244,1656,uniform_area,32,0.38357839604607386
Madrid,working,Full,connectors_sun,41,Afternoon,1632,244,1656,uniform_area,33,0.4114841137246805
Madrid,working,Full,connectors_sun,41,Afternoon,1632,244,1656,uniform_area,34,0.4398498554290528
Madrid,working,Full,connectors_sun,41,Afternoon,1632,244,1656,uniform_area,35,0.46906751094714927
Madrid,working,Full,connectors_sun,41,Afternoon,1632,244,1656,uniform_area,36,0.49875530251074723
Madrid,working,Full,connectors_sun,41,Afternoon,1632,244,1656,uniform_area,37,0.5285549437182333
Madrid,working,Full,connectors_sun,41,Afternoon,1632,244,1656,uniform_area,38,0.5588245951009546
Madrid,working,Full,connectors_sun,41,Afternoon,1632,244,1656,uniform_area,39,0.589863036235786
Madrid,working,Full,connectors_sun,41,Afternoon,1632,244,1656,uniform_area,40,0.6211146969649786
Madrid,working,Full,connectors_sun,41,Afternoon,1632,244,1656,uniform_area,41,0.6533802996648156
Madrid,working,Full,connectors_sun,41,Afternoon,1632,244,1656,uniform_area,42,0.6878766600268599
Madrid,working,Full,connectors_sun,41,Afternoon,1632,244,1656,uniform_area,43,0.7227635574027343
Madrid,working,Full,connectors_sun,41,Afternoon,1632,244,1656,uniform_area,44,0.7588180876571955
Madrid,working,Full,connectors_sun,41,Afternoon,1632,244,1656,uniform_area,45,0.7952854227006059
Madrid,working,Full,connectors_sun,41,Afternoon,1632,244,1656,uniform_area,46,0.8325512707658786
Madrid,working,Full,connectors_sun,41,Afternoon,1632,244,1656,uniform_area,47,0.8699818180876234
Madrid,working,Full,connectors_sun,41,Afternoon,1632,244,1656,uniform_area,48,0.9078715321923727
Madrid,working,Full,connectors_sun,41,Afternoon,1632,244,1656,uniform_area,49,0.9463858741829458
Madrid,working,Full,connectors_sun,41,Afternoon,1632,244,1656,uniform_area,50,0.9852288965634718
Madrid,working,Full,connectors_sun,41,Afternoon,1632,244,1656,uniform_area,51,1.024949092932812
Madrid,working,Full,connectors_sun,41,Afternoon,1632,244,1656,uniform_area,52,1.0648133557720227
Madrid,working,Full,connectors_sun,41,Afternoon,1632,244,1656,uniform_area,53,1.1053830889944707
Madrid,working,Full,connectors_sun,41,Afternoon,1632,244,1656,uniform_area,54,1.147837354498958
Madrid,working,Full,connectors_sun,41,Afternoon,1632,244,1656,uniform_area,55,1.190719128426962
Madrid,working,Full,connectors_sun,41,Afternoon,1632,244,1656,uniform_area,56,1.2338247208882525
Madrid,working,Full,connectors_sun,41,Afternoon,1632,244,1656,uniform_area,57,1.2781845615334566
Madrid,working,Full,connectors_sun,41,Afternoon,1632,244,1656,uniform_area,58,1.3228225880549642
Madrid,working,Full,connectors_sun,41,Afternoon,1632,244,1656,uniform_area,59,1.3676587516005134
Madrid,working,Full,connectors_sun,41,Afternoon,1632,244,1656,uniform_area,60,1.4132727291338143
Madrid,working,Full,connectors_sun,41,Afternoon,1632,244,1656,uniform_area,61,1.4595993039573438
Madrid,working,Full,connectors_sun,41,Afternoon,1632,244,1656,uniform_area,62,1.5061386863157327
Madrid,working,Full,connectors_sun,41,Afternoon,1632,244,1656,uniform_area,63,1.553148995714881
Madrid,working,Full,connectors_sun,41,Afternoon,1632,244,1656,uniform_area,64,1.601816995988951
Madrid,working,Full,connectors_sun,41,Afternoon,1632,244,1656,uniform_area,65,1.650955211143061
Madrid,working,Full,connectors_sun,41,Afternoon,1632,244,1656,uniform_area,66,1.7002629298229763
Madrid,working,Full,connectors_sun,41,Afternoon,1632,244,1656,uniform_area,67,1.7498466064754745
Madrid,working,Full,connectors_sun,41,Afternoon,1632,244,1656,uniform_area,68,1.8001911132419053
Madrid,working,Full,connectors_sun,41,Afternoon,1632,244,1656,uniform_area,69,1.8519879369813597
Madrid,working,Full,connectors_sun,41,Afternoon,1632,244,1656,uniform_area,70,1.905142929384287
Madrid,working,Full,connectors_sun,41,Afternoon,1632,244,1656,uniform_area,71,1.9597333873814329
Madrid,working,Full,connectors_sun,41,Afternoon,1632,244,1656,uniform_area,72,2.014463438154188
Madrid,working,Full,connectors_sun,41,Afternoon,1632,244,1656,uniform_area,73,2.0697993694302617
Madrid,working,Full,connectors_sun,41,Afternoon,1632,244,1656,uniform_area,74,2.127211122669914
Madrid,working,Full,connectors_sun,41,Afternoon,1632,244,1656,uniform_area,75,2.185008160158424
Madrid,working,Full,connectors_sun,41,Afternoon,1632,244,1656,uniform_area,76,2.2447379528155467
Madrid,working,Full,connectors_sun,41,Afternoon,1632,244,1656,uniform_area,77,2.3053976220045973
Madrid,working,Full,connectors_sun,41,Afternoon,1632,244,1656,uniform_area,78,2.3666371741871104
Madrid,working,Full,connectors_sun,41,Afternoon,1632,244,1656,uniform_area,79,2.4292411865590067
Madrid,working,Full,connectors_sun,41,Afternoon,1632,244,1656,uniform_area,80,2.49290606533695
Madrid,working,Full,connectors_sun,41,Afternoon,1632,244,1656,uniform_area,81,2.557389858719554
Madrid,working,Full,connectors_sun,41,Afternoon,1632,244,1656,uniform_area,82,2.622360507693922
Madrid,working,Full,connectors_sun,41,Afternoon,1632,244,1656,uniform_area,83,2.6881719409005425
Madrid,working,Full,connectors_sun,41,Afternoon,1632,244,1656,uniform_area,84,2.7542469305461053
Madrid,working,Full,connectors_sun,41,Afternoon,1632,244,1656,uniform_area,85,2.8210352150681675
Madrid,working,Full,connectors_sun,41,Afternoon,1632,244,1656,uniform_area,86,2.8889187848894506
Madrid,working,Full,connectors_sun,41,Afternoon,1632,244,1656,uniform_area,87,2.957643978298922
Madrid,working,Full,connectors_sun,41,Afternoon,1632,244,1656,uniform_area,88,3.0275683980239085
Madrid,working,Full,connectors_sun,41,Afternoon,1632,244,1656,uniform_area,89,3.0981681846016778
Madrid,working,Full,connectors_sun,41,Afternoon,1632,244,1656,uniform_area,90,3.169564941296832
Madrid,working,Full,connectors_sun,41,Afternoon,1632,244,1656,uniform_area,91,3.241407613948289
Madrid,working,Full,connectors_sun,41,Afternoon,1632,244,1656,uniform_area,92,3.314021848810094
Madrid,working,Full,connectors_sun,41,Afternoon,1632,244,1656,uniform_area,93,3.387127263901034
Madrid,working,Full,connectors_sun,41,Afternoon,1632,244,1656,uniform_area,94,3.4614790132484905
Madrid,working,Full,connectors_sun,41,Afternoon,1632,244,1656,uniform_area,95,3.536289098635189
Madrid,working,Full,connectors_sun,41,Afternoon,1632,244,1656,uniform_area,96,3.6116174197335975
Madrid,working,Full,connectors_sun,41,Afternoon,1632,244,1656,uniform_area,97,3.6874287818922147
Madrid,working,Full,connectors_sun,41,Afternoon,1632,244,1656,uniform_area,98,3.7644300354298883
Madrid,working,Full,connectors_sun,41,Afternoon,1632,244,1656,uniform_area,99,3.8422526043819403
Madrid,working,Full,connectors_sun,41,Afternoon,1632,244,1656,uniform_area,100,3.9204522435542395
Madrid,working,Full,connectors_sun,41,Afternoon,1632,244,1656,uniform_area,101,3.998936589345131
Madrid,working,Full,connectors_sun,41,Afternoon,1632,244,1656,uniform_area,102,4.077599684164146
Madrid,working,Full,connectors_sun,41,Afternoon,1632,244,1656,uniform_area,103,4.156895038582002
Madrid,working,Full,connectors_sun,41,Afternoon,1632,244,1656,uniform_area,104,4.2365355173464305
Madrid,working,Full,connectors_sun,41,Afternoon,1632,244,1656,uniform_area,105,4.316771126630941
Madrid,working,Full,connectors_sun,41,Afternoon,1632,244,1656,uniform_area,106,4.397627285604635
Madrid,working,Full,connectors_sun,41,Afternoon,1632,244,1656,uniform_area,107,4.479334506449095
Madrid,working,Full,connectors_sun,41,Afternoon,1632,244,1656,uniform_area,108,4.561194498023594
Madrid,working,Full,connectors_sun,41,Afternoon,1632,244,1656,uniform_area,109,4.643458775619889
Madrid,working,Full,connectors_sun,41,Afternoon,1632,244,1656,uniform_area,110,4.726542254010087
Madrid,working,Full,connectors_sun,41,Afternoon,1632,244,1656,uniform_area,111,4.809766815744837
Madrid,working,Full,connectors_sun,41,Afternoon,1632,244,1656,uniform_area,112,4.894828593140968
Madrid,working,Full,connectors_sun,41,Afternoon,1632,244,1656,uniform_area,113,4.980505474681067
Madrid,working,Full,connectors_sun,41,Afternoon,1632,244,1656,uniform_area,114,5.066814189186042
Madrid,working,Full,connectors_sun,41,Afternoon,1632,244,1656,uniform_area,115,5.153718357498933
Madrid,working,Full,connectors_sun,41,Afternoon,1632,244,1656,uniform_area,116,5.242455569205115
Madrid,working,Full,connectors_sun,41,Afternoon,1632,244,1656,uniform_area,117,5.3326816313979695
Madrid,working,Full,connectors_sun,41,Afternoon,1632,244,1656,uniform_area,118,5.423995936117391
Madrid,working,Full,connectors_sun,41,Afternoon,1632,244,1656,uniform_area,119,5.515482085549579
Madrid,working,Full,connectors_sun,41,Afternoon,1632,244,1656,uniform_area,120,5.608122199011877
Madrid,working,Full,connectors_sun,41,Afternoon,1632,244,1656,uniform_area,121,5.701800247967531
Madrid,working,Full,connectors_sun,41,Afternoon,1632,244,1656,uniform_area,122,5.7960087049521585
Madrid,working,Full,connectors_sun,41,Afternoon,1632,244,1656,uniform_area,123,5.891128674659287
Madrid,working,Full,connectors_sun,41,Afternoon,1632,244,1656,uniform_area,124,5.986384276865945
Madrid,working,Full,connectors_sun,41,Afternoon,1632,244,1656,uniform_area,125,6.082971896532004
Madrid,working,Full,connectors_sun,41,Afternoon,1632,244,1656,uniform_area,126,6.179804448474866
Madrid,working,Full,connectors_sun,41,Afternoon,1632,244,1656,uniform_area,127,6.277426598512336
Madrid,working,Full,connectors_sun,41,Afternoon,1632,244,1656,uniform_area,128,6.376996592251008
Madrid,working,Full,connectors_sun,41,Afternoon,1632,244,1656,uniform_area,129,6.477015391662312
Madrid,working,Full,connectors_sun,41,Afternoon,1632,244,1656,uniform_area,130,6.577743436902384
Madrid,working,Full,connectors_sun,41,Afternoon,1632,244,1656,uniform_area,131,6.678655296455108
Madrid,working,Full,connectors_sun,41,Afternoon,1632,244,1656,uniform_area,132,6.780427152680097
Madrid,working,Full,connectors_sun,41,Afternoon,1632,244,1656,uniform_area,133,6.882380224327973
Madrid,working,Full,connectors_sun,41,Afternoon,1632,244,1656,uniform_area,134,6.984935978711918
Madrid,working,Full,connectors_sun,41,Afternoon,1632,244,1656,uniform_area,135,7.089134204930605
Madrid,working,Full,connectors_sun,41,Afternoon,1632,244,1656,uniform_area,136,7.193801883520505
Madrid,working,Full,connectors_sun,41,Afternoon,1632,244,1656,uniform_area,137,7.298774788232349
Madrid,working,Full,connectors_sun,41,Afternoon,1632,244,1656,uniform_area,138,7.404805321172014
Madrid,working,Full,connectors_sun,41,Afternoon,1632,244,1656,uniform_area,139,7.511302505538221
Madrid,working,Full,connectors_sun,41,Afternoon,1632,244,1656,uniform_area,140,7.618730039443574
Madrid,working,Full,connectors_sun,41,Afternoon,1632,244,1656,uniform_area,141,7.726347232679275
Madrid,working,Full,connectors_sun,41,Afternoon,1632,244,1656,uniform_area,142,7.838716996356742
Madrid,working,Full,connectors_sun,41,Afternoon,1632,244,1656,uniform_area,143,7.952266375762175
Madrid,working,Full,connectors_sun,41,Afternoon,1632,244,1656,uniform_area,144,8.067173016240218
Madrid,working,Full,connectors_sun,41,Afternoon,1632,244,1656,uniform_area,145,8.183344422356663
Madrid,working,Full,connectors_sun,41,Afternoon,1632,244,1656,uniform_area,146,8.299994746288377
Madrid,working,Full,connectors_sun,41,Afternoon,1632,244,1656,uniform_area,147,8.41738332119561
Madrid,working,Full,connectors_sun,41,Afternoon,1632,244,1656,uniform_area,148,8.537277821404851
Madrid,working,Full,connectors_sun,41,Afternoon,1632,244,1656,uniform_area,149,8.658161937499525
Madrid,working,Full,connectors_sun,41,Afternoon,1632,244,1656,uniform_area,150,8.779131453257737
Madrid,working,Full,connectors_sun,41,Afternoon,1632,244,1656,uniform_area,151,8.901513168485096
Madrid,working,Full,connectors_sun,41,Afternoon,1632,244,1656,uniform_area,152,9.024450024586342
Madrid,working,Full,connectors_sun,41,Afternoon,1632,244,1656,uniform_area,153,9.148327719857264
Madrid,working,Full,connectors_sun,41,Afternoon,1632,244,1656,uniform_area,154,9.273034143638796
Madrid,working,Full,connectors_sun,41,Afternoon,1632,244,1656,uniform_area,155,9.40021650181265
Madrid,working,Full,connectors_sun,41,Afternoon,1632,244,1656,uniform_area,156,9.528249084488753
Madrid,working,Full,connectors_sun,41,Afternoon,1632,244,1656,uniform_area,157,9.65745453823396
Madrid,working,Full,connectors_sun,41,Afternoon,1632,244,1656,uniform_area,158,9.7873080953322
Madrid,working,Full,connectors_sun,41,Afternoon,1632,244,1656,uniform_area,159,9.918772923675974
Madrid,working,Full,connectors_sun,41,Afternoon,1632,244,1656,uniform_area,160,10.051236784988538
Madrid,working,Full,connectors_sun,41,Afternoon,1632,244,1656,uniform_area,161,10.184374866409513
Madrid,working,Full,connectors_sun,41,Afternoon,1632,244,1656,uniform_area,162,10.318668204349487
Madrid,working,Full,connectors_sun,41,Afternoon,1632,244,1656,uniform_area,163,10.455512404601619
Madrid,working,Full,connectors_sun,41,Afternoon,1632,244,1656,uniform_area,164,10.594424161115658
Madrid,working,Full,connectors_sun,41,Afternoon,1632,244,1656,uniform_area,165,10.73461418186048
Madrid,working,Full,connectors_sun,41,Afternoon,1632,244,1656,uniform_area,166,10.87828984442751
Madrid,working,Full,connectors_sun,41,Afternoon,1632,244,1656,uniform_area,167,11.022821069721045
Madrid,working,Full,connectors_sun,41,Afternoon,1632,244,1656,uniform_area,168,11.167676579219846
Madrid,working,Full,connectors_sun,41,Afternoon,1632,244,1656,uniform_area,169,11.313999339867573
Madrid,working,Full,connectors_sun,41,Afternoon,1632,244,1656,uniform_area,170,11.460945346478098
Madrid,working,Full,connectors_sun,41,Afternoon,1632,244,1656,uniform_area,171,11.608208655468937
Madrid,working,Full,connectors_sun,41,Afternoon,1632,244,1656,uniform_area,172,11.756231059551459
Madrid,working,Full,connectors_sun,41,Afternoon,1632,244,1656,uniform_area,173,11.90672820954599
Madrid,working,Full,connectors_sun,41,Afternoon,1632,244,1656,uniform_area,174,12.058528494411053
Madrid,working,Full,connectors_sun,41,Afternoon,1632,244,1656,uniform_area,175,12.210580460186637
Madrid,working,Full,connectors_sun,41,Afternoon,1632,244,1656,uniform_area,176,12.363641730607249
Madrid,working,Full,connectors_sun,41,Afternoon,1632,244,1656,uniform_area,177,12.51862796482697
Madrid,working,Full,connectors_sun,41,Afternoon,1632,244,1656,uniform_area,178,12.675295012952068
Madrid,working,Full,connectors_sun,41,Afternoon,1632,244,1656,uniform_area,179,12.832816987827592
Madrid,working,Full,connectors_sun,41,Afternoon,1632,244,1656,uniform_area,180,12.992871661935794
Madrid,working,Full,connectors_sun,41,Afternoon,1632,244,1656,uniform_area,181,13.154668048634267
Madrid,working,Full,connectors_sun,41,Afternoon,1632,244,1656,uniform_area,182,13.31755910055528
Madrid,working,Full,connectors_sun,41,Afternoon,1632,244,1656,uniform_area,183,13.481212667926854
Madrid,working,Full,connectors_sun,41,Afternoon,1632,244,1656,uniform_area,184,13.645380855221111
Madrid,working,Full,connectors_sun,41,Afternoon,1632,244,1656,uniform_area,185,13.809779472550032
Madrid,working,Full,connectors_sun,41,Afternoon,1632,244,1656,uniform_area,186,13.974910297094251
Madrid,working,Full,connectors_sun,41,Afternoon,1632,244,1656,uniform_area,187,14.141866771809767
Madrid,working,Full,connectors_sun,41,Afternoon,1632,244,1656,uniform_area,188,14.309423288635662
Madrid,working,Full,connectors_sun,41,Afternoon,1632,244,1656,uniform_area,189,14.480085093836973
Madrid,working,Full,connectors_sun,41,Afternoon,1632,244,1656,uniform_area,190,14.652113689815033
Madrid,working,Full,connectors_sun,41,Afternoon,1632,244,1656,uniform_area,191,14.826295968453714
Madrid,working,Full,connectors_sun,41,Afternoon,1632,244,1656,uniform_area,192,15.002084294721858
Madrid,working,Full,connectors_sun,41,Afternoon,1632,244,1656,uniform_area,193,15.178043799252832
Madrid,working,Full,connectors_sun,41,Afternoon,1632,244,1656,uniform_area,194,15.35521850038626
Madrid,working,Full,connectors_sun,41,Afternoon,1632,244,1656,uniform_area,195,15.53300192602856
Madrid,working,Full,connectors_sun,41,Afternoon,1632,244,1656,uniform_area,196,15.711389055943515
Madrid,working,Full,connectors_sun,41,Afternoon,1632,244,1656,uniform_area,197,15.88982977479325
Madrid,working,Full,connectors_sun,41,Afternoon,1632,244,1656,uniform_area,198,16.069497780415798
Madrid,working,Full,connectors_sun,41,Afternoon,1632,244,1656,uniform_area,199,16.251008161055697
Madrid,working,Full,connectors_sun,41,Afternoon,1632,244,1656,uniform_area,200,16.43485612744054
Madrid,working,Full,connectors_sun,41,Afternoon,1632,244,1656,uniform_area,201,16.620072952849345
Madrid,working,Full,connectors_sun,41,Afternoon,1632,244,1656,uniform_area,202,16.8069316035172
Madrid,working,Full,connectors_sun,41,Afternoon,1632,244,1656,uniform_area,203,16.995231156049833
Madrid,working,Full,connectors_sun,41,Afternoon,1632,244,1656,uniform_area,204,17.184269260984166
Madrid,working,Full,connectors_sun,41,Afternoon,1632,244,1656,uniform_area,205,17.377409386486733
Madrid,working,Full,connectors_sun,41,Afternoon,1632,244,1656,uniform_area,206,17.575087698205493
Madrid,working,Full,connectors_sun,41,Afternoon,1632,244,1656,uniform_area,207,17.775520330922834
Madrid,working,Full,connectors_sun,41,Afternoon,1632,244,1656,uniform_area,208,17.977678911310793
Madrid,working,Full,connectors_sun,41,Afternoon,1632,244,1656,uniform_area,209,18.180445609380453
Madrid,working,Full,connectors_sun,41,Afternoon,1632,244,1656,uniform_area,210,18.38493072542889
Madrid,working,Full,connectors_sun,41,Afternoon,1632,244,1656,uniform_area,211,18.589761426906566
Madrid,working,Full,connectors_sun,41,Afternoon,1632,244,1656,uniform_area,212,18.80129669558353
Madrid,working,Full,connectors_sun,41,Afternoon,1632,244,1656,uniform_area,213,19.014390312358714
Madrid,working,Full,connectors_sun,41,Afternoon,1632,244,1656,uniform_area,214,19.22791313349364
Madrid,working,Full,connectors_sun,41,Afternoon,1632,244,1656,uniform_area,215,19.442163329750564
Madrid,working,Full,connectors_sun,41,Afternoon,1632,244,1656,uniform_area,216,19.65706753267603
Madrid,working,Full,connectors_sun,41,Afternoon,1632,244,1656,uniform_area,217,19.87226972020828
Madrid,working,Full,connectors_sun,41,Afternoon,1632,244,1656,uniform_area,218,20.08892819757664
Madrid,working,Full,connectors_sun,41,Afternoon,1632,244,1656,uniform_area,219,20.307134604959984
Madrid,working,Full,connectors_sun,41,Afternoon,1632,244,1656,uniform_area,220,20.52620229222984
Madrid,working,Full,connectors_sun,41,Afternoon,1632,244,1656,uniform_area,221,20.751606700781867
Madrid,working,Full,connectors_sun,41,Afternoon,1632,244,1656,uniform_area,222,20.9784509711128
Madrid,working,Full,connectors_sun,41,Afternoon,1632,244,1656,uniform_area,223,21.20674829177668
Madrid,working,Full,connectors_sun,41,Afternoon,1632,244,1656,uniform_area,224,21.435735414625494
Madrid,working,Full,connectors_sun,41,Afternoon,1632,244,1656,uniform_area,225,21.67037478684609
Madrid,working,Full,connectors_sun,41,Afternoon,1632,244,1656,uniform_area,226,21.905250524878127
Madrid,working,Full,connectors_sun,41,Afternoon,1632,244,1656,uniform_area,227,22.140608754116066
Madrid,working,Full,connectors_sun,41,Afternoon,1632,244,1656,uniform_area,228,22.37635847234453
Madrid,working,Full,connectors_sun,41,Afternoon,1632,244,1656,uniform_area,229,22.61302199082197
Madrid,working,Full,connectors_sun,41,Afternoon,1632,244,1656,uniform_area,230,22.850223199254547
Madrid,working,Full,connectors_sun,41,Afternoon,1632,244,1656,uniform_area,231,23.089863381269346
Madrid,working,Full,connectors_sun,41,Afternoon,1632,244,1656,uniform_area,232,23.332278937741023
Madrid,working,Full,connectors_sun,41,Afternoon,1632,244,1656,uniform_area,233,23.58058044359617
Madrid,working,Full,connectors_sun,41,Afternoon,1632,244,1656,uniform_area,234,23.82925457313877
Madrid,working,Full,connectors_sun,41,Afternoon,1632,244,1656,uniform_area,235,24.08280491813596
Madrid,working,Full,connectors_sun,41,Afternoon,1632,244,1656,uniform_area,236,24.346278652363445
Madrid,working,Full,connectors_sun,41,Afternoon,1632,244,1656,uniform_area,237,24.617792077595297
Madrid,working,Full,connectors_sun,41,Afternoon,1632,244,1656,uniform_area,238,24.898483280321198
Madrid,working,Full,connectors_sun,41,Afternoon,1632,244,1656,uniform_area,239,25.183817096536323
Madrid,working,Full,connectors_sun,41,Afternoon,1632,244,1656,uniform_area,240,25.491667311458247
Madrid,working,Full,connectors_sun,41,Afternoon,1632,244,1656,uniform_area,241,25.813585445217637
Madrid,working,Full,connectors_sun,41,Afternoon,1632,244,1656,uniform_area,242,26.141743158224724
Madrid,working,Full,connectors_sun,41,Afternoon,1632,244,1656,uniform_area,243,26.481820488031328
Madrid,working,Full,connectors_sun,41,Afternoon,1632,244,1656,uniform_area,244,26.856292666479835
Madrid,working,Full,network,21,Morning,1750,262,1655,local,0,0.0
Madrid,working,Full,network,21,Morning,1750,262,1655,local,1,0.0009308477161510925
Madrid,working,Full,network,21,Morning,1750,262,1655,local,2,0.003999677812937622
Madrid,working,Full,network,21,Morning,1750,262,1655,local,3,0.007263498567680427
Madrid,working,Full,network,21,Morning,1750,262,1655,local,4,0.012449690028203725
Madrid,working,Full,network,21,Morning,1750,262,1655,local,5,0.018238340990294432
Madrid,working,Full,network,21,Morning,1750,262,1655,local,6,0.0250852183925286
Madrid,working,Full,network,21,Morning,1750,262,1655,local,7,0.03372780521890933
Madrid,working,Full,network,21,Morning,1750,262,1655,local,8,0.042787825135372756
Madrid,working,Full,network,21,Morning,1750,262,1655,local,9,0.05264286462878326
Madrid,working,Full,network,21,Morning,1750,262,1655,local,10,0.06257479193174141
Madrid,working,Full,network,21,Morning,1750,262,1655,local,11,0.07325138079535144
Madrid,working,Full,network,21,Morning,1750,262,1655,local,12,0.08533099100564967
Madrid,working,Full,network,21,Morning,1750,262,1655,local,13,0.09810147951813486
Madrid,working,Full,network,21,Morning,1750,262,1655,local,14,0.11155078478740116
Madrid,working,Full,network,21,Morning,1750,262,1655,local,15,0.1270900256029031
Madrid,working,Full,network,21,Morning,1750,262,1655,local,16,0.14297557615620923
Madrid,working,Full,network,21,Morning,1750,262,1655,local,17,0.1603963931366842
Madrid,working,Full,network,21,Morning,1750,262,1655,local,18,0.1802790684048685
Madrid,working,Full,network,21,Morning,1750,262,1655,local,19,0.20092562251389187
Madrid,working,Full,network,21,Morning,1750,262,1655,local,20,0.22236879305419915
Madrid,working,Full,network,21,Morning,1750,262,1655,local,21,0.24420722968842676
Madrid,working,Full,network,21,Morning,1750,262,1655,local,22,0.26668375083463564
Madrid,working,Full,network,21,Morning,1750,262,1655,local,23,0.2904431077159251
Madrid,working,Full,network,21,Morning,1750,262,1655,local,24,0.31468728120256495
Madrid,working,Full,network,21,Morning,1750,262,1655,local,25,0.3394192791534737
Madrid,working,Full,network,21,Morning,1750,262,1655,local,26,0.36533058310384775
Madrid,working,Full,network,21,Morning,1750,262,1655,local,27,0.39174563126332235
Madrid,working,Full,network,21,Morning,1750,262,1655,local,28,0.4186393162641595
Madrid,working,Full,network,21,Morning,1750,262,1655,local,29,0.4465033571093899
Madrid,working,Full,network,21,Morning,1750,262,1655,local,30,0.47534843341131205
Madrid,working,Full,network,21,Morning,1750,262,1655,local,31,0.5066281726786721
Madrid,working,Full,network,21,Morning,1750,262,1655,local,32,0.5381710793550893
Madrid,working,Full,network,21,Morning,1750,262,1655,local,33,0.5698891229517288
Madrid,working,Full,network,21,Morning,1750,262,1655,local,34,0.6017473481402621
Madrid,working,Full,network,21,Morning,1750,262,1655,local,35,0.634249615415671
Madrid,working,Full,network,21,Morning,1750,262,1655,local,36,0.6672180167236473
Madrid,working,Full,network,21,Morning,1750,262,1655,local,37,0.7018044737768259
Madrid,working,Full,network,21,Morning,1750,262,1655,local,38,0.7370584232108065
Madrid,working,Full,network,21,Morning,1750,262,1655,local,39,0.7731464383212501
Madrid,working,Full,network,21,Morning,1750,262,1655,local,40,0.8099597751966785
Madrid,working,Full,network,21,Morning,1750,262,1655,local,41,0.8486479820718237
Madrid,working,Full,network,21,Morning,1750,262,1655,local,42,0.8881134053631091
Madrid,working,Full,network,21,Morning,1750,262,1655,local,43,0.9281447525855653
Madrid,working,Full,network,21,Morning,1750,262,1655,local,44,0.9697333079274583
Madrid,working,Full,network,21,Morning,1750,262,1655,local,45,1.0119988609826993
Madrid,working,Full,network,21,Morning,1750,262,1655,local,46,1.0554498696916585
Madrid,working,Full,network,21,Morning,1750,262,1655,local,47,1.1010739957297355
Madrid,working,Full,network,21,Morning,1750,262,1655,local,48,1.1472262216394895
Madrid,working,Full,network,21,Morning,1750,262,1655,local,49,1.1936902359542418
Madrid,working,Full,network,21,Morning,1750,262,1655,local,50,1.2404299277547153
Madrid,working,Full,network,21,Morning,1750,262,1655,local,51,1.2885984387170375
Madrid,working,Full,network,21,Morning,1750,262,1655,local,52,1.3416371166063428
Madrid,working,Full,network,21,Morning,1750,262,1655,local,53,1.3947916723383076
Madrid,working,Full,network,21,Morning,1750,262,1655,local,54,1.4482842015639454
Madrid,working,Full,network,21,Morning,1750,262,1655,local,55,1.5022704235378004
Madrid,working,Full,network,21,Morning,1750,262,1655,local,56,1.5566877141596145
Madrid,working,Full,network,21,Morning,1750,262,1655,local,57,1.6119446376444702
Madrid,working,Full,network,21,Morning,1750,262,1655,local,58,1.6680772031614939
Madrid,working,Full,network,21,Morning,1750,262,1655,local,59,1.7248867830041341
Madrid,working,Full,network,21,Morning,1750,262,1655,local,60,1.7841983262661385
Madrid,working,Full,network,21,Morning,1750,262,1655,local,61,1.8445530410996993
Madrid,working,Full,network,21,Morning,1750,262,1655,local,62,1.9050559456769767
Madrid,working,Full,network,21,Morning,1750,262,1655,local,63,1.966726576464104
Madrid,working,Full,network,21,Morning,1750,262,1655,local,64,2.0297290190694968
Madrid,working,Full,network,21,Morning,1750,262,1655,local,65,2.0930243961930826
Madrid,working,Full,network,21,Morning,1750,262,1655,local,66,2.1566886643190886
Madrid,working,Full,network,21,Morning,1750,262,1655,local,67,2.2219343238748177
Madrid,working,Full,network,21,Morning,1750,262,1655,local,68,2.2873526326635174
Madrid,working,Full,network,21,Morning,1750,262,1655,local,69,2.353466741139033
Madrid,working,Full,network,21,Morning,1750,262,1655,local,70,2.4225852832896484
Madrid,working,Full,network,21,Morning,1750,262,1655,local,71,2.4933326895428487
Madrid,working,Full,network,21,Morning,1750,262,1655,local,72,2.5647038491113987
Madrid,working,Full,network,21,Morning,1750,262,1655,local,73,2.6370093553552136
Madrid,working,Full,network,21,Morning,1750,262,1655,local,74,2.709700411592243
Madrid,working,Full,network,21,Morning,1750,262,1655,local,75,2.783607282404198
Madrid,working,Full,network,21,Morning,1750,262,1655,local,76,2.8584384328565298
Madrid,working,Full,network,21,Morning,1750,262,1655,local,77,2.9347361040147226
Madrid,working,Full,network,21,Morning,1750,262,1655,local,78,3.0121140793182786
Madrid,working,Full,network,21,Morning,1750,262,1655,local,79,3.0897377023169255
Madrid,working,Full,network,21,Morning,1750,262,1655,local,80,3.1677350920188783
Madrid,working,Full,network,21,Morning,1750,262,1655,local,81,3.246663884909723
Madrid,working,Full,network,21,Morning,1750,262,1655,local,82,3.3265954940181697
Madrid,working,Full,network,21,Morning,1750,262,1655,local,83,3.407726346963427
Madrid,working,Full,network,21,Morning,1750,262,1655,local,84,3.49086272644068
Madrid,working,Full,network,21,Morning,1750,262,1655,local,85,3.5751953097095575
Madrid,working,Full,network,21,Morning,1750,262,1655,local,86,3.661557677575924
Madrid,working,Full,network,21,Morning,1750,262,1655,local,87,3.7486399640668493
Madrid,working,Full,network,21,Morning,1750,262,1655,local,88,3.8364580899654355
Madrid,working,Full,network,21,Morning,1750,262,1655,local,89,3.924588393619067
Madrid,working,Full,network,21,Morning,1750,262,1655,local,90,4.01370258381002
Madrid,working,Full,network,21,Morning,1750,262,1655,local,91,4.104349733399318
Madrid,working,Full,network,21,Morning,1750,262,1655,local,92,4.195945257686603
Madrid,working,Full,network,21,Morning,1750,262,1655,local,93,4.2905426428238576
Madrid,working,Full,network,21,Morning,1750,262,1655,local,94,4.385329324763943
Madrid,working,Full,network,21,Morning,1750,262,1655,local,95,4.480745889946562
Madrid,working,Full,network,21,Morning,1750,262,1655,local,96,4.57702336104067
Madrid,working,Full,network,21,Morning,1750,262,1655,local,97,4.674158386521042
Madrid,working,Full,network,21,Morning,1750,262,1655,local,98,4.7734032365864545
Madrid,working,Full,network,21,Morning,1750,262,1655,local,99,4.873104104851008
Madrid,working,Full,network,21,Morning,1750,262,1655,local,100,4.974022108365855
Madrid,working,Full,network,21,Morning,1750,262,1655,local,101,5.076633251966025
Madrid,working,Full,network,21,Morning,1750,262,1655,local,102,5.17981150519805
Madrid,working,Full,network,21,Morning,1750,262,1655,local,103,5.28378794679729
Madrid,working,Full,network,21,Morning,1750,262,1655,local,104,5.38837299755235
Madrid,working,Full,network,21,Morning,1750,262,1655,local,105,5.494521838000086
Madrid,working,Full,network,21,Morning,1750,262,1655,local,106,5.600741357421914
Madrid,working,Full,network,21,Morning,1750,262,1655,local,107,5.708329051880113
Madrid,working,Full,network,21,Morning,1750,262,1655,local,108,5.816837826040415
Madrid,working,Full,network,21,Morning,1750,262,1655,local,109,5.926488764281977
Madrid,working,Full,network,21,Morning,1750,262,1655,local,110,6.03744398054456
Madrid,working,Full,network,21,Morning,1750,262,1655,local,111,6.1485509758391785
Madrid,working,Full,network,21,Morning,1750,262,1655,local,112,6.2609064879981
Madrid,working,Full,network,21,Morning,1750,262,1655,local,113,6.373898856399377
Madrid,working,Full,network,21,Morning,1750,262,1655,local,114,6.488228558121756
Madrid,working,Full,network,21,Morning,1750,262,1655,local,115,6.603151440355319
Madrid,working,Full,network,21,Morning,1750,262,1655,local,116,6.721231598481226
Madrid,working,Full,network,21,Morning,1750,262,1655,local,117,6.8396007540176225
Madrid,working,Full,network,21,Morning,1750,262,1655,local,118,6.959315468024707
Madrid,working,Full,network,21,Morning,1750,262,1655,local,119,7.07964678999503
Madrid,working,Full,network,21,Morning,1750,262,1655,local,120,7.20289562921189
Madrid,working,Full,network,21,Morning,1750,262,1655,local,121,7.327053815716028
Madrid,working,Full,network,21,Morning,1750,262,1655,local,122,7.452145426914512
Madrid,working,Full,network,21,Morning,1750,262,1655,local,123,7.577897151531655
Madrid,working,Full,network,21,Morning,1750,262,1655,local,124,7.704720448470378
Madrid,working,Full,network,21,Morning,1750,262,1655,local,125,7.833266213416697
Madrid,working,Full,network,21,Morning,1750,262,1655,local,126,7.9622819872072785
Madrid,working,Full,network,21,Morning,1750,262,1655,local,127,8.091781800979646
Madrid,working,Full,network,21,Morning,1750,262,1655,local,128,8.221446041950198
Madrid,working,Full,network,21,Morning,1750,262,1655,local,129,8.35296485168975
Madrid,working,Full,network,21,Morning,1750,262,1655,local,130,8.485476507170826
Madrid,working,Full,network,21,Morning,1750,262,1655,local,131,8.618398932145668
Madrid,working,Full,network,21,Morning,1750,262,1655,local,132,8.752816455081755
Madrid,working,Full,network,21,Morning,1750,262,1655,local,133,8.889671819117948
Madrid,working,Full,network,21,Morning,1750,262,1655,local,134,9.027261396635993
Madrid,working,Full,network,21,Morning,1750,262,1655,local,135,9.166697258592242
Madrid,working,Full,network,21,Morning,1750,262,1655,local,136,9.306605969052448
Madrid,working,Full,network,21,Morning,1750,262,1655,local,137,9.447308397103034
Madrid,working,Full,network,21,Morning,1750,262,1655,local,138,9.589311318692156
Madrid,working,Full,network,21,Morning,1750,262,1655,local,139,9.734762095902704
Madrid,working,Full,network,21,Morning,1750,262,1655,local,140,9.880937913507939
Madrid,working,Full,network,21,Morning,1750,262,1655,local,141,10.029370104980392
Madrid,working,Full,network,21,Morning,1750,262,1655,local,142,10.178051507479585
Madrid,working,Full,network,21,Morning,1750,262,1655,local,143,10.327125689423712
Madrid,working,Full,network,21,Morning,1750,262,1655,local,144,10.476364958903718
Madrid,working,Full,network,21,Morning,1750,262,1655,local,145,10.626509975999996
Madrid,working,Full,network,21,Morning,1750,262,1655,local,146,10.77802525504892
Madrid,working,Full,network,21,Morning,1750,262,1655,local,147,10.92992745667977
Madrid,working,Full,network,21,Morning,1750,262,1655,local,148,11.083195644680572
Madrid,working,Full,network,21,Morning,1750,262,1655,local,149,11.23877900048263
Madrid,working,Full,network,21,Morning,1750,262,1655,local,150,11.396254933924666
Madrid,working,Full,network,21,Morning,1750,262,1655,local,151,11.555601552112954
Madrid,working,Full,network,21,Morning,1750,262,1655,local,152,11.715631991503992
Madrid,working,Full,network,21,Morning,1750,262,1655,local,153,11.878087370491892
Madrid,working,Full,network,21,Morning,1750,262,1655,local,154,12.041314861776351
Madrid,working,Full,network,21,Morning,1750,262,1655,local,155,12.205949614689104
Madrid,working,Full,network,21,Morning,1750,262,1655,local,156,12.371095254048269
Madrid,working,Full,network,21,Morning,1750,262,1655,local,157,12.536765057209676
Madrid,working,Full,network,21,Morning,1750,262,1655,local,158,12.706893914137988
Madrid,working,Full,network,21,Morning,1750,262,1655,local,159,12.877165507832789
Madrid,working,Full,network,21,Morning,1750,262,1655,local,160,13.048764979352955
Madrid,working,Full,network,21,Morning,1750,262,1655,local,161,13.221963281032004
Madrid,working,Full,network,21,Morning,1750,262,1655,local,162,13.395608365527009
Madrid,working,Full,network,21,Morning,1750,262,1655,local,163,13.572458060497734
Madrid,working,Full,network,21,Morning,1750,262,1655,local,164,13.752990888576193
Madrid,working,Full,network,21,Morning,1750,262,1655,local,165,13.934254513200466
Madrid,working,Full,network,21,Morning,1750,262,1655,local,166,14.117350990205367
Madrid,working,Full,network,21,Morning,1750,262,1655,local,167,14.300525050658567
Madrid,working,Full,network,21,Morning,1750,262,1655,local,168,14.484820962541368
Madrid,working,Full,network,21,Morning,1750,262,1655,local,169,14.669626385167065
Madrid,working,Full,network,21,Morning,1750,262,1655,local,170,14.855748112058121
Madrid,working,Full,network,21,Morning,1750,262,1655,local,171,15.042922610335552
Madrid,working,Full,network,21,Morning,1750,262,1655,local,172,15.230782713558105
Madrid,working,Full,network,21,Morning,1750,262,1655,local,173,15.421030191884721
Madrid,working,Full,network,21,Morning,1750,262,1655,local,174,15.612359055192444
Madrid,working,Full,network,21,Morning,1750,262,1655,local,175,15.804396948820798
Madrid,working,Full,network,21,Morning,1750,262,1655,local,176,15.997696243166162
Madrid,working,Full,network,21,Morning,1750,262,1655,local,177,16.191923292230886
Madrid,working,Full,network,21,Morning,1750,262,1655,local,178,16.388282244624133
Madrid,working,Full,network,21,Morning,1750,262,1655,local,179,16.58524598223658
Madrid,working,Full,network,21,Morning,1750,262,1655,local,180,16.783065709567218
Madrid,working,Full,network,21,Morning,1750,262,1655,local,181,16.981694941334926
Madrid,working,Full,network,21,Morning,1750,262,1655,local,182,17.18299831957317
Madrid,working,Full,network,21,Morning,1750,262,1655,local,183,17.384623920797747
Madrid,working,Full,network,21,Morning,1750,262,1655,local,184,17.586568091347786
Madrid,working,Full,network,21,Morning,1750,262,1655,local,185,17.790407108150752
Madrid,working,Full,network,21,Morning,1750,262,1655,local,186,17.995669655184493
Madrid,working,Full,network,21,Morning,1750,262,1655,local,187,18.209572697975286
Madrid,working,Full,network,21,Morning,1750,262,1655,local,188,18.4264247278793
Madrid,working,Full,network,21,Morning,1750,262,1655,local,189,18.647175554479233
Madrid,working,Full,network,21,Morning,1750,262,1655,local,190,18.868824283551522
Madrid,working,Full,network,21,Morning,1750,262,1655,local,191,19.090930083625484
Madrid,working,Full,network,21,Morning,1750,262,1655,local,192,19.316679190969303
Madrid,working,Full,network,21,Morning,1750,262,1655,local,193,19.542537640266275
Madrid,working,Full,network,21,Morning,1750,262,1655,local,194,19.768569206016267
Madrid,working,Full,network,21,Morning,1750,262,1655,local,195,20.000254600669685
Madrid,working,Full,network,21,Morning,1750,262,1655,local,196,20.232902717829987
Madrid,working,Full,network,21,Morning,1750,262,1655,local,197,20.46709238708466
Madrid,working,Full,network,21,Morning,1750,262,1655,local,198,20.70593624300675
Madrid,working,Full,network,21,Morning,1750,262,1655,local,199,20.949850573478056
Madrid,working,Full,network,21,Morning,1750,262,1655,local,200,21.196994690318434
Madrid,working,Full,network,21,Morning,1750,262,1655,local,201,21.444206426360637
Madrid,working,Full,network,21,Morning,1750,262,1655,local,202,21.693946985784287
Madrid,working,Full,network,21,Morning,1750,262,1655,local,203,21.95201016104869
Madrid,working,Full,network,21,Morning,1750,262,1655,local,204,22.21369030275424
Madrid,working,Full,network,21,Morning,1750,262,1655,local,205,22.475736002625784
Madrid,working,Full,network,21,Morning,1750,262,1655,local,206,22.74281492818687
Madrid,working,Full,network,21,Morning,1750,262,1655,local,207,23.010100828081306
Madrid,working,Full,network,21,Morning,1750,262,1655,local,208,23.28295408275224
Madrid,working,Full,network,21,Morning,1750,262,1655,local,209,23.556445055426984
Madrid,working,Full,network,21,Morning,1750,262,1655,local,210,23.83375224001817
Madrid,working,Full,network,21,Morning,1750,262,1655,local,211,24.11157974267138
Madrid,working,Full,network,21,Morning,1750,262,1655,local,212,24.390404339653866
Madrid,working,Full,network,21,Morning,1750,262,1655,local,213,24.670573519136244
Madrid,working,Full,network,21,Morning,1750,262,1655,local,214,24.95356313999597
Madrid,working,Full,network,21,Morning,1750,262,1655,local,215,25.23887592746437
Madrid,working,Full,network,21,Morning,1750,262,1655,local,216,25.52659728106221
Madrid,working,Full,network,21,Morning,1750,262,1655,local,217,25.81706225883
Madrid,working,Full,network,21,Morning,1750,262,1655,local,218,26.114058654283614
Madrid,working,Full,network,21,Morning,1750,262,1655,local,219,26.416073620290895
Madrid,working,Full,network,21,Morning,1750,262,1655,local,220,26.72110408893562
Madrid,working,Full,network,21,Morning,1750,262,1655,local,221,27.027068584469433
Madrid,working,Full,network,21,Morning,1750,262,1655,local,222,27.335045667787746
Madrid,working,Full,network,21,Morning,1750,262,1655,local,223,27.64672886728766
Madrid,working,Full,network,21,Morning,1750,262,1655,local,224,27.968430531551714
Madrid,working,Full,network,21,Morning,1750,262,1655,local,225,28.29096810130099
Madrid,working,Full,network,21,Morning,1750,262,1655,local,226,28.619100736129376
Madrid,working,Full,network,21,Morning,1750,262,1655,local,227,28.954127822783008
Madrid,working,Full,network,21,Morning,1750,262,1655,local,228,29.29523754148985
Madrid,working,Full,network,21,Morning,1750,262,1655,local,229,29.642978740845304
Madrid,working,Full,network,21,Morning,1750,262,1655,local,230,29.995428320242024
Madrid,working,Full,network,21,Morning,1750,262,1655,local,231,30.348764358334428
Madrid,working,Full,network,21,Morning,1750,262,1655,local,232,30.708581297241558
Madrid,working,Full,network,21,Morning,1750,262,1655,local,233,31.0789620256307
Madrid,working,Full,network,21,Morning,1750,262,1655,local,234,31.4503384103496
Madrid,working,Full,network,21,Morning,1750,262,1655,local,235,31.82679634480967
Madrid,working,Full,network,21,Morning,1750,262,1655,local,236,32.203654075321694
Madrid,working,Full,network,21,Morning,1750,262,1655,local,237,32.586653210017374
Madrid,working,Full,network,21,Morning,1750,262,1655,local,238,32.97803300382093
Madrid,working,Full,network,21,Morning,1750,262,1655,local,239,33.369689961908264
Madrid,working,Full,network,21,Morning,1750,262,1655,local,240,33.774758493611124
Madrid,working,Full,network,21,Morning,1750,262,1655,local,241,34.180033434830186
Madrid,working,Full,network,21,Morning,1750,262,1655,local,242,34.59702032456502
Madrid,working,Full,network,21,Morning,1750,262,1655,local,243,35.01755286530938
Madrid,working,Full,network,21,Morning,1750,262,1655,local,244,35.460402265646366
Madrid,working,Full,network,21,Morning,1750,262,1655,local,245,35.90823441425591
Madrid,working,Full,network,21,Morning,1750,262,1655,local,246,36.38639901034708
Madrid,working,Full,network,21,Morning,1750,262,1655,local,247,36.87480485418604
Madrid,working,Full,network,21,Morning,1750,262,1655,local,248,37.37119847801433
Madrid,working,Full,network,21,Morning,1750,262,1655,local,249,37.87269273181274
Madrid,working,Full,network,21,Morning,1750,262,1655,local,250,38.37495266688317
Madrid,working,Full,network,21,Morning,1750,262,1655,local,251,38.88558594128054
Madrid,working,Full,network,21,Morning,1750,262,1655,local,252,39.41960014922929
Madrid,working,Full,network,21,Morning,1750,262,1655,local,253,39.955324946375185
Madrid,working,Full,network,21,Morning,1750,262,1655,local,254,40.49303556686403
Madrid,working,Full,network,21,Morning,1750,262,1655,local,255,41.04870829538471
Madrid,working,Full,network,21,Morning,1750,262,1655,local,256,41.606956543336146
Madrid,working,Full,network,21,Morning,1750,262,1655,local,257,42.19351730524713
Madrid,working,Full,network,21,Morning,1750,262,1655,local,258,42.80838979826447
Madrid,working,Full,network,21,Morning,1750,262,1655,local,259,43.46052778296563
Madrid,working,Full,network,21,Morning,1750,262,1655,local,260,44.116197618034015
Madrid,working,Full,network,21,Morning,1750,262,1655,local,261,44.88368156000061
Madrid,working,Full,network,21,Morning,1750,262,1655,local,262,45.69233612792749
Madrid,working,Full,network,21,Morning,1750,262,1655,regional,0,0.0
Madrid,working,Full,network,21,Morning,1750,262,1655,regional,1,0.0012215696410924697
Madrid,working,Full,network,21,Morning,1750,262,1655,regional,2,0.0030129289081766404
Madrid,working,Full,network,21,Morning,1750,262,1655,regional,3,0.005559862473580182
Madrid,working,Full,network,21,Morning,1750,262,1655,regional,4,0.009266153951309362
Madrid,working,Full,network,21,Morning,1750,262,1655,regional,5,0.014166290209314007
Madrid,working,Full,network,21,Morning,1750,262,1655,regional,6,0.019736984104656897
Madrid,working,Full,network,21,Morning,1750,262,1655,regional,7,0.02712180746296038
Madrid,working,Full,network,21,Morning,1750,262,1655,regional,8,0.03510618843631729
Madrid,working,Full,network,21,Morning,1750,262,1655,regional,9,0.04501749513048075
Madrid,working,Full,network,21,Morning,1750,262,1655,regional,10,0.05562302648694897
Madrid,working,Full,network,21,Morning,1750,262,1655,regional,11,0.06662150371996318
Madrid,working,Full,network,21,Morning,1750,262,1655,regional,12,0.07860220880422236
Madrid,working,Full,network,21,Morning,1750,262,1655,regional,13,0.09120287226011248
Madrid,working,Full,network,21,Morning,1750,262,1655,regional,14,0.104070163425668
Madrid,working,Full,network,21,Morning,1750,262,1655,regional,15,0.11782972795840758
Madrid,working,Full,network,21,Morning,1750,262,1655,regional,16,0.13283187235365695
Madrid,working,Full,network,21,Morning,1750,262,1655,regional,17,0.14869206324436726
Madrid,working,Full,network,21,Morning,1750,262,1655,regional,18,0.1657289991635035
Madrid,working,Full,network,21,Morning,1750,262,1655,regional,19,0.1833010810008518
Madrid,working,Full,network,21,Morning,1750,262,1655,regional,20,0.20164245483218676
Madrid,working,Full,network,21,Morning,1750,262,1655,regional,21,0.22169218071414748
Madrid,working,Full,network,21,Morning,1750,262,1655,regional,22,0.2451450635255349
Madrid,working,Full,network,21,Morning,1750,262,1655,regional,23,0.26911192624650543
Madrid,working,Full,network,21,Morning,1750,262,1655,regional,24,0.2952341745307843
Madrid,working,Full,network,21,Morning,1750,262,1655,regional,25,0.3229860960074711
Madrid,working,Full,network,21,Morning,1750,262,1655,regional,26,0.35192816652859227
Madrid,working,Full,network,21,Morning,1750,262,1655,regional,27,0.38298141483350895
Madrid,working,Full,network,21,Morning,1750,262,1655,regional,28,0.4156056329722067
Madrid,working,Full,network,21,Morning,1750,262,1655,regional,29,0.44991878660119655
Madrid,working,Full,network,21,Morning,1750,262,1655,regional,30,0.48428897624458983
Madrid,working,Full,network,21,Morning,1750,262,1655,regional,31,0.519432410456188
Madrid,working,Full,network,21,Morning,1750,262,1655,regional,32,0.5546258113110959
Madrid,working,Full,network,21,Morning,1750,262,1655,regional,33,0.5904248960079431
Madrid,working,Full,network,21,Morning,1750,262,1655,regional,34,0.6267843209942249
Madrid,working,Full,network,21,Morning,1750,262,1655,regional,35,0.6635638198844256
Madrid,working,Full,network,21,Morning,1750,262,1655,regional,36,0.7006320503740491
Madrid,working,Full,network,21,Morning,1750,262,1655,regional,37,0.7379880345825482
Madrid,working,Full,network,21,Morning,1750,262,1655,regional,38,0.7766078193982341
Madrid,working,Full,network,21,Morning,1750,262,1655,regional,39,0.8162495220155035
Madrid,working,Full,network,21,Morning,1750,262,1655,regional,40,0.8566116857564411
Madrid,working,Full,network,21,Morning,1750,262,1655,regional,41,0.8976117812923916
Madrid,working,Full,network,21,Morning,1750,262,1655,regional,42,0.9392844060160171
Madrid,working,Full,network,21,Morning,1750,262,1655,regional,43,0.9814009316662062
Madrid,working,Full,network,21,Morning,1750,262,1655,regional,44,1.024479346515423
Madrid,working,Full,network,21,Morning,1750,262,1655,regional,45,1.0678350626036228
Madrid,working,Full,network,21,Morning,1750,262,1655,regional,46,1.113361004039778
Madrid,working,Full,network,21,Morning,1750,262,1655,regional,47,1.1592719504150855
Madrid,working,Full,network,21,Morning,1750,262,1655,regional,48,1.2059748684552531
Madrid,working,Full,network,21,Morning,1750,262,1655,regional,49,1.2533200087544865
Madrid,working,Full,network,21,Morning,1750,262,1655,regional,50,1.3024879015494382
Madrid,working,Full,network,21,Morning,1750,262,1655,regional,51,1.3530339164504466
Madrid,working,Full,network,21,Morning,1750,262,1655,regional,52,1.4042070011988328
Madrid,working,Full,network,21,Morning,1750,262,1655,regional,53,1.4558031324395775
Madrid,working,Full,network,21,Morning,1750,262,1655,regional,54,1.5088309250094225
Madrid,working,Full,network,21,Morning,1750,262,1655,regional,55,1.5648517373026793
Madrid,working,Full,network,21,Morning,1750,262,1655,regional,56,1.6210138149143267
Madrid,working,Full,network,21,Morning,1750,262,1655,regional,57,1.6774518758893469
Madrid,working,Full,network,21,Morning,1750,262,1655,regional,58,1.7350768585872116
Madrid,working,Full,network,21,Morning,1750,262,1655,regional,59,1.7949797240180854
Madrid,working,Full,network,21,Morning,1750,262,1655,regional,60,1.8575941079943377
Madrid,working,Full,network,21,Morning,1750,262,1655,regional,61,1.9205451944528082
Madrid,working,Full,network,21,Morning,1750,262,1655,regional,62,1.9848779724392214
Madrid,working,Full,network,21,Morning,1750,262,1655,regional,63,2.050389588055274
Madrid,working,Full,network,21,Morning,1750,262,1655,regional,64,2.116790434977389
Madrid,working,Full,network,21,Morning,1750,262,1655,regional,65,2.183698348225208
Madrid,working,Full,network,21,Morning,1750,262,1655,regional,66,2.251657940947973
Madrid,working,Full,network,21,Morning,1750,262,1655,regional,67,2.3199481730830502
Madrid,working,Full,network,21,Morning,1750,262,1655,regional,68,2.3892543799480617
Madrid,working,Full,network,21,Morning,1750,262,1655,regional,69,2.459372913972007
Madrid,working,Full,network,21,Morning,1750,262,1655,regional,70,2.5305935646336977
Madrid,working,Full,network,21,Morning,1750,262,1655,regional,71,2.6020252785482425
Madrid,working,Full,network,21,Morning,1750,262,1655,regional,72,2.6743178652330264
Madrid,working,Full,network,21,Morning,1750,262,1655,regional,73,2.7474448313883024
Madrid,working,Full,network,21,Morning,1750,262,1655,regional,74,2.821031921392614
Madrid,working,Full,network,21,Morning,1750,262,1655,regional,75,2.896682781447644
Madrid,working,Full,network,21,Morning,1750,262,1655,regional,76,2.973402337572783
Madrid,working,Full,network,21,Morning,1750,262,1655,regional,77,3.0505666872431108
Madrid,working,Full,network,21,Morning,1750,262,1655,regional,78,3.1284325277860847
Madrid,working,Full,network,21,Morning,1750,262,1655,regional,79,3.2063221174580985
Madrid,working,Full,network,21,Morning,1750,262,1655,regional,80,3.285606267944982
Madrid,working,Full,network,21,Morning,1750,262,1655,regional,81,3.365470340542394
Madrid,working,Full,network,21,Morning,1750,262,1655,regional,82,3.44554553007609
Madrid,working,Full,network,21,Morning,1750,262,1655,regional,83,3.5266726327655546
Madrid,working,Full,network,21,Morning,1750,262,1655,regional,84,3.6085988691212094
Madrid,working,Full,network,21,Morning,1750,262,1655,regional,85,3.6936119217338437
Madrid,working,Full,network,21,Morning,1750,262,1655,regional,86,3.7788639845621894
Madrid,working,Full,network,21,Morning,1750,262,1655,regional,87,3.8647580580737237
Madrid,working,Full,network,21,Morning,1750,262,1655,regional,88,3.9512877265720787
Madrid,working,Full,network,21,Morning,1750,262,1655,regional,89,4.039826292233252
Madrid,working,Full,network,21,Morning,1750,262,1655,regional,90,4.129902999783553
Madrid,working,Full,network,21,Morning,1750,262,1655,regional,91,4.221831792035483
Madrid,working,Full,network,21,Morning,1750,262,1655,regional,92,4.314936325119887
Madrid,working,Full,network,21,Morning,1750,262,1655,regional,93,4.408212855708273
Madrid,working,Full,network,21,Morning,1750,262,1655,regional,94,4.502170981668555
Madrid,working,Full,network,21,Morning,1750,262,1655,regional,95,4.597064097218234
Madrid,working,Full,network,21,Morning,1750,262,1655,regional,96,4.692327635813411
Madrid,working,Full,network,21,Morning,1750,262,1655,regional,97,4.788385999716254
Madrid,working,Full,network,21,Morning,1750,262,1655,regional,98,4.885114242318914
Madrid,working,Full,network,21,Morning,1750,262,1655,regional,99,4.982545001042502
Madrid,working,Full,network,21,Morning,1750,262,1655,regional,100,5.081539547598832
Madrid,working,Full,network,21,Morning,1750,262,1655,regional,101,5.180918754888783
Madrid,working,Full,network,21,Morning,1750,262,1655,regional,102,5.280880015837276
Madrid,working,Full,network,21,Morning,1750,262,1655,regional,103,5.381556744297695
Madrid,working,Full,network,21,Morning,1750,262,1655,regional,104,5.48329138582681
Madrid,working,Full,network,21,Morning,1750,262,1655,regional,105,5.587708337904119
Madrid,working,Full,network,21,Morning,1750,262,1655,regional,106,5.693482588179156
Madrid,working,Full,network,21,Morning,1750,262,1655,regional,107,5.800302553805163
Madrid,working,Full,network,21,Morning,1750,262,1655,regional,108,5.907680251337402
Madrid,working,Full,network,21,Morning,1750,262,1655,regional,109,6.015868192900912
Madrid,working,Full,network,21,Morning,1750,262,1655,regional,110,6.125007977493457
Madrid,working,Full,network,21,Morning,1750,262,1655,regional,111,6.234623978333077
Madrid,working,Full,network,21,Morning,1750,262,1655,regional,112,6.345197776852156
Madrid,working,Full,network,21,Morning,1750,262,1655,regional,113,6.4574409837764835
Madrid,working,Full,network,21,Morning,1750,262,1655,regional,114,6.569826885472138
Madrid,working,Full,network,21,Morning,1750,262,1655,regional,115,6.683099052201115
Madrid,working,Full,network,21,Morning,1750,262,1655,regional,116,6.797754558855164
Madrid,working,Full,network,21,Morning,1750,262,1655,regional,117,6.912572364206581
Madrid,working,Full,network,21,Morning,1750,262,1655,regional,118,7.027821083304612
Madrid,working,Full,network,21,Morning,1750,262,1655,regional,119,7.144677290653836
Madrid,working,Full,network,21,Morning,1750,262,1655,regional,120,7.2629070338598805
Madrid,working,Full,network,21,Morning,1750,262,1655,regional,121,7.382013296977512
Madrid,working,Full,network,21,Morning,1750,262,1655,regional,122,7.502350860121344
Madrid,working,Full,network,21,Morning,1750,262,1655,regional,123,7.6238189594905
Madrid,working,Full,network,21,Morning,1750,262,1655,regional,124,7.745848085454923
Madrid,working,Full,network,21,Morning,1750,262,1655,regional,125,7.8686085123857055
Madrid,working,Full,network,21,Morning,1750,262,1655,regional,126,7.992650070198497
Madrid,working,Full,network,21,Morning,1750,262,1655,regional,127,8.116945934847116
Madrid,working,Full,network,21,Morning,1750,262,1655,regional,128,8.242171233376284
Madrid,working,Full,network,21,Morning,1750,262,1655,regional,129,8.368593630322723
Madrid,working,Full,network,21,Morning,1750,262,1655,regional,130,8.496962240078494
Madrid,working,Full,network,21,Morning,1750,262,1655,regional,131,8.626099048159915
Madrid,working,Full,network,21,Morning,1750,262,1655,regional,132,8.757256201659075
Madrid,working,Full,network,21,Morning,1750,262,1655,regional,133,8.888563007723333
Madrid,working,Full,network,21,Morning,1750,262,1655,regional,134,9.02211017495984
Madrid,working,Full,network,21,Morning,1750,262,1655,regional,135,9.156727522455444
Madrid,working,Full,network,21,Morning,1750,262,1655,regional,136,9.292330140916025
Madrid,working,Full,network,21,Morning,1750,262,1655,regional,137,9.431362447499964
Madrid,working,Full,network,21,Morning,1750,262,1655,regional,138,9.571368748370416
Madrid,working,Full,network,21,Morning,1750,262,1655,regional,139,9.71335659943213
Madrid,working,Full,network,21,Morning,1750,262,1655,regional,140,9.857995472022418
Madrid,working,Full,network,21,Morning,1750,262,1655,regional,141,10.003402187154045
Madrid,working,Full,network,21,Morning,1750,262,1655,regional,142,10.150836197076238
Madrid,working,Full,network,21,Morning,1750,262,1655,regional,143,10.298459845299048
Madrid,working,Full,network,21,Morning,1750,262,1655,regional,144,10.44897358526527
Madrid,working,Full,network,21,Morning,1750,262,1655,regional,145,10.599927442002443
Madrid,working,Full,network,21,Morning,1750,262,1655,regional,146,10.751960395711421
Madrid,working,Full,network,21,Morning,1750,262,1655,regional,147,10.905967263932988
Madrid,working,Full,network,21,Morning,1750,262,1655,regional,148,11.061145010952329
Madrid,working,Full,network,21,Morning,1750,262,1655,regional,149,11.217026049870805
Madrid,working,Full,network,21,Morning,1750,262,1655,regional,150,11.375286700572328
Madrid,working,Full,network,21,Morning,1750,262,1655,regional,151,11.535928892502573
Madrid,working,Full,network,21,Morning,1750,262,1655,regional,152,11.699475272813766
Madrid,working,Full,network,21,Morning,1750,262,1655,regional,153,11.863279150440803
Madrid,working,Full,network,21,Morning,1750,262,1655,regional,154,12.027547124490809
Madrid,working,Full,network,21,Morning,1750,262,1655,regional,155,12.193658835995157
Madrid,working,Full,network,21,Morning,1750,262,1655,regional,156,12.361431040244662
Madrid,working,Full,network,21,Morning,1750,262,1655,regional,157,12.529717995971497
Madrid,working,Full,network,21,Morning,1750,262,1655,regional,158,12.701586641826372
Madrid,working,Full,network,21,Morning,1750,262,1655,regional,159,12.874152924925605
Madrid,working,Full,network,21,Morning,1750,262,1655,regional,160,13.048111480451867
Madrid,working,Full,network,21,Morning,1750,262,1655,regional,161,13.224275311343753
Madrid,working,Full,network,21,Morning,1750,262,1655,regional,162,13.401285618372697
Madrid,working,Full,network,21,Morning,1750,262,1655,regional,163,13.58244037894184
Madrid,working,Full,network,21,Morning,1750,262,1655,regional,164,13.767676821330552
Madrid,working,Full,network,21,Morning,1750,262,1655,regional,165,13.95547075502619
Madrid,working,Full,network,21,Morning,1750,262,1655,regional,166,14.144585547448369
Madrid,working,Full,network,21,Morning,1750,262,1655,regional,167,14.333726635278417
Madrid,working,Full,network,21,Morning,1750,262,1655,regional,168,14.525695138919321
Madrid,working,Full,network,21,Morning,1750,262,1655,regional,169,14.7184728276595
Madrid,working,Full,network,21,Morning,1750,262,1655,regional,170,14.912623951205338
Madrid,working,Full,network,21,Morning,1750,262,1655,regional,171,15.107037273051427
Madrid,working,Full,network,21,Morning,1750,262,1655,regional,172,15.30163503222098
Madrid,working,Full,network,21,Morning,1750,262,1655,regional,173,15.49748314798229
Madrid,working,Full,network,21,Morning,1750,262,1655,regional,174,15.69414770031659
Madrid,working,Full,network,21,Morning,1750,262,1655,regional,175,15.891383160155389
Madrid,working,Full,network,21,Morning,1750,262,1655,regional,176,16.08895347197695
Madrid,working,Full,network,21,Morning,1750,262,1655,regional,177,16.287856006570653
Madrid,working,Full,network,21,Morning,1750,262,1655,regional,178,16.488077822019054
Madrid,working,Full,network,21,Morning,1750,262,1655,regional,179,16.689278771679387
Madrid,working,Full,network,21,Morning,1750,262,1655,regional,180,16.89110254598554
Madrid,working,Full,network,21,Morning,1750,262,1655,regional,181,17.093674604169497
Madrid,working,Full,network,21,Morning,1750,262,1655,regional,182,17.297496804211487
Madrid,working,Full,network,21,Morning,1750,262,1655,regional,183,17.50144078353886
Madrid,working,Full,network,21,Morning,1750,262,1655,regional,184,17.708184094874106
Madrid,working,Full,network,21,Morning,1750,262,1655,regional,185,17.915337109737447
Madrid,working,Full,network,21,Morning,1750,262,1655,regional,186,18.122867400178436
Madrid,working,Full,network,21,Morning,1750,262,1655,regional,187,18.33167400262399
Madrid,working,Full,network,21,Morning,1750,262,1655,regional,188,18.540976270508054
Madrid,working,Full,network,21,Morning,1750,262,1655,regional,189,18.757148410275995
Madrid,working,Full,network,21,Morning,1750,262,1655,regional,190,18.973461186950388
Madrid,working,Full,network,21,Morning,1750,262,1655,regional,191,19.19037786643993
Madrid,working,Full,network,21,Morning,1750,262,1655,regional,192,19.412776727425104
Madrid,working,Full,network,21,Morning,1750,262,1655,regional,193,19.63547449775673
Madrid,working,Full,network,21,Morning,1750,262,1655,regional,194,19.85998963960954
Madrid,working,Full,network,21,Morning,1750,262,1655,regional,195,20.08629865964024
Madrid,working,Full,network,21,Morning,1750,262,1655,regional,196,20.317154968417867
Madrid,working,Full,network,21,Morning,1750,262,1655,regional,197,20.55562586143005
Madrid,working,Full,network,21,Morning,1750,262,1655,regional,198,20.798170352168594
Madrid,working,Full,network,21,Morning,1750,262,1655,regional,199,21.045078634316948
Madrid,working,Full,network,21,Morning,1750,262,1655,regional,200,21.292869215240408
Madrid,working,Full,network,21,Morning,1750,262,1655,regional,201,21.543204803441423
Madrid,working,Full,network,21,Morning,1750,262,1655,regional,202,21.794594005826156
Madrid,working,Full,network,21,Morning,1750,262,1655,regional,203,22.054922320592414
Madrid,working,Full,network,21,Morning,1750,262,1655,regional,204,22.317519756113573
Madrid,working,Full,network,21,Morning,1750,262,1655,regional,205,22.5822792118386
Madrid,working,Full,network,21,Morning,1750,262,1655,regional,206,22.84817333109747
Madrid,working,Full,network,21,Morning,1750,262,1655,regional,207,23.1146116119332
Madrid,working,Full,network,21,Morning,1750,262,1655,regional,208,23.386474232998665
Madrid,working,Full,network,21,Morning,1750,262,1655,regional,209,23.65980066755822
Madrid,working,Full,network,21,Morning,1750,262,1655,regional,210,23.935650744442235
Madrid,working,Full,network,21,Morning,1750,262,1655,regional,211,24.21343256592448
Madrid,working,Full,network,21,Morning,1750,262,1655,regional,212,24.49195083356159
Madrid,working,Full,network,21,Morning,1750,262,1655,regional,213,24.77192779792493
Madrid,working,Full,network,21,Morning,1750,262,1655,regional,214,25.05519858396226
Madrid,working,Full,network,21,Morning,1750,262,1655,regional,215,25.338873677816512
Madrid,working,Full,network,21,Morning,1750,262,1655,regional,216,25.623075909284143
Madrid,working,Full,network,21,Morning,1750,262,1655,regional,217,25.90951068940582
Madrid,working,Full,network,21,Morning,1750,262,1655,regional,218,26.203487153767355
Madrid,working,Full,network,21,Morning,1750,262,1655,regional,219,26.506738715108302
Madrid,working,Full,network,21,Morning,1750,262,1655,regional,220,26.810241840166995
Madrid,working,Full,network,21,Morning,1750,262,1655,regional,221,27.11688396388331
Madrid,working,Full,network,21,Morning,1750,262,1655,regional,222,27.424736881607608
Madrid,working,Full,network,21,Morning,1750,262,1655,regional,223,27.737415330356782
Madrid,working,Full,network,21,Morning,1750,262,1655,regional,224,28.06018705684358
Madrid,working,Full,network,21,Morning,1750,262,1655,regional,225,28.38706847421717
Madrid,working,Full,network,21,Morning,1750,262,1655,regional,226,28.721736890165356
Madrid,working,Full,network,21,Morning,1750,262,1655,regional,227,29.057989837855775
Madrid,working,Full,network,21,Morning,1750,262,1655,regional,228,29.40374322978171
Madrid,working,Full,network,21,Morning,1750,262,1655,regional,229,29.75231376082553
Madrid,working,Full,network,21,Morning,1750,262,1655,regional,230,30.111024092089735
Madrid,working,Full,network,21,Morning,1750,262,1655,regional,231,30.478702665839055
Madrid,working,Full,network,21,Morning,1750,262,1655,regional,232,30.848283121462085
Madrid,working,Full,network,21,Morning,1750,262,1655,regional,233,31.219523345630254
Madrid,working,Full,network,21,Morning,1750,262,1655,regional,234,31.59554114783499
Madrid,working,Full,network,21,Morning,1750,262,1655,regional,235,31.97337237319715
Madrid,working,Full,network,21,Morning,1750,262,1655,regional,236,32.35575981033463
Madrid,working,Full,network,21,Morning,1750,262,1655,regional,237,32.739020460063266
Madrid,working,Full,network,21,Morning,1750,262,1655,regional,238,33.127515401200675
Madrid,working,Full,network,21,Morning,1750,262,1655,regional,239,33.525521088529366
Madrid,working,Full,network,21,Morning,1750,262,1655,regional,240,33.93432522230969
Madrid,working,Full,network,21,Morning,1750,262,1655,regional,241,34.345326587361846
Madrid,working,Full,network,21,Morning,1750,262,1655,regional,242,34.76847792451556
Madrid,working,Full,network,21,Morning,1750,262,1655,regional,243,35.19739786427152
Madrid,working,Full,network,21,Morning,1750,262,1655,regional,244,35.648797056757594
Madrid,working,Full,network,21,Morning,1750,262,1655,regional,245,36.10360234507782
Madrid,working,Full,network,21,Morning,1750,262,1655,regional,246,36.584400681451996
Madrid,working,Full,network,21,Morning,1750,262,1655,regional,247,37.072040188021305
Madrid,working,Full,network,21,Morning,1750,262,1655,regional,248,37.564325392435755
Madrid,working,Full,network,21,Morning,1750,262,1655,regional,249,38.06642877542214
Madrid,working,Full,network,21,Morning,1750,262,1655,regional,250,38.571346632301925
Madrid,working,Full,network,21,Morning,1750,262,1655,regional,251,39.09073516339489
Madrid,working,Full,network,21,Morning,1750,262,1655,regional,252,39.62612301388586
Madrid,working,Full,network,21,Morning,1750,262,1655,regional,253,40.166739193766844
Madrid,working,Full,network,21,Morning,1750,262,1655,regional,254,40.714190344985546
Madrid,working,Full,network,21,Morning,1750,262,1655,regional,255,41.279869525364646
Madrid,working,Full,network,21,Morning,1750,262,1655,regional,256,41.84800550903817
Madrid,working,Full,network,21,Morning,1750,262,1655,regional,257,42.435175817539594
Madrid,working,Full,network,21,Morning,1750,262,1655,regional,258,43.06097906961312
Madrid,working,Full,network,21,Morning,1750,262,1655,regional,259,43.71102769510273
Madrid,working,Full,network,21,Morning,1750,262,1655,regional,260,44.38343384877312
Madrid,working,Full,network,21,Morning,1750,262,1655,regional,261,45.163706925507725
Madrid,working,Full,network,21,Morning,1750,262,1655,regional,262,45.98574418984773
Madrid,working,Full,network,21,Morning,1750,262,1655,uniform_area,0,0.0
Madrid,working,Full,network,21,Morning,1750,262,1655,uniform_area,1,7.411239866620413e-05
Madrid,working,Full,network,21,Morning,1750,262,1655,uniform_area,2,0.0007817383930013734
Madrid,working,Full,network,21,Morning,1750,262,1655,uniform_area,3,0.00269963184728098
Madrid,working,Full,network,21,Morning,1750,262,1655,uniform_area,4,0.006022157072849588
Madrid,working,Full,network,21,Morning,1750,262,1655,uniform_area,5,0.0103307931792463
Madrid,working,Full,network,21,Morning,1750,262,1655,uniform_area,6,0.015848773976231575
Madrid,working,Full,network,21,Morning,1750,262,1655,uniform_area,7,0.02307183794505066
Madrid,working,Full,network,21,Morning,1750,262,1655,uniform_area,8,0.030749717352766937
Madrid,working,Full,network,21,Morning,1750,262,1655,uniform_area,9,0.03936776795603711
Madrid,working,Full,network,21,Morning,1750,262,1655,uniform_area,10,0.04876017898235764
Madrid,working,Full,network,21,Morning,1750,262,1655,uniform_area,11,0.05845672411685613
Madrid,working,Full,network,21,Morning,1750,262,1655,uniform_area,12,0.06958575777646026
Madrid,working,Full,network,21,Morning,1750,262,1655,uniform_area,13,0.0817119682255956
Madrid,working,Full,network,21,Morning,1750,262,1655,uniform_area,14,0.09492976041896475
Madrid,working,Full,network,21,Morning,1750,262,1655,uniform_area,15,0.10866720776871817
Madrid,working,Full,network,21,Morning,1750,262,1655,uniform_area,16,0.12262487998870056
Madrid,working,Full,network,21,Morning,1750,262,1655,uniform_area,17,0.13702636555852638
Madrid,working,Full,network,21,Morning,1750,262,1655,uniform_area,18,0.15208041645867879
Madrid,working,Full,network,21,Morning,1750,262,1655,uniform_area,19,0.16894669012096747
Madrid,working,Full,network,21,Morning,1750,262,1655,uniform_area,20,0.1878672032103049
Madrid,working,Full,network,21,Morning,1750,262,1655,uniform_area,21,0.20900869031477398
Madrid,working,Full,network,21,Morning,1750,262,1655,uniform_area,22,0.23094082754622594
Madrid,working,Full,network,21,Morning,1750,262,1655,uniform_area,23,0.2536775045712918
Madrid,working,Full,network,21,Morning,1750,262,1655,uniform_area,24,0.2791522161329499
Madrid,working,Full,network,21,Morning,1750,262,1655,uniform_area,25,0.3067533052960878
Madrid,working,Full,network,21,Morning,1750,262,1655,uniform_area,26,0.3365561744532689
Madrid,working,Full,network,21,Morning,1750,262,1655,uniform_area,27,0.36652971095364495
Madrid,working,Full,network,21,Morning,1750,262,1655,uniform_area,28,0.39760098727130166
Madrid,working,Full,network,21,Morning,1750,262,1655,uniform_area,29,0.4292128997166131
Madrid,working,Full,network,21,Morning,1750,262,1655,uniform_area,30,0.4611978578904616
Madrid,working,Full,network,21,Morning,1750,262,1655,uniform_area,31,0.4962722489136334
Madrid,working,Full,network,21,Morning,1750,262,1655,uniform_area,32,0.5315477440216069
Madrid,working,Full,network,21,Morning,1750,262,1655,uniform_area,33,0.5685392459236868
Madrid,working,Full,network,21,Morning,1750,262,1655,uniform_area,34,0.6061370868055077
Madrid,working,Full,network,21,Morning,1750,262,1655,uniform_area,35,0.6438353494748723
Madrid,working,Full,network,21,Morning,1750,262,1655,uniform_area,36,0.682082919374409
Madrid,working,Full,network,21,Morning,1750,262,1655,uniform_area,37,0.72036918490591
Madrid,working,Full,network,21,Morning,1750,262,1655,uniform_area,38,0.7587843619441473
Madrid,working,Full,network,21,Morning,1750,262,1655,uniform_area,39,0.7973067246065298
Madrid,working,Full,network,21,Morning,1750,262,1655,uniform_area,40,0.8373820871701895
Madrid,working,Full,network,21,Morning,1750,262,1655,uniform_area,41,0.8775729769000304
Madrid,working,Full,network,21,Morning,1750,262,1655,uniform_area,42,0.9179106622855485
Madrid,working,Full,network,21,Morning,1750,262,1655,uniform_area,43,0.9594745459801951
Madrid,working,Full,network,21,Morning,1750,262,1655,uniform_area,44,1.0018735380342567
Madrid,working,Full,network,21,Morning,1750,262,1655,uniform_area,45,1.0444494004921827
Madrid,working,Full,network,21,Morning,1750,262,1655,uniform_area,46,1.0893277461658846
Madrid,working,Full,network,21,Morning,1750,262,1655,uniform_area,47,1.1353369802104587
Madrid,working,Full,network,21,Morning,1750,262,1655,uniform_area,48,1.1851079243365343
Madrid,working,Full,network,21,Morning,1750,262,1655,uniform_area,49,1.235403198146751
Madrid,working,Full,network,21,Morning,1750,262,1655,uniform_area,50,1.2860788245122385
Madrid,working,Full,network,21,Morning,1750,262,1655,uniform_area,51,1.3391577000886654
Madrid,working,Full,network,21,Morning,1750,262,1655,uniform_area,52,1.3925646693435825
Madrid,working,Full,network,21,Morning,1750,262,1655,uniform_area,53,1.4461300180436394
Madrid,working,Full,network,21,Morning,1750,262,1655,uniform_area,54,1.502002161447586
Madrid,working,Full,network,21,Morning,1750,262,1655,uniform_area,55,1.5586514743853772
Madrid,working,Full,network,21,Morning,1750,262,1655,uniform_area,56,1.6174316500859056
Madrid,working,Full,network,21,Morning,1750,262,1655,uniform_area,57,1.6769626106032895
Madrid,working,Full,network,21,Morning,1750,262,1655,uniform_area,58,1.7373564839227187
Madrid,working,Full,network,21,Morning,1750,262,1655,uniform_area,59,1.799770380967368
Madrid,working,Full,network,21,Morning,1750,262,1655,uniform_area,60,1.8639549196570626
Madrid,working,Full,network,21,Morning,1750,262,1655,uniform_area,61,1.930742969432369
Madrid,working,Full,network,21,Morning,1750,262,1655,uniform_area,62,1.9978779637458626
Madrid,working,Full,network,21,Morning,1750,262,1655,uniform_area,63,2.0654096902938046
Madrid,working,Full,network,21,Morning,1750,262,1655,uniform_area,64,2.1342798372962006
Madrid,working,Full,network,21,Morning,1750,262,1655,uniform_area,65,2.203412967287647
Madrid,working,Full,network,21,Morning,1750,262,1655,uniform_area,66,2.2728503736737
Madrid,working,Full,network,21,Morning,1750,262,1655,uniform_area,67,2.3423314871035252
Madrid,working,Full,network,21,Morning,1750,262,1655,uniform_area,68,2.4120933295698057
Madrid,working,Full,network,21,Morning,1750,262,1655,uniform_area,69,2.482433832120053
Madrid,working,Full,network,21,Morning,1750,262,1655,uniform_area,70,2.553276187283197
Madrid,working,Full,network,21,Morning,1750,262,1655,uniform_area,71,2.6247891383969333
Madrid,working,Full,network,21,Morning,1750,262,1655,uniform_area,72,2.6967987110047695
Madrid,working,Full,network,21,Morning,1750,262,1655,uniform_area,73,2.7696670826628256
Madrid,working,Full,network,21,Morning,1750,262,1655,uniform_area,74,2.8437158583698388
Madrid,working,Full,network,21,Morning,1750,262,1655,uniform_area,75,2.9184562141373895
Madrid,working,Full,network,21,Morning,1750,262,1655,uniform_area,76,2.9933232111061177
Madrid,working,Full,network,21,Morning,1750,262,1655,uniform_area,77,3.068752825363686
Madrid,working,Full,network,21,Morning,1750,262,1655,uniform_area,78,3.145750568964314
Madrid,working,Full,network,21,Morning,1750,262,1655,uniform_area,79,3.2234192652778404
Madrid,working,Full,network,21,Morning,1750,262,1655,uniform_area,80,3.301561106870526
Madrid,working,Full,network,21,Morning,1750,262,1655,uniform_area,81,3.380284531696363
Madrid,working,Full,network,21,Morning,1750,262,1655,uniform_area,82,3.45972861637213
Madrid,working,Full,network,21,Morning,1750,262,1655,uniform_area,83,3.539939218977646
Madrid,working,Full,network,21,Morning,1750,262,1655,uniform_area,84,3.621576163543683
Madrid,working,Full,network,21,Morning,1750,262,1655,uniform_area,85,3.705142232776053
Madrid,working,Full,network,21,Morning,1750,262,1655,uniform_area,86,3.7915050663157484
Madrid,working,Full,network,21,Morning,1750,262,1655,uniform_area,87,3.879359293916876
Madrid,working,Full,network,21,Morning,1750,262,1655,uniform_area,88,3.967404751342965
Madrid,working,Full,network,21,Morning,1750,262,1655,uniform_area,89,4.0578147633942505
Madrid,working,Full,network,21,Morning,1750,262,1655,uniform_area,90,4.14880040461927
Madrid,working,Full,network,21,Morning,1750,262,1655,uniform_area,91,4.2408221285567596
Madrid,working,Full,network,21,Morning,1750,262,1655,uniform_area,92,4.333511353714964
Madrid,working,Full,network,21,Morning,1750,262,1655,uniform_area,93,4.4276681943609955
Madrid,working,Full,network,21,Morning,1750,262,1655,uniform_area,94,4.52283923594957
Madrid,working,Full,network,21,Morning,1750,262,1655,uniform_area,95,4.619148177700654
Madrid,working,Full,network,21,Morning,1750,262,1655,uniform_area,96,4.71606144549697
Madrid,working,Full,network,21,Morning,1750,262,1655,uniform_area,97,4.813146280388913
Madrid,working,Full,network,21,Morning,1750,262,1655,uniform_area,98,4.911031661638381
Madrid,working,Full,network,21,Morning,1750,262,1655,uniform_area,99,5.009306290437522
Madrid,working,Full,network,21,Morning,1750,262,1655,uniform_area,100,5.108982614257856
Madrid,working,Full,network,21,Morning,1750,262,1655,uniform_area,101,5.209243092929344
Madrid,working,Full,network,21,Morning,1750,262,1655,uniform_area,102,5.309753588738831
Madrid,working,Full,network,21,Morning,1750,262,1655,uniform_area,103,5.410791346797659
Madrid,working,Full,network,21,Morning,1750,262,1655,uniform_area,104,5.51361122566861
Madrid,working,Full,network,21,Morning,1750,262,1655,uniform_area,105,5.616985686829934
Madrid,working,Full,network,21,Morning,1750,262,1655,uniform_area,106,5.721590946546257
Madrid,working,Full,network,21,Morning,1750,262,1655,uniform_area,107,5.828515561928922
Madrid,working,Full,network,21,Morning,1750,262,1655,uniform_area,108,5.936261932717161
Madrid,working,Full,network,21,Morning,1750,262,1655,uniform_area,109,6.045456411105012
Madrid,working,Full,network,21,Morning,1750,262,1655,uniform_area,110,6.155149494627206
Madrid,working,Full,network,21,Morning,1750,262,1655,uniform_area,111,6.26607465937473
Madrid,working,Full,network,21,Morning,1750,262,1655,uniform_area,112,6.377153148214186
Madrid,working,Full,network,21,Morning,1750,262,1655,uniform_area,113,6.488499332234506
Madrid,working,Full,network,21,Morning,1750,262,1655,uniform_area,114,6.60128478954101
Madrid,working,Full,network,21,Morning,1750,262,1655,uniform_area,115,6.714521646365838
Madrid,working,Full,network,21,Morning,1750,262,1655,uniform_area,116,6.828251776768735
Madrid,working,Full,network,21,Morning,1750,262,1655,uniform_area,117,6.944652801344692
Madrid,working,Full,network,21,Morning,1750,262,1655,uniform_area,118,7.061853306176164
Madrid,working,Full,network,21,Morning,1750,262,1655,uniform_area,119,7.179986680607567
Madrid,working,Full,network,21,Morning,1750,262,1655,uniform_area,120,7.299075454021345
Madrid,working,Full,network,21,Morning,1750,262,1655,uniform_area,121,7.418913388512704
Madrid,working,Full,network,21,Morning,1750,262,1655,uniform_area,122,7.541454484810311
Madrid,working,Full,network,21,Morning,1750,262,1655,uniform_area,123,7.664330527552028
Madrid,working,Full,network,21,Morning,1750,262,1655,uniform_area,124,7.787600608502014
Madrid,working,Full,network,21,Morning,1750,262,1655,uniform_area,125,7.911518748696599
Madrid,working,Full,network,21,Morning,1750,262,1655,uniform_area,126,8.035733685832135
Madrid,working,Full,network,21,Morning,1750,262,1655,uniform_area,127,8.16112510472375
Madrid,working,Full,network,21,Morning,1750,262,1655,uniform_area,128,8.286982276277447
Madrid,working,Full,network,21,Morning,1750,262,1655,uniform_area,129,8.413430744205675
Madrid,working,Full,network,21,Morning,1750,262,1655,uniform_area,130,8.54073648788233
Madrid,working,Full,network,21,Morning,1750,262,1655,uniform_area,131,8.668545786377933
Madrid,working,Full,network,21,Morning,1750,262,1655,uniform_area,132,8.797519112381991
Madrid,working,Full,network,21,Morning,1750,262,1655,uniform_area,133,8.928083321003427
Madrid,working,Full,network,21,Morning,1750,262,1655,uniform_area,134,9.059952014765457
Madrid,working,Full,network,21,Morning,1750,262,1655,uniform_area,135,9.19216100326746
Madrid,working,Full,network,21,Morning,1750,262,1655,uniform_area,136,9.325004329789452
Madrid,working,Full,network,21,Morning,1750,262,1655,uniform_area,137,9.460256785299908
Madrid,working,Full,network,21,Morning,1750,262,1655,uniform_area,138,9.595549998549366
Madrid,working,Full,network,21,Morning,1750,262,1655,uniform_area,139,9.732291448083949
Madrid,working,Full,network,21,Morning,1750,262,1655,uniform_area,140,9.870283820287542
Madrid,working,Full,network,21,Morning,1750,262,1655,uniform_area,141,10.01057346028147
Madrid,working,Full,network,21,Morning,1750,262,1655,uniform_area,142,10.153225135593782
Madrid,working,Full,network,21,Morning,1750,262,1655,uniform_area,143,10.296430691180321
Madrid,working,Full,network,21,Morning,1750,262,1655,uniform_area,144,10.44127053825424
Madrid,working,Full,network,21,Morning,1750,262,1655,uniform_area,145,10.589250728471836
Madrid,working,Full,network,21,Morning,1750,262,1655,uniform_area,146,10.739337490228925
Madrid,working,Full,network,21,Morning,1750,262,1655,uniform_area,147,10.891153176504874
Madrid,working,Full,network,21,Morning,1750,262,1655,uniform_area,148,11.04561831145927
Madrid,working,Full,network,21,Morning,1750,262,1655,uniform_area,149,11.200725200067659
Madrid,working,Full,network,21,Morning,1750,262,1655,uniform_area,150,11.356797970820487
Madrid,working,Full,network,21,Morning,1750,262,1655,uniform_area,151,11.513789632577604
Madrid,working,Full,network,21,Morning,1750,262,1655,uniform_area,152,11.673438515409469
Madrid,working,Full,network,21,Morning,1750,262,1655,uniform_area,153,11.834074029095374
Madrid,working,Full,network,21,Morning,1750,262,1655,uniform_area,154,11.998406169375155
Madrid,working,Full,network,21,Morning,1750,262,1655,uniform_area,155,12.165668918414019
Madrid,working,Full,network,21,Morning,1750,262,1655,uniform_area,156,12.333575866131808
Madrid,working,Full,network,21,Morning,1750,262,1655,uniform_area,157,12.501849811358577
Madrid,working,Full,network,21,Morning,1750,262,1655,uniform_area,158,12.67473495223316
Madrid,working,Full,network,21,Morning,1750,262,1655,uniform_area,159,12.848588196385231
Madrid,working,Full,network,21,Morning,1750,262,1655,uniform_area,160,13.025188109558577
Madrid,working,Full,network,21,Morning,1750,262,1655,uniform_area,161,13.204763853466783
Madrid,working,Full,network,21,Morning,1750,262,1655,uniform_area,162,13.388015531755356
Madrid,working,Full,network,21,Morning,1750,262,1655,uniform_area,163,13.57216677101804
Madrid,working,Full,network,21,Morning,1750,262,1655,uniform_area,164,13.75660975709959
Madrid,working,Full,network,21,Morning,1750,262,1655,uniform_area,165,13.941995992366996
Madrid,working,Full,network,21,Morning,1750,262,1655,uniform_area,166,14.129626138013002
Madrid,working,Full,network,21,Morning,1750,262,1655,uniform_area,167,14.318324310721529
Madrid,working,Full,network,21,Morning,1750,262,1655,uniform_area,168,14.509454784182344
Madrid,working,Full,network,21,Morning,1750,262,1655,uniform_area,169,14.700992408173807
Madrid,working,Full,network,21,Morning,1750,262,1655,uniform_area,170,14.893266640650179
Madrid,working,Full,network,21,Morning,1750,262,1655,uniform_area,171,15.085980785107997
Madrid,working,Full,network,21,Morning,1750,262,1655,uniform_area,172,15.279469898891099
Madrid,working,Full,network,21,Morning,1750,262,1655,uniform_area,173,15.473758024221466
Madrid,working,Full,network,21,Morning,1750,262,1655,uniform_area,174,15.668526381950743
Madrid,working,Full,network,21,Morning,1750,262,1655,uniform_area,175,15.863553904998572
Madrid,working,Full,network,21,Morning,1750,262,1655,uniform_area,176,16.0597672368873
Madrid,working,Full,network,21,Morning,1750,262,1655,uniform_area,177,16.256476107428533
Madrid,working,Full,network,21,Morning,1750,262,1655,uniform_area,178,16.45391365712481
Madrid,working,Full,network,21,Morning,1750,262,1655,uniform_area,179,16.65224361267091
Madrid,working,Full,network,21,Morning,1750,262,1655,uniform_area,180,16.85087117388893
Madrid,working,Full,network,21,Morning,1750,262,1655,uniform_area,181,17.051929003046464
Madrid,working,Full,network,21,Morning,1750,262,1655,uniform_area,182,17.253625794533015
Madrid,working,Full,network,21,Morning,1750,262,1655,uniform_area,183,17.457409757431886
Madrid,working,Full,network,21,Morning,1750,262,1655,uniform_area,184,17.6637302479864
Madrid,working,Full,network,21,Morning,1750,262,1655,uniform_area,185,17.871773971602522
Madrid,working,Full,network,21,Morning,1750,262,1655,uniform_area,186,18.080500081064784
Madrid,working,Full,network,21,Morning,1750,262,1655,uniform_area,187,18.29236531482005
Madrid,working,Full,network,21,Morning,1750,262,1655,uniform_area,188,18.50739826825609
Madrid,working,Full,network,21,Morning,1750,262,1655,uniform_area,189,18.724580098335572
Madrid,working,Full,network,21,Morning,1750,262,1655,uniform_area,190,18.944375546022172
Madrid,working,Full,network,21,Morning,1750,262,1655,uniform_area,191,19.164906536091685
Madrid,working,Full,network,21,Morning,1750,262,1655,uniform_area,192,19.386786270751713
Madrid,working,Full,network,21,Morning,1750,262,1655,uniform_area,193,19.60991973823776
Madrid,working,Full,network,21,Morning,1750,262,1655,uniform_area,194,19.833449393921914
Madrid,working,Full,network,21,Morning,1750,262,1655,uniform_area,195,20.057443292567243
Madrid,working,Full,network,21,Morning,1750,262,1655,uniform_area,196,20.28698895352853
Madrid,working,Full,network,21,Morning,1750,262,1655,uniform_area,197,20.52356244055045
Madrid,working,Full,network,21,Morning,1750,262,1655,uniform_area,198,20.764049210367244
Madrid,working,Full,network,21,Morning,1750,262,1655,uniform_area,199,21.006459919765422
Madrid,working,Full,network,21,Morning,1750,262,1655,uniform_area,200,21.251909031402835
Madrid,working,Full,network,21,Morning,1750,262,1655,uniform_area,201,21.498900429610224
Madrid,working,Full,network,21,Morning,1750,262,1655,uniform_area,202,21.748006721020882
Madrid,working,Full,network,21,Morning,1750,262,1655,uniform_area,203,22.003926463058992
Madrid,working,Full,network,21,Morning,1750,262,1655,uniform_area,204,22.2659000554263
Madrid,working,Full,network,21,Morning,1750,262,1655,uniform_area,205,22.52901544200094
Madrid,working,Full,network,21,Morning,1750,262,1655,uniform_area,206,22.79370868675339
Madrid,working,Full,network,21,Morning,1750,262,1655,uniform_area,207,23.05956670706427
Madrid,working,Full,network,21,Morning,1750,262,1655,uniform_area,208,23.330827006286587
Madrid,working,Full,network,21,Morning,1750,262,1655,uniform_area,209,23.605008535918213
Madrid,working,Full,network,21,Morning,1750,262,1655,uniform_area,210,23.879868288471634
Madrid,working,Full,network,21,Morning,1750,262,1655,uniform_area,211,24.156088956336564
Madrid,working,Full,network,21,Morning,1750,262,1655,uniform_area,212,24.432680190379724
Madrid,working,Full,network,21,Morning,1750,262,1655,uniform_area,213,24.717149870156376
Madrid,working,Full,network,21,Morning,1750,262,1655,uniform_area,214,25.002804469483742
Madrid,working,Full,network,21,Morning,1750,262,1655,uniform_area,215,25.289292939487805
Madrid,working,Full,network,21,Morning,1750,262,1655,uniform_area,216,25.576601007584056
Madrid,working,Full,network,21,Morning,1750,262,1655,uniform_area,217,25.872814329352664
Madrid,working,Full,network,21,Morning,1750,262,1655,uniform_area,218,26.16952793858342
Madrid,working,Full,network,21,Morning,1750,262,1655,uniform_area,219,26.470554385555186
Madrid,working,Full,network,21,Morning,1750,262,1655,uniform_area,220,26.77359363730823
Madrid,working,Full,network,21,Morning,1750,262,1655,uniform_area,221,27.082682863131442
Madrid,working,Full,network,21,Morning,1750,262,1655,uniform_area,222,27.391952611725667
Madrid,working,Full,network,21,Morning,1750,262,1655,uniform_area,223,27.70413102453562
Madrid,working,Full,network,21,Morning,1750,262,1655,uniform_area,224,28.024202587754022
Madrid,working,Full,network,21,Morning,1750,262,1655,uniform_area,225,28.34780747773081
Madrid,working,Full,network,21,Morning,1750,262,1655,uniform_area,226,28.680247645750036
Madrid,working,Full,network,21,Morning,1750,262,1655,uniform_area,227,29.017552397488032
Madrid,working,Full,network,21,Morning,1750,262,1655,uniform_area,228,29.35974667805789
Madrid,working,Full,network,21,Morning,1750,262,1655,uniform_area,229,29.706131869451845
Madrid,working,Full,network,21,Morning,1750,262,1655,uniform_area,230,30.06257690613452
Madrid,working,Full,network,21,Morning,1750,262,1655,uniform_area,231,30.425569485213945
Madrid,working,Full,network,21,Morning,1750,262,1655,uniform_area,232,30.793017567198675
Madrid,working,Full,network,21,Morning,1750,262,1655,uniform_area,233,31.161036249159526
Madrid,working,Full,network,21,Morning,1750,262,1655,uniform_area,234,31.53356124492877
Madrid,working,Full,network,21,Morning,1750,262,1655,uniform_area,235,31.908577706450114
Madrid,working,Full,network,21,Morning,1750,262,1655,uniform_area,236,32.287959627628894
Madrid,working,Full,network,21,Morning,1750,262,1655,uniform_area,237,32.67343133587677
Madrid,working,Full,network,21,Morning,1750,262,1655,uniform_area,238,33.06024281630021
Madrid,working,Full,network,21,Morning,1750,262,1655,uniform_area,239,33.45612985574577
Madrid,working,Full,network,21,Morning,1750,262,1655,uniform_area,240,33.86310919174985
Madrid,working,Full,network,21,Morning,1750,262,1655,uniform_area,241,34.27053638894348
Madrid,working,Full,network,21,Morning,1750,262,1655,uniform_area,242,34.6899314202798
Madrid,working,Full,network,21,Morning,1750,262,1655,uniform_area,243,35.115324968216875
Madrid,working,Full,network,21,Morning,1750,262,1655,uniform_area,244,35.566052568162306
Madrid,working,Full,network,21,Morning,1750,262,1655,uniform_area,245,36.0168265043118
Madrid,working,Full,network,21,Morning,1750,262,1655,uniform_area,246,36.49411835114944
Madrid,working,Full,network,21,Morning,1750,262,1655,uniform_area,247,36.978381566674976
Madrid,working,Full,network,21,Morning,1750,262,1655,uniform_area,248,37.46719893459031
Madrid,working,Full,network,21,Morning,1750,262,1655,uniform_area,249,37.965578051124766
Madrid,working,Full,network,21,Morning,1750,262,1655,uniform_area,250,38.465755221412984
Madrid,working,Full,network,21,Morning,1750,262,1655,uniform_area,251,38.98012956860285
Madrid,working,Full,network,21,Morning,1750,262,1655,uniform_area,252,39.51124357545564
Madrid,working,Full,network,21,Morning,1750,262,1655,uniform_area,253,40.045908191637096
Madrid,working,Full,network,21,Morning,1750,262,1655,uniform_area,254,40.588270941072025
Madrid,working,Full,network,21,Morning,1750,262,1655,uniform_area,255,41.14883515179229
Madrid,working,Full,network,21,Morning,1750,262,1655,uniform_area,256,41.71208773176107
Madrid,working,Full,network,21,Morning,1750,262,1655,uniform_area,257,42.29668440425022
Madrid,working,Full,network,21,Morning,1750,262,1655,uniform_area,258,42.91749519567795
Madrid,working,Full,network,21,Morning,1750,262,1655,uniform_area,259,43.56547564497716
Madrid,working,Full,network,21,Morning,1750,262,1655,uniform_area,260,44.22524535685535
Madrid,working,Full,network,21,Morning,1750,262,1655,uniform_area,261,45.00012813641185
Madrid,working,Full,network,21,Morning,1750,262,1655,uniform_area,262,45.81658357120299
Madrid,working,Full,network,21,Afternoon,1750,262,1656,local,0,0.0
Madrid,working,Full,network,21,Afternoon,1750,262,1656,local,1,0.0005995528552365226
Madrid,working,Full,network,21,Afternoon,1750,262,1656,local,2,0.0023353765548873155
Madrid,working,Full,network,21,Afternoon,1750,262,1656,local,3,0.0046505793339509
Madrid,working,Full,network,21,Afternoon,1750,262,1656,local,4,0.007537770881405665
Madrid,working,Full,network,21,Afternoon,1750,262,1656,local,5,0.010708963164074116
Madrid,working,Full,network,21,Afternoon,1750,262,1656,local,6,0.014258986387292193
Madrid,working,Full,network,21,Afternoon,1750,262,1656,local,7,0.01819113640269562
Madrid,working,Full,network,21,Afternoon,1750,262,1656,local,8,0.02387661123664389
Madrid,working,Full,network,21,Afternoon,1750,262,1656,local,9,0.030347640539328834
Madrid,working,Full,network,21,Afternoon,1750,262,1656,local,10,0.037484655125380996
Madrid,working,Full,network,21,Afternoon,1750,262,1656,local,11,0.045009606821510194
Madrid,working,Full,network,21,Afternoon,1750,262,1656,local,12,0.054301066742727604
Madrid,working,Full,network,21,Afternoon,1750,262,1656,local,13,0.06403280894003312
Madrid,working,Full,network,21,Afternoon,1750,262,1656,local,14,0.07411765440615019
Madrid,working,Full,network,21,Afternoon,1750,262,1656,local,15,0.08464514799192259
Madrid,working,Full,network,21,Afternoon,1750,262,1656,local,16,0.09571294819882667
Madrid,working,Full,network,21,Afternoon,1750,262,1656,local,17,0.1069956108868732
Madrid,working,Full,network,21,Afternoon,1750,262,1656,local,18,0.11859909446492675
Madrid,working,Full,network,21,Afternoon,1750,262,1656,local,19,0.1311364700742138
Madrid,working,Full,network,21,Afternoon,1750,262,1656,local,20,0.14405662947727035
Madrid,working,Full,network,21,Afternoon,1750,262,1656,local,21,0.1570230991997492
Madrid,working,Full,network,21,Afternoon,1750,262,1656,local,22,0.17045204637027525
Madrid,working,Full,network,21,Afternoon,1750,262,1656,local,23,0.18438999180392301
Madrid,working,Full,network,21,Afternoon,1750,262,1656,local,24,0.19876653235910519
Madrid,working,Full,network,21,Afternoon,1750,262,1656,local,25,0.21435273274923553
Madrid,working,Full,network,21,Afternoon,1750,262,1656,local,26,0.23048055121220262
Madrid,working,Full,network,21,Afternoon,1750,262,1656,local,27,0.2469979409969545
Madrid,working,Full,network,21,Afternoon,1750,262,1656,local,28,0.2641022449676358
Madrid,working,Full,network,21,Afternoon,1750,262,1656,local,29,0.2816723605099377
Madrid,working,Full,network,21,Afternoon,1750,262,1656,local,30,0.29966338252238883
Madrid,working,Full,network,21,Afternoon,1750,262,1656,local,31,0.3184219023037311
Madrid,working,Full,network,21,Afternoon,1750,262,1656,local,32,0.33748893408229524
Madrid,working,Full,network,21,Afternoon,1750,262,1656,local,33,0.35681534115611935
Madrid,working,Full,network,21,Afternoon,1750,262,1656,local,34,0.37656767661608403
Madrid,working,Full,network,21,Afternoon,1750,262,1656,local,35,0.3975656896308471
Madrid,working,Full,network,21,Afternoon,1750,262,1656,local,36,0.42013289926196734
Madrid,working,Full,network,21,Afternoon,1750,262,1656,local,37,0.44306775549793337
Madrid,working,Full,network,21,Afternoon,1750,262,1656,local,38,0.4673767197031969
Madrid,working,Full,network,21,Afternoon,1750,262,1656,local,39,0.491884384150636
Madrid,working,Full,network,21,Afternoon,1750,262,1656,local,40,0.5180725546779467
Madrid,working,Full,network,21,Afternoon,1750,262,1656,local,41,0.5446990721970696
Madrid,working,Full,network,21,Afternoon,1750,262,1656,local,42,0.5720804692274752
Madrid,working,Full,network,21,Afternoon,1750,262,1656,local,43,0.599833938374367
Madrid,working,Full,network,21,Afternoon,1750,262,1656,local,44,0.6290015319899509
Madrid,working,Full,network,21,Afternoon,1750,262,1656,local,45,0.6587420877568534
Madrid,working,Full,network,21,Afternoon,1750,262,1656,local,46,0.6891022317379786
Madrid,working,Full,network,21,Afternoon,1750,262,1656,local,47,0.7207830407556671
Madrid,working,Full,network,21,Afternoon,1750,262,1656,local,48,0.7536847398703331
Madrid,working,Full,network,21,Afternoon,1750,262,1656,local,49,0.7869808810486231
Madrid,working,Full,network,21,Afternoon,1750,262,1656,local,50,0.8210789634633139
Madrid,working,Full,network,21,Afternoon,1750,262,1656,local,51,0.8575444509411806
Madrid,working,Full,network,21,Afternoon,1750,262,1656,local,52,0.8942955357318977
Madrid,working,Full,network,21,Afternoon,1750,262,1656,local,53,0.9314421986249007
Madrid,working,Full,network,21,Afternoon,1750,262,1656,local,54,0.9693458179196299
Madrid,working,Full,network,21,Afternoon,1750,262,1656,local,55,1.0084834239681542
Madrid,working,Full,network,21,Afternoon,1750,262,1656,local,56,1.047760343056448
Madrid,working,Full,network,21,Afternoon,1750,262,1656,local,57,1.088148746807065
Madrid,working,Full,network,21,Afternoon,1750,262,1656,local,58,1.1287881736405723
Madrid,working,Full,network,21,Afternoon,1750,262,1656,local,59,1.1697445979975885
Madrid,working,Full,network,21,Afternoon,1750,262,1656,local,60,1.2110490443859205
Madrid,working,Full,network,21,Afternoon,1750,262,1656,local,61,1.2530791707112552
Madrid,working,Full,network,21,Afternoon,1750,262,1656,local,62,1.2957650356467052
Madrid,working,Full,network,21,Afternoon,1750,262,1656,local,63,1.339137159786251
Madrid,working,Full,network,21,Afternoon,1750,262,1656,local,64,1.3833447730663784
Madrid,working,Full,network,21,Afternoon,1750,262,1656,local,65,1.4278429570975615
Madrid,working,Full,network,21,Afternoon,1750,262,1656,local,66,1.4729305672294695
Madrid,working,Full,network,21,Afternoon,1750,262,1656,local,67,1.5183107688706987
Madrid,working,Full,network,21,Afternoon,1750,262,1656,local,68,1.5643789800192733
Madrid,working,Full,network,21,Afternoon,1750,262,1656,local,69,1.61123136083033
Madrid,working,Full,network,21,Afternoon,1750,262,1656,local,70,1.6595311384563196
Madrid,working,Full,network,21,Afternoon,1750,262,1656,local,71,1.7082769716800847
Madrid,working,Full,network,21,Afternoon,1750,262,1656,local,72,1.757919327577997
Madrid,working,Full,network,21,Afternoon,1750,262,1656,local,73,1.8076529441852567
Madrid,working,Full,network,21,Afternoon,1750,262,1656,local,74,1.8580886033434034
Madrid,working,Full,network,21,Afternoon,1750,262,1656,local,75,1.9097140132749024
Madrid,working,Full,network,21,Afternoon,1750,262,1656,local,76,1.9620051858746665
Madrid,working,Full,network,21,Afternoon,1750,262,1656,local,77,2.014805446038739
Madrid,working,Full,network,21,Afternoon,1750,262,1656,local,78,2.0678642854417815
Madrid,working,Full,network,21,Afternoon,1750,262,1656,local,79,2.1218674580983214
Madrid,working,Full,network,21,Afternoon,1750,262,1656,local,80,2.1760569997789583
Madrid,working,Full,network,21,Afternoon,1750,262,1656,local,81,2.2306497171792286
Madrid,working,Full,network,21,Afternoon,1750,262,1656,local,82,2.285517112270876
Madrid,working,Full,network,21,Afternoon,1750,262,1656,local,83,2.342082989133307
Madrid,working,Full,network,21,Afternoon,1750,262,1656,local,84,2.399334088668203
Madrid,working,Full,network,21,Afternoon,1750,262,1656,local,85,2.4585499718518644
Madrid,working,Full,network,21,Afternoon,1750,262,1656,local,86,2.5186292201792417
Madrid,working,Full,network,21,Afternoon,1750,262,1656,local,87,2.5789171220038574
Madrid,working,Full,network,21,Afternoon,1750,262,1656,local,88,2.6394595755839503
Madrid,working,Full,network,21,Afternoon,1750,262,1656,local,89,2.7001987845539546
Madrid,working,Full,network,21,Afternoon,1750,262,1656,local,90,2.7610211335661585
Madrid,working,Full,network,21,Afternoon,1750,262,1656,local,91,2.822301826019356
Madrid,working,Full,network,21,Afternoon,1750,262,1656,local,92,2.883956592849209
Madrid,working,Full,network,21,Afternoon,1750,262,1656,local,93,2.9461615143074282
Madrid,working,Full,network,21,Afternoon,1750,262,1656,local,94,3.0086848646595996
Madrid,working,Full,network,21,Afternoon,1750,262,1656,local,95,3.071657976608772
Madrid,working,Full,network,21,Afternoon,1750,262,1656,local,96,3.1348491161282697
Madrid,working,Full,network,21,Afternoon,1750,262,1656,local,97,3.198478926037445
Madrid,working,Full,network,21,Afternoon,1750,262,1656,local,98,3.2630643122194556
Madrid,working,Full,network,21,Afternoon,1750,262,1656,local,99,3.328161440124601
Madrid,working,Full,network,21,Afternoon,1750,262,1656,local,100,3.3943574573976236
Madrid,working,Full,network,21,Afternoon,1750,262,1656,local,101,3.4609814270043877
Madrid,working,Full,network,21,Afternoon,1750,262,1656,local,102,3.5282937805456114
Madrid,working,Full,network,21,Afternoon,1750,262,1656,local,103,3.5965010244628686
Madrid,working,Full,network,21,Afternoon,1750,262,1656,local,104,3.6651097097431498
Madrid,working,Full,network,21,Afternoon,1750,262,1656,local,105,3.734765672132895
Madrid,working,Full,network,21,Afternoon,1750,262,1656,local,106,3.8049445337911214
Madrid,working,Full,network,21,Afternoon,1750,262,1656,local,107,3.875988966332366
Madrid,working,Full,network,21,Afternoon,1750,262,1656,local,108,3.94814531281949
Madrid,working,Full,network,21,Afternoon,1750,262,1656,local,109,4.020933530898994
Madrid,working,Full,network,21,Afternoon,1750,262,1656,local,110,4.093869153343599
Madrid,working,Full,network,21,Afternoon,1750,262,1656,local,111,4.16702988366687
Madrid,working,Full,network,21,Afternoon,1750,262,1656,local,112,4.241776860754402
Madrid,working,Full,network,21,Afternoon,1750,262,1656,local,113,4.316928080072877
Madrid,working,Full,network,21,Afternoon,1750,262,1656,local,114,4.392792982989715
Madrid,working,Full,network,21,Afternoon,1750,262,1656,local,115,4.470118498659179
Madrid,working,Full,network,21,Afternoon,1750,262,1656,local,116,4.54806049741304
Madrid,working,Full,network,21,Afternoon,1750,262,1656,local,117,4.62670549806768
Madrid,working,Full,network,21,Afternoon,1750,262,1656,local,118,4.705490420923745
Madrid,working,Full,network,21,Afternoon,1750,262,1656,local,119,4.784622935889701
Madrid,working,Full,network,21,Afternoon,1750,262,1656,local,120,4.863931302751483
Madrid,working,Full,network,21,Afternoon,1750,262,1656,local,121,4.94404690130709
Madrid,working,Full,network,21,Afternoon,1750,262,1656,local,122,5.0247940595387846
Madrid,working,Full,network,21,Afternoon,1750,262,1656,local,123,5.105687463771624
Madrid,working,Full,network,21,Afternoon,1750,262,1656,local,124,5.187047418862337
Madrid,working,Full,network,21,Afternoon,1750,262,1656,local,125,5.2686477810384895
Madrid,working,Full,network,21,Afternoon,1750,262,1656,local,126,5.35048756224626
Madrid,working,Full,network,21,Afternoon,1750,262,1656,local,127,5.43390579868979
Madrid,working,Full,network,21,Afternoon,1750,262,1656,local,128,5.5189306093990185
Madrid,working,Full,network,21,Afternoon,1750,262,1656,local,129,5.605034188005286
Madrid,working,Full,network,21,Afternoon,1750,262,1656,local,130,5.691892138381807
Madrid,working,Full,network,21,Afternoon,1750,262,1656,local,131,5.779267965472954
Madrid,working,Full,network,21,Afternoon,1750,262,1656,local,132,5.867177572544257
Madrid,working,Full,network,21,Afternoon,1750,262,1656,local,133,5.956124406514386
Madrid,working,Full,network,21,Afternoon,1750,262,1656,local,134,6.046540456768554
Madrid,working,Full,network,21,Afternoon,1750,262,1656,local,135,6.137792454150817
Madrid,working,Full,network,21,Afternoon,1750,262,1656,local,136,6.231278804207507
Madrid,working,Full,network,21,Afternoon,1750,262,1656,local,137,6.32576214842718
Madrid,working,Full,network,21,Afternoon,1750,262,1656,local,138,6.420976496848145
Madrid,working,Full,network,21,Afternoon,1750,262,1656,local,139,6.517496758387588
Madrid,working,Full,network,21,Afternoon,1750,262,1656,local,140,6.614572653821032
Madrid,working,Full,network,21,Afternoon,1750,262,1656,local,141,6.712459393819143
Madrid,working,Full,network,21,Afternoon,1750,262,1656,local,142,6.810811739996146
Madrid,working,Full,network,21,Afternoon,1750,262,1656,local,143,6.910706654451517
Madrid,working,Full,network,21,Afternoon,1750,262,1656,local,144,7.011245348812447
Madrid,working,Full,network,21,Afternoon,1750,262,1656,local,145,7.11356617591672
Madrid,working,Full,network,21,Afternoon,1750,262,1656,local,146,7.216186285102757
Madrid,working,Full,network,21,Afternoon,1750,262,1656,local,147,7.319075884856984
Madrid,working,Full,network,21,Afternoon,1750,262,1656,local,148,7.422436361473681
Madrid,working,Full,network,21,Afternoon,1750,262,1656,local,149,7.525963972914705
Madrid,working,Full,network,21,Afternoon,1750,262,1656,local,150,7.630569720127939
Madrid,working,Full,network,21,Afternoon,1750,262,1656,local,151,7.735550293761386
Madrid,working,Full,network,21,Afternoon,1750,262,1656,local,152,7.840804032068978
Madrid,working,Full,network,21,Afternoon,1750,262,1656,local,153,7.946247167986607
Madrid,working,Full,network,21,Afternoon,1750,262,1656,local,154,8.051982689382966
Madrid,working,Full,network,21,Afternoon,1750,262,1656,local,155,8.158255901513565
Madrid,working,Full,network,21,Afternoon,1750,262,1656,local,156,8.265623189678106
Madrid,working,Full,network,21,Afternoon,1750,262,1656,local,157,8.3735345351136
Madrid,working,Full,network,21,Afternoon,1750,262,1656,local,158,8.48199972204072
Madrid,working,Full,network,21,Afternoon,1750,262,1656,local,159,8.590827509417808
Madrid,working,Full,network,21,Afternoon,1750,262,1656,local,160,8.700980259769972
Madrid,working,Full,network,21,Afternoon,1750,262,1656,local,161,8.81144164267596
Madrid,working,Full,network,21,Afternoon,1750,262,1656,local,162,8.92259358910322
Madrid,working,Full,network,21,Afternoon,1750,262,1656,local,163,9.03439955509276
Madrid,working,Full,network,21,Afternoon,1750,262,1656,local,164,9.14667018003075
Madrid,working,Full,network,21,Afternoon,1750,262,1656,local,165,9.260350060609186
Madrid,working,Full,network,21,Afternoon,1750,262,1656,local,166,9.374618976914597
Madrid,working,Full,network,21,Afternoon,1750,262,1656,local,167,9.490480994488175
Madrid,working,Full,network,21,Afternoon,1750,262,1656,local,168,9.608198070705186
Madrid,working,Full,network,21,Afternoon,1750,262,1656,local,169,9.726105572771607
Madrid,working,Full,network,21,Afternoon,1750,262,1656,local,170,9.844931088480493
Madrid,working,Full,network,21,Afternoon,1750,262,1656,local,171,9.964348660847902
Madrid,working,Full,network,21,Afternoon,1750,262,1656,local,172,10.083944786472024
Madrid,working,Full,network,21,Afternoon,1750,262,1656,local,173,10.205940523632112
Madrid,working,Full,network,21,Afternoon,1750,262,1656,local,174,10.329096988680048
Madrid,working,Full,network,21,Afternoon,1750,262,1656,local,175,10.452545969331297
Madrid,working,Full,network,21,Afternoon,1750,262,1656,local,176,10.577028414112107
Madrid,working,Full,network,21,Afternoon,1750,262,1656,local,177,10.702160808234709
Madrid,working,Full,network,21,Afternoon,1750,262,1656,local,178,10.827845512333589
Madrid,working,Full,network,21,Afternoon,1750,262,1656,local,179,10.954503783067127
Madrid,working,Full,network,21,Afternoon,1750,262,1656,local,180,11.082108976150701
Madrid,working,Full,network,21,Afternoon,1750,262,1656,local,181,11.209950168668318
Madrid,working,Full,network,21,Afternoon,1750,262,1656,local,182,11.338051380725464
Madrid,working,Full,network,21,Afternoon,1750,262,1656,local,183,11.466358702471775
Madrid,working,Full,network,21,Afternoon,1750,262,1656,local,184,11.596064248610581
Madrid,working,Full,network,21,Afternoon,1750,262,1656,local,185,11.726301248433638
Madrid,working,Full,network,21,Afternoon,1750,262,1656,local,186,11.857546558793567
Madrid,working,Full,network,21,Afternoon,1750,262,1656,local,187,11.99090724330611
Madrid,working,Full,network,21,Afternoon,1750,262,1656,local,188,12.125792503183735
Madrid,working,Full,network,21,Afternoon,1750,262,1656,local,189,12.260920225987688
Madrid,working,Full,network,21,Afternoon,1750,262,1656,local,190,12.397696592846152
Madrid,working,Full,network,21,Afternoon,1750,262,1656,local,191,12.536269006848503
Madrid,working,Full,network,21,Afternoon,1750,262,1656,local,192,12.676350618551668
Madrid,working,Full,network,21,Afternoon,1750,262,1656,local,193,12.81695613671313
Madrid,working,Full,network,21,Afternoon,1750,262,1656,local,194,12.95781266583803
Madrid,working,Full,network,21,Afternoon,1750,262,1656,local,195,13.100875552353356
Madrid,working,Full,network,21,Afternoon,1750,262,1656,local,196,13.244683153353513
Madrid,working,Full,network,21,Afternoon,1750,262,1656,local,197,13.388762592905193
Madrid,working,Full,network,21,Afternoon,1750,262,1656,local,198,13.53492619775852
Madrid,working,Full,network,21,Afternoon,1750,262,1656,local,199,13.682418115657137
Madrid,working,Full,network,21,Afternoon,1750,262,1656,local,200,13.830678394356827
Madrid,working,Full,network,21,Afternoon,1750,262,1656,local,201,13.979367146526464
Madrid,working,Full,network,21,Afternoon,1750,262,1656,local,202,14.129414470172591
Madrid,working,Full,network,21,Afternoon,1750,262,1656,local,203,14.281124715219313
Madrid,working,Full,network,21,Afternoon,1750,262,1656,local,204,14.433037566159372
Madrid,working,Full,network,21,Afternoon,1750,262,1656,local,205,14.58664101676479
Madrid,working,Full,network,21,Afternoon,1750,262,1656,local,206,14.741498252834855
Madrid,working,Full,network,21,Afternoon,1750,262,1656,local,207,14.896579192841351
Madrid,working,Full,network,21,Afternoon,1750,262,1656,local,208,15.052718138856969
Madrid,working,Full,network,21,Afternoon,1750,262,1656,local,209,15.209505621342048
Madrid,working,Full,network,21,Afternoon,1750,262,1656,local,210,15.369331398084517
Madrid,working,Full,network,21,Afternoon,1750,262,1656,local,211,15.53073357358401
Madrid,working,Full,network,21,Afternoon,1750,262,1656,local,212,15.692522263753261
Madrid,working,Full,network,21,Afternoon,1750,262,1656,local,213,15.854609705937943
Madrid,working,Full,network,21,Afternoon,1750,262,1656,local,214,16.018781723571852
Madrid,working,Full,network,21,Afternoon,1750,262,1656,local,215,16.184447543382106
Madrid,working,Full,network,21,Afternoon,1750,262,1656,local,216,16.351585796870562
Madrid,working,Full,network,21,Afternoon,1750,262,1656,local,217,16.51937965884455
Madrid,working,Full,network,21,Afternoon,1750,262,1656,local,218,16.68898210457322
Madrid,working,Full,network,21,Afternoon,1750,262,1656,local,219,16.859193928839066
Madrid,working,Full,network,21,Afternoon,1750,262,1656,local,220,17.03015747390568
Madrid,working,Full,network,21,Afternoon,1750,262,1656,local,221,17.20132546638365
Madrid,working,Full,network,21,Afternoon,1750,262,1656,local,222,17.372879203627583
Madrid,working,Full,network,21,Afternoon,1750,262,1656,local,223,17.54632167945732
Madrid,working,Full,network,21,Afternoon,1750,262,1656,local,224,17.721128261523507
Madrid,working,Full,network,21,Afternoon,1750,262,1656,local,225,17.898683609368458
Madrid,working,Full,network,21,Afternoon,1750,262,1656,local,226,18.07776813031385
Madrid,working,Full,network,21,Afternoon,1750,262,1656,local,227,18.26072064092384
Madrid,working,Full,network,21,Afternoon,1750,262,1656,local,228,18.444822244114977
Madrid,working,Full,network,21,Afternoon,1750,262,1656,local,229,18.629070390552638
Madrid,working,Full,network,21,Afternoon,1750,262,1656,local,230,18.815052447093105
Madrid,working,Full,network,21,Afternoon,1750,262,1656,local,231,19.001523749112174
Madrid,working,Full,network,21,Afternoon,1750,262,1656,local,232,19.18938852214917
Madrid,working,Full,network,21,Afternoon,1750,262,1656,local,233,19.37863638685479
Madrid,working,Full,network,21,Afternoon,1750,262,1656,local,234,19.571322819248884
Madrid,working,Full,network,21,Afternoon,1750,262,1656,local,235,19.764635122833518
Madrid,working,Full,network,21,Afternoon,1750,262,1656,local,236,19.95899979369523
Madrid,working,Full,network,21,Afternoon,1750,262,1656,local,237,20.158532878506378
Madrid,working,Full,network,21,Afternoon,1750,262,1656,local,238,20.358923958908505
Madrid,working,Full,network,21,Afternoon,1750,262,1656,local,239,20.561195213912676
Madrid,working,Full,network,21,Afternoon,1750,262,1656,local,240,20.76503731377795
Madrid,working,Full,network,21,Afternoon,1750,262,1656,local,241,20.970114529419156
Madrid,working,Full,network,21,Afternoon,1750,262,1656,local,242,21.176883906220777
Madrid,working,Full,network,21,Afternoon,1750,262,1656,local,243,21.385563099239597
Madrid,working,Full,network,21,Afternoon,1750,262,1656,local,244,21.5956808705812
Madrid,working,Full,network,21,Afternoon,1750,262,1656,local,245,21.80725582232057
Madrid,working,Full,network,21,Afternoon,1750,262,1656,local,246,22.027100498286657
Madrid,working,Full,network,21,Afternoon,1750,262,1656,local,247,22.247210439599094
Madrid,working,Full,network,21,Afternoon,1750,262,1656,local,248,22.469756072040322
Madrid,working,Full,network,21,Afternoon,1750,262,1656,local,249,22.69333652407554
Madrid,working,Full,network,21,Afternoon,1750,262,1656,local,250,22.91711801731974
Madrid,working,Full,network,21,Afternoon,1750,262,1656,local,251,23.142618816095613
Madrid,working,Full,network,21,Afternoon,1750,262,1656,local,252,23.368554657081535
Madrid,working,Full,network,21,Afternoon,1750,262,1656,local,253,23.59523895682346
Madrid,working,Full,network,21,Afternoon,1750,262,1656,local,254,23.82646198935299
Madrid,working,Full,network,21,Afternoon,1750,262,1656,local,255,24.065237483446897
Madrid,working,Full,network,21,Afternoon,1750,262,1656,local,256,24.306683428730754
Madrid,working,Full,network,21,Afternoon,1750,262,1656,local,257,24.559038986100305
Madrid,working,Full,network,21,Afternoon,1750,262,1656,local,258,24.824089662608007
Madrid,working,Full,network,21,Afternoon,1750,262,1656,local,259,25.12057792168194
Madrid,working,Full,network,21,Afternoon,1750,262,1656,local,260,25.422446777513006
Madrid,working,Full,network,21,Afternoon,1750,262,1656,local,261,25.73275827528479
Madrid,working,Full,network,21,Afternoon,1750,262,1656,local,262,26.054697767258773
Madrid,working,Full,network,21,Afternoon,1750,262,1656,regional,0,0.0
Madrid,working,Full,network,21,Afternoon,1750,262,1656,regional,1,0.00036570883405958373
Madrid,working,Full,network,21,Afternoon,1750,262,1656,regional,2,0.0011154563312698066
Madrid,working,Full,network,21,Afternoon,1750,262,1656,regional,3,0.0035835979610893934
Madrid,working,Full,network,21,Afternoon,1750,262,1656,regional,4,0.006655708858484931
Madrid,working,Full,network,21,Afternoon,1750,262,1656,regional,5,0.01052816124429495
Madrid,working,Full,network,21,Afternoon,1750,262,1656,regional,6,0.01584647810355722
Madrid,working,Full,network,21,Afternoon,1750,262,1656,regional,7,0.022081014242552186
Madrid,working,Full,network,21,Afternoon,1750,262,1656,regional,8,0.02854711200783202
Madrid,working,Full,network,21,Afternoon,1750,262,1656,regional,9,0.036034054196168515
Madrid,working,Full,network,21,Afternoon,1750,262,1656,regional,10,0.044067284940942066
Madrid,working,Full,network,21,Afternoon,1750,262,1656,regional,11,0.05277051151084268
Madrid,working,Full,network,21,Afternoon,1750,262,1656,regional,12,0.06202979758583375
Madrid,working,Full,network,21,Afternoon,1750,262,1656,regional,13,0.07143378845334007
Madrid,working,Full,network,21,Afternoon,1750,262,1656,regional,14,0.08094519997932112
Madrid,working,Full,network,21,Afternoon,1750,262,1656,regional,15,0.09124616202543206
Madrid,working,Full,network,21,Afternoon,1750,262,1656,regional,16,0.1021349529910699
Madrid,working,Full,network,21,Afternoon,1750,262,1656,regional,17,0.11372859850759927
Madrid,working,Full,network,21,Afternoon,1750,262,1656,regional,18,0.12551083064624527
Madrid,working,Full,network,21,Afternoon,1750,262,1656,regional,19,0.13826067477444226
Madrid,working,Full,network,21,Afternoon,1750,262,1656,regional,20,0.15121332538696508
Madrid,working,Full,network,21,Afternoon,1750,262,1656,regional,21,0.16465157275192066
Madrid,working,Full,network,21,Afternoon,1750,262,1656,regional,22,0.18019995456959315
Madrid,working,Full,network,21,Afternoon,1750,262,1656,regional,23,0.19638383469058787
Madrid,working,Full,network,21,Afternoon,1750,262,1656,regional,24,0.21304024653700077
Madrid,working,Full,network,21,Afternoon,1750,262,1656,regional,25,0.23004076047992783
Madrid,working,Full,network,21,Afternoon,1750,262,1656,regional,26,0.24716761123093148
Madrid,working,Full,network,21,Afternoon,1750,262,1656,regional,27,0.2649783508051238
Madrid,working,Full,network,21,Afternoon,1750,262,1656,regional,28,0.2838589981282088
Madrid,working,Full,network,21,Afternoon,1750,262,1656,regional,29,0.3031066433001867
Madrid,working,Full,network,21,Afternoon,1750,262,1656,regional,30,0.32309893141975843
Madrid,working,Full,network,21,Afternoon,1750,262,1656,regional,31,0.3434630637533189
Madrid,working,Full,network,21,Afternoon,1750,262,1656,regional,32,0.36578362617237625
Madrid,working,Full,network,21,Afternoon,1750,262,1656,regional,33,0.3883283620705365
Madrid,working,Full,network,21,Afternoon,1750,262,1656,regional,34,0.4113564238420105
Madrid,working,Full,network,21,Afternoon,1750,262,1656,regional,35,0.4353850186730542
Madrid,working,Full,network,21,Afternoon,1750,262,1656,regional,36,0.460281032093974
Madrid,working,Full,network,21,Afternoon,1750,262,1656,regional,37,0.4862651902481955
Madrid,working,Full,network,21,Afternoon,1750,262,1656,regional,38,0.5125522255533835
Madrid,working,Full,network,21,Afternoon,1750,262,1656,regional,39,0.5398869113212379
Madrid,working,Full,network,21,Afternoon,1750,262,1656,regional,40,0.5678642895832428
Madrid,working,Full,network,21,Afternoon,1750,262,1656,regional,41,0.5965743420961551
Madrid,working,Full,network,21,Afternoon,1750,262,1656,regional,42,0.625940497436132
Madrid,working,Full,network,21,Afternoon,1750,262,1656,regional,43,0.6558049082011047
Madrid,working,Full,network,21,Afternoon,1750,262,1656,regional,44,0.6867635774579431
Madrid,working,Full,network,21,Afternoon,1750,262,1656,regional,45,0.7189380541544982
Madrid,working,Full,network,21,Afternoon,1750,262,1656,regional,46,0.7525753890805016
Madrid,working,Full,network,21,Afternoon,1750,262,1656,regional,47,0.7865290795340873
Madrid,working,Full,network,21,Afternoon,1750,262,1656,regional,48,0.8210985572383114
Madrid,working,Full,network,21,Afternoon,1750,262,1656,regional,49,0.8561282698352741
Madrid,working,Full,network,21,Afternoon,1750,262,1656,regional,50,0.8922061791522985
Madrid,working,Full,network,21,Afternoon,1750,262,1656,regional,51,0.9283385749419268
Madrid,working,Full,network,21,Afternoon,1750,262,1656,regional,52,0.9650555017571887
Madrid,working,Full,network,21,Afternoon,1750,262,1656,regional,53,1.0027723816707321
Madrid,working,Full,network,21,Afternoon,1750,262,1656,regional,54,1.0418252640929146
Madrid,working,Full,network,21,Afternoon,1750,262,1656,regional,55,1.0824651609744955
Madrid,working,Full,network,21,Afternoon,1750,262,1656,regional,56,1.1231955394478863
Madrid,working,Full,network,21,Afternoon,1750,262,1656,regional,57,1.1643321680842358
Madrid,working,Full,network,21,Afternoon,1750,262,1656,regional,58,1.2066866740879185
Madrid,working,Full,network,21,Afternoon,1750,262,1656,regional,59,1.2497128572957228
Madrid,working,Full,network,21,Afternoon,1750,262,1656,regional,60,1.2934504011771453
Madrid,working,Full,network,21,Afternoon,1750,262,1656,regional,61,1.3373525434135116
Madrid,working,Full,network,21,Afternoon,1750,262,1656,regional,62,1.3821301257657121
Madrid,working,Full,network,21,Afternoon,1750,262,1656,regional,63,1.4270427983986997
Madrid,working,Full,network,21,Afternoon,1750,262,1656,regional,64,1.4726683858998053
Madrid,working,Full,network,21,Afternoon,1750,262,1656,regional,65,1.5185138105247329
Madrid,working,Full,network,21,Afternoon,1750,262,1656,regional,66,1.5649510951816834
Madrid,working,Full,network,21,Afternoon,1750,262,1656,regional,67,1.6119892667900313
Madrid,working,Full,network,21,Afternoon,1750,262,1656,regional,68,1.6593681885475857
Madrid,working,Full,network,21,Afternoon,1750,262,1656,regional,69,1.7073141108562166
Madrid,working,Full,network,21,Afternoon,1750,262,1656,regional,70,1.7555557371104256
Madrid,working,Full,network,21,Afternoon,1750,262,1656,regional,71,1.8038207430540076
Madrid,working,Full,network,21,Afternoon,1750,262,1656,regional,72,1.8523439723090849
Madrid,working,Full,network,21,Afternoon,1750,262,1656,regional,73,1.901126325977788
Madrid,working,Full,network,21,Afternoon,1750,262,1656,regional,74,1.950140170685379
Madrid,working,Full,network,21,Afternoon,1750,262,1656,regional,75,1.9998165028815698
Madrid,working,Full,network,21,Afternoon,1750,262,1656,regional,76,2.050392402727783
Madrid,working,Full,network,21,Afternoon,1750,262,1656,regional,77,2.1011771261566747
Madrid,working,Full,network,21,Afternoon,1750,262,1656,regional,78,2.1527519400038635
Madrid,working,Full,network,21,Afternoon,1750,262,1656,regional,79,2.2051772594470886
Madrid,working,Full,network,21,Afternoon,1750,262,1656,regional,80,2.2585343083189335
Madrid,working,Full,network,21,Afternoon,1750,262,1656,regional,81,2.3133346213772747
Madrid,working,Full,network,21,Afternoon,1750,262,1656,regional,82,2.3690106708913197
Madrid,working,Full,network,21,Afternoon,1750,262,1656,regional,83,2.4248890245109425
Madrid,working,Full,network,21,Afternoon,1750,262,1656,regional,84,2.4815996766305446
Madrid,working,Full,network,21,Afternoon,1750,262,1656,regional,85,2.5400187484389125
Madrid,working,Full,network,21,Afternoon,1750,262,1656,regional,86,2.59975265353303
Madrid,working,Full,network,21,Afternoon,1750,262,1656,regional,87,2.6595569145448277
Madrid,working,Full,network,21,Afternoon,1750,262,1656,regional,88,2.719969981014538
Madrid,working,Full,network,21,Afternoon,1750,262,1656,regional,89,2.781381776431789
Madrid,working,Full,network,21,Afternoon,1750,262,1656,regional,90,2.8442021871641887
Madrid,working,Full,network,21,Afternoon,1750,262,1656,regional,91,2.907098359791131
Madrid,working,Full,network,21,Afternoon,1750,262,1656,regional,92,2.9700460097055816
Madrid,working,Full,network,21,Afternoon,1750,262,1656,regional,93,3.0340088837603565
Madrid,working,Full,network,21,Afternoon,1750,262,1656,regional,94,3.0982416585708243
Madrid,working,Full,network,21,Afternoon,1750,262,1656,regional,95,3.1626713703012768
Madrid,working,Full,network,21,Afternoon,1750,262,1656,regional,96,3.227627721219963
Madrid,working,Full,network,21,Afternoon,1750,262,1656,regional,97,3.2931270494468237
Madrid,working,Full,network,21,Afternoon,1750,262,1656,regional,98,3.35945417702223
Madrid,working,Full,network,21,Afternoon,1750,262,1656,regional,99,3.4262581803094028
Madrid,working,Full,network,21,Afternoon,1750,262,1656,regional,100,3.4941315062967986
Madrid,working,Full,network,21,Afternoon,1750,262,1656,regional,101,3.5624931005468996
Madrid,working,Full,network,21,Afternoon,1750,262,1656,regional,102,3.6321709506412962
Madrid,working,Full,network,21,Afternoon,1750,262,1656,regional,103,3.7027223057394707
Madrid,working,Full,network,21,Afternoon,1750,262,1656,regional,104,3.7745384184089983
Madrid,working,Full,network,21,Afternoon,1750,262,1656,regional,105,3.846687025682309
Madrid,working,Full,network,21,Afternoon,1750,262,1656,regional,106,3.9191550727071567
Madrid,working,Full,network,21,Afternoon,1750,262,1656,regional,107,3.992401851939183
Madrid,working,Full,network,21,Afternoon,1750,262,1656,regional,108,4.06617022049915
Madrid,working,Full,network,21,Afternoon,1750,262,1656,regional,109,4.141829854262008
Madrid,working,Full,network,21,Afternoon,1750,262,1656,regional,110,4.218196146051861
Madrid,working,Full,network,21,Afternoon,1750,262,1656,regional,111,4.295108744203985
Madrid,working,Full,network,21,Afternoon,1750,262,1656,regional,112,4.372562344489097
Madrid,working,Full,network,21,Afternoon,1750,262,1656,regional,113,4.450526451881392
Madrid,working,Full,network,21,Afternoon,1750,262,1656,regional,114,4.528789719457849
Madrid,working,Full,network,21,Afternoon,1750,262,1656,regional,115,4.607285491733609
Madrid,working,Full,network,21,Afternoon,1750,262,1656,regional,116,4.686788694919904
Madrid,working,Full,network,21,Afternoon,1750,262,1656,regional,117,4.766378566706919
Madrid,working,Full,network,21,Afternoon,1750,262,1656,regional,118,4.846397700783078
Madrid,working,Full,network,21,Afternoon,1750,262,1656,regional,119,4.927836607434013
Madrid,working,Full,network,21,Afternoon,1750,262,1656,regional,120,5.009447215693807
Madrid,working,Full,network,21,Afternoon,1750,262,1656,regional,121,5.091407976216432
Madrid,working,Full,network,21,Afternoon,1750,262,1656,regional,122,5.173433350276897
Madrid,working,Full,network,21,Afternoon,1750,262,1656,regional,123,5.255941853710639
Madrid,working,Full,network,21,Afternoon,1750,262,1656,regional,124,5.339259937314348
Madrid,working,Full,network,21,Afternoon,1750,262,1656,regional,125,5.423691051841042
Madrid,working,Full,network,21,Afternoon,1750,262,1656,regional,126,5.5085494210496675
Madrid,working,Full,network,21,Afternoon,1750,262,1656,regional,127,5.595398664448115
Madrid,working,Full,network,21,Afternoon,1750,262,1656,regional,128,5.683178554299225
Madrid,working,Full,network,21,Afternoon,1750,262,1656,regional,129,5.7713441234934395
Madrid,working,Full,network,21,Afternoon,1750,262,1656,regional,130,5.859879689546882
Madrid,working,Full,network,21,Afternoon,1750,262,1656,regional,131,5.949218442205846
Madrid,working,Full,network,21,Afternoon,1750,262,1656,regional,132,6.038825562411445
Madrid,working,Full,network,21,Afternoon,1750,262,1656,regional,133,6.128997096235535
Madrid,working,Full,network,21,Afternoon,1750,262,1656,regional,134,6.219522997852467
Madrid,working,Full,network,21,Afternoon,1750,262,1656,regional,135,6.310935135004976
Madrid,working,Full,network,21,Afternoon,1750,262,1656,regional,136,6.4028318132786275
Madrid,working,Full,network,21,Afternoon,1750,262,1656,regional,137,6.495088380423953
Madrid,working,Full,network,21,Afternoon,1750,262,1656,regional,138,6.589311374991822
Madrid,working,Full,network,21,Afternoon,1750,262,1656,regional,139,6.684000821230439
Madrid,working,Full,network,21,Afternoon,1750,262,1656,regional,140,6.778829196813757
Madrid,working,Full,network,21,Afternoon,1750,262,1656,regional,141,6.8738917769171115
Madrid,working,Full,network,21,Afternoon,1750,262,1656,regional,142,6.969377522720962
Madrid,working,Full,network,21,Afternoon,1750,262,1656,regional,143,7.064970088872482
Madrid,working,Full,network,21,Afternoon,1750,262,1656,regional,144,7.161714570061949
Madrid,working,Full,network,21,Afternoon,1750,262,1656,regional,145,7.258692848145163
Madrid,working,Full,network,21,Afternoon,1750,262,1656,regional,146,7.357415895881087
Madrid,working,Full,network,21,Afternoon,1750,262,1656,regional,147,7.456519176920143
Madrid,working,Full,network,21,Afternoon,1750,262,1656,regional,148,7.556629171549185
Madrid,working,Full,network,21,Afternoon,1750,262,1656,regional,149,7.656816632980907
Madrid,working,Full,network,21,Afternoon,1750,262,1656,regional,150,7.758080521002695
Madrid,working,Full,network,21,Afternoon,1750,262,1656,regional,151,7.861045691119518
Madrid,working,Full,network,21,Afternoon,1750,262,1656,regional,152,7.964738560029893
Madrid,working,Full,network,21,Afternoon,1750,262,1656,regional,153,8.069047199656925
Madrid,working,Full,network,21,Afternoon,1750,262,1656,regional,154,8.173664455635151
Madrid,working,Full,network,21,Afternoon,1750,262,1656,regional,155,8.278984349974486
Madrid,working,Full,network,21,Afternoon,1750,262,1656,regional,156,8.384489696474112
Madrid,working,Full,network,21,Afternoon,1750,262,1656,regional,157,8.490347232096227
Madrid,working,Full,network,21,Afternoon,1750,262,1656,regional,158,8.599071684242562
Madrid,working,Full,network,21,Afternoon,1750,262,1656,regional,159,8.708222345614299
Madrid,working,Full,network,21,Afternoon,1750,262,1656,regional,160,8.818238380449271
Madrid,working,Full,network,21,Afternoon,1750,262,1656,regional,161,8.928585618965418
Madrid,working,Full,network,21,Afternoon,1750,262,1656,regional,162,9.042620758809216
Madrid,working,Full,network,21,Afternoon,1750,262,1656,regional,163,9.156975692613354
Madrid,working,Full,network,21,Afternoon,1750,262,1656,regional,164,9.271474157933069
Madrid,working,Full,network,21,Afternoon,1750,262,1656,regional,165,9.387314732524839
Madrid,working,Full,network,21,Afternoon,1750,262,1656,regional,166,9.503403852324128
Madrid,working,Full,network,21,Afternoon,1750,262,1656,regional,167,9.619799870212118
Madrid,working,Full,network,21,Afternoon,1750,262,1656,regional,168,9.737686424218868
Madrid,working,Full,network,21,Afternoon,1750,262,1656,regional,169,9.856217676419218
Madrid,working,Full,network,21,Afternoon,1750,262,1656,regional,170,9.975806040972568
Madrid,working,Full,network,21,Afternoon,1750,262,1656,regional,171,10.096144032833786
Madrid,working,Full,network,21,Afternoon,1750,262,1656,regional,172,10.217544664486056
Madrid,working,Full,network,21,Afternoon,1750,262,1656,regional,173,10.33994961738801
Madrid,working,Full,network,21,Afternoon,1750,262,1656,regional,174,10.462668836176329
Madrid,working,Full,network,21,Afternoon,1750,262,1656,regional,175,10.588117395387172
Madrid,working,Full,network,21,Afternoon,1750,262,1656,regional,176,10.714187699170289
Madrid,working,Full,network,21,Afternoon,1750,262,1656,regional,177,10.840704240556798
Madrid,working,Full,network,21,Afternoon,1750,262,1656,regional,178,10.967643282468897
Madrid,working,Full,network,21,Afternoon,1750,262,1656,regional,179,11.094876208316492
Madrid,working,Full,network,21,Afternoon,1750,262,1656,regional,180,11.222612767585352
Madrid,working,Full,network,21,Afternoon,1750,262,1656,regional,181,11.350560003514945
Madrid,working,Full,network,21,Afternoon,1750,262,1656,regional,182,11.479571215308694
Madrid,working,Full,network,21,Afternoon,1750,262,1656,regional,183,11.60935882483825
Madrid,working,Full,network,21,Afternoon,1750,262,1656,regional,184,11.739514912008277
Madrid,working,Full,network,21,Afternoon,1750,262,1656,regional,185,11.870105051871375
Madrid,working,Full,network,21,Afternoon,1750,262,1656,regional,186,12.001312808534037
Madrid,working,Full,network,21,Afternoon,1750,262,1656,regional,187,12.133519473474372
Madrid,working,Full,network,21,Afternoon,1750,262,1656,regional,188,12.266024255050109
Madrid,working,Full,network,21,Afternoon,1750,262,1656,regional,189,12.399085543820357
Madrid,working,Full,network,21,Afternoon,1750,262,1656,regional,190,12.532863045352618
Madrid,working,Full,network,21,Afternoon,1750,262,1656,regional,191,12.666821019136352
Madrid,working,Full,network,21,Afternoon,1750,262,1656,regional,192,12.804635746288046
Madrid,working,Full,network,21,Afternoon,1750,262,1656,regional,193,12.944201397550048
Madrid,working,Full,network,21,Afternoon,1750,262,1656,regional,194,13.084863125406248
Madrid,working,Full,network,21,Afternoon,1750,262,1656,regional,195,13.22776762651485
Madrid,working,Full,network,21,Afternoon,1750,262,1656,regional,196,13.37100759389292
Madrid,working,Full,network,21,Afternoon,1750,262,1656,regional,197,13.51468804377608
Madrid,working,Full,network,21,Afternoon,1750,262,1656,regional,198,13.658856067494607
Madrid,working,Full,network,21,Afternoon,1750,262,1656,regional,199,13.806155247511274
Madrid,working,Full,network,21,Afternoon,1750,262,1656,regional,200,13.954874591830954
Madrid,working,Full,network,21,Afternoon,1750,262,1656,regional,201,14.103892998402738
Madrid,working,Full,network,21,Afternoon,1750,262,1656,regional,202,14.254060996987716
Madrid,working,Full,network,21,Afternoon,1750,262,1656,regional,203,14.405054242964392
Madrid,working,Full,network,21,Afternoon,1750,262,1656,regional,204,14.55782266777008
Madrid,working,Full,network,21,Afternoon,1750,262,1656,regional,205,14.710910206734997
Madrid,working,Full,network,21,Afternoon,1750,262,1656,regional,206,14.864454978402698
Madrid,working,Full,network,21,Afternoon,1750,262,1656,regional,207,15.018746059134841
Madrid,working,Full,network,21,Afternoon,1750,262,1656,regional,208,15.174853190704566
Madrid,working,Full,network,21,Afternoon,1750,262,1656,regional,209,15.332247873850436
Madrid,working,Full,network,21,Afternoon,1750,262,1656,regional,210,15.490778488759055
Madrid,working,Full,network,21,Afternoon,1750,262,1656,regional,211,15.65078668413807
Madrid,working,Full,network,21,Afternoon,1750,262,1656,regional,212,15.81217375210269
Madrid,working,Full,network,21,Afternoon,1750,262,1656,regional,213,15.9740126995748
Madrid,working,Full,network,21,Afternoon,1750,262,1656,regional,214,16.13609810261321
Madrid,working,Full,network,21,Afternoon,1750,262,1656,regional,215,16.30086817124923
Madrid,working,Full,network,21,Afternoon,1750,262,1656,regional,216,16.467119068647605
Madrid,working,Full,network,21,Afternoon,1750,262,1656,regional,217,16.63430163696972
Madrid,working,Full,network,21,Afternoon,1750,262,1656,regional,218,16.801704654173065
Madrid,working,Full,network,21,Afternoon,1750,262,1656,regional,219,16.969205624421264
Madrid,working,Full,network,21,Afternoon,1750,262,1656,regional,220,17.13682615890329
Madrid,working,Full,network,21,Afternoon,1750,262,1656,regional,221,17.305136342394185
Madrid,working,Full,network,21,Afternoon,1750,262,1656,regional,222,17.47410033048837
Madrid,working,Full,network,21,Afternoon,1750,262,1656,regional,223,17.644998795988684
Madrid,working,Full,network,21,Afternoon,1750,262,1656,regional,224,17.816112960029407
Madrid,working,Full,network,21,Afternoon,1750,262,1656,regional,225,17.991679450621383
Madrid,working,Full,network,21,Afternoon,1750,262,1656,regional,226,18.17169843056076
Madrid,working,Full,network,21,Afternoon,1750,262,1656,regional,227,18.353809180783937
Madrid,working,Full,network,21,Afternoon,1750,262,1656,regional,228,18.53734667011248
Madrid,working,Full,network,21,Afternoon,1750,262,1656,regional,229,18.72244116726304
Madrid,working,Full,network,21,Afternoon,1750,262,1656,regional,230,18.907837201040024
Madrid,working,Full,network,21,Afternoon,1750,262,1656,regional,231,19.094679504373076
Madrid,working,Full,network,21,Afternoon,1750,262,1656,regional,232,19.282236674856193
Madrid,working,Full,network,21,Afternoon,1750,262,1656,regional,233,19.470623982338847
Madrid,working,Full,network,21,Afternoon,1750,262,1656,regional,234,19.66085211874194
Madrid,working,Full,network,21,Afternoon,1750,262,1656,regional,235,19.857477343876415
Madrid,working,Full,network,21,Afternoon,1750,262,1656,regional,236,20.05437231332965
Madrid,working,Full,network,21,Afternoon,1750,262,1656,regional,237,20.25172294030574
Madrid,working,Full,network,21,Afternoon,1750,262,1656,regional,238,20.452056118674975
Madrid,working,Full,network,21,Afternoon,1750,262,1656,regional,239,20.652968852612492
Madrid,working,Full,network,21,Afternoon,1750,262,1656,regional,240,20.856293379726257
Madrid,working,Full,network,21,Afternoon,1750,262,1656,regional,241,21.059853884947813
Madrid,working,Full,network,21,Afternoon,1750,262,1656,regional,242,21.266460518546737
Madrid,working,Full,network,21,Afternoon,1750,262,1656,regional,243,21.47378819346694
Madrid,working,Full,network,21,Afternoon,1750,262,1656,regional,244,21.687580794783244
Madrid,working,Full,network,21,Afternoon,1750,262,1656,regional,245,21.90325490243631
Madrid,working,Full,network,21,Afternoon,1750,262,1656,regional,246,22.119950590910655
Madrid,working,Full,network,21,Afternoon,1750,262,1656,regional,247,22.337207757585386
Madrid,working,Full,network,21,Afternoon,1750,262,1656,regional,248,22.555660649904368
Madrid,working,Full,network,21,Afternoon,1750,262,1656,regional,249,22.77466985864112
Madrid,working,Full,network,21,Afternoon,1750,262,1656,regional,250,22.997378923411908
Madrid,working,Full,network,21,Afternoon,1750,262,1656,regional,251,23.221664121372807
Madrid,working,Full,network,21,Afternoon,1750,262,1656,regional,252,23.44676349531532
Madrid,working,Full,network,21,Afternoon,1750,262,1656,regional,253,23.67264363896059
Madrid,working,Full,network,21,Afternoon,1750,262,1656,regional,254,23.902213797739773
Madrid,working,Full,network,21,Afternoon,1750,262,1656,regional,255,24.132873469757396
Madrid,working,Full,network,21,Afternoon,1750,262,1656,regional,256,24.367394688726502
Madrid,working,Full,network,21,Afternoon,1750,262,1656,regional,257,24.61568683090226
Madrid,working,Full,network,21,Afternoon,1750,262,1656,regional,258,24.869661751091456
Madrid,working,Full,network,21,Afternoon,1750,262,1656,regional,259,25.159174220746376
Madrid,working,Full,network,21,Afternoon,1750,262,1656,regional,260,25.4568673381479
Madrid,working,Full,network,21,Afternoon,1750,262,1656,regional,261,25.76576687833903
Madrid,working,Full,network,21,Afternoon,1750,262,1656,regional,262,26.085720445680966
Madrid,working,Full,network,21,Afternoon,1750,262,1656,uniform_area,0,0.0
Madrid,working,Full,network,21,Afternoon,1750,262,1656,uniform_area,1,0.0002258322286879286
Madrid,working,Full,network,21,Afternoon,1750,262,1656,uniform_area,2,0.0010733615867907556
Madrid,working,Full,network,21,Afternoon,1750,262,1656,uniform_area,3,0.0022961119975863455
Madrid,working,Full,network,21,Afternoon,1750,262,1656,uniform_area,4,0.0043626491132948315
Madrid,working,Full,network,21,Afternoon,1750,262,1656,uniform_area,5,0.007484721470723094
Madrid,working,Full,network,21,Afternoon,1750,262,1656,uniform_area,6,0.01176763945538882
Madrid,working,Full,network,21,Afternoon,1750,262,1656,uniform_area,7,0.016262340383275144
Madrid,working,Full,network,21,Afternoon,1750,262,1656,uniform_area,8,0.021242718419640316
Madrid,working,Full,network,21,Afternoon,1750,262,1656,uniform_area,9,0.027263118228221438
Madrid,working,Full,network,21,Afternoon,1750,262,1656,uniform_area,10,0.035051613922765824
Madrid,working,Full,network,21,Afternoon,1750,262,1656,uniform_area,11,0.04320941021827677
Madrid,working,Full,network,21,Afternoon,1750,262,1656,uniform_area,12,0.05364891241865637
Madrid,working,Full,network,21,Afternoon,1750,262,1656,uniform_area,13,0.06454119155044467
Madrid,working,Full,network,21,Afternoon,1750,262,1656,uniform_area,14,0.07578050523648998
Madrid,working,Full,network,21,Afternoon,1750,262,1656,uniform_area,15,0.08719607150952817
Madrid,working,Full,network,21,Afternoon,1750,262,1656,uniform_area,16,0.09934910484716883
Madrid,working,Full,network,21,Afternoon,1750,262,1656,uniform_area,17,0.11211702539299706
Madrid,working,Full,network,21,Afternoon,1750,262,1656,uniform_area,18,0.12548070572979017
Madrid,working,Full,network,21,Afternoon,1750,262,1656,uniform_area,19,0.14108288261348098
Madrid,working,Full,network,21,Afternoon,1750,262,1656,uniform_area,20,0.15700872445086597
Madrid,working,Full,network,21,Afternoon,1750,262,1656,uniform_area,21,0.17316023986514467
Madrid,working,Full,network,21,Afternoon,1750,262,1656,uniform_area,22,0.18968332351789474
Madrid,working,Full,network,21,Afternoon,1750,262,1656,uniform_area,23,0.2067213851630603
Madrid,working,Full,network,21,Afternoon,1750,262,1656,uniform_area,24,0.224210223707567
Madrid,working,Full,network,21,Afternoon,1750,262,1656,uniform_area,25,0.24276571713687703
Madrid,working,Full,network,21,Afternoon,1750,262,1656,uniform_area,26,0.2619950856586634
Madrid,working,Full,network,21,Afternoon,1750,262,1656,uniform_area,27,0.28153296693198165
Madrid,working,Full,network,21,Afternoon,1750,262,1656,uniform_area,28,0.3016617968327927
Madrid,working,Full,network,21,Afternoon,1750,262,1656,uniform_area,29,0.32213833157576716
Madrid,working,Full,network,21,Afternoon,1750,262,1656,uniform_area,30,0.3432012611937052
Madrid,working,Full,network,21,Afternoon,1750,262,1656,uniform_area,31,0.36451640893646653
Madrid,working,Full,network,21,Afternoon,1750,262,1656,uniform_area,32,0.3865858828863907
Madrid,working,Full,network,21,Afternoon,1750,262,1656,uniform_area,33,0.4095198829626332
Madrid,working,Full,network,21,Afternoon,1750,262,1656,uniform_area,34,0.4329202925558561
Madrid,working,Full,network,21,Afternoon,1750,262,1656,uniform_area,35,0.4576673373113772
Madrid,working,Full,network,21,Afternoon,1750,262,1656,uniform_area,36,0.4831087735762477
Madrid,working,Full,network,21,Afternoon,1750,262,1656,uniform_area,37,0.509862202842379
Madrid,working,Full,network,21,Afternoon,1750,262,1656,uniform_area,38,0.5370290156080549
Madrid,working,Full,network,21,Afternoon,1750,262,1656,uniform_area,39,0.5642623646428255
Madrid,working,Full,network,21,Afternoon,1750,262,1656,uniform_area,40,0.5916726543928563
Madrid,working,Full,network,21,Afternoon,1750,262,1656,uniform_area,41,0.6192180364649725
Madrid,working,Full,network,21,Afternoon,1750,262,1656,uniform_area,42,0.6469109787239365
Madrid,working,Full,network,21,Afternoon,1750,262,1656,uniform_area,43,0.6749727539115072
Madrid,working,Full,network,21,Afternoon,1750,262,1656,uniform_area,44,0.7032423266327489
Madrid,working,Full,network,21,Afternoon,1750,262,1656,uniform_area,45,0.7318826647761486
Madrid,working,Full,network,21,Afternoon,1750,262,1656,uniform_area,46,0.7611471314355109
Madrid,working,Full,network,21,Afternoon,1750,262,1656,uniform_area,47,0.7925228559021182
Madrid,working,Full,network,21,Afternoon,1750,262,1656,uniform_area,48,0.8241485047326553
Madrid,working,Full,network,21,Afternoon,1750,262,1656,uniform_area,49,0.8558674561104361
Madrid,working,Full,network,21,Afternoon,1750,262,1656,uniform_area,50,0.8889098431705519
Madrid,working,Full,network,21,Afternoon,1750,262,1656,uniform_area,51,0.9231727588791792
Madrid,working,Full,network,21,Afternoon,1750,262,1656,uniform_area,52,0.9590640001537731
Madrid,working,Full,network,21,Afternoon,1750,262,1656,uniform_area,53,0.9957048807174399
Madrid,working,Full,network,21,Afternoon,1750,262,1656,uniform_area,54,1.0325892592916033
Madrid,working,Full,network,21,Afternoon,1750,262,1656,uniform_area,55,1.0704365306536545
Madrid,working,Full,network,21,Afternoon,1750,262,1656,uniform_area,56,1.1092349838799276
Madrid,working,Full,network,21,Afternoon,1750,262,1656,uniform_area,57,1.1502521977520819
Madrid,working,Full,network,21,Afternoon,1750,262,1656,uniform_area,58,1.191744795480712
Madrid,working,Full,network,21,Afternoon,1750,262,1656,uniform_area,59,1.2336787637775544
Madrid,working,Full,network,21,Afternoon,1750,262,1656,uniform_area,60,1.2765817001428699
Madrid,working,Full,network,21,Afternoon,1750,262,1656,uniform_area,61,1.3199750687104292
Madrid,working,Full,network,21,Afternoon,1750,262,1656,uniform_area,62,1.3637981619124238
Madrid,working,Full,network,21,Afternoon,1750,262,1656,uniform_area,63,1.4083690249883667
Madrid,working,Full,network,21,Afternoon,1750,262,1656,uniform_area,64,1.4533693947914612
Madrid,working,Full,network,21,Afternoon,1750,262,1656,uniform_area,65,1.4993120224545908
Madrid,working,Full,network,21,Afternoon,1750,262,1656,uniform_area,66,1.545820543867551
Madrid,working,Full,network,21,Afternoon,1750,262,1656,uniform_area,67,1.5924463490978849
Madrid,working,Full,network,21,Afternoon,1750,262,1656,uniform_area,68,1.639541293420665
Madrid,working,Full,network,21,Afternoon,1750,262,1656,uniform_area,69,1.6872874555755522
Madrid,working,Full,network,21,Afternoon,1750,262,1656,uniform_area,70,1.736105243704817
Madrid,working,Full,network,21,Afternoon,1750,262,1656,uniform_area,71,1.7859633250346694
Madrid,working,Full,network,21,Afternoon,1750,262,1656,uniform_area,72,1.8369124592193538
Madrid,working,Full,network,21,Afternoon,1750,262,1656,uniform_area,73,1.888932750431751
Madrid,working,Full,network,21,Afternoon,1750,262,1656,uniform_area,74,1.94199478755997
Madrid,working,Full,network,21,Afternoon,1750,262,1656,uniform_area,75,1.9954145863975485
Madrid,working,Full,network,21,Afternoon,1750,262,1656,uniform_area,76,2.049303241430396
Madrid,working,Full,network,21,Afternoon,1750,262,1656,uniform_area,77,2.1036015621586777
Madrid,working,Full,network,21,Afternoon,1750,262,1656,uniform_area,78,2.1583631614203163
Madrid,working,Full,network,21,Afternoon,1750,262,1656,uniform_area,79,2.213609682760807
Madrid,working,Full,network,21,Afternoon,1750,262,1656,uniform_area,80,2.2699598146598636
Madrid,working,Full,network,21,Afternoon,1750,262,1656,uniform_area,81,2.3270123305506702
Madrid,working,Full,network,21,Afternoon,1750,262,1656,uniform_area,82,2.3846794826102786
Madrid,working,Full,network,21,Afternoon,1750,262,1656,uniform_area,83,2.44379448712882
Madrid,working,Full,network,21,Afternoon,1750,262,1656,uniform_area,84,2.5029501141527684
Madrid,working,Full,network,21,Afternoon,1750,262,1656,uniform_area,85,2.562274875459071
Madrid,working,Full,network,21,Afternoon,1750,262,1656,uniform_area,86,2.622792595045109
Madrid,working,Full,network,21,Afternoon,1750,262,1656,uniform_area,87,2.683683928776901
Madrid,working,Full,network,21,Afternoon,1750,262,1656,uniform_area,88,2.7454548637413243
Madrid,working,Full,network,21,Afternoon,1750,262,1656,uniform_area,89,2.807737219457309
Madrid,working,Full,network,21,Afternoon,1750,262,1656,uniform_area,90,2.871063370182181
Madrid,working,Full,network,21,Afternoon,1750,262,1656,uniform_area,91,2.934831889898412
Madrid,working,Full,network,21,Afternoon,1750,262,1656,uniform_area,92,2.9989099035861098
Madrid,working,Full,network,21,Afternoon,1750,262,1656,uniform_area,93,3.063195415981407
Madrid,working,Full,network,21,Afternoon,1750,262,1656,uniform_area,94,3.127829471715902
Madrid,working,Full,network,21,Afternoon,1750,262,1656,uniform_area,95,3.193123057617115
Madrid,working,Full,network,21,Afternoon,1750,262,1656,uniform_area,96,3.258457592247506
Madrid,working,Full,network,21,Afternoon,1750,262,1656,uniform_area,97,3.3250850842123736
Madrid,working,Full,network,21,Afternoon,1750,262,1656,uniform_area,98,3.3922457494279397
Madrid,working,Full,network,21,Afternoon,1750,262,1656,uniform_area,99,3.4604936458378255
Madrid,working,Full,network,21,Afternoon,1750,262,1656,uniform_area,100,3.528808707389583
Madrid,working,Full,network,21,Afternoon,1750,262,1656,uniform_area,101,3.5972498149253327
Madrid,working,Full,network,21,Afternoon,1750,262,1656,uniform_area,102,3.6658919476657132
Madrid,working,Full,network,21,Afternoon,1750,262,1656,uniform_area,103,3.7350470532691937
Madrid,working,Full,network,21,Afternoon,1750,262,1656,uniform_area,104,3.8046732247242727
Madrid,working,Full,network,21,Afternoon,1750,262,1656,uniform_area,105,3.8749325085921402
Madrid,working,Full,network,21,Afternoon,1750,262,1656,uniform_area,106,3.9454014766120062
Madrid,working,Full,network,21,Afternoon,1750,262,1656,uniform_area,107,4.017048871936353
Madrid,working,Full,network,21,Afternoon,1750,262,1656,uniform_area,108,4.089073055716667
Madrid,working,Full,network,21,Afternoon,1750,262,1656,uniform_area,109,4.1617795530809225
Madrid,working,Full,network,21,Afternoon,1750,262,1656,uniform_area,110,4.234847539515994
Madrid,working,Full,network,21,Afternoon,1750,262,1656,uniform_area,111,4.308810417648667
Madrid,working,Full,network,21,Afternoon,1750,262,1656,uniform_area,112,4.383395478423478
Madrid,working,Full,network,21,Afternoon,1750,262,1656,uniform_area,113,4.4584893565312385
Madrid,working,Full,network,21,Afternoon,1750,262,1656,uniform_area,114,4.533830210245872
Madrid,working,Full,network,21,Afternoon,1750,262,1656,uniform_area,115,4.610090691320715
Madrid,working,Full,network,21,Afternoon,1750,262,1656,uniform_area,116,4.68762642317025
Madrid,working,Full,network,21,Afternoon,1750,262,1656,uniform_area,117,4.7652320000389725
Madrid,working,Full,network,21,Afternoon,1750,262,1656,uniform_area,118,4.843303031965279
Madrid,working,Full,network,21,Afternoon,1750,262,1656,uniform_area,119,4.922678560754813
Madrid,working,Full,network,21,Afternoon,1750,262,1656,uniform_area,120,5.003220998983367
Madrid,working,Full,network,21,Afternoon,1750,262,1656,uniform_area,121,5.084194657888186
Madrid,working,Full,network,21,Afternoon,1750,262,1656,uniform_area,122,5.165414067786418
Madrid,working,Full,network,21,Afternoon,1750,262,1656,uniform_area,123,5.247530516597314
Madrid,working,Full,network,21,Afternoon,1750,262,1656,uniform_area,124,5.331450080651447
Madrid,working,Full,network,21,Afternoon,1750,262,1656,uniform_area,125,5.4159860725565
Madrid,working,Full,network,21,Afternoon,1750,262,1656,uniform_area,126,5.502086355869267
Madrid,working,Full,network,21,Afternoon,1750,262,1656,uniform_area,127,5.588794921633157
Madrid,working,Full,network,21,Afternoon,1750,262,1656,uniform_area,128,5.675912686694431
Madrid,working,Full,network,21,Afternoon,1750,262,1656,uniform_area,129,5.76355887309842
Madrid,working,Full,network,21,Afternoon,1750,262,1656,uniform_area,130,5.851238731912315
Madrid,working,Full,network,21,Afternoon,1750,262,1656,uniform_area,131,5.9401460586385735
Madrid,working,Full,network,21,Afternoon,1750,262,1656,uniform_area,132,6.0297851282216985
Madrid,working,Full,network,21,Afternoon,1750,262,1656,uniform_area,133,6.121289087851837
Madrid,working,Full,network,21,Afternoon,1750,262,1656,uniform_area,134,6.213418942193825
Madrid,working,Full,network,21,Afternoon,1750,262,1656,uniform_area,135,6.305657578146144
Madrid,working,Full,network,21,Afternoon,1750,262,1656,uniform_area,136,6.398937929430801
Madrid,working,Full,network,21,Afternoon,1750,262,1656,uniform_area,137,6.492645259208383
Madrid,working,Full,network,21,Afternoon,1750,262,1656,uniform_area,138,6.588453523594886
Madrid,working,Full,network,21,Afternoon,1750,262,1656,uniform_area,139,6.684845082456215
Madrid,working,Full,network,21,Afternoon,1750,262,1656,uniform_area,140,6.781342977523904
Madrid,working,Full,network,21,Afternoon,1750,262,1656,uniform_area,141,6.878886803346729
Madrid,working,Full,network,21,Afternoon,1750,262,1656,uniform_area,142,6.976642409564158
Madrid,working,Full,network,21,Afternoon,1750,262,1656,uniform_area,143,7.075684974931315
Madrid,working,Full,network,21,Afternoon,1750,262,1656,uniform_area,144,7.1750089070269985
Madrid,working,Full,network,21,Afternoon,1750,262,1656,uniform_area,145,7.27508096771535
Madrid,working,Full,network,21,Afternoon,1750,262,1656,uniform_area,146,7.375366069729629
Madrid,working,Full,network,21,Afternoon,1750,262,1656,uniform_area,147,7.47729633861208
Madrid,working,Full,network,21,Afternoon,1750,262,1656,uniform_area,148,7.580219958878451
Madrid,working,Full,network,21,Afternoon,1750,262,1656,uniform_area,149,7.684136917148465
Madrid,working,Full,network,21,Afternoon,1750,262,1656,uniform_area,150,7.7887368178752
Madrid,working,Full,network,21,Afternoon,1750,262,1656,uniform_area,151,7.8940539279349125
Madrid,working,Full,network,21,Afternoon,1750,262,1656,uniform_area,152,7.999766293137256
Madrid,working,Full,network,21,Afternoon,1750,262,1656,uniform_area,153,8.10607135659692
Madrid,working,Full,network,21,Afternoon,1750,262,1656,uniform_area,154,8.213336197152595
Madrid,working,Full,network,21,Afternoon,1750,262,1656,uniform_area,155,8.321799790920036
Madrid,working,Full,network,21,Afternoon,1750,262,1656,uniform_area,156,8.430796823632146
Madrid,working,Full,network,21,Afternoon,1750,262,1656,uniform_area,157,8.540165965528015
Madrid,working,Full,network,21,Afternoon,1750,262,1656,uniform_area,158,8.6499669384954
Madrid,working,Full,network,21,Afternoon,1750,262,1656,uniform_area,159,8.760539752445833
Madrid,working,Full,network,21,Afternoon,1750,262,1656,uniform_area,160,8.872185463496479
Madrid,working,Full,network,21,Afternoon,1750,262,1656,uniform_area,161,8.985181895789585
Madrid,working,Full,network,21,Afternoon,1750,262,1656,uniform_area,162,9.098419069757185
Madrid,working,Full,network,21,Afternoon,1750,262,1656,uniform_area,163,9.211948047702524
Madrid,working,Full,network,21,Afternoon,1750,262,1656,uniform_area,164,9.328275703205653
Madrid,working,Full,network,21,Afternoon,1750,262,1656,uniform_area,165,9.446324650403737
Madrid,working,Full,network,21,Afternoon,1750,262,1656,uniform_area,166,9.564593439291633
Madrid,working,Full,network,21,Afternoon,1750,262,1656,uniform_area,167,9.683834243764215
Madrid,working,Full,network,21,Afternoon,1750,262,1656,uniform_area,168,9.803243616724801
Madrid,working,Full,network,21,Afternoon,1750,262,1656,uniform_area,169,9.923764899835449
Madrid,working,Full,network,21,Afternoon,1750,262,1656,uniform_area,170,10.044822917260577
Madrid,working,Full,network,21,Afternoon,1750,262,1656,uniform_area,171,10.166414559042716
Madrid,working,Full,network,21,Afternoon,1750,262,1656,uniform_area,172,10.288834399513032
Madrid,working,Full,network,21,Afternoon,1750,262,1656,uniform_area,173,10.412366956772651
Madrid,working,Full,network,21,Afternoon,1750,262,1656,uniform_area,174,10.536796634500877
Madrid,working,Full,network,21,Afternoon,1750,262,1656,uniform_area,175,10.661318502302315
Madrid,working,Full,network,21,Afternoon,1750,262,1656,uniform_area,176,10.786236223535672
Madrid,working,Full,network,21,Afternoon,1750,262,1656,uniform_area,177,10.911495300990767
Madrid,working,Full,network,21,Afternoon,1750,262,1656,uniform_area,178,11.037376587848545
Madrid,working,Full,network,21,Afternoon,1750,262,1656,uniform_area,179,11.163679664202387
Madrid,working,Full,network,21,Afternoon,1750,262,1656,uniform_area,180,11.29102752570523
Madrid,working,Full,network,21,Afternoon,1750,262,1656,uniform_area,181,11.418505550492858
Madrid,working,Full,network,21,Afternoon,1750,262,1656,uniform_area,182,11.547196639648757
Madrid,working,Full,network,21,Afternoon,1750,262,1656,uniform_area,183,11.676902131816318
Madrid,working,Full,network,21,Afternoon,1750,262,1656,uniform_area,184,11.807977133039527
Madrid,working,Full,network,21,Afternoon,1750,262,1656,uniform_area,185,11.939746746227994
Madrid,working,Full,network,21,Afternoon,1750,262,1656,uniform_area,186,12.072515758683265
Madrid,working,Full,network,21,Afternoon,1750,262,1656,uniform_area,187,12.206635229235664
Madrid,working,Full,network,21,Afternoon,1750,262,1656,uniform_area,188,12.341019009855719
Madrid,working,Full,network,21,Afternoon,1750,262,1656,uniform_area,189,12.476466351331993
Madrid,working,Full,network,21,Afternoon,1750,262,1656,uniform_area,190,12.612657930290437
Madrid,working,Full,network,21,Afternoon,1750,262,1656,uniform_area,191,12.750401848250885
Madrid,working,Full,network,21,Afternoon,1750,262,1656,uniform_area,192,12.890254858325997
Madrid,working,Full,network,21,Afternoon,1750,262,1656,uniform_area,193,13.0321472091585
Madrid,working,Full,network,21,Afternoon,1750,262,1656,uniform_area,194,13.174398231558856
Madrid,working,Full,network,21,Afternoon,1750,262,1656,uniform_area,195,13.320243944279767
Madrid,working,Full,network,21,Afternoon,1750,262,1656,uniform_area,196,13.466756262145447
Madrid,working,Full,network,21,Afternoon,1750,262,1656,uniform_area,197,13.613586013581068
Madrid,working,Full,network,21,Afternoon,1750,262,1656,uniform_area,198,13.761811244542871
Madrid,working,Full,network,21,Afternoon,1750,262,1656,uniform_area,199,13.910254415921584
Madrid,working,Full,network,21,Afternoon,1750,262,1656,uniform_area,200,14.059198795081489
Madrid,working,Full,network,21,Afternoon,1750,262,1656,uniform_area,201,14.208858821905503
Madrid,working,Full,network,21,Afternoon,1750,262,1656,uniform_area,202,14.360824510418292
Madrid,working,Full,network,21,Afternoon,1750,262,1656,uniform_area,203,14.514162196717288
Madrid,working,Full,network,21,Afternoon,1750,262,1656,uniform_area,204,14.667879232838585
Madrid,working,Full,network,21,Afternoon,1750,262,1656,uniform_area,205,14.82206630261907
Madrid,working,Full,network,21,Afternoon,1750,262,1656,uniform_area,206,14.976916590424063
Madrid,working,Full,network,21,Afternoon,1750,262,1656,uniform_area,207,15.132466104476642
Madrid,working,Full,network,21,Afternoon,1750,262,1656,uniform_area,208,15.2899334836212
Madrid,working,Full,network,21,Afternoon,1750,262,1656,uniform_area,209,15.44859565923998
Madrid,working,Full,network,21,Afternoon,1750,262,1656,uniform_area,210,15.607607546104559
Madrid,working,Full,network,21,Afternoon,1750,262,1656,uniform_area,211,15.767003968602516
Madrid,working,Full,network,21,Afternoon,1750,262,1656,uniform_area,212,15.930461490938015
Madrid,working,Full,network,21,Afternoon,1750,262,1656,uniform_area,213,16.0940512294743
Madrid,working,Full,network,21,Afternoon,1750,262,1656,uniform_area,214,16.25793403037105
Madrid,working,Full,network,21,Afternoon,1750,262,1656,uniform_area,215,16.42313136524639
Madrid,working,Full,network,21,Afternoon,1750,262,1656,uniform_area,216,16.58905856464329
Madrid,working,Full,network,21,Afternoon,1750,262,1656,uniform_area,217,16.756252019449256
Madrid,working,Full,network,21,Afternoon,1750,262,1656,uniform_area,218,16.924665722555186
Madrid,working,Full,network,21,Afternoon,1750,262,1656,uniform_area,219,17.09852125677945
Madrid,working,Full,network,21,Afternoon,1750,262,1656,uniform_area,220,17.272763071806853
Madrid,working,Full,network,21,Afternoon,1750,262,1656,uniform_area,221,17.448027506607154
Madrid,working,Full,network,21,Afternoon,1750,262,1656,uniform_area,222,17.624451368725882
Madrid,working,Full,network,21,Afternoon,1750,262,1656,uniform_area,223,17.801351377376584
Madrid,working,Full,network,21,Afternoon,1750,262,1656,uniform_area,224,17.978975415475983
Madrid,working,Full,network,21,Afternoon,1750,262,1656,uniform_area,225,18.157166356580007
Madrid,working,Full,network,21,Afternoon,1750,262,1656,uniform_area,226,18.33632193500452
Madrid,working,Full,network,21,Afternoon,1750,262,1656,uniform_area,227,18.517212774127803
Madrid,working,Full,network,21,Afternoon,1750,262,1656,uniform_area,228,18.70168647541132
Madrid,working,Full,network,21,Afternoon,1750,262,1656,uniform_area,229,18.88669041010865
Madrid,working,Full,network,21,Afternoon,1750,262,1656,uniform_area,230,19.07286706064585
Madrid,working,Full,network,21,Afternoon,1750,262,1656,uniform_area,231,19.260180621415365
Madrid,working,Full,network,21,Afternoon,1750,262,1656,uniform_area,232,19.451062014476857
Madrid,working,Full,network,21,Afternoon,1750,262,1656,uniform_area,233,19.642445414312906
Madrid,working,Full,network,21,Afternoon,1750,262,1656,uniform_area,234,19.834644968680983
Madrid,working,Full,network,21,Afternoon,1750,262,1656,uniform_area,235,20.028471105356747
Madrid,working,Full,network,21,Afternoon,1750,262,1656,uniform_area,236,20.22301781554815
Madrid,working,Full,network,21,Afternoon,1750,262,1656,uniform_area,237,20.41949265541153
Madrid,working,Full,network,21,Afternoon,1750,262,1656,uniform_area,238,20.61877756836424
Madrid,working,Full,network,21,Afternoon,1750,262,1656,uniform_area,239,20.81972091249464
Madrid,working,Full,network,21,Afternoon,1750,262,1656,uniform_area,240,21.022780560706245
Madrid,working,Full,network,21,Afternoon,1750,262,1656,uniform_area,241,21.226487653513292
Madrid,working,Full,network,21,Afternoon,1750,262,1656,uniform_area,242,21.431236155817896
Madrid,working,Full,network,21,Afternoon,1750,262,1656,uniform_area,243,21.642602704977538
Madrid,working,Full,network,21,Afternoon,1750,262,1656,uniform_area,244,21.854953292851874
Madrid,working,Full,network,21,Afternoon,1750,262,1656,uniform_area,245,22.069114418834545
Madrid,working,Full,network,21,Afternoon,1750,262,1656,uniform_area,246,22.28497510695065
Madrid,working,Full,network,21,Afternoon,1750,262,1656,uniform_area,247,22.504869732952386
Madrid,working,Full,network,21,Afternoon,1750,262,1656,uniform_area,248,22.725818837791532
Madrid,working,Full,network,21,Afternoon,1750,262,1656,uniform_area,249,22.947591619424106
Madrid,working,Full,network,21,Afternoon,1750,262,1656,uniform_area,250,23.171480693669086
Madrid,working,Full,network,21,Afternoon,1750,262,1656,uniform_area,251,23.39747589406848
Madrid,working,Full,network,21,Afternoon,1750,262,1656,uniform_area,252,23.624270229294073
Madrid,working,Full,network,21,Afternoon,1750,262,1656,uniform_area,253,23.851399152872464
Madrid,working,Full,network,21,Afternoon,1750,262,1656,uniform_area,254,24.07869744902947
Madrid,working,Full,network,21,Afternoon,1750,262,1656,uniform_area,255,24.31189910329689
Madrid,working,Full,network,21,Afternoon,1750,262,1656,uniform_area,256,24.54695708296301
Madrid,working,Full,network,21,Afternoon,1750,262,1656,uniform_area,257,24.797262230316516
Madrid,working,Full,network,21,Afternoon,1750,262,1656,uniform_area,258,25.05652302301132
Madrid,working,Full,network,21,Afternoon,1750,262,1656,uniform_area,259,25.352205756792596
Madrid,working,Full,network,21,Afternoon,1750,262,1656,uniform_area,260,25.654284883030815
Madrid,working,Full,network,21,Afternoon,1750,262,1656,uniform_area,261,25.96491671791736
Madrid,working,Full,network,21,Afternoon,1750,262,1656,uniform_area,262,26.286655577653395
Madrid,working,Full,network,41,Morning,1750,262,1655,local,0,0.0
Madrid,working,Full,network,41,Morning,1750,262,1655,local,1,0.00033957200163592583
Madrid,working,Full,network,41,Morning,1750,262,1655,local,2,0.0018061943020993333
Madrid,working,Full,network,41,Morning,1750,262,1655,local,3,0.005020279629111686
Madrid,working,Full,network,41,Morning,1750,262,1655,local,4,0.008901867849792173
Madrid,working,Full,network,41,Morning,1750,262,1655,local,5,0.01349197509951147
Madrid,working,Full,network,41,Morning,1750,262,1655,local,6,0.01992322918722681
Madrid,working,Full,network,41,Morning,1750,262,1655,local,7,0.027667133124910058
Madrid,working,Full,network,41,Morning,1750,262,1655,local,8,0.03577852477885462
Madrid,working,Full,network,41,Morning,1750,262,1655,local,9,0.044247630206678386
Madrid,working,Full,network,41,Morning,1750,262,1655,local,10,0.05382971959255798
Madrid,working,Full,network,41,Morning,1750,262,1655,local,11,0.06439123519532211
Madrid,working,Full,network,41,Morning,1750,262,1655,local,12,0.07593552539864695
Madrid,working,Full,network,41,Morning,1750,262,1655,local,13,0.08944826256317251
Madrid,working,Full,network,41,Morning,1750,262,1655,local,14,0.10325603509710747
Madrid,working,Full,network,41,Morning,1750,262,1655,local,15,0.1197661358021866
Madrid,working,Full,network,41,Morning,1750,262,1655,local,16,0.13704368917523077
Madrid,working,Full,network,41,Morning,1750,262,1655,local,17,0.154456861475161
Madrid,working,Full,network,41,Morning,1750,262,1655,local,18,0.17246408606546476
Madrid,working,Full,network,41,Morning,1750,262,1655,local,19,0.19211782147913925
Madrid,working,Full,network,41,Morning,1750,262,1655,local,20,0.21189891230085692
Madrid,working,Full,network,41,Morning,1750,262,1655,local,21,0.23383063762151826
Madrid,working,Full,network,41,Morning,1750,262,1655,local,22,0.2559030983244971
Madrid,working,Full,network,41,Morning,1750,262,1655,local,23,0.2785725069917083
Madrid,working,Full,network,41,Morning,1750,262,1655,local,24,0.30172200086040357
Madrid,working,Full,network,41,Morning,1750,262,1655,local,25,0.3251091778146155
Madrid,working,Full,network,41,Morning,1750,262,1655,local,26,0.3500657265513088
Madrid,working,Full,network,41,Morning,1750,262,1655,local,27,0.3755011181452623
Madrid,working,Full,network,41,Morning,1750,262,1655,local,28,0.40349634384428124
Madrid,working,Full,network,41,Morning,1750,262,1655,local,29,0.43283772304912627
Madrid,working,Full,network,41,Morning,1750,262,1655,local,30,0.46235153462531464
Madrid,working,Full,network,41,Morning,1750,262,1655,local,31,0.4923382443738505
Madrid,working,Full,network,41,Morning,1750,262,1655,local,32,0.5233752283826676
Madrid,working,Full,network,41,Morning,1750,262,1655,local,33,0.554788472664355
Madrid,working,Full,network,41,Morning,1750,262,1655,local,34,0.5870080536321716
Madrid,working,Full,network,41,Morning,1750,262,1655,local,35,0.6193494239721131
Madrid,working,Full,network,41,Morning,1750,262,1655,local,36,0.6525912445710249
Madrid,working,Full,network,41,Morning,1750,262,1655,local,37,0.6861293668751036
Madrid,working,Full,network,41,Morning,1750,262,1655,local,38,0.7205037370497075
Madrid,working,Full,network,41,Morning,1750,262,1655,local,39,0.755128663332554
Madrid,working,Full,network,41,Morning,1750,262,1655,local,40,0.790481345682372
Madrid,working,Full,network,41,Morning,1750,262,1655,local,41,0.8264594549905453
Madrid,working,Full,network,41,Morning,1750,262,1655,local,42,0.8627688852988333
Madrid,working,Full,network,41,Morning,1750,262,1655,local,43,0.9008366259364274
Madrid,working,Full,network,41,Morning,1750,262,1655,local,44,0.9399265780411417
Madrid,working,Full,network,41,Morning,1750,262,1655,local,45,0.9796658870948409
Madrid,working,Full,network,41,Morning,1750,262,1655,local,46,1.0222475305679861
Madrid,working,Full,network,41,Morning,1750,262,1655,local,47,1.0658529866823756
Madrid,working,Full,network,41,Morning,1750,262,1655,local,48,1.110014607239197
Madrid,working,Full,network,41,Morning,1750,262,1655,local,49,1.1556803060968108
Madrid,working,Full,network,41,Morning,1750,262,1655,local,50,1.2015298844168782
Madrid,working,Full,network,41,Morning,1750,262,1655,local,51,1.248788408346251
Madrid,working,Full,network,41,Morning,1750,262,1655,local,52,1.2988381511669413
Madrid,working,Full,network,41,Morning,1750,262,1655,local,53,1.3494761737062724
Madrid,working,Full,network,41,Morning,1750,262,1655,local,54,1.400269614446807
Madrid,working,Full,network,41,Morning,1750,262,1655,local,55,1.451681792680116
Madrid,working,Full,network,41,Morning,1750,262,1655,local,56,1.5074745830440088
Madrid,working,Full,network,41,Morning,1750,262,1655,local,57,1.5640689274338548
Madrid,working,Full,network,41,Morning,1750,262,1655,local,58,1.6209393215447319
Madrid,working,Full,network,41,Morning,1750,262,1655,local,59,1.679128330009584
Madrid,working,Full,network,41,Morning,1750,262,1655,local,60,1.7377122401693268
Madrid,working,Full,network,41,Morning,1750,262,1655,local,61,1.796922904123573
Madrid,working,Full,network,41,Morning,1750,262,1655,local,62,1.8564323471696613
Madrid,working,Full,network,41,Morning,1750,262,1655,local,63,1.9183615481841314
Madrid,working,Full,network,41,Morning,1750,262,1655,local,64,1.9806969863718156
Madrid,working,Full,network,41,Morning,1750,262,1655,local,65,2.0438284292392996
Madrid,working,Full,network,41,Morning,1750,262,1655,local,66,2.107364637451529
Madrid,working,Full,network,41,Morning,1750,262,1655,local,67,2.1721930985372775
Madrid,working,Full,network,41,Morning,1750,262,1655,local,68,2.2377545176804614
Madrid,working,Full,network,41,Morning,1750,262,1655,local,69,2.304053265512731
Madrid,working,Full,network,41,Morning,1750,262,1655,local,70,2.371836778460821
Madrid,working,Full,network,41,Morning,1750,262,1655,local,71,2.4407200987991793
Madrid,working,Full,network,41,Morning,1750,262,1655,local,72,2.5100692804886116
Madrid,working,Full,network,41,Morning,1750,262,1655,local,73,2.5834254614493948
Madrid,working,Full,network,41,Morning,1750,262,1655,local,74,2.6590470169426523
Madrid,working,Full,network,41,Morning,1750,262,1655,local,75,2.7347051157148297
Madrid,working,Full,network,41,Morning,1750,262,1655,local,76,2.8110548445191297
Madrid,working,Full,network,41,Morning,1750,262,1655,local,77,2.8879896486076007
Madrid,working,Full,network,41,Morning,1750,262,1655,local,78,2.9656128052760056
Madrid,working,Full,network,41,Morning,1750,262,1655,local,79,3.0444265199203
Madrid,working,Full,network,41,Morning,1750,262,1655,local,80,3.1244346165824024
Madrid,working,Full,network,41,Morning,1750,262,1655,local,81,3.2048610296336006
Madrid,working,Full,network,41,Morning,1750,262,1655,local,82,3.285701068207411
Madrid,working,Full,network,41,Morning,1750,262,1655,local,83,3.3669924970647744
Madrid,working,Full,network,41,Morning,1750,262,1655,local,84,3.4488299398594133
Madrid,working,Full,network,41,Morning,1750,262,1655,local,85,3.5312970748899306
Madrid,working,Full,network,41,Morning,1750,262,1655,local,86,3.614338992836474
Madrid,working,Full,network,41,Morning,1750,262,1655,local,87,3.698845041093264
Madrid,working,Full,network,41,Morning,1750,262,1655,local,88,3.7848000747436
Madrid,working,Full,network,41,Morning,1750,262,1655,local,89,3.873838068512717
Madrid,working,Full,network,41,Morning,1750,262,1655,local,90,3.963551444829797
Madrid,working,Full,network,41,Morning,1750,262,1655,local,91,4.054016134814143
Madrid,working,Full,network,41,Morning,1750,262,1655,local,92,4.144859277688955
Madrid,working,Full,network,41,Morning,1750,262,1655,local,93,4.237284030114878
Madrid,working,Full,network,41,Morning,1750,262,1655,local,94,4.331089676831158
Madrid,working,Full,network,41,Morning,1750,262,1655,local,95,4.425600133276679
Madrid,working,Full,network,41,Morning,1750,262,1655,local,96,4.522915775858818
Madrid,working,Full,network,41,Morning,1750,262,1655,local,97,4.620513603736067
Madrid,working,Full,network,41,Morning,1750,262,1655,local,98,4.719154299791319
Madrid,working,Full,network,41,Morning,1750,262,1655,local,99,4.8190134278126795
Madrid,working,Full,network,41,Morning,1750,262,1655,local,100,4.919412486352748
Madrid,working,Full,network,41,Morning,1750,262,1655,local,101,5.022720881408426
Madrid,working,Full,network,41,Morning,1750,262,1655,local,102,5.126432325892612
Madrid,working,Full,network,41,Morning,1750,262,1655,local,103,5.230962145597505
Madrid,working,Full,network,41,Morning,1750,262,1655,local,104,5.337348952811583
Madrid,working,Full,network,41,Morning,1750,262,1655,local,105,5.443928377622089
Madrid,working,Full,network,41,Morning,1750,262,1655,local,106,5.551708782122287
Madrid,working,Full,network,41,Morning,1750,262,1655,local,107,5.6598701993053355
Madrid,working,Full,network,41,Morning,1750,262,1655,local,108,5.768956565233031
Madrid,working,Full,network,41,Morning,1750,262,1655,local,109,5.878682136561444
Madrid,working,Full,network,41,Morning,1750,262,1655,local,110,5.98971626979103
Madrid,working,Full,network,41,Morning,1750,262,1655,local,111,6.1023934653217315
Madrid,working,Full,network,41,Morning,1750,262,1655,local,112,6.215498304732755
Madrid,working,Full,network,41,Morning,1750,262,1655,local,113,6.328925192937503
Madrid,working,Full,network,41,Morning,1750,262,1655,local,114,6.444223684711271
Madrid,working,Full,network,41,Morning,1750,262,1655,local,115,6.56038940785723
Madrid,working,Full,network,41,Morning,1750,262,1655,local,116,6.677095198169328
Madrid,working,Full,network,41,Morning,1750,262,1655,local,117,6.797070476519406
Madrid,working,Full,network,41,Morning,1750,262,1655,local,118,6.917082881246998
Madrid,working,Full,network,41,Morning,1750,262,1655,local,119,7.037690134158032
Madrid,working,Full,network,41,Morning,1750,262,1655,local,120,7.159506835770302
Madrid,working,Full,network,41,Morning,1750,262,1655,local,121,7.284872482982541
Madrid,working,Full,network,41,Morning,1750,262,1655,local,122,7.411071081837143
Madrid,working,Full,network,41,Morning,1750,262,1655,local,123,7.537800221132615
Madrid,working,Full,network,41,Morning,1750,262,1655,local,124,7.6652948791697755
Madrid,working,Full,network,41,Morning,1750,262,1655,local,125,7.793952418340435
Madrid,working,Full,network,41,Morning,1750,262,1655,local,126,7.923751090840449
Madrid,working,Full,network,41,Morning,1750,262,1655,local,127,8.054310301231052
Madrid,working,Full,network,41,Morning,1750,262,1655,local,128,8.185626623938406
Madrid,working,Full,network,41,Morning,1750,262,1655,local,129,8.31724360959459
Madrid,working,Full,network,41,Morning,1750,262,1655,local,130,8.450691587411173
Madrid,working,Full,network,41,Morning,1750,262,1655,local,131,8.585420292776899
Madrid,working,Full,network,41,Morning,1750,262,1655,local,132,8.72027706495181
Madrid,working,Full,network,41,Morning,1750,262,1655,local,133,8.856149955787282
Madrid,working,Full,network,41,Morning,1750,262,1655,local,134,8.994704614049148
Madrid,working,Full,network,41,Morning,1750,262,1655,local,135,9.133937665274951
Madrid,working,Full,network,41,Morning,1750,262,1655,local,136,9.274823938695022
Madrid,working,Full,network,41,Morning,1750,262,1655,local,137,9.417273966749262
Madrid,working,Full,network,41,Morning,1750,262,1655,local,138,9.560509619493903
Madrid,working,Full,network,41,Morning,1750,262,1655,local,139,9.705046972560957
Madrid,working,Full,network,41,Morning,1750,262,1655,local,140,9.853041777947906
Madrid,working,Full,network,41,Morning,1750,262,1655,local,141,10.00240210218117
Madrid,working,Full,network,41,Morning,1750,262,1655,local,142,10.152989671618446
Madrid,working,Full,network,41,Morning,1750,262,1655,local,143,10.30427246251619
Madrid,working,Full,network,41,Morning,1750,262,1655,local,144,10.455905796848441
Madrid,working,Full,network,41,Morning,1750,262,1655,local,145,10.607648211298391
Madrid,working,Full,network,41,Morning,1750,262,1655,local,146,10.759602201872275
Madrid,working,Full,network,41,Morning,1750,262,1655,local,147,10.912414444725934
Madrid,working,Full,network,41,Morning,1750,262,1655,local,148,11.06546924407587
Madrid,working,Full,network,41,Morning,1750,262,1655,local,149,11.219892911698894
Madrid,working,Full,network,41,Morning,1750,262,1655,local,150,11.376634595452716
Madrid,working,Full,network,41,Morning,1750,262,1655,local,151,11.535971354789023
Madrid,working,Full,network,41,Morning,1750,262,1655,local,152,11.697225430954852
Madrid,working,Full,network,41,Morning,1750,262,1655,local,153,11.859491496108046
Madrid,working,Full,network,41,Morning,1750,262,1655,local,154,12.024147097198394
Madrid,working,Full,network,41,Morning,1750,262,1655,local,155,12.188893311183817
Madrid,working,Full,network,41,Morning,1750,262,1655,local,156,12.354856357004328
Madrid,working,Full,network,41,Morning,1750,262,1655,local,157,12.52139112316938
Madrid,working,Full,network,41,Morning,1750,262,1655,local,158,12.688701142380324
Madrid,working,Full,network,41,Morning,1750,262,1655,local,159,12.860597188193958
Madrid,working,Full,network,41,Morning,1750,262,1655,local,160,13.033234966707864
Madrid,working,Full,network,41,Morning,1750,262,1655,local,161,13.207465742406708
Madrid,working,Full,network,41,Morning,1750,262,1655,local,162,13.383112962633938
Madrid,working,Full,network,41,Morning,1750,262,1655,local,163,13.55906651511382
Madrid,working,Full,network,41,Morning,1750,262,1655,local,164,13.737669352569103
Madrid,working,Full,network,41,Morning,1750,262,1655,local,165,13.920440744114131
Madrid,working,Full,network,41,Morning,1750,262,1655,local,166,14.104060213442226
Madrid,working,Full,network,41,Morning,1750,262,1655,local,167,14.28985900905787
Madrid,working,Full,network,41,Morning,1750,262,1655,local,168,14.475998010886139
Madrid,working,Full,network,41,Morning,1750,262,1655,local,169,14.662176892902796
Madrid,working,Full,network,41,Morning,1750,262,1655,local,170,14.848697909842798
Madrid,working,Full,network,41,Morning,1750,262,1655,local,171,15.036977158878845
Madrid,working,Full,network,41,Morning,1750,262,1655,local,172,15.22600243405665
Madrid,working,Full,network,41,Morning,1750,262,1655,local,173,15.415736757120357
Madrid,working,Full,network,41,Morning,1750,262,1655,local,174,15.607828304740291
Madrid,working,Full,network,41,Morning,1750,262,1655,local,175,15.800242052404935
Madrid,working,Full,network,41,Morning,1750,262,1655,local,176,15.993399479213437
Madrid,working,Full,network,41,Morning,1750,262,1655,local,177,16.187866294066378
Madrid,working,Full,network,41,Morning,1750,262,1655,local,178,16.38323462836622
Madrid,working,Full,network,41,Morning,1750,262,1655,local,179,16.581035088791847
Madrid,working,Full,network,41,Morning,1750,262,1655,local,180,16.77981291946419
Madrid,working,Full,network,41,Morning,1750,262,1655,local,181,16.979529398047166
Madrid,working,Full,network,41,Morning,1750,262,1655,local,182,17.179755045829662
Madrid,working,Full,network,41,Morning,1750,262,1655,local,183,17.382203872251637
Madrid,working,Full,network,41,Morning,1750,262,1655,local,184,17.58523163003883
Madrid,working,Full,network,41,Morning,1750,262,1655,local,185,17.788863359051092
Madrid,working,Full,network,41,Morning,1750,262,1655,local,186,17.994992209341316
Madrid,working,Full,network,41,Morning,1750,262,1655,local,187,18.203151396405907
Madrid,working,Full,network,41,Morning,1750,262,1655,local,188,18.419527914437392
Madrid,working,Full,network,41,Morning,1750,262,1655,local,189,18.638012171147917
Madrid,working,Full,network,41,Morning,1750,262,1655,local,190,18.86004176429718
Madrid,working,Full,network,41,Morning,1750,262,1655,local,191,19.08213735294128
Madrid,working,Full,network,41,Morning,1750,262,1655,local,192,19.305050660689794
Madrid,working,Full,network,41,Morning,1750,262,1655,local,193,19.528313390529362
Madrid,working,Full,network,41,Morning,1750,262,1655,local,194,19.755644329345632
Madrid,working,Full,network,41,Morning,1750,262,1655,local,195,19.983091541567394
Madrid,working,Full,network,41,Morning,1750,262,1655,local,196,20.216431550229725
Madrid,working,Full,network,41,Morning,1750,262,1655,local,197,20.451230598824633
Madrid,working,Full,network,41,Morning,1750,262,1655,local,198,20.68741734383138
Madrid,working,Full,network,41,Morning,1750,262,1655,local,199,20.927793651166883
Madrid,working,Full,network,41,Morning,1750,262,1655,local,200,21.172923423064887
Madrid,working,Full,network,41,Morning,1750,262,1655,local,201,21.421562954042738
Madrid,working,Full,network,41,Morning,1750,262,1655,local,202,21.67046222780018
Madrid,working,Full,network,41,Morning,1750,262,1655,local,203,21.921587715647735
Madrid,working,Full,network,41,Morning,1750,262,1655,local,204,22.180914299495363
Madrid,working,Full,network,41,Morning,1750,262,1655,local,205,22.444873004984508
Madrid,working,Full,network,41,Morning,1750,262,1655,local,206,22.709308088461558
Madrid,working,Full,network,41,Morning,1750,262,1655,local,207,22.97822200958237
Madrid,working,Full,network,41,Morning,1750,262,1655,local,208,23.24738221944768
Madrid,working,Full,network,41,Morning,1750,262,1655,local,209,23.522164926698963
Madrid,working,Full,network,41,Morning,1750,262,1655,local,210,23.80087840064344
Madrid,working,Full,network,41,Morning,1750,262,1655,local,211,24.08006739826859
Madrid,working,Full,network,41,Morning,1750,262,1655,local,212,24.360300418794715
Madrid,working,Full,network,41,Morning,1750,262,1655,local,213,24.642014557723474
Madrid,working,Full,network,41,Morning,1750,262,1655,local,214,24.926428912525264
Madrid,working,Full,network,41,Morning,1750,262,1655,local,215,25.213197177922236
Madrid,working,Full,network,41,Morning,1750,262,1655,local,216,25.502362196535696
Madrid,working,Full,network,41,Morning,1750,262,1655,local,217,25.79427040611848
Madrid,working,Full,network,41,Morning,1750,262,1655,local,218,26.093241452140493
Madrid,working,Full,network,41,Morning,1750,262,1655,local,219,26.396673827201898
Madrid,working,Full,network,41,Morning,1750,262,1655,local,220,26.70370127210919
Madrid,working,Full,network,41,Morning,1750,262,1655,local,221,27.011653099352312
Madrid,working,Full,network,41,Morning,1750,262,1655,local,222,27.32116461518611
Madrid,working,Full,network,41,Morning,1750,262,1655,local,223,27.63453227882642
Madrid,working,Full,network,41,Morning,1750,262,1655,local,224,27.957784551537546
Madrid,working,Full,network,41,Morning,1750,262,1655,local,225,28.28158509443328
Madrid,working,Full,network,41,Morning,1750,262,1655,local,226,28.60625205820459
Madrid,working,Full,network,41,Morning,1750,262,1655,local,227,28.936476822539195
Madrid,working,Full,network,41,Morning,1750,262,1655,local,228,29.2731159008522
Madrid,working,Full,network,41,Morning,1750,262,1655,local,229,29.615923252659332
Madrid,working,Full,network,41,Morning,1750,262,1655,local,230,29.965548161891864
Madrid,working,Full,network,41,Morning,1750,262,1655,local,231,30.319831663772952
Madrid,working,Full,network,41,Morning,1750,262,1655,local,232,30.675071326341477
Madrid,working,Full,network,41,Morning,1750,262,1655,local,233,31.037164779810606
Madrid,working,Full,network,41,Morning,1750,262,1655,local,234,31.409651718436113
Madrid,working,Full,network,41,Morning,1750,262,1655,local,235,31.782784578005668
Madrid,working,Full,network,41,Morning,1750,262,1655,local,236,32.16120096170481
Madrid,working,Full,network,41,Morning,1750,262,1655,local,237,32.5406124672997
Madrid,working,Full,network,41,Morning,1750,262,1655,local,238,32.93403354865319
Madrid,working,Full,network,41,Morning,1750,262,1655,local,239,33.32765768287735
Madrid,working,Full,network,41,Morning,1750,262,1655,local,240,33.7347274530744
Madrid,working,Full,network,41,Morning,1750,262,1655,local,241,34.1419704348461
Madrid,working,Full,network,41,Morning,1750,262,1655,local,242,34.561001969845655
Madrid,working,Full,network,41,Morning,1750,262,1655,local,243,34.983512256431865
Madrid,working,Full,network,41,Morning,1750,262,1655,local,244,35.428440983548526
Madrid,working,Full,network,41,Morning,1750,262,1655,local,245,35.878430557892294
Madrid,working,Full,network,41,Morning,1750,262,1655,local,246,36.35910518130138
Madrid,working,Full,network,41,Morning,1750,262,1655,local,247,36.849865964573304
Madrid,working,Full,network,41,Morning,1750,262,1655,local,248,37.348623296197744
Madrid,working,Full,network,41,Morning,1750,262,1655,local,249,37.852587158946285
Madrid,working,Full,network,41,Morning,1750,262,1655,local,250,38.35721013902577
Madrid,working,Full,network,41,Morning,1750,262,1655,local,251,38.8704121996393
Madrid,working,Full,network,41,Morning,1750,262,1655,local,252,39.407118755808945
Madrid,working,Full,network,41,Morning,1750,262,1655,local,253,39.945372303832166
Madrid,working,Full,network,41,Morning,1750,262,1655,local,254,40.48559857035277
Madrid,working,Full,network,41,Morning,1750,262,1655,local,255,41.04409451007108
Madrid,working,Full,network,41,Morning,1750,262,1655,local,256,41.60500578288439
Madrid,working,Full,network,41,Morning,1750,262,1655,local,257,42.194332015372545
Madrid,working,Full,network,41,Morning,1750,262,1655,local,258,42.812150253739624
Madrid,working,Full,network,41,Morning,1750,262,1655,local,259,43.46750571212253
Madrid,working,Full,network,41,Morning,1750,262,1655,local,260,44.12668010222696
Madrid,working,Full,network,41,Morning,1750,262,1655,local,261,44.897767825579365
Madrid,working,Full,network,41,Morning,1750,262,1655,local,262,45.710249404929655
Madrid,working,Full,network,41,Morning,1750,262,1655,regional,0,0.0
Madrid,working,Full,network,41,Morning,1750,262,1655,regional,1,0.00048035225445566625
Madrid,working,Full,network,41,Morning,1750,262,1655,regional,2,0.0019112420104543464
Madrid,working,Full,network,41,Morning,1750,262,1655,regional,3,0.00428149496693582
Madrid,working,Full,network,41,Morning,1750,262,1655,regional,4,0.007105422221123026
Madrid,working,Full,network,41,Morning,1750,262,1655,regional,5,0.012187408094425816
Madrid,working,Full,network,41,Morning,1750,262,1655,regional,6,0.017942201678638775
Madrid,working,Full,network,41,Morning,1750,262,1655,regional,7,0.024156865526582603
Madrid,working,Full,network,41,Morning,1750,262,1655,regional,8,0.03164264417108874
Madrid,working,Full,network,41,Morning,1750,262,1655,regional,9,0.040341239300648056
Madrid,working,Full,network,41,Morning,1750,262,1655,regional,10,0.049262807820308535
Madrid,working,Full,network,41,Morning,1750,262,1655,regional,11,0.059073442502024995
Madrid,working,Full,network,41,Morning,1750,262,1655,regional,12,0.07068627674538044
Madrid,working,Full,network,41,Morning,1750,262,1655,regional,13,0.08285197676232119
Madrid,working,Full,network,41,Morning,1750,262,1655,regional,14,0.0959523354002875
Madrid,working,Full,network,41,Morning,1750,262,1655,regional,15,0.10992186588565248
Madrid,working,Full,network,41,Morning,1750,262,1655,regional,16,0.12456027426246741
Madrid,working,Full,network,41,Morning,1750,262,1655,regional,17,0.14095544723068115
Madrid,working,Full,network,41,Morning,1750,262,1655,regional,18,0.16098353429512205
Madrid,working,Full,network,41,Morning,1750,262,1655,regional,19,0.1816592129050935
Madrid,working,Full,network,41,Morning,1750,262,1655,regional,20,0.2036691148997278
Madrid,working,Full,network,41,Morning,1750,262,1655,regional,21,0.22704846490607142
Madrid,working,Full,network,41,Morning,1750,262,1655,regional,22,0.25181860317558086
Madrid,working,Full,network,41,Morning,1750,262,1655,regional,23,0.2788557494405844
Madrid,working,Full,network,41,Morning,1750,262,1655,regional,24,0.3062677474222066
Madrid,working,Full,network,41,Morning,1750,262,1655,regional,25,0.3344534981060791
Madrid,working,Full,network,41,Morning,1750,262,1655,regional,26,0.3629477459594678
Madrid,working,Full,network,41,Morning,1750,262,1655,regional,27,0.3920271669725756
Madrid,working,Full,network,41,Morning,1750,262,1655,regional,28,0.4227164229904043
Madrid,working,Full,network,41,Morning,1750,262,1655,regional,29,0.45456684130365166
Madrid,working,Full,network,41,Morning,1750,262,1655,regional,30,0.48708150585991494
Madrid,working,Full,network,41,Morning,1750,262,1655,regional,31,0.521743464780156
Madrid,working,Full,network,41,Morning,1750,262,1655,regional,32,0.5577601364745847
Madrid,working,Full,network,41,Morning,1750,262,1655,regional,33,0.5943610881879462
Madrid,working,Full,network,41,Morning,1750,262,1655,regional,34,0.6320721599935007
Madrid,working,Full,network,41,Morning,1750,262,1655,regional,35,0.6701779048993084
Madrid,working,Full,network,41,Morning,1750,262,1655,regional,36,0.709024798112285
Madrid,working,Full,network,41,Morning,1750,262,1655,regional,37,0.7486230404628819
Madrid,working,Full,network,41,Morning,1750,262,1655,regional,38,0.7885187832531197
Madrid,working,Full,network,41,Morning,1750,262,1655,regional,39,0.828874775759803
Madrid,working,Full,network,41,Morning,1750,262,1655,regional,40,0.8712113317426073
Madrid,working,Full,network,41,Morning,1750,262,1655,regional,41,0.9141667824989222
Madrid,working,Full,network,41,Morning,1750,262,1655,regional,42,0.9588793339635248
Madrid,working,Full,network,41,Morning,1750,262,1655,regional,43,1.0036593497951416
Madrid,working,Full,network,41,Morning,1750,262,1655,regional,44,1.0489947787012845
Madrid,working,Full,network,41,Morning,1750,262,1655,regional,45,1.0947302511790853
Madrid,working,Full,network,41,Morning,1750,262,1655,regional,46,1.1407211037884268
Madrid,working,Full,network,41,Morning,1750,262,1655,regional,47,1.1880503823004982
Madrid,working,Full,network,41,Morning,1750,262,1655,regional,48,1.2355448569780352
Madrid,working,Full,network,41,Morning,1750,262,1655,regional,49,1.28333780345188
Madrid,working,Full,network,41,Morning,1750,262,1655,regional,50,1.3315487102186532
Madrid,working,Full,network,41,Morning,1750,262,1655,regional,51,1.3800269123549405
Madrid,working,Full,network,41,Morning,1750,262,1655,regional,52,1.4298929273800562
Madrid,working,Full,network,41,Morning,1750,262,1655,regional,53,1.4800755285763931
Madrid,working,Full,network,41,Morning,1750,262,1655,regional,54,1.5323039622863825
Madrid,working,Full,network,41,Morning,1750,262,1655,regional,55,1.5859373286500775
Madrid,working,Full,network,41,Morning,1750,262,1655,regional,56,1.6403673110631884
Madrid,working,Full,network,41,Morning,1750,262,1655,regional,57,1.6949310997067588
Madrid,working,Full,network,41,Morning,1750,262,1655,regional,58,1.7513564812457896
Madrid,working,Full,network,41,Morning,1750,262,1655,regional,59,1.810761815921083
Madrid,working,Full,network,41,Morning,1750,262,1655,regional,60,1.8706315690078064
Madrid,working,Full,network,41,Morning,1750,262,1655,regional,61,1.931249790985237
Madrid,working,Full,network,41,Morning,1750,262,1655,regional,62,1.9921745409945666
Madrid,working,Full,network,41,Morning,1750,262,1655,regional,63,2.054939841713819
Madrid,working,Full,network,41,Morning,1750,262,1655,regional,64,2.120479506186943
Madrid,working,Full,network,41,Morning,1750,262,1655,regional,65,2.1874173492668785
Madrid,working,Full,network,41,Morning,1750,262,1655,regional,66,2.2550902884360626
Madrid,working,Full,network,41,Morning,1750,262,1655,regional,67,2.323692337126711
Madrid,working,Full,network,41,Morning,1750,262,1655,regional,68,2.3926926631898966
Madrid,working,Full,network,41,Morning,1750,262,1655,regional,69,2.462147360094907
Madrid,working,Full,network,41,Morning,1750,262,1655,regional,70,2.532032527605683
Madrid,working,Full,network,41,Morning,1750,262,1655,regional,71,2.603076082862097
Madrid,working,Full,network,41,Morning,1750,262,1655,regional,72,2.674815613584334
Madrid,working,Full,network,41,Morning,1750,262,1655,regional,73,2.7475825141121604
Madrid,working,Full,network,41,Morning,1750,262,1655,regional,74,2.8204752925283856
Madrid,working,Full,network,41,Morning,1750,262,1655,regional,75,2.894318418191314
Madrid,working,Full,network,41,Morning,1750,262,1655,regional,76,2.9687651675057616
Madrid,working,Full,network,41,Morning,1750,262,1655,regional,77,3.0436961745837827
Madrid,working,Full,network,41,Morning,1750,262,1655,regional,78,3.120989201868478
Madrid,working,Full,network,41,Morning,1750,262,1655,regional,79,3.1991436967364413
Madrid,working,Full,network,41,Morning,1750,262,1655,regional,80,3.2777159024520928
Madrid,working,Full,network,41,Morning,1750,262,1655,regional,81,3.3571065697009166
Madrid,working,Full,network,41,Morning,1750,262,1655,regional,82,3.437027100912917
Madrid,working,Full,network,41,Morning,1750,262,1655,regional,83,3.5187687472457476
Madrid,working,Full,network,41,Morning,1750,262,1655,regional,84,3.6014121190864326
Madrid,working,Full,network,41,Morning,1750,262,1655,regional,85,3.685453671647873
Madrid,working,Full,network,41,Morning,1750,262,1655,regional,86,3.7709770388447192
Madrid,working,Full,network,41,Morning,1750,262,1655,regional,87,3.8598565352795386
Madrid,working,Full,network,41,Morning,1750,262,1655,regional,88,3.9488430553479033
Madrid,working,Full,network,41,Morning,1750,262,1655,regional,89,4.038628812754621
Madrid,working,Full,network,41,Morning,1750,262,1655,regional,90,4.129125103293499
Madrid,working,Full,network,41,Morning,1750,262,1655,regional,91,4.221135320314215
Madrid,working,Full,network,41,Morning,1750,262,1655,regional,92,4.313914292676665
Madrid,working,Full,network,41,Morning,1750,262,1655,regional,93,4.408296121919011
Madrid,working,Full,network,41,Morning,1750,262,1655,regional,94,4.503786430834024
Madrid,working,Full,network,41,Morning,1750,262,1655,regional,95,4.5994433089202795
Madrid,working,Full,network,41,Morning,1750,262,1655,regional,96,4.695343770280894
Madrid,working,Full,network,41,Morning,1750,262,1655,regional,97,4.792174018681604
Madrid,working,Full,network,41,Morning,1750,262,1655,regional,98,4.889317147511997
Madrid,working,Full,network,41,Morning,1750,262,1655,regional,99,4.9875008688595095
Madrid,working,Full,network,41,Morning,1750,262,1655,regional,100,5.086881069085995
Madrid,working,Full,network,41,Morning,1750,262,1655,regional,101,5.187453093289649
Madrid,working,Full,network,41,Morning,1750,262,1655,regional,102,5.28959109347206
Madrid,working,Full,network,41,Morning,1750,262,1655,regional,103,5.392067596126531
Madrid,working,Full,network,41,Morning,1750,262,1655,regional,104,5.495089182074572
Madrid,working,Full,network,41,Morning,1750,262,1655,regional,105,5.598982463917586
Madrid,working,Full,network,41,Morning,1750,262,1655,regional,106,5.703806929059841
Madrid,working,Full,network,41,Morning,1750,262,1655,regional,107,5.810350528499669
Madrid,working,Full,network,41,Morning,1750,262,1655,regional,108,5.917846875568122
Madrid,working,Full,network,41,Morning,1750,262,1655,regional,109,6.026558570568002
Madrid,working,Full,network,41,Morning,1750,262,1655,regional,110,6.135631570082769
Madrid,working,Full,network,41,Morning,1750,262,1655,regional,111,6.245715156812104
Madrid,working,Full,network,41,Morning,1750,262,1655,regional,112,6.357447864057116
Madrid,working,Full,network,41,Morning,1750,262,1655,regional,113,6.469658320236162
Madrid,working,Full,network,41,Morning,1750,262,1655,regional,114,6.5824503061946995
Madrid,working,Full,network,41,Morning,1750,262,1655,regional,115,6.697018355984427
Madrid,working,Full,network,41,Morning,1750,262,1655,regional,116,6.81262512533804
Madrid,working,Full,network,41,Morning,1750,262,1655,regional,117,6.9285407691999445
Madrid,working,Full,network,41,Morning,1750,262,1655,regional,118,7.045295591233387
Madrid,working,Full,network,41,Morning,1750,262,1655,regional,119,7.162551694610892
Madrid,working,Full,network,41,Morning,1750,262,1655,regional,120,7.281298624361486
Madrid,working,Full,network,41,Morning,1750,262,1655,regional,121,7.400546894646534
Madrid,working,Full,network,41,Morning,1750,262,1655,regional,122,7.5209860397484825
Madrid,working,Full,network,41,Morning,1750,262,1655,regional,123,7.642578241232605
Madrid,working,Full,network,41,Morning,1750,262,1655,regional,124,7.765186499758014
Madrid,working,Full,network,41,Morning,1750,262,1655,regional,125,7.888318103904312
Madrid,working,Full,network,41,Morning,1750,262,1655,regional,126,8.012193993448724
Madrid,working,Full,network,41,Morning,1750,262,1655,regional,127,8.138287083327938
Madrid,working,Full,network,41,Morning,1750,262,1655,regional,128,8.265963641004697
Madrid,working,Full,network,41,Morning,1750,262,1655,regional,129,8.395409129013041
Madrid,working,Full,network,41,Morning,1750,262,1655,regional,130,8.525825213725117
Madrid,working,Full,network,41,Morning,1750,262,1655,regional,131,8.656698809540876
Madrid,working,Full,network,41,Morning,1750,262,1655,regional,132,8.78891862748001
Madrid,working,Full,network,41,Morning,1750,262,1655,regional,133,8.92136933023976
Madrid,working,Full,network,41,Morning,1750,262,1655,regional,134,9.057441971505293
Madrid,working,Full,network,41,Morning,1750,262,1655,regional,135,9.194233160916689
Madrid,working,Full,network,41,Morning,1750,262,1655,regional,136,9.332141096573645
Madrid,working,Full,network,41,Morning,1750,262,1655,regional,137,9.472030235174389
Madrid,working,Full,network,41,Morning,1750,262,1655,regional,138,9.613383418608281
Madrid,working,Full,network,41,Morning,1750,262,1655,regional,139,9.756706802971228
Madrid,working,Full,network,41,Morning,1750,262,1655,regional,140,9.902724055321327
Madrid,working,Full,network,41,Morning,1750,262,1655,regional,141,10.049792139069954
Madrid,working,Full,network,41,Morning,1750,262,1655,regional,142,10.19881444445484
Madrid,working,Full,network,41,Morning,1750,262,1655,regional,143,10.348347870530032
Madrid,working,Full,network,41,Morning,1750,262,1655,regional,144,10.500228098538479
Madrid,working,Full,network,41,Morning,1750,262,1655,regional,145,10.652888115612525
Madrid,working,Full,network,41,Morning,1750,262,1655,regional,146,10.806413626273693
Madrid,working,Full,network,41,Morning,1750,262,1655,regional,147,10.96208660569911
Madrid,working,Full,network,41,Morning,1750,262,1655,regional,148,11.119263199793926
Madrid,working,Full,network,41,Morning,1750,262,1655,regional,149,11.276863013671079
Madrid,working,Full,network,41,Morning,1750,262,1655,regional,150,11.437281710935164
Madrid,working,Full,network,41,Morning,1750,262,1655,regional,151,11.599913839374235
Madrid,working,Full,network,41,Morning,1750,262,1655,regional,152,11.765436506458633
Madrid,working,Full,network,41,Morning,1750,262,1655,regional,153,11.93150073923596
Madrid,working,Full,network,41,Morning,1750,262,1655,regional,154,12.09766582293418
Madrid,working,Full,network,41,Morning,1750,262,1655,regional,155,12.265635621785835
Madrid,working,Full,network,41,Morning,1750,262,1655,regional,156,12.434874711101518
Madrid,working,Full,network,41,Morning,1750,262,1655,regional,157,12.604692898105622
Madrid,working,Full,network,41,Morning,1750,262,1655,regional,158,12.778483637922209
Madrid,working,Full,network,41,Morning,1750,262,1655,regional,159,12.953326516610883
Madrid,working,Full,network,41,Morning,1750,262,1655,regional,160,13.128479118555838
Madrid,working,Full,network,41,Morning,1750,262,1655,regional,161,13.305235829891734
Madrid,working,Full,network,41,Morning,1750,262,1655,regional,162,13.48370158990463
Madrid,working,Full,network,41,Morning,1750,262,1655,regional,163,13.66257852445442
Madrid,working,Full,network,41,Morning,1750,262,1655,regional,164,13.845124457045182
Madrid,working,Full,network,41,Morning,1750,262,1655,regional,165,14.032300024539671
Madrid,working,Full,network,41,Morning,1750,262,1655,regional,166,14.221747313064878
Madrid,working,Full,network,41,Morning,1750,262,1655,regional,167,14.412548288045098
Madrid,working,Full,network,41,Morning,1750,262,1655,regional,168,14.60345583638907
Madrid,working,Full,network,41,Morning,1750,262,1655,regional,169,14.797136956815372
Madrid,working,Full,network,41,Morning,1750,262,1655,regional,170,14.991224901284516
Madrid,working,Full,network,41,Morning,1750,262,1655,regional,171,15.186964917333325
Madrid,working,Full,network,41,Morning,1750,262,1655,regional,172,15.38309605505867
Madrid,working,Full,network,41,Morning,1750,262,1655,regional,173,15.579413792619215
Madrid,working,Full,network,41,Morning,1750,262,1655,regional,174,15.777017645513652
Madrid,working,Full,network,41,Morning,1750,262,1655,regional,175,15.975444770217864
Madrid,working,Full,network,41,Morning,1750,262,1655,regional,176,16.17457920112071
Madrid,working,Full,network,41,Morning,1750,262,1655,regional,177,16.37422861594414
Madrid,working,Full,network,41,Morning,1750,262,1655,regional,178,16.57538965833673
Madrid,working,Full,network,41,Morning,1750,262,1655,regional,179,16.777830576761364
Madrid,working,Full,network,41,Morning,1750,262,1655,regional,180,16.981126026923295
Madrid,working,Full,network,41,Morning,1750,262,1655,regional,181,17.18466245386825
Madrid,working,Full,network,41,Morning,1750,262,1655,regional,182,17.38895607394539
Madrid,working,Full,network,41,Morning,1750,262,1655,regional,183,17.594669412648383
Madrid,working,Full,network,41,Morning,1750,262,1655,regional,184,17.800536220419765
Madrid,working,Full,network,41,Morning,1750,262,1655,regional,185,18.009215904809924
Madrid,working,Full,network,41,Morning,1750,262,1655,regional,186,18.218282849760293
Madrid,working,Full,network,41,Morning,1750,262,1655,regional,187,18.427854059884826
Madrid,working,Full,network,41,Morning,1750,262,1655,regional,188,18.63827490057053
Madrid,working,Full,network,41,Morning,1750,262,1655,regional,189,18.849255344165165
Madrid,working,Full,network,41,Morning,1750,262,1655,regional,190,19.06712301304434
Madrid,working,Full,network,41,Morning,1750,262,1655,regional,191,19.285491695853814
Madrid,working,Full,network,41,Morning,1750,262,1655,regional,192,19.504510355793148
Madrid,working,Full,network,41,Morning,1750,262,1655,regional,193,19.729143672884863
Madrid,working,Full,network,41,Morning,1750,262,1655,regional,194,19.9539528657805
Madrid,working,Full,network,41,Morning,1750,262,1655,regional,195,20.179783325529186
Madrid,working,Full,network,41,Morning,1750,262,1655,regional,196,20.406752794510876
Madrid,working,Full,network,41,Morning,1750,262,1655,regional,197,20.635445160608118
Madrid,working,Full,network,41,Morning,1750,262,1655,regional,198,20.8681954912583
Madrid,working,Full,network,41,Morning,1750,262,1655,regional,199,21.108701013036107
Madrid,working,Full,network,41,Morning,1750,262,1655,regional,200,21.3536089409609
Madrid,working,Full,network,41,Morning,1750,262,1655,regional,201,21.602973701658144
Madrid,working,Full,network,41,Morning,1750,262,1655,regional,202,21.85361010246671
Madrid,working,Full,network,41,Morning,1750,262,1655,regional,203,22.10759336815941
Madrid,working,Full,network,41,Morning,1750,262,1655,regional,204,22.370735421621667
Madrid,working,Full,network,41,Morning,1750,262,1655,regional,205,22.635980643008185
Madrid,working,Full,network,41,Morning,1750,262,1655,regional,206,22.903413198947177
Madrid,working,Full,network,41,Morning,1750,262,1655,regional,207,23.17154617597347
Madrid,working,Full,network,41,Morning,1750,262,1655,regional,208,23.44044154431703
Madrid,working,Full,network,41,Morning,1750,262,1655,regional,209,23.714640069787844
Madrid,working,Full,network,41,Morning,1750,262,1655,regional,210,23.99015732872825
Madrid,working,Full,network,41,Morning,1750,262,1655,regional,211,24.26792128067492
Madrid,working,Full,network,41,Morning,1750,262,1655,regional,212,24.548216361901638
Madrid,working,Full,network,41,Morning,1750,262,1655,regional,213,24.82980633872321
Madrid,working,Full,network,41,Morning,1750,262,1655,regional,214,25.114818442073542
Madrid,working,Full,network,41,Morning,1750,262,1655,regional,215,25.40016606829371
Madrid,working,Full,network,41,Morning,1750,262,1655,regional,216,25.686059425730885
Madrid,working,Full,network,41,Morning,1750,262,1655,regional,217,25.974236511393265
Madrid,working,Full,network,41,Morning,1750,262,1655,regional,218,26.270173705213967
Madrid,working,Full,network,41,Morning,1750,262,1655,regional,219,26.57542496646453
Madrid,working,Full,network,41,Morning,1750,262,1655,regional,220,26.880964473313632
Madrid,working,Full,network,41,Morning,1750,262,1655,regional,221,27.189782977973778
Madrid,working,Full,network,41,Morning,1750,262,1655,regional,222,27.499524756616594
Madrid,working,Full,network,41,Morning,1750,262,1655,regional,223,27.81416220773674
Madrid,working,Full,network,41,Morning,1750,262,1655,regional,224,28.138871971105413
Madrid,working,Full,network,41,Morning,1750,262,1655,regional,225,28.466325768435222
Madrid,working,Full,network,41,Morning,1750,262,1655,regional,226,28.795321391005515
Madrid,working,Full,network,41,Morning,1750,262,1655,regional,227,29.131806587804423
Madrid,working,Full,network,41,Morning,1750,262,1655,regional,228,29.47022251505144
Madrid,working,Full,network,41,Morning,1750,262,1655,regional,229,29.81816504446941
Madrid,working,Full,network,41,Morning,1750,262,1655,regional,230,30.169083954460486
Madrid,working,Full,network,41,Morning,1750,262,1655,regional,231,30.53030361146115
Madrid,working,Full,network,41,Morning,1750,262,1655,regional,232,30.90017065332971
Madrid,working,Full,network,41,Morning,1750,262,1655,regional,233,31.27184561297488
Madrid,working,Full,network,41,Morning,1750,262,1655,regional,234,31.645065203062487
Madrid,working,Full,network,41,Morning,1750,262,1655,regional,235,32.02291022553575
Madrid,working,Full,network,41,Morning,1750,262,1655,regional,236,32.403167555741376
Madrid,working,Full,network,41,Morning,1750,262,1655,regional,237,32.78811126435739
Madrid,working,Full,network,41,Morning,1750,262,1655,regional,238,33.173961792026155
Madrid,working,Full,network,41,Morning,1750,262,1655,regional,239,33.574196327752645
Madrid,working,Full,network,41,Morning,1750,262,1655,regional,240,33.985379109020755
Madrid,working,Full,network,41,Morning,1750,262,1655,regional,241,34.39890047215595
Madrid,working,Full,network,41,Morning,1750,262,1655,regional,242,34.824317184234424
Madrid,working,Full,network,41,Morning,1750,262,1655,regional,243,35.25551699876064
Madrid,working,Full,network,41,Morning,1750,262,1655,regional,244,35.709079177174104
Madrid,working,Full,network,41,Morning,1750,262,1655,regional,245,36.166773428629405
Madrid,working,Full,network,41,Morning,1750,262,1655,regional,246,36.65053397808679
Madrid,working,Full,network,41,Morning,1750,262,1655,regional,247,37.141260163190964
Madrid,working,Full,network,41,Morning,1750,262,1655,regional,248,37.636123825631465
Madrid,working,Full,network,41,Morning,1750,262,1655,regional,249,38.140857675690164
Madrid,working,Full,network,41,Morning,1750,262,1655,regional,250,38.64863847289991
Madrid,working,Full,network,41,Morning,1750,262,1655,regional,251,39.17121267487843
Madrid,working,Full,network,41,Morning,1750,262,1655,regional,252,39.70968720755056
Madrid,working,Full,network,41,Morning,1750,262,1655,regional,253,40.25314266166689
Madrid,working,Full,network,41,Morning,1750,262,1655,regional,254,40.80317669592223
Madrid,working,Full,network,41,Morning,1750,262,1655,regional,255,41.37162627744762
Madrid,working,Full,network,41,Morning,1750,262,1655,regional,256,41.94265072889826
Madrid,working,Full,network,41,Morning,1750,262,1655,regional,257,42.53271454999285
Madrid,working,Full,network,41,Morning,1750,262,1655,regional,258,43.16156312389808
Madrid,working,Full,network,41,Morning,1750,262,1655,regional,259,43.814618830773114
Madrid,working,Full,network,41,Morning,1750,262,1655,regional,260,44.490015571853654
Madrid,working,Full,network,41,Morning,1750,262,1655,regional,261,45.27379590923096
Madrid,working,Full,network,41,Morning,1750,262,1655,regional,262,46.099532206235196
Madrid,working,Full,network,41,Morning,1750,262,1655,uniform_area,0,0.0
Madrid,working,Full,network,41,Morning,1750,262,1655,uniform_area,1,0.0007446789930258497
Madrid,working,Full,network,41,Morning,1750,262,1655,uniform_area,2,0.0018339346912899961
Madrid,working,Full,network,41,Morning,1750,262,1655,uniform_area,3,0.005272112883214538
Madrid,working,Full,network,41,Morning,1750,262,1655,uniform_area,4,0.009791602841678444
Madrid,working,Full,network,41,Morning,1750,262,1655,uniform_area,5,0.014923031866579117
Madrid,working,Full,network,41,Morning,1750,262,1655,uniform_area,6,0.020675504699553746
Madrid,working,Full,network,41,Morning,1750,262,1655,uniform_area,7,0.027993695800666036
Madrid,working,Full,network,41,Morning,1750,262,1655,uniform_area,8,0.03654683002180572
Madrid,working,Full,network,41,Morning,1750,262,1655,uniform_area,9,0.04601856617702768
Madrid,working,Full,network,41,Morning,1750,262,1655,uniform_area,10,0.057088973945305765
Madrid,working,Full,network,41,Morning,1750,262,1655,uniform_area,11,0.06835124730921029
Madrid,working,Full,network,41,Morning,1750,262,1655,uniform_area,12,0.07980971960891116
Madrid,working,Full,network,41,Morning,1750,262,1655,uniform_area,13,0.09193129800526739
Madrid,working,Full,network,41,Morning,1750,262,1655,uniform_area,14,0.10468884265748231
Madrid,working,Full,network,41,Morning,1750,262,1655,uniform_area,15,0.1195914820878494
Madrid,working,Full,network,41,Morning,1750,262,1655,uniform_area,16,0.13722572889844875
Madrid,working,Full,network,41,Morning,1750,262,1655,uniform_area,17,0.15593501805155408
Madrid,working,Full,network,41,Morning,1750,262,1655,uniform_area,18,0.17479817912418372
Madrid,working,Full,network,41,Morning,1750,262,1655,uniform_area,19,0.1939682457315087
Madrid,working,Full,network,41,Morning,1750,262,1655,uniform_area,20,0.21386520415228227
Madrid,working,Full,network,41,Morning,1750,262,1655,uniform_area,21,0.23490841876528748
Madrid,working,Full,network,41,Morning,1750,262,1655,uniform_area,22,0.25656797616884863
Madrid,working,Full,network,41,Morning,1750,262,1655,uniform_area,23,0.28021033661977446
Madrid,working,Full,network,41,Morning,1750,262,1655,uniform_area,24,0.30466057139575015
Madrid,working,Full,network,41,Morning,1750,262,1655,uniform_area,25,0.3295938228529499
Madrid,working,Full,network,41,Morning,1750,262,1655,uniform_area,26,0.35770411544362546
Madrid,working,Full,network,41,Morning,1750,262,1655,uniform_area,27,0.3890247229172417
Madrid,working,Full,network,41,Morning,1750,262,1655,uniform_area,28,0.42222189149283146
Madrid,working,Full,network,41,Morning,1750,262,1655,uniform_area,29,0.4555547760805146
Madrid,working,Full,network,41,Morning,1750,262,1655,uniform_area,30,0.4900859074879059
Madrid,working,Full,network,41,Morning,1750,262,1655,uniform_area,31,0.5250761428923315
Madrid,working,Full,network,41,Morning,1750,262,1655,uniform_area,32,0.5605024593887802
Madrid,working,Full,network,41,Morning,1750,262,1655,uniform_area,33,0.5960477195072258
Madrid,working,Full,network,41,Morning,1750,262,1655,uniform_area,34,0.6320464833714445
Madrid,working,Full,network,41,Morning,1750,262,1655,uniform_area,35,0.6685174804655318
Madrid,working,Full,network,41,Morning,1750,262,1655,uniform_area,36,0.7067071758670855
Madrid,working,Full,network,41,Morning,1750,262,1655,uniform_area,37,0.7458339726258465
Madrid,working,Full,network,41,Morning,1750,262,1655,uniform_area,38,0.7858164134011829
Madrid,working,Full,network,41,Morning,1750,262,1655,uniform_area,39,0.8261933719706472
Madrid,working,Full,network,41,Morning,1750,262,1655,uniform_area,40,0.8670206176343468
Madrid,working,Full,network,41,Morning,1750,262,1655,uniform_area,41,0.9083688810089184
Madrid,working,Full,network,41,Morning,1750,262,1655,uniform_area,42,0.9505134578822201
Madrid,working,Full,network,41,Morning,1750,262,1655,uniform_area,43,0.9939760635015792
Madrid,working,Full,network,41,Morning,1750,262,1655,uniform_area,44,1.0376689212821755
Madrid,working,Full,network,41,Morning,1750,262,1655,uniform_area,45,1.081886851729539
Madrid,working,Full,network,41,Morning,1750,262,1655,uniform_area,46,1.127005291233955
Madrid,working,Full,network,41,Morning,1750,262,1655,uniform_area,47,1.172272188346323
Madrid,working,Full,network,41,Morning,1750,262,1655,uniform_area,48,1.218399122694318
Madrid,working,Full,network,41,Morning,1750,262,1655,uniform_area,49,1.2664239360769083
Madrid,working,Full,network,41,Morning,1750,262,1655,uniform_area,50,1.3159756588583293
Madrid,working,Full,network,41,Morning,1750,262,1655,uniform_area,51,1.3664108126092556
Madrid,working,Full,network,41,Morning,1750,262,1655,uniform_area,52,1.4196824258654284
Madrid,working,Full,network,41,Morning,1750,262,1655,uniform_area,53,1.4735508235782708
Madrid,working,Full,network,41,Morning,1750,262,1655,uniform_area,54,1.5293646231481597
Madrid,working,Full,network,41,Morning,1750,262,1655,uniform_area,55,1.5874687815637591
Madrid,working,Full,network,41,Morning,1750,262,1655,uniform_area,56,1.6471176911841139
Madrid,working,Full,network,41,Morning,1750,262,1655,uniform_area,57,1.7070743992698665
Madrid,working,Full,network,41,Morning,1750,262,1655,uniform_area,58,1.768902134388257
Madrid,working,Full,network,41,Morning,1750,262,1655,uniform_area,59,1.831785023656162
Madrid,working,Full,network,41,Morning,1750,262,1655,uniform_area,60,1.8961174577563977
Madrid,working,Full,network,41,Morning,1750,262,1655,uniform_area,61,1.960867409444622
Madrid,working,Full,network,41,Morning,1750,262,1655,uniform_area,62,2.0262333635592307
Madrid,working,Full,network,41,Morning,1750,262,1655,uniform_area,63,2.0920645807917
Madrid,working,Full,network,41,Morning,1750,262,1655,uniform_area,64,2.1595472491952434
Madrid,working,Full,network,41,Morning,1750,262,1655,uniform_area,65,2.228668863538008
Madrid,working,Full,network,41,Morning,1750,262,1655,uniform_area,66,2.297906691235831
Madrid,working,Full,network,41,Morning,1750,262,1655,uniform_area,67,2.3672848351146216
Madrid,working,Full,network,41,Morning,1750,262,1655,uniform_area,68,2.438159018202123
Madrid,working,Full,network,41,Morning,1750,262,1655,uniform_area,69,2.509392214058045
Madrid,working,Full,network,41,Morning,1750,262,1655,uniform_area,70,2.5812077709135357
Madrid,working,Full,network,41,Morning,1750,262,1655,uniform_area,71,2.6534547897830567
Madrid,working,Full,network,41,Morning,1750,262,1655,uniform_area,72,2.725876310422832
Madrid,working,Full,network,41,Morning,1750,262,1655,uniform_area,73,2.799113320510779
Madrid,working,Full,network,41,Morning,1750,262,1655,uniform_area,74,2.872756461744511
Madrid,working,Full,network,41,Morning,1750,262,1655,uniform_area,75,2.947100682791374
Madrid,working,Full,network,41,Morning,1750,262,1655,uniform_area,76,3.0223257663188385
Madrid,working,Full,network,41,Morning,1750,262,1655,uniform_area,77,3.0982743411695415
Madrid,working,Full,network,41,Morning,1750,262,1655,uniform_area,78,3.174453838404762
Madrid,working,Full,network,41,Morning,1750,262,1655,uniform_area,79,3.251291074697868
Madrid,working,Full,network,41,Morning,1750,262,1655,uniform_area,80,3.330251323067618
Madrid,working,Full,network,41,Morning,1750,262,1655,uniform_area,81,3.41037492147475
Madrid,working,Full,network,41,Morning,1750,262,1655,uniform_area,82,3.4917892501606285
Madrid,working,Full,network,41,Morning,1750,262,1655,uniform_area,83,3.573846315618099
Madrid,working,Full,network,41,Morning,1750,262,1655,uniform_area,84,3.6566798893713366
Madrid,working,Full,network,41,Morning,1750,262,1655,uniform_area,85,3.740256459205855
Madrid,working,Full,network,41,Morning,1750,262,1655,uniform_area,86,3.8252790809379
Madrid,working,Full,network,41,Morning,1750,262,1655,uniform_area,87,3.911707998141113
Madrid,working,Full,network,41,Morning,1750,262,1655,uniform_area,88,4.000774375262895
Madrid,working,Full,network,41,Morning,1750,262,1655,uniform_area,89,4.090760252501996
Madrid,working,Full,network,41,Morning,1750,262,1655,uniform_area,90,4.181146202614699
Madrid,working,Full,network,41,Morning,1750,262,1655,uniform_area,91,4.273797599857042
Madrid,working,Full,network,41,Morning,1750,262,1655,uniform_area,92,4.366965473469761
Madrid,working,Full,network,41,Morning,1750,262,1655,uniform_area,93,4.461515380050725
Madrid,working,Full,network,41,Morning,1750,262,1655,uniform_area,94,4.556577536813578
Madrid,working,Full,network,41,Morning,1750,262,1655,uniform_area,95,4.652827201066068
Madrid,working,Full,network,41,Morning,1750,262,1655,uniform_area,96,4.749866665675696
Madrid,working,Full,network,41,Morning,1750,262,1655,uniform_area,97,4.847828797680364
Madrid,working,Full,network,41,Morning,1750,262,1655,uniform_area,98,4.946262734308167
Madrid,working,Full,network,41,Morning,1750,262,1655,uniform_area,99,5.044840568294302
Madrid,working,Full,network,41,Morning,1750,262,1655,uniform_area,100,5.144042202618114
Madrid,working,Full,network,41,Morning,1750,262,1655,uniform_area,101,5.244427232748305
Madrid,working,Full,network,41,Morning,1750,262,1655,uniform_area,102,5.346201735535247
Madrid,working,Full,network,41,Morning,1750,262,1655,uniform_area,103,5.4491727160886025
Madrid,working,Full,network,41,Morning,1750,262,1655,uniform_area,104,5.5526731079014295
Madrid,working,Full,network,41,Morning,1750,262,1655,uniform_area,105,5.65651710785231
Madrid,working,Full,network,41,Morning,1750,262,1655,uniform_area,106,5.762103217703143
Madrid,working,Full,network,41,Morning,1750,262,1655,uniform_area,107,5.868324541647035
Madrid,working,Full,network,41,Morning,1750,262,1655,uniform_area,108,5.9750444801957485
Madrid,working,Full,network,41,Morning,1750,262,1655,uniform_area,109,6.084105491851998
Madrid,working,Full,network,41,Morning,1750,262,1655,uniform_area,110,6.193692582560443
Madrid,working,Full,network,41,Morning,1750,262,1655,uniform_area,111,6.30466409403888
Madrid,working,Full,network,41,Morning,1750,262,1655,uniform_area,112,6.416055455230195
Madrid,working,Full,network,41,Morning,1750,262,1655,uniform_area,113,6.529117376309604
Madrid,working,Full,network,41,Morning,1750,262,1655,uniform_area,114,6.642672012348161
Madrid,working,Full,network,41,Morning,1750,262,1655,uniform_area,115,6.757226713964472
Madrid,working,Full,network,41,Morning,1750,262,1655,uniform_area,116,6.872950081182107
Madrid,working,Full,network,41,Morning,1750,262,1655,uniform_area,117,6.988874878858942
Madrid,working,Full,network,41,Morning,1750,262,1655,uniform_area,118,7.1055149644521345
Madrid,working,Full,network,41,Morning,1750,262,1655,uniform_area,119,7.22414566150905
Madrid,working,Full,network,41,Morning,1750,262,1655,uniform_area,120,7.343177548128195
Madrid,working,Full,network,41,Morning,1750,262,1655,uniform_area,121,7.462442963438999
Madrid,working,Full,network,41,Morning,1750,262,1655,uniform_area,122,7.582794108947554
Madrid,working,Full,network,41,Morning,1750,262,1655,uniform_area,123,7.70399399034057
Madrid,working,Full,network,41,Morning,1750,262,1655,uniform_area,124,7.827799145177141
Madrid,working,Full,network,41,Morning,1750,262,1655,uniform_area,125,7.9521613942259375
Madrid,working,Full,network,41,Morning,1750,262,1655,uniform_area,126,8.076987364248753
Madrid,working,Full,network,41,Morning,1750,262,1655,uniform_area,127,8.202424026386545
Madrid,working,Full,network,41,Morning,1750,262,1655,uniform_area,128,8.328584822757671
Madrid,working,Full,network,41,Morning,1750,262,1655,uniform_area,129,8.45639704193619
Madrid,working,Full,network,41,Morning,1750,262,1655,uniform_area,130,8.5846274667846
Madrid,working,Full,network,41,Morning,1750,262,1655,uniform_area,131,8.714141783113082
Madrid,working,Full,network,41,Morning,1750,262,1655,uniform_area,132,8.844458631940004
Madrid,working,Full,network,41,Morning,1750,262,1655,uniform_area,133,8.976085845016042
Madrid,working,Full,network,41,Morning,1750,262,1655,uniform_area,134,9.10872325475653
Madrid,working,Full,network,41,Morning,1750,262,1655,uniform_area,135,9.242659153818304
Madrid,working,Full,network,41,Morning,1750,262,1655,uniform_area,136,9.377077469721971
Madrid,working,Full,network,41,Morning,1750,262,1655,uniform_area,137,9.51350463073429
Madrid,working,Full,network,41,Morning,1750,262,1655,uniform_area,138,9.649987529531519
Madrid,working,Full,network,41,Morning,1750,262,1655,uniform_area,139,9.788157886667731
Madrid,working,Full,network,41,Morning,1750,262,1655,uniform_area,140,9.928017422872921
Madrid,working,Full,network,41,Morning,1750,262,1655,uniform_area,141,10.070039448146337
Madrid,working,Full,network,41,Morning,1750,262,1655,uniform_area,142,10.21465698660547
Madrid,working,Full,network,41,Morning,1750,262,1655,uniform_area,143,10.359580807648822
Madrid,working,Full,network,41,Morning,1750,262,1655,uniform_area,144,10.505473655998742
Madrid,working,Full,network,41,Morning,1750,262,1655,uniform_area,145,10.65438462062535
Madrid,working,Full,network,41,Morning,1750,262,1655,uniform_area,146,10.805595848274914
Madrid,working,Full,network,41,Morning,1750,262,1655,uniform_area,147,10.958987114757754
Madrid,working,Full,network,41,Morning,1750,262,1655,uniform_area,148,11.115822099804904
Madrid,working,Full,network,41,Morning,1750,262,1655,uniform_area,149,11.273054312953482
Madrid,working,Full,network,41,Morning,1750,262,1655,uniform_area,150,11.431044838571143
Madrid,working,Full,network,41,Morning,1750,262,1655,uniform_area,151,11.590160794085552
Madrid,working,Full,network,41,Morning,1750,262,1655,uniform_area,152,11.75222115287147
Madrid,working,Full,network,41,Morning,1750,262,1655,uniform_area,153,11.914950020510041
Madrid,working,Full,network,41,Morning,1750,262,1655,uniform_area,154,12.078814558384748
Madrid,working,Full,network,41,Morning,1750,262,1655,uniform_area,155,12.244790802782903
Madrid,working,Full,network,41,Morning,1750,262,1655,uniform_area,156,12.413443617464365
Madrid,working,Full,network,41,Morning,1750,262,1655,uniform_area,157,12.583340811967613
Madrid,working,Full,network,41,Morning,1750,262,1655,uniform_area,158,12.753462044884918
Madrid,working,Full,network,41,Morning,1750,262,1655,uniform_area,159,12.927778383895387
Madrid,working,Full,network,41,Morning,1750,262,1655,uniform_area,160,13.103435992011814
Madrid,working,Full,network,41,Morning,1750,262,1655,uniform_area,161,13.281354531129542
Madrid,working,Full,network,41,Morning,1750,262,1655,uniform_area,162,13.463137167979832
Madrid,working,Full,network,41,Morning,1750,262,1655,uniform_area,163,13.649606027011231
Madrid,working,Full,network,41,Morning,1750,262,1655,uniform_area,164,13.836863037104242
Madrid,working,Full,network,41,Morning,1750,262,1655,uniform_area,165,14.024477883398157
Madrid,working,Full,network,41,Morning,1750,262,1655,uniform_area,166,14.212605652198253
Madrid,working,Full,network,41,Morning,1750,262,1655,uniform_area,167,14.402712039877494
Madrid,working,Full,network,41,Morning,1750,262,1655,uniform_area,168,14.593104509947471
Madrid,working,Full,network,41,Morning,1750,262,1655,uniform_area,169,14.785774873550563
Madrid,working,Full,network,41,Morning,1750,262,1655,uniform_area,170,14.978813615189376
Madrid,working,Full,network,41,Morning,1750,262,1655,uniform_area,171,15.172434996212035
Madrid,working,Full,network,41,Morning,1750,262,1655,uniform_area,172,15.36692293391495
Madrid,working,Full,network,41,Morning,1750,262,1655,uniform_area,173,15.562023997756883
Madrid,working,Full,network,41,Morning,1750,262,1655,uniform_area,174,15.757986655685386
Madrid,working,Full,network,41,Morning,1750,262,1655,uniform_area,175,15.95427074555534
Madrid,working,Full,network,41,Morning,1750,262,1655,uniform_area,176,16.151018124641052
Madrid,working,Full,network,41,Morning,1750,262,1655,uniform_area,177,16.349645201641763
Madrid,working,Full,network,41,Morning,1750,262,1655,uniform_area,178,16.54881326963739
Madrid,working,Full,network,41,Morning,1750,262,1655,uniform_area,179,16.74860110612594
Madrid,working,Full,network,41,Morning,1750,262,1655,uniform_area,180,16.949519923388685
Madrid,working,Full,network,41,Morning,1750,262,1655,uniform_area,181,17.151064416143583
Madrid,working,Full,network,41,Morning,1750,262,1655,uniform_area,182,17.35397841352372
Madrid,working,Full,network,41,Morning,1750,262,1655,uniform_area,183,17.55761892873692
Madrid,working,Full,network,41,Morning,1750,262,1655,uniform_area,184,17.763404153192315
Madrid,working,Full,network,41,Morning,1750,262,1655,uniform_area,185,17.972179854042402
Madrid,working,Full,network,41,Morning,1750,262,1655,uniform_area,186,18.182158322042557
Madrid,working,Full,network,41,Morning,1750,262,1655,uniform_area,187,18.393173279839562
Madrid,working,Full,network,41,Morning,1750,262,1655,uniform_area,188,18.60716447861486
Madrid,working,Full,network,41,Morning,1750,262,1655,uniform_area,189,18.824459449551853
Madrid,working,Full,network,41,Morning,1750,262,1655,uniform_area,190,19.043604606518915
Madrid,working,Full,network,41,Morning,1750,262,1655,uniform_area,191,19.265803187293102
Madrid,working,Full,network,41,Morning,1750,262,1655,uniform_area,192,19.488453312618066
Madrid,working,Full,network,41,Morning,1750,262,1655,uniform_area,193,19.711335837339966
Madrid,working,Full,network,41,Morning,1750,262,1655,uniform_area,194,19.935762714074087
Madrid,working,Full,network,41,Morning,1750,262,1655,uniform_area,195,20.161680556069513
Madrid,working,Full,network,41,Morning,1750,262,1655,uniform_area,196,20.387761507089955
Madrid,working,Full,network,41,Morning,1750,262,1655,uniform_area,197,20.613900585798053
Madrid,working,Full,network,41,Morning,1750,262,1655,uniform_area,198,20.845856849602832
Madrid,working,Full,network,41,Morning,1750,262,1655,uniform_area,199,21.084480715199494
Madrid,working,Full,network,41,Morning,1750,262,1655,uniform_area,200,21.32666159860992
Madrid,working,Full,network,41,Morning,1750,262,1655,uniform_area,201,21.570829212912294
Madrid,working,Full,network,41,Morning,1750,262,1655,uniform_area,202,21.818154734418957
Madrid,working,Full,network,41,Morning,1750,262,1655,uniform_area,203,22.068929353084265
Madrid,working,Full,network,41,Morning,1750,262,1655,uniform_area,204,22.326642272311965
Madrid,working,Full,network,41,Morning,1750,262,1655,uniform_area,205,22.590674838196733
Madrid,working,Full,network,41,Morning,1750,262,1655,uniform_area,206,22.855855927267207
Madrid,working,Full,network,41,Morning,1750,262,1655,uniform_area,207,23.122659318048626
Madrid,working,Full,network,41,Morning,1750,262,1655,uniform_area,208,23.391098591491694
Madrid,working,Full,network,41,Morning,1750,262,1655,uniform_area,209,23.664664759972716
Madrid,working,Full,network,41,Morning,1750,262,1655,uniform_area,210,23.94145392715467
Madrid,working,Full,network,41,Morning,1750,262,1655,uniform_area,211,24.21909154868529
Madrid,working,Full,network,41,Morning,1750,262,1655,uniform_area,212,24.4971470932995
Madrid,working,Full,network,41,Morning,1750,262,1655,uniform_area,213,24.783469352531448
Madrid,working,Full,network,41,Morning,1750,262,1655,uniform_area,214,25.070948902478097
Madrid,working,Full,network,41,Morning,1750,262,1655,uniform_area,215,25.35928257845912
Madrid,working,Full,network,41,Morning,1750,262,1655,uniform_area,216,25.648089719914378
Madrid,working,Full,network,41,Morning,1750,262,1655,uniform_area,217,25.945895307485245
Madrid,working,Full,network,41,Morning,1750,262,1655,uniform_area,218,26.244205865226522
Madrid,working,Full,network,41,Morning,1750,262,1655,uniform_area,219,26.54696727596949
Madrid,working,Full,network,41,Morning,1750,262,1655,uniform_area,220,26.851871086940907
Madrid,working,Full,network,41,Morning,1750,262,1655,uniform_area,221,27.162763089743436
Madrid,working,Full,network,41,Morning,1750,262,1655,uniform_area,222,27.473847960325
Madrid,working,Full,network,41,Morning,1750,262,1655,uniform_area,223,27.78767787846961
Madrid,working,Full,network,41,Morning,1750,262,1655,uniform_area,224,28.10956567049846
Madrid,working,Full,network,41,Morning,1750,262,1655,uniform_area,225,28.435030797140787
Madrid,working,Full,network,41,Morning,1750,262,1655,uniform_area,226,28.760748529676594
Madrid,working,Full,network,41,Morning,1750,262,1655,uniform_area,227,29.095717012726055
Madrid,working,Full,network,41,Morning,1750,262,1655,uniform_area,228,29.43533118100378
Madrid,working,Full,network,41,Morning,1750,262,1655,uniform_area,229,29.779768020728376
Madrid,working,Full,network,41,Morning,1750,262,1655,uniform_area,230,30.12771193612734
Madrid,working,Full,network,41,Morning,1750,262,1655,uniform_area,231,30.48590430923016
Madrid,working,Full,network,41,Morning,1750,262,1655,uniform_area,232,30.85091815394336
Madrid,working,Full,network,41,Morning,1750,262,1655,uniform_area,233,31.220495147673805
Madrid,working,Full,network,41,Morning,1750,262,1655,uniform_area,234,31.59107124786939
Madrid,working,Full,network,41,Morning,1750,262,1655,uniform_area,235,31.96593867952206
Madrid,working,Full,network,41,Morning,1750,262,1655,uniform_area,236,32.34320332231024
Madrid,working,Full,network,41,Morning,1750,262,1655,uniform_area,237,32.72441500873962
Madrid,working,Full,network,41,Morning,1750,262,1655,uniform_area,238,33.11301912873068
Madrid,working,Full,network,41,Morning,1750,262,1655,uniform_area,239,33.510930092091556
Madrid,working,Full,network,41,Morning,1750,262,1655,uniform_area,240,33.920173621371674
Madrid,working,Full,network,41,Morning,1750,262,1655,uniform_area,241,34.32959111561311
Madrid,working,Full,network,41,Morning,1750,262,1655,uniform_area,242,34.75108485888647
Madrid,working,Full,network,41,Morning,1750,262,1655,uniform_area,243,35.17856081240575
Madrid,working,Full,network,41,Morning,1750,262,1655,uniform_area,244,35.631188042695904
Madrid,working,Full,network,41,Morning,1750,262,1655,uniform_area,245,36.08389604539631
Madrid,working,Full,network,41,Morning,1750,262,1655,uniform_area,246,36.563424426652354
Madrid,working,Full,network,41,Morning,1750,262,1655,uniform_area,247,37.05044989609983
Madrid,working,Full,network,41,Morning,1750,262,1655,uniform_area,248,37.54187667770316
Madrid,working,Full,network,41,Morning,1750,262,1655,uniform_area,249,38.04238377666238
Madrid,working,Full,network,41,Morning,1750,262,1655,uniform_area,250,38.54472487439381
Madrid,working,Full,network,41,Morning,1750,262,1655,uniform_area,251,39.06141138182799
Madrid,working,Full,network,41,Morning,1750,262,1655,uniform_area,252,39.59575786823458
Madrid,working,Full,network,41,Morning,1750,262,1655,uniform_area,253,40.13364129622123
Madrid,working,Full,network,41,Morning,1750,262,1655,uniform_area,254,40.67865998952544
Madrid,working,Full,network,41,Morning,1750,262,1655,uniform_area,255,41.2419129822233
Madrid,working,Full,network,41,Morning,1750,262,1655,uniform_area,256,41.808062157833774
Madrid,working,Full,network,41,Morning,1750,262,1655,uniform_area,257,42.39636943191715
Madrid,working,Full,network,41,Morning,1750,262,1655,uniform_area,258,43.02068346737231
Madrid,working,Full,network,41,Morning,1750,262,1655,uniform_area,259,43.671517987980685
Madrid,working,Full,network,41,Morning,1750,262,1655,uniform_area,260,44.334133231174945
Madrid,working,Full,network,41,Morning,1750,262,1655,uniform_area,261,45.1124662928104
Madrid,working,Full,network,41,Morning,1750,262,1655,uniform_area,262,45.93275056244844
Madrid,working,Full,network,41,Afternoon,1750,262,1656,local,0,0.0
Madrid,working,Full,network,41,Afternoon,1750,262,1656,local,1,0.00047194374952444815
Madrid,working,Full,network,41,Afternoon,1750,262,1656,local,2,0.001641989845033061
Madrid,working,Full,network,41,Afternoon,1750,262,1656,local,3,0.003769752923635278
Madrid,working,Full,network,41,Afternoon,1750,262,1656,local,4,0.005996242407536905
Madrid,working,Full,network,41,Afternoon,1750,262,1656,local,5,0.008780898318626565
Madrid,working,Full,network,41,Afternoon,1750,262,1656,local,6,0.012121316805851807
Madrid,working,Full,network,41,Afternoon,1750,262,1656,local,7,0.017329710116012236
Madrid,working,Full,network,41,Afternoon,1750,262,1656,local,8,0.023214837923551404
Madrid,working,Full,network,41,Afternoon,1750,262,1656,local,9,0.0297103390031061
Madrid,working,Full,network,41,Afternoon,1750,262,1656,local,10,0.036564692406188634
Madrid,working,Full,network,41,Afternoon,1750,262,1656,local,11,0.044442744227134005
Madrid,working,Full,network,41,Afternoon,1750,262,1656,local,12,0.05261909443166097
Madrid,working,Full,network,41,Afternoon,1750,262,1656,local,13,0.06094872237514024
Madrid,working,Full,network,41,Afternoon,1750,262,1656,local,14,0.07052421921255486
Madrid,working,Full,network,41,Afternoon,1750,262,1656,local,15,0.08065895610367724
Madrid,working,Full,network,41,Afternoon,1750,262,1656,local,16,0.09121185392810782
Madrid,working,Full,network,41,Afternoon,1750,262,1656,local,17,0.10224194299529357
Madrid,working,Full,network,41,Afternoon,1750,262,1656,local,18,0.11384450095661985
Madrid,working,Full,network,41,Afternoon,1750,262,1656,local,19,0.12586694135584542
Madrid,working,Full,network,41,Afternoon,1750,262,1656,local,20,0.13866993057509988
Madrid,working,Full,network,41,Afternoon,1750,262,1656,local,21,0.15199013266775735
Madrid,working,Full,network,41,Afternoon,1750,262,1656,local,22,0.16548855165616166
Madrid,working,Full,network,41,Afternoon,1750,262,1656,local,23,0.17942996541458853
Madrid,working,Full,network,41,Afternoon,1750,262,1656,local,24,0.19454183697429359
Madrid,working,Full,network,41,Afternoon,1750,262,1656,local,25,0.21000926784967103
Madrid,working,Full,network,41,Afternoon,1750,262,1656,local,26,0.22621744868235805
Madrid,working,Full,network,41,Afternoon,1750,262,1656,local,27,0.24280641969222094
Madrid,working,Full,network,41,Afternoon,1750,262,1656,local,28,0.25943733873275304
Madrid,working,Full,network,41,Afternoon,1750,262,1656,local,29,0.27681915228842313
Madrid,working,Full,network,41,Afternoon,1750,262,1656,local,30,0.2949586097806421
Madrid,working,Full,network,41,Afternoon,1750,262,1656,local,31,0.3133434388052443
Madrid,working,Full,network,41,Afternoon,1750,262,1656,local,32,0.33221811918460137
Madrid,working,Full,network,41,Afternoon,1750,262,1656,local,33,0.3514644626391131
Madrid,working,Full,network,41,Afternoon,1750,262,1656,local,34,0.37195632392062444
Madrid,working,Full,network,41,Afternoon,1750,262,1656,local,35,0.3929887401969291
Madrid,working,Full,network,41,Afternoon,1750,262,1656,local,36,0.41446976256949397
Madrid,working,Full,network,41,Afternoon,1750,262,1656,local,37,0.4382952405759313
Madrid,working,Full,network,41,Afternoon,1750,262,1656,local,38,0.46270296117999343
Madrid,working,Full,network,41,Afternoon,1750,262,1656,local,39,0.48849563190837475
Madrid,working,Full,network,41,Afternoon,1750,262,1656,local,40,0.5150718131851146
Madrid,working,Full,network,41,Afternoon,1750,262,1656,local,41,0.5417223855454882
Madrid,working,Full,network,41,Afternoon,1750,262,1656,local,42,0.569239497061074
Madrid,working,Full,network,41,Afternoon,1750,262,1656,local,43,0.5970120193467907
Madrid,working,Full,network,41,Afternoon,1750,262,1656,local,44,0.6261996369171242
Madrid,working,Full,network,41,Afternoon,1750,262,1656,local,45,0.6559606099851849
Madrid,working,Full,network,41,Afternoon,1750,262,1656,local,46,0.6863415966233111
Madrid,working,Full,network,41,Afternoon,1750,262,1656,local,47,0.7180441549527382
Madrid,working,Full,network,41,Afternoon,1750,262,1656,local,48,0.7509684415370099
Madrid,working,Full,network,41,Afternoon,1750,262,1656,local,49,0.7842874409748146
Madrid,working,Full,network,41,Afternoon,1750,262,1656,local,50,0.8184089321927247
Madrid,working,Full,network,41,Afternoon,1750,262,1656,local,51,0.8548994537299934
Madrid,working,Full,network,41,Afternoon,1750,262,1656,local,52,0.8916757686466013
Madrid,working,Full,network,41,Afternoon,1750,262,1656,local,53,0.9288479332353109
Madrid,working,Full,network,41,Afternoon,1750,262,1656,local,54,0.9667775738867419
Madrid,working,Full,network,41,Afternoon,1750,262,1656,local,55,1.0059420484408705
Madrid,working,Full,network,41,Afternoon,1750,262,1656,local,56,1.0452459316750895
Madrid,working,Full,network,41,Afternoon,1750,262,1656,local,57,1.085662062621161
Madrid,working,Full,network,41,Afternoon,1750,262,1656,local,58,1.1263293889809265
Madrid,working,Full,network,41,Afternoon,1750,262,1656,local,59,1.1673139304873672
Madrid,working,Full,network,41,Afternoon,1750,262,1656,local,60,1.2086467329470414
Madrid,working,Full,network,41,Afternoon,1750,262,1656,local,61,1.25070571353299
Madrid,working,Full,network,41,Afternoon,1750,262,1656,local,62,1.2934208829026412
Madrid,working,Full,network,41,Afternoon,1750,262,1656,local,63,1.3368227826027839
Madrid,working,Full,network,41,Afternoon,1750,262,1656,local,64,1.381060745018311
Madrid,working,Full,network,41,Afternoon,1750,262,1656,local,65,1.425589477665716
Madrid,working,Full,network,41,Afternoon,1750,262,1656,local,66,1.470708041062983
Madrid,working,Full,network,41,Afternoon,1750,262,1656,local,67,1.5161193968376716
Madrid,working,Full,network,41,Afternoon,1750,262,1656,local,68,1.562219234447709
Madrid,working,Full,network,41,Afternoon,1750,262,1656,local,69,1.6091037800635022
Madrid,working,Full,network,41,Afternoon,1750,262,1656,local,70,1.6574367161520767
Madrid,working,Full,network,41,Afternoon,1750,262,1656,local,71,1.7062160140617388
Madrid,working,Full,network,41,Afternoon,1750,262,1656,local,72,1.7558924501207118
Madrid,working,Full,network,41,Afternoon,1750,262,1656,local,73,1.8056602095407661
Madrid,working,Full,network,41,Afternoon,1750,262,1656,local,74,1.856130493473588
Madrid,working,Full,network,41,Afternoon,1750,262,1656,local,75,1.9077913449600548
Madrid,working,Full,network,41,Afternoon,1750,262,1656,local,76,1.960118416170028
Madrid,working,Full,network,41,Afternoon,1750,262,1656,local,77,2.012954924439934
Madrid,working,Full,network,41,Afternoon,1750,262,1656,local,78,2.06605018946702
Madrid,working,Full,network,41,Afternoon,1750,262,1656,local,79,2.1200904360453885
Madrid,working,Full,network,41,Afternoon,1750,262,1656,local,80,2.1743171795927547
Madrid,working,Full,network,41,Afternoon,1750,262,1656,local,81,2.22894737564544
Madrid,working,Full,network,41,Afternoon,1750,262,1656,local,82,2.28385243795952
Madrid,working,Full,network,41,Afternoon,1750,262,1656,local,83,2.3404571480755134
Madrid,working,Full,network,41,Afternoon,1750,262,1656,local,84,2.397747551278774
Madrid,working,Full,network,41,Afternoon,1750,262,1656,local,85,2.4570040869818364
Madrid,working,Full,network,41,Afternoon,1750,262,1656,local,86,2.517124580540677
Madrid,working,Full,network,41,Afternoon,1750,262,1656,local,87,2.5774538708402557
Madrid,working,Full,network,41,Afternoon,1750,262,1656,local,88,2.638037887648598
Madrid,working,Full,network,41,Afternoon,1750,262,1656,local,89,2.6988187949221363
Madrid,working,Full,network,41,Afternoon,1750,262,1656,local,90,2.759682899314659
Madrid,working,Full,network,41,Afternoon,1750,262,1656,local,91,2.82100566180726
Madrid,working,Full,network,41,Afternoon,1750,262,1656,local,92,2.882702755483724
Madrid,working,Full,network,41,Afternoon,1750,262,1656,local,93,2.944950381477289
Madrid,working,Full,network,41,Afternoon,1750,262,1656,local,94,3.007516654970627
Madrid,working,Full,network,41,Afternoon,1750,262,1656,local,95,3.0705329988284973
Madrid,working,Full,network,41,Afternoon,1750,262,1656,local,96,3.1337675199356227
Madrid,working,Full,network,41,Afternoon,1750,262,1656,local,97,3.19744101258569
Madrid,working,Full,network,41,Afternoon,1750,262,1656,local,98,3.262070737524865
Madrid,working,Full,network,41,Afternoon,1750,262,1656,local,99,3.3272125555049166
Madrid,working,Full,network,41,Afternoon,1750,262,1656,local,100,3.3934540172555323
Madrid,working,Full,network,41,Afternoon,1750,262,1656,local,101,3.4603682151702855
Madrid,working,Full,network,41,Afternoon,1750,262,1656,local,102,3.5285050107092735
Madrid,working,Full,network,41,Afternoon,1750,262,1656,local,103,3.5968590802980382
Madrid,working,Full,network,41,Afternoon,1750,262,1656,local,104,3.6655618123329545
Madrid,working,Full,network,41,Afternoon,1750,262,1656,local,105,3.7345665500182927
Madrid,working,Full,network,41,Afternoon,1750,262,1656,local,106,3.804770571930134
Madrid,working,Full,network,41,Afternoon,1750,262,1656,local,107,3.875578593015046
Madrid,working,Full,network,41,Afternoon,1750,262,1656,local,108,3.947206430075877
Madrid,working,Full,network,41,Afternoon,1750,262,1656,local,109,4.019824572067662
Madrid,working,Full,network,41,Afternoon,1750,262,1656,local,110,4.092891814202634
Madrid,working,Full,network,41,Afternoon,1750,262,1656,local,111,4.166862864758687
Madrid,working,Full,network,41,Afternoon,1750,262,1656,local,112,4.240882738512618
Madrid,working,Full,network,41,Afternoon,1750,262,1656,local,113,4.315822376360699
Madrid,working,Full,network,41,Afternoon,1750,262,1656,local,114,4.39104483500863
Madrid,working,Full,network,41,Afternoon,1750,262,1656,local,115,4.467677835922174
Madrid,working,Full,network,41,Afternoon,1750,262,1656,local,116,4.545314502735938
Madrid,working,Full,network,41,Afternoon,1750,262,1656,local,117,4.623566472439793
Madrid,working,Full,network,41,Afternoon,1750,262,1656,local,118,4.702382142024048
Madrid,working,Full,network,41,Afternoon,1750,262,1656,local,119,4.7813299749051446
Madrid,working,Full,network,41,Afternoon,1750,262,1656,local,120,4.860861897634251
Madrid,working,Full,network,41,Afternoon,1750,262,1656,local,121,4.940847386077959
Madrid,working,Full,network,41,Afternoon,1750,262,1656,local,122,5.021693279580059
Madrid,working,Full,network,41,Afternoon,1750,262,1656,local,123,5.102728962420711
Madrid,working,Full,network,41,Afternoon,1750,262,1656,local,124,5.184342942504933
Madrid,working,Full,network,41,Afternoon,1750,262,1656,local,125,5.266096678506358
Madrid,working,Full,network,41,Afternoon,1750,262,1656,local,126,5.348147751606267
Madrid,working,Full,network,41,Afternoon,1750,262,1656,local,127,5.431749323954595
Madrid,working,Full,network,41,Afternoon,1750,262,1656,local,128,5.517279656769984
Madrid,working,Full,network,41,Afternoon,1750,262,1656,local,129,5.603473262261536
Madrid,working,Full,network,41,Afternoon,1750,262,1656,local,130,5.690400320624565
Madrid,working,Full,network,41,Afternoon,1750,262,1656,local,131,5.77806091739175
Madrid,working,Full,network,41,Afternoon,1750,262,1656,local,132,5.866415562000961
Madrid,working,Full,network,41,Afternoon,1750,262,1656,local,133,5.955739492206253
Madrid,working,Full,network,41,Afternoon,1750,262,1656,local,134,6.046299406537183
Madrid,working,Full,network,41,Afternoon,1750,262,1656,local,135,6.137909817820915
Madrid,working,Full,network,41,Afternoon,1750,262,1656,local,136,6.231920329486103
Madrid,working,Full,network,41,Afternoon,1750,262,1656,local,137,6.32708463859242
Madrid,working,Full,network,41,Afternoon,1750,262,1656,local,138,6.422799196609073
Madrid,working,Full,network,41,Afternoon,1750,262,1656,local,139,6.519949250090817
Madrid,working,Full,network,41,Afternoon,1750,262,1656,local,140,6.617457228441074
Madrid,working,Full,network,41,Afternoon,1750,262,1656,local,141,6.7159991193421025
Madrid,working,Full,network,41,Afternoon,1750,262,1656,local,142,6.814783173662028
Madrid,working,Full,network,41,Afternoon,1750,262,1656,local,143,6.914895637818856
Madrid,working,Full,network,41,Afternoon,1750,262,1656,local,144,7.015838707195985
Madrid,working,Full,network,41,Afternoon,1750,262,1656,local,145,7.118568951745088
Madrid,working,Full,network,41,Afternoon,1750,262,1656,local,146,7.221368730526342
Madrid,working,Full,network,41,Afternoon,1750,262,1656,local,147,7.324429306082824
Madrid,working,Full,network,41,Afternoon,1750,262,1656,local,148,7.428180332002702
Madrid,working,Full,network,41,Afternoon,1750,262,1656,local,149,7.532319353269878
Madrid,working,Full,network,41,Afternoon,1750,262,1656,local,150,7.637335104846255
Madrid,working,Full,network,41,Afternoon,1750,262,1656,local,151,7.742562170632451
Madrid,working,Full,network,41,Afternoon,1750,262,1656,local,152,7.848116848891353
Madrid,working,Full,network,41,Afternoon,1750,262,1656,local,153,7.953824174245321
Madrid,working,Full,network,41,Afternoon,1750,262,1656,local,154,8.059876031583366
Madrid,working,Full,network,41,Afternoon,1750,262,1656,local,155,8.166721717646157
Madrid,working,Full,network,41,Afternoon,1750,262,1656,local,156,8.274622272402555
Madrid,working,Full,network,41,Afternoon,1750,262,1656,local,157,8.382762237574777
Madrid,working,Full,network,41,Afternoon,1750,262,1656,local,158,8.491565124356228
Madrid,working,Full,network,41,Afternoon,1750,262,1656,local,159,8.600665766963267
Madrid,working,Full,network,41,Afternoon,1750,262,1656,local,160,8.711268825414637
Madrid,working,Full,network,41,Afternoon,1750,262,1656,local,161,8.822213766252174
Madrid,working,Full,network,41,Afternoon,1750,262,1656,local,162,8.933840530781048
Madrid,working,Full,network,41,Afternoon,1750,262,1656,local,163,9.046305615066547
Madrid,working,Full,network,41,Afternoon,1750,262,1656,local,164,9.159384189460155
Madrid,working,Full,network,41,Afternoon,1750,262,1656,local,165,9.272931548000868
Madrid,working,Full,network,41,Afternoon,1750,262,1656,local,166,9.388106528174397
Madrid,working,Full,network,41,Afternoon,1750,262,1656,local,167,9.503678358241643
Madrid,working,Full,network,41,Afternoon,1750,262,1656,local,168,9.620618397008512
Madrid,working,Full,network,41,Afternoon,1750,262,1656,local,169,9.738825634219708
Madrid,working,Full,network,41,Afternoon,1750,262,1656,local,170,9.8573196177974
Madrid,working,Full,network,41,Afternoon,1750,262,1656,local,171,9.976849958628346
Madrid,working,Full,network,41,Afternoon,1750,262,1656,local,172,10.096847808275957
Madrid,working,Full,network,41,Afternoon,1750,262,1656,local,173,10.21726811846938
Madrid,working,Full,network,41,Afternoon,1750,262,1656,local,174,10.337991671345454
Madrid,working,Full,network,41,Afternoon,1750,262,1656,local,175,10.460906250200209
Madrid,working,Full,network,41,Afternoon,1750,262,1656,local,176,10.58492604010882
Madrid,working,Full,network,41,Afternoon,1750,262,1656,local,177,10.709402375332859
Madrid,working,Full,network,41,Afternoon,1750,262,1656,local,178,10.834747004408486
Madrid,working,Full,network,41,Afternoon,1750,262,1656,local,179,10.96077453846161
Madrid,working,Full,network,41,Afternoon,1750,262,1656,local,180,11.087815002752231
Madrid,working,Full,network,41,Afternoon,1750,262,1656,local,181,11.215857308671614
Madrid,working,Full,network,41,Afternoon,1750,262,1656,local,182,11.344012065798568
Madrid,working,Full,network,41,Afternoon,1750,262,1656,local,183,11.472588990490017
Madrid,working,Full,network,41,Afternoon,1750,262,1656,local,184,11.601666063010285
Madrid,working,Full,network,41,Afternoon,1750,262,1656,local,185,11.732129110770327
Madrid,working,Full,network,41,Afternoon,1750,262,1656,local,186,11.862924098700915
Madrid,working,Full,network,41,Afternoon,1750,262,1656,local,187,11.994325942851136
Madrid,working,Full,network,41,Afternoon,1750,262,1656,local,188,12.128032504411339
Madrid,working,Full,network,41,Afternoon,1750,262,1656,local,189,12.263346786577245
Madrid,working,Full,network,41,Afternoon,1750,262,1656,local,190,12.398990490806318
Madrid,working,Full,network,41,Afternoon,1750,262,1656,local,191,12.536155055298218
Madrid,working,Full,network,41,Afternoon,1750,262,1656,local,192,12.675051078086213
Madrid,working,Full,network,41,Afternoon,1750,262,1656,local,193,12.815409902963838
Madrid,working,Full,network,41,Afternoon,1750,262,1656,local,194,12.956315220335595
Madrid,working,Full,network,41,Afternoon,1750,262,1656,local,195,13.097534690912044
Madrid,working,Full,network,41,Afternoon,1750,262,1656,local,196,13.240955390748926
Madrid,working,Full,network,41,Afternoon,1750,262,1656,local,197,13.385361840582851
Madrid,working,Full,network,41,Afternoon,1750,262,1656,local,198,13.529942561320167
Madrid,working,Full,network,41,Afternoon,1750,262,1656,local,199,13.67697248904358
Madrid,working,Full,network,41,Afternoon,1750,262,1656,local,200,13.825698350919028
Madrid,working,Full,network,41,Afternoon,1750,262,1656,local,201,13.975441586262777
Madrid,working,Full,network,41,Afternoon,1750,262,1656,local,202,14.125255147973347
Madrid,working,Full,network,41,Afternoon,1750,262,1656,local,203,14.275884781371374
Madrid,working,Full,network,41,Afternoon,1750,262,1656,local,204,14.42808229374606
Madrid,working,Full,network,41,Afternoon,1750,262,1656,local,205,14.580506823873742
Madrid,working,Full,network,41,Afternoon,1750,262,1656,local,206,14.734559621597397
Madrid,working,Full,network,41,Afternoon,1750,262,1656,local,207,14.889966470448618
Madrid,working,Full,network,41,Afternoon,1750,262,1656,local,208,15.046489891518041
Madrid,working,Full,network,41,Afternoon,1750,262,1656,local,209,15.204016573803257
Madrid,working,Full,network,41,Afternoon,1750,262,1656,local,210,15.364470283046282
Madrid,working,Full,network,41,Afternoon,1750,262,1656,local,211,15.526294972502797
Madrid,working,Full,network,41,Afternoon,1750,262,1656,local,212,15.688458907513656
Madrid,working,Full,network,41,Afternoon,1750,262,1656,local,213,15.850974921809396
Madrid,working,Full,network,41,Afternoon,1750,262,1656,local,214,16.015568990658878
Madrid,working,Full,network,41,Afternoon,1750,262,1656,local,215,16.181450853454052
Madrid,working,Full,network,41,Afternoon,1750,262,1656,local,216,16.349299146836763
Madrid,working,Full,network,41,Afternoon,1750,262,1656,local,217,16.517879533504452
Madrid,working,Full,network,41,Afternoon,1750,262,1656,local,218,16.687782525915143
Madrid,working,Full,network,41,Afternoon,1750,262,1656,local,219,16.858133359734474
Madrid,working,Full,network,41,Afternoon,1750,262,1656,local,220,17.02928409382163
Madrid,working,Full,network,41,Afternoon,1750,262,1656,local,221,17.200808134615492
Madrid,working,Full,network,41,Afternoon,1750,262,1656,local,222,17.372762654323985
Madrid,working,Full,network,41,Afternoon,1750,262,1656,local,223,17.545911707365896
Madrid,working,Full,network,41,Afternoon,1750,262,1656,local,224,17.719785562989987
Madrid,working,Full,network,41,Afternoon,1750,262,1656,local,225,17.894980951368858
Madrid,working,Full,network,41,Afternoon,1750,262,1656,local,226,18.074378088195157
Madrid,working,Full,network,41,Afternoon,1750,262,1656,local,227,18.257587691939985
Madrid,working,Full,network,41,Afternoon,1750,262,1656,local,228,18.442178036835724
Madrid,working,Full,network,41,Afternoon,1750,262,1656,local,229,18.627102420005688
Madrid,working,Full,network,41,Afternoon,1750,262,1656,local,230,18.813988304783418
Madrid,working,Full,network,41,Afternoon,1750,262,1656,local,231,19.00167532430796
Madrid,working,Full,network,41,Afternoon,1750,262,1656,local,232,19.190533965261114
Madrid,working,Full,network,41,Afternoon,1750,262,1656,local,233,19.380417959114848
Madrid,working,Full,network,41,Afternoon,1750,262,1656,local,234,19.57340228124673
Madrid,working,Full,network,41,Afternoon,1750,262,1656,local,235,19.766900974524752
Madrid,working,Full,network,41,Afternoon,1750,262,1656,local,236,19.96158857257576
Madrid,working,Full,network,41,Afternoon,1750,262,1656,local,237,20.161488061840206
Madrid,working,Full,network,41,Afternoon,1750,262,1656,local,238,20.362148235919168
Madrid,working,Full,network,41,Afternoon,1750,262,1656,local,239,20.56482405825512
Madrid,working,Full,network,41,Afternoon,1750,262,1656,local,240,20.76886513139218
Madrid,working,Full,network,41,Afternoon,1750,262,1656,local,241,20.974226294079774
Madrid,working,Full,network,41,Afternoon,1750,262,1656,local,242,21.181626563955295
Madrid,working,Full,network,41,Afternoon,1750,262,1656,local,243,21.390546267485277
Madrid,working,Full,network,41,Afternoon,1750,262,1656,local,244,21.60084982517243
Madrid,working,Full,network,41,Afternoon,1750,262,1656,local,245,21.81292832175309
Madrid,working,Full,network,41,Afternoon,1750,262,1656,local,246,22.032968702385677
Madrid,working,Full,network,41,Afternoon,1750,262,1656,local,247,22.25329340638459
Madrid,working,Full,network,41,Afternoon,1750,262,1656,local,248,22.476109793277296
Madrid,working,Full,network,41,Afternoon,1750,262,1656,local,249,22.699963143811576
Madrid,working,Full,network,41,Afternoon,1750,262,1656,local,250,22.924366622616837
Madrid,working,Full,network,41,Afternoon,1750,262,1656,local,251,23.150157179650346
Madrid,working,Full,network,41,Afternoon,1750,262,1656,local,252,23.376279750259314
Madrid,working,Full,network,41,Afternoon,1750,262,1656,local,253,23.60317240214891
Madrid,working,Full,network,41,Afternoon,1750,262,1656,local,254,23.834704103588564
Madrid,working,Full,network,41,Afternoon,1750,262,1656,local,255,24.07379743447546
Madrid,working,Full,network,41,Afternoon,1750,262,1656,local,256,24.31576932274243
Madrid,working,Full,network,41,Afternoon,1750,262,1656,local,257,24.568307497250135
Madrid,working,Full,network,41,Afternoon,1750,262,1656,local,258,24.833644991370182
Madrid,working,Full,network,41,Afternoon,1750,262,1656,local,259,25.130336793717575
Madrid,working,Full,network,41,Afternoon,1750,262,1656,local,260,25.43241288667588
Madrid,working,Full,network,41,Afternoon,1750,262,1656,local,261,25.74293741756489
Madrid,working,Full,network,41,Afternoon,1750,262,1656,local,262,26.065097925434266
Madrid,working,Full,network,41,Afternoon,1750,262,1656,regional,0,0.0
Madrid,working,Full,network,41,Afternoon,1750,262,1656,regional,1,0.0014161725113541921
Madrid,working,Full,network,41,Afternoon,1750,262,1656,regional,2,0.0033138385347461527
Madrid,working,Full,network,41,Afternoon,1750,262,1656,regional,3,0.006055417659886267
Madrid,working,Full,network,41,Afternoon,1750,262,1656,regional,4,0.00933707653012383
Madrid,working,Full,network,41,Afternoon,1750,262,1656,regional,5,0.013943526013608326
Madrid,working,Full,network,41,Afternoon,1750,262,1656,regional,6,0.01944873110135306
Madrid,working,Full,network,41,Afternoon,1750,262,1656,regional,7,0.025319885690986137
Madrid,working,Full,network,41,Afternoon,1750,262,1656,regional,8,0.03218298696638825
Madrid,working,Full,network,41,Afternoon,1750,262,1656,regional,9,0.03971510555420511
Madrid,working,Full,network,41,Afternoon,1750,262,1656,regional,10,0.047689956074703055
Madrid,working,Full,network,41,Afternoon,1750,262,1656,regional,11,0.05632428226290737
Madrid,working,Full,network,41,Afternoon,1750,262,1656,regional,12,0.0655896494575845
Madrid,working,Full,network,41,Afternoon,1750,262,1656,regional,13,0.07505283237073188
Madrid,working,Full,network,41,Afternoon,1750,262,1656,regional,14,0.08499436833862571
Madrid,working,Full,network,41,Afternoon,1750,262,1656,regional,15,0.0954996625268718
Madrid,working,Full,network,41,Afternoon,1750,262,1656,regional,16,0.10684951890834181
Madrid,working,Full,network,41,Afternoon,1750,262,1656,regional,17,0.11842467175959012
Madrid,working,Full,network,41,Afternoon,1750,262,1656,regional,18,0.13055901691810654
Madrid,working,Full,network,41,Afternoon,1750,262,1656,regional,19,0.1427661831403147
Madrid,working,Full,network,41,Afternoon,1750,262,1656,regional,20,0.15593589347711953
Madrid,working,Full,network,41,Afternoon,1750,262,1656,regional,21,0.1697028398817399
Madrid,working,Full,network,41,Afternoon,1750,262,1656,regional,22,0.18401412267154463
Madrid,working,Full,network,41,Afternoon,1750,262,1656,regional,23,0.20019999628274102
Madrid,working,Full,network,41,Afternoon,1750,262,1656,regional,24,0.2167758332350114
Madrid,working,Full,network,41,Afternoon,1750,262,1656,regional,25,0.23364309253307727
Madrid,working,Full,network,41,Afternoon,1750,262,1656,regional,26,0.2508828590660405
Madrid,working,Full,network,41,Afternoon,1750,262,1656,regional,27,0.2683354105123833
Madrid,working,Full,network,41,Afternoon,1750,262,1656,regional,28,0.2866995587560374
Madrid,working,Full,network,41,Afternoon,1750,262,1656,regional,29,0.3057539107851817
Madrid,working,Full,network,41,Afternoon,1750,262,1656,regional,30,0.325184021233885
Madrid,working,Full,network,41,Afternoon,1750,262,1656,regional,31,0.3454196720235016
Madrid,working,Full,network,41,Afternoon,1750,262,1656,regional,32,0.3664710214356431
Madrid,working,Full,network,41,Afternoon,1750,262,1656,regional,33,0.3888251057144691
Madrid,working,Full,network,41,Afternoon,1750,262,1656,regional,34,0.41165027895077744
Madrid,working,Full,network,41,Afternoon,1750,262,1656,regional,35,0.43481410930146736
Madrid,working,Full,network,41,Afternoon,1750,262,1656,regional,36,0.45968041432301077
Madrid,working,Full,network,41,Afternoon,1750,262,1656,regional,37,0.4848720592654685
Madrid,working,Full,network,41,Afternoon,1750,262,1656,regional,38,0.5109852104684499
Madrid,working,Full,network,41,Afternoon,1750,262,1656,regional,39,0.5378222157590811
Madrid,working,Full,network,41,Afternoon,1750,262,1656,regional,40,0.5654622910248293
Madrid,working,Full,network,41,Afternoon,1750,262,1656,regional,41,0.5934996370016781
Madrid,working,Full,network,41,Afternoon,1750,262,1656,regional,42,0.6228861908858571
Madrid,working,Full,network,41,Afternoon,1750,262,1656,regional,43,0.652771346297039
Madrid,working,Full,network,41,Afternoon,1750,262,1656,regional,44,0.6837515203023188
Madrid,working,Full,network,41,Afternoon,1750,262,1656,regional,45,0.7159483462808098
Madrid,working,Full,network,41,Afternoon,1750,262,1656,regional,46,0.7496090466305598
Madrid,working,Full,network,41,Afternoon,1750,262,1656,regional,47,0.7835863222571968
Madrid,working,Full,network,41,Afternoon,1750,262,1656,regional,48,0.818179812877338
Madrid,working,Full,network,41,Afternoon,1750,262,1656,regional,49,0.8532338580821116
Madrid,working,Full,network,41,Afternoon,1750,262,1656,regional,50,0.8893368281133971
Madrid,working,Full,network,41,Afternoon,1750,262,1656,regional,51,0.9254943224650981
Madrid,working,Full,network,41,Afternoon,1750,262,1656,regional,52,0.9622367538738601
Madrid,working,Full,network,41,Afternoon,1750,262,1656,regional,53,0.9999798329759974
Madrid,working,Full,network,41,Afternoon,1750,262,1656,regional,54,1.0390598426110915
Madrid,working,Full,network,41,Afternoon,1750,262,1656,regional,55,1.0797279690897479
Madrid,working,Full,network,41,Afternoon,1750,262,1656,regional,56,1.120486640011232
Madrid,working,Full,network,41,Afternoon,1750,262,1656,regional,57,1.161651843288281
Madrid,working,Full,network,41,Afternoon,1750,262,1656,regional,58,1.2040357699039868
Madrid,working,Full,network,41,Afternoon,1750,262,1656,regional,59,1.247091840289389
Madrid,working,Full,network,41,Afternoon,1750,262,1656,regional,60,1.29085976547922
Madrid,working,Full,network,41,Afternoon,1750,262,1656,regional,61,1.3347924033585674
Madrid,working,Full,network,41,Afternoon,1750,262,1656,regional,62,1.3796010894586808
Madrid,working,Full,network,41,Afternoon,1750,262,1656,regional,63,1.4245449596770292
Madrid,working,Full,network,41,Afternoon,1750,262,1656,regional,64,1.4702022399738925
Madrid,working,Full,network,41,Afternoon,1750,262,1656,regional,65,1.5160795100995288
Madrid,working,Full,network,41,Afternoon,1750,262,1656,regional,66,1.562549051379545
Madrid,working,Full,network,41,Afternoon,1750,262,1656,regional,67,1.6096198970036646
Madrid,working,Full,network,41,Afternoon,1750,262,1656,regional,68,1.6570317294714747
Madrid,working,Full,network,41,Afternoon,1750,262,1656,regional,69,1.7050109563446356
Madrid,working,Full,network,41,Afternoon,1750,262,1656,regional,70,1.7532860925675193
Madrid,working,Full,network,41,Afternoon,1750,262,1656,regional,71,1.8015846247199547
Madrid,working,Full,network,41,Afternoon,1750,262,1656,regional,72,1.850141559552944
Madrid,working,Full,network,41,Afternoon,1750,262,1656,regional,73,1.8989577987945476
Madrid,working,Full,network,41,Afternoon,1750,262,1656,regional,74,1.948005689875122
Madrid,working,Full,network,41,Afternoon,1750,262,1656,regional,75,1.9977165286264396
Madrid,working,Full,network,41,Afternoon,1750,262,1656,regional,76,2.0483275598923645
Madrid,working,Full,network,41,Afternoon,1750,262,1656,regional,77,2.0991475597956075
Madrid,working,Full,network,41,Afternoon,1750,262,1656,regional,78,2.150758198935818
Madrid,working,Full,network,41,Afternoon,1750,262,1656,regional,79,2.2032199344567895
Madrid,working,Full,network,41,Afternoon,1750,262,1656,regional,80,2.2566140466114275
Madrid,working,Full,network,41,Afternoon,1750,262,1656,regional,81,2.3114524254838074
Madrid,working,Full,network,41,Afternoon,1750,262,1656,regional,82,2.367167149122669
Madrid,working,Full,network,41,Afternoon,1750,262,1656,regional,83,2.423084317393139
Madrid,working,Full,network,41,Afternoon,1750,262,1656,regional,84,2.47983436230116
Madrid,working,Full,network,41,Afternoon,1750,262,1656,regional,85,2.5382940136135432
Madrid,working,Full,network,41,Afternoon,1750,262,1656,regional,86,2.598069411531264
Madrid,working,Full,network,41,Afternoon,1750,262,1656,regional,87,2.6579152142378324
Madrid,working,Full,network,41,Afternoon,1750,262,1656,regional,88,2.718370245295433
Madrid,working,Full,network,41,Afternoon,1750,262,1656,regional,89,2.779824699045341
Madrid,working,Full,network,41,Afternoon,1750,262,1656,regional,90,2.8426887465735784
Madrid,working,Full,network,41,Afternoon,1750,262,1656,regional,91,2.905660297650384
Madrid,working,Full,network,41,Afternoon,1750,262,1656,regional,92,2.969167687104942
Madrid,working,Full,network,41,Afternoon,1750,262,1656,regional,93,3.0333608716138647
Madrid,working,Full,network,41,Afternoon,1750,262,1656,regional,94,3.0977495020209997
Madrid,working,Full,network,41,Afternoon,1750,262,1656,regional,95,3.1623258057740977
Madrid,working,Full,network,41,Afternoon,1750,262,1656,regional,96,3.2274266505314313
Madrid,working,Full,network,41,Afternoon,1750,262,1656,regional,97,3.2929911744215885
Madrid,working,Full,network,41,Afternoon,1750,262,1656,regional,98,3.359013692166866
Madrid,working,Full,network,41,Afternoon,1750,262,1656,regional,99,3.4258319566081243
Madrid,working,Full,network,41,Afternoon,1750,262,1656,regional,100,3.492975338242831
Madrid,working,Full,network,41,Afternoon,1750,262,1656,regional,101,3.561305172551606
Madrid,working,Full,network,41,Afternoon,1750,262,1656,regional,102,3.6304966401594467
Madrid,working,Full,network,41,Afternoon,1750,262,1656,regional,103,3.70116487424073
Madrid,working,Full,network,41,Afternoon,1750,262,1656,regional,104,3.772217206930684
Madrid,working,Full,network,41,Afternoon,1750,262,1656,regional,105,3.844164519676146
Madrid,working,Full,network,41,Afternoon,1750,262,1656,regional,106,3.916464906366779
Madrid,working,Full,network,41,Afternoon,1750,262,1656,regional,107,3.989272496319213
Madrid,working,Full,network,41,Afternoon,1750,262,1656,regional,108,4.062935831929195
Madrid,working,Full,network,41,Afternoon,1750,262,1656,regional,109,4.13704100219834
Madrid,working,Full,network,41,Afternoon,1750,262,1656,regional,110,4.213270907871307
Madrid,working,Full,network,41,Afternoon,1750,262,1656,regional,111,4.290185284324747
Madrid,working,Full,network,41,Afternoon,1750,262,1656,regional,112,4.367367213739468
Madrid,working,Full,network,41,Afternoon,1750,262,1656,regional,113,4.445011865195262
Madrid,working,Full,network,41,Afternoon,1750,262,1656,regional,114,4.523255143810997
Madrid,working,Full,network,41,Afternoon,1750,262,1656,regional,115,4.601771749756699
Madrid,working,Full,network,41,Afternoon,1750,262,1656,regional,116,4.681352670996924
Madrid,working,Full,network,41,Afternoon,1750,262,1656,regional,117,4.761326334580652
Madrid,working,Full,network,41,Afternoon,1750,262,1656,regional,118,4.8417358408183135
Madrid,working,Full,network,41,Afternoon,1750,262,1656,regional,119,4.923253742661775
Madrid,working,Full,network,41,Afternoon,1750,262,1656,regional,120,5.0051446932860495
Madrid,working,Full,network,41,Afternoon,1750,262,1656,regional,121,5.087223186801636
Madrid,working,Full,network,41,Afternoon,1750,262,1656,regional,122,5.1693101452337205
Madrid,working,Full,network,41,Afternoon,1750,262,1656,regional,123,5.251946464146293
Madrid,working,Full,network,41,Afternoon,1750,262,1656,regional,124,5.335336931263915
Madrid,working,Full,network,41,Afternoon,1750,262,1656,regional,125,5.420071447284352
Madrid,working,Full,network,41,Afternoon,1750,262,1656,regional,126,5.505347574142138
Madrid,working,Full,network,41,Afternoon,1750,262,1656,regional,127,5.592365383341438
Madrid,working,Full,network,41,Afternoon,1750,262,1656,regional,128,5.680281039416929
Madrid,working,Full,network,41,Afternoon,1750,262,1656,regional,129,5.768675895547907
Madrid,working,Full,network,41,Afternoon,1750,262,1656,regional,130,5.857526783623192
Madrid,working,Full,network,41,Afternoon,1750,262,1656,regional,131,5.947026940720899
Madrid,working,Full,network,41,Afternoon,1750,262,1656,regional,132,6.036776991037166
Madrid,working,Full,network,41,Afternoon,1750,262,1656,regional,133,6.127721743852901
Madrid,working,Full,network,41,Afternoon,1750,262,1656,regional,134,6.218782244951692
Madrid,working,Full,network,41,Afternoon,1750,262,1656,regional,135,6.310580936150675
Madrid,working,Full,network,41,Afternoon,1750,262,1656,regional,136,6.4029425309328944
Madrid,working,Full,network,41,Afternoon,1750,262,1656,regional,137,6.49545527112004
Madrid,working,Full,network,41,Afternoon,1750,262,1656,regional,138,6.589871685881286
Madrid,working,Full,network,41,Afternoon,1750,262,1656,regional,139,6.684666811791947
Madrid,working,Full,network,41,Afternoon,1750,262,1656,regional,140,6.779718514017926
Madrid,working,Full,network,41,Afternoon,1750,262,1656,regional,141,6.875113334907642
Madrid,working,Full,network,41,Afternoon,1750,262,1656,regional,142,6.970738396816914
Madrid,working,Full,network,41,Afternoon,1750,262,1656,regional,143,7.066554820439013
Madrid,working,Full,network,41,Afternoon,1750,262,1656,regional,144,7.163581928210917
Madrid,working,Full,network,41,Afternoon,1750,262,1656,regional,145,7.260818832529954
Madrid,working,Full,network,41,Afternoon,1750,262,1656,regional,146,7.359754556243917
Madrid,working,Full,network,41,Afternoon,1750,262,1656,regional,147,7.459117315331391
Madrid,working,Full,network,41,Afternoon,1750,262,1656,regional,148,7.559390891670032
Madrid,working,Full,network,41,Afternoon,1750,262,1656,regional,149,7.659843265346871
Madrid,working,Full,network,41,Afternoon,1750,262,1656,regional,150,7.761761100487271
Madrid,working,Full,network,41,Afternoon,1750,262,1656,regional,151,7.8653784473868384
Madrid,working,Full,network,41,Afternoon,1750,262,1656,regional,152,7.969577328067756
Madrid,working,Full,network,41,Afternoon,1750,262,1656,regional,153,8.074290388471125
Madrid,working,Full,network,41,Afternoon,1750,262,1656,regional,154,8.17914884791075
Madrid,working,Full,network,41,Afternoon,1750,262,1656,regional,155,8.28475759918842
Madrid,working,Full,network,41,Afternoon,1750,262,1656,regional,156,8.391215840663628
Madrid,working,Full,network,41,Afternoon,1750,262,1656,regional,157,8.498032472270477
Madrid,working,Full,network,41,Afternoon,1750,262,1656,regional,158,8.607180261188956
Madrid,working,Full,network,41,Afternoon,1750,262,1656,regional,159,8.716638791833763
Madrid,working,Full,network,41,Afternoon,1750,262,1656,regional,160,8.82772065826203
Madrid,working,Full,network,41,Afternoon,1750,262,1656,regional,161,8.939232927066728
Madrid,working,Full,network,41,Afternoon,1750,262,1656,regional,162,9.0515843101508
Madrid,working,Full,network,41,Afternoon,1750,262,1656,regional,163,9.165871890473785
Madrid,working,Full,network,41,Afternoon,1750,262,1656,regional,164,9.280466204701407
Madrid,working,Full,network,41,Afternoon,1750,262,1656,regional,165,9.395577868381519
Madrid,working,Full,network,41,Afternoon,1750,262,1656,regional,166,9.51075967912299
Madrid,working,Full,network,41,Afternoon,1750,262,1656,regional,167,9.627197406781105
Madrid,working,Full,network,41,Afternoon,1750,262,1656,regional,168,9.743798233309137
Madrid,working,Full,network,41,Afternoon,1750,262,1656,regional,169,9.860525188492943
Madrid,working,Full,network,41,Afternoon,1750,262,1656,regional,170,9.978976382003003
Madrid,working,Full,network,41,Afternoon,1750,262,1656,regional,171,10.098103856286377
Madrid,working,Full,network,41,Afternoon,1750,262,1656,regional,172,10.218323677070604
Madrid,working,Full,network,41,Afternoon,1750,262,1656,regional,173,10.339457928381895
Madrid,working,Full,network,41,Afternoon,1750,262,1656,regional,174,10.46185625352605
Madrid,working,Full,network,41,Afternoon,1750,262,1656,regional,175,10.585519712049457
Madrid,working,Full,network,41,Afternoon,1750,262,1656,regional,176,10.709574442278715
Madrid,working,Full,network,41,Afternoon,1750,262,1656,regional,177,10.836114414590739
Madrid,working,Full,network,41,Afternoon,1750,262,1656,regional,178,10.963112655667212
Madrid,working,Full,network,41,Afternoon,1750,262,1656,regional,179,11.090268510154269
Madrid,working,Full,network,41,Afternoon,1750,262,1656,regional,180,11.218206298416133
Madrid,working,Full,network,41,Afternoon,1750,262,1656,regional,181,11.34677976041579
Madrid,working,Full,network,41,Afternoon,1750,262,1656,regional,182,11.475544458128162
Madrid,working,Full,network,41,Afternoon,1750,262,1656,regional,183,11.605378597684993
Madrid,working,Full,network,41,Afternoon,1750,262,1656,regional,184,11.735565914277995
Madrid,working,Full,network,41,Afternoon,1750,262,1656,regional,185,11.866097556081248
Madrid,working,Full,network,41,Afternoon,1750,262,1656,regional,186,11.99703607514946
Madrid,working,Full,network,41,Afternoon,1750,262,1656,regional,187,12.128830529511758
Madrid,working,Full,network,41,Afternoon,1750,262,1656,regional,188,12.261716552101493
Madrid,working,Full,network,41,Afternoon,1750,262,1656,regional,189,12.394855463276047
Madrid,working,Full,network,41,Afternoon,1750,262,1656,regional,190,12.528513147449793
Madrid,working,Full,network,41,Afternoon,1750,262,1656,regional,191,12.6627937634411
Madrid,working,Full,network,41,Afternoon,1750,262,1656,regional,192,12.797326814289558
Madrid,working,Full,network,41,Afternoon,1750,262,1656,regional,193,12.93557038511063
Madrid,working,Full,network,41,Afternoon,1750,262,1656,regional,194,13.07565394317737
Madrid,working,Full,network,41,Afternoon,1750,262,1656,regional,195,13.217010828448704
Madrid,working,Full,network,41,Afternoon,1750,262,1656,regional,196,13.360544012441666
Madrid,working,Full,network,41,Afternoon,1750,262,1656,regional,197,13.504313906732587
Madrid,working,Full,network,41,Afternoon,1750,262,1656,regional,198,13.648481187552887
Madrid,working,Full,network,41,Afternoon,1750,262,1656,regional,199,13.793182893386062
Madrid,working,Full,network,41,Afternoon,1750,262,1656,regional,200,13.941503231384203
Madrid,working,Full,network,41,Afternoon,1750,262,1656,regional,201,14.090986924581673
Madrid,working,Full,network,41,Afternoon,1750,262,1656,regional,202,14.241397494317086
Madrid,working,Full,network,41,Afternoon,1750,262,1656,regional,203,14.39276255943278
Madrid,working,Full,network,41,Afternoon,1750,262,1656,regional,204,14.545900392008093
Madrid,working,Full,network,41,Afternoon,1750,262,1656,regional,205,14.699194019901483
Madrid,working,Full,network,41,Afternoon,1750,262,1656,regional,206,14.85323575181282
Madrid,working,Full,network,41,Afternoon,1750,262,1656,regional,207,15.008054674040281
Madrid,working,Full,network,41,Afternoon,1750,262,1656,regional,208,15.164420518711633
Madrid,working,Full,network,41,Afternoon,1750,262,1656,regional,209,15.3220600545879
Madrid,working,Full,network,41,Afternoon,1750,262,1656,regional,210,15.480785333413793
Madrid,working,Full,network,41,Afternoon,1750,262,1656,regional,211,15.6410206128331
Madrid,working,Full,network,41,Afternoon,1750,262,1656,regional,212,15.802843373368145
Madrid,working,Full,network,41,Afternoon,1750,262,1656,regional,213,15.965605520724807
Madrid,working,Full,network,41,Afternoon,1750,262,1656,regional,214,16.128419961309014
Madrid,working,Full,network,41,Afternoon,1750,262,1656,regional,215,16.293552810284613
Madrid,working,Full,network,41,Afternoon,1750,262,1656,regional,216,16.460250127537638
Madrid,working,Full,network,41,Afternoon,1750,262,1656,regional,217,16.62770252590561
Madrid,working,Full,network,41,Afternoon,1750,262,1656,regional,218,16.795360907090107
Madrid,working,Full,network,41,Afternoon,1750,262,1656,regional,219,16.963388550052134
Madrid,working,Full,network,41,Afternoon,1750,262,1656,regional,220,17.131482732526898
Madrid,working,Full,network,41,Afternoon,1750,262,1656,regional,221,17.30000152264576
Madrid,working,Full,network,41,Afternoon,1750,262,1656,regional,222,17.469298070717603
Madrid,working,Full,network,41,Afternoon,1750,262,1656,regional,223,17.640523076567042
Madrid,working,Full,network,41,Afternoon,1750,262,1656,regional,224,17.811945124316086
Madrid,working,Full,network,41,Afternoon,1750,262,1656,regional,225,17.984344017828608
Madrid,working,Full,network,41,Afternoon,1750,262,1656,regional,226,18.16456401309079
Madrid,working,Full,network,41,Afternoon,1750,262,1656,regional,227,18.346893699470893
Madrid,working,Full,network,41,Afternoon,1750,262,1656,regional,228,18.530664776202595
Madrid,working,Full,network,41,Afternoon,1750,262,1656,regional,229,18.716408536114205
Madrid,working,Full,network,41,Afternoon,1750,262,1656,regional,230,18.90243474245467
Madrid,working,Full,network,41,Afternoon,1750,262,1656,regional,231,19.089572367767225
Madrid,working,Full,network,41,Afternoon,1750,262,1656,regional,232,19.277820345505457
Madrid,working,Full,network,41,Afternoon,1750,262,1656,regional,233,19.467121880165177
Madrid,working,Full,network,41,Afternoon,1750,262,1656,regional,234,19.65783936842696
Madrid,working,Full,network,41,Afternoon,1750,262,1656,regional,235,19.854967785568665
Madrid,working,Full,network,41,Afternoon,1750,262,1656,regional,236,20.052651282832212
Madrid,working,Full,network,41,Afternoon,1750,262,1656,regional,237,20.250716589702446
Madrid,working,Full,network,41,Afternoon,1750,262,1656,regional,238,20.451832263786063
Madrid,working,Full,network,41,Afternoon,1750,262,1656,regional,239,20.653425904651364
Madrid,working,Full,network,41,Afternoon,1750,262,1656,regional,240,20.857215625619244
Madrid,working,Full,network,41,Afternoon,1750,262,1656,regional,241,21.061265828905853
Madrid,working,Full,network,41,Afternoon,1750,262,1656,regional,242,21.2683788320531
Madrid,working,Full,network,41,Afternoon,1750,262,1656,regional,243,21.476087043175475
Madrid,working,Full,network,41,Afternoon,1750,262,1656,regional,244,21.69051305326435
Madrid,working,Full,network,41,Afternoon,1750,262,1656,regional,245,21.906447428490676
Madrid,working,Full,network,41,Afternoon,1750,262,1656,regional,246,22.12344796255858
Madrid,working,Full,network,41,Afternoon,1750,262,1656,regional,247,22.340870234904436
Madrid,working,Full,network,41,Afternoon,1750,262,1656,regional,248,22.559573285643236
Madrid,working,Full,network,41,Afternoon,1750,262,1656,regional,249,22.779363344423672
Madrid,working,Full,network,41,Afternoon,1750,262,1656,regional,250,23.002483003843544
Madrid,working,Full,network,41,Afternoon,1750,262,1656,regional,251,23.227149490252682
Madrid,working,Full,network,41,Afternoon,1750,262,1656,regional,252,23.452555745581567
Madrid,working,Full,network,41,Afternoon,1750,262,1656,regional,253,23.679185797980825
Madrid,working,Full,network,41,Afternoon,1750,262,1656,regional,254,23.909537413816896
Madrid,working,Full,network,41,Afternoon,1750,262,1656,regional,255,24.140596003544026
Madrid,working,Full,network,41,Afternoon,1750,262,1656,regional,256,24.37559870790261
Madrid,working,Full,network,41,Afternoon,1750,262,1656,regional,257,24.624292240599253
Madrid,working,Full,network,41,Afternoon,1750,262,1656,regional,258,24.87855819880607
Madrid,working,Full,network,41,Afternoon,1750,262,1656,regional,259,25.16845102099141
Madrid,working,Full,network,41,Afternoon,1750,262,1656,regional,260,25.466898200022275
Madrid,working,Full,network,41,Afternoon,1750,262,1656,regional,261,25.776420607376217
Madrid,working,Full,network,41,Afternoon,1750,262,1656,regional,262,26.096735580260564
Madrid,working,Full,network,41,Afternoon,1750,262,1656,uniform_area,0,0.0
Madrid,working,Full,network,41,Afternoon,1750,262,1656,uniform_area,1,0.00039762174838143177
Madrid,working,Full,network,41,Afternoon,1750,262,1656,uniform_area,2,0.0012791984693950795
Madrid,working,Full,network,41,Afternoon,1750,262,1656,uniform_area,3,0.0029457697968552385
Madrid,working,Full,network,41,Afternoon,1750,262,1656,uniform_area,4,0.005731784681161618
Madrid,working,Full,network,41,Afternoon,1750,262,1656,uniform_area,5,0.00984144432366259
Madrid,working,Full,network,41,Afternoon,1750,262,1656,uniform_area,6,0.014071611635056472
Madrid,working,Full,network,41,Afternoon,1750,262,1656,uniform_area,7,0.018576348975151404
Madrid,working,Full,network,41,Afternoon,1750,262,1656,uniform_area,8,0.024186329095364435
Madrid,working,Full,network,41,Afternoon,1750,262,1656,uniform_area,9,0.031108209258105382
Madrid,working,Full,network,41,Afternoon,1750,262,1656,uniform_area,10,0.03812068058273178
Madrid,working,Full,network,41,Afternoon,1750,262,1656,uniform_area,11,0.04691495534576121
Madrid,working,Full,network,41,Afternoon,1750,262,1656,uniform_area,12,0.05618366433797368
Madrid,working,Full,network,41,Afternoon,1750,262,1656,uniform_area,13,0.06678324344766073
Madrid,working,Full,network,41,Afternoon,1750,262,1656,uniform_area,14,0.07779873086627874
Madrid,working,Full,network,41,Afternoon,1750,262,1656,uniform_area,15,0.08929015471549717
Madrid,working,Full,network,41,Afternoon,1750,262,1656,uniform_area,16,0.10151189456982096
Madrid,working,Full,network,41,Afternoon,1750,262,1656,uniform_area,17,0.1139453402565134
Madrid,working,Full,network,41,Afternoon,1750,262,1656,uniform_area,18,0.1281051788077605
Madrid,working,Full,network,41,Afternoon,1750,262,1656,uniform_area,19,0.1426253059590876
Madrid,working,Full,network,41,Afternoon,1750,262,1656,uniform_area,20,0.157806622983652
Madrid,working,Full,network,41,Afternoon,1750,262,1656,uniform_area,21,0.17422751058274746
Madrid,working,Full,network,41,Afternoon,1750,262,1656,uniform_area,22,0.19069359429613697
Madrid,working,Full,network,41,Afternoon,1750,262,1656,uniform_area,23,0.2075754332928464
Madrid,working,Full,network,41,Afternoon,1750,262,1656,uniform_area,24,0.2249132197496811
Madrid,working,Full,network,41,Afternoon,1750,262,1656,uniform_area,25,0.24330520920680837
Madrid,working,Full,network,41,Afternoon,1750,262,1656,uniform_area,26,0.26201792823067616
Madrid,working,Full,network,41,Afternoon,1750,262,1656,uniform_area,27,0.2814434201485268
Madrid,working,Full,network,41,Afternoon,1750,262,1656,uniform_area,28,0.3010155590601055
Madrid,working,Full,network,41,Afternoon,1750,262,1656,uniform_area,29,0.3209714001278997
Madrid,working,Full,network,41,Afternoon,1750,262,1656,uniform_area,30,0.3414714417138849
Madrid,working,Full,network,41,Afternoon,1750,262,1656,uniform_area,31,0.36275507772197313
Madrid,working,Full,network,41,Afternoon,1750,262,1656,uniform_area,32,0.38425693972868374
Madrid,working,Full,network,41,Afternoon,1750,262,1656,uniform_area,33,0.40710388155609023
Madrid,working,Full,network,41,Afternoon,1750,262,1656,uniform_area,34,0.4302133158658283
Madrid,working,Full,network,41,Afternoon,1750,262,1656,uniform_area,35,0.45368016699500635
Madrid,working,Full,network,41,Afternoon,1750,262,1656,uniform_area,36,0.4786371445457591
Madrid,working,Full,network,41,Afternoon,1750,262,1656,uniform_area,37,0.5045715502347982
Madrid,working,Full,network,41,Afternoon,1750,262,1656,uniform_area,38,0.5316890428324195
Madrid,working,Full,network,41,Afternoon,1750,262,1656,uniform_area,39,0.5588929432542785
Madrid,working,Full,network,41,Afternoon,1750,262,1656,uniform_area,40,0.5862791411740503
Madrid,working,Full,network,41,Afternoon,1750,262,1656,uniform_area,41,0.613837745398782
Madrid,working,Full,network,41,Afternoon,1750,262,1656,uniform_area,42,0.6415128990299285
Madrid,working,Full,network,41,Afternoon,1750,262,1656,uniform_area,43,0.6695888904977195
Madrid,working,Full,network,41,Afternoon,1750,262,1656,uniform_area,44,0.6977973007654218
Madrid,working,Full,network,41,Afternoon,1750,262,1656,uniform_area,45,0.7263297676316993
Madrid,working,Full,network,41,Afternoon,1750,262,1656,uniform_area,46,0.7552124833427413
Madrid,working,Full,network,41,Afternoon,1750,262,1656,uniform_area,47,0.7866104121650671
Madrid,working,Full,network,41,Afternoon,1750,262,1656,uniform_area,48,0.8182584422208473
Madrid,working,Full,network,41,Afternoon,1750,262,1656,uniform_area,49,0.8499998408533588
Madrid,working,Full,network,41,Afternoon,1750,262,1656,uniform_area,50,0.8830656117533233
Madrid,working,Full,network,41,Afternoon,1750,262,1656,uniform_area,51,0.9173527750604132
Madrid,working,Full,network,41,Afternoon,1750,262,1656,uniform_area,52,0.9532694162867846
Madrid,working,Full,network,41,Afternoon,1750,262,1656,uniform_area,53,0.9899362273161122
Madrid,working,Full,network,41,Afternoon,1750,262,1656,uniform_area,54,1.0268467086775812
Madrid,working,Full,network,41,Afternoon,1750,262,1656,uniform_area,55,1.064720764258661
Madrid,working,Full,network,41,Afternoon,1750,262,1656,uniform_area,56,1.1035466748479559
Madrid,working,Full,network,41,Afternoon,1750,262,1656,uniform_area,57,1.144592916282752
Madrid,working,Full,network,41,Afternoon,1750,262,1656,uniform_area,58,1.1861148779994752
Madrid,working,Full,network,41,Afternoon,1750,262,1656,uniform_area,59,1.2280785226389224
Madrid,working,Full,network,41,Afternoon,1750,262,1656,uniform_area,60,1.2710118210779942
Madrid,working,Full,network,41,Afternoon,1750,262,1656,uniform_area,61,1.3144358987943578
Madrid,working,Full,network,41,Afternoon,1750,262,1656,uniform_area,62,1.358290005257932
Madrid,working,Full,network,41,Afternoon,1750,262,1656,uniform_area,63,1.4028924107863674
Madrid,working,Full,network,41,Afternoon,1750,262,1656,uniform_area,64,1.4479246270005186
Madrid,working,Full,network,41,Afternoon,1750,262,1656,uniform_area,65,1.4938997679032502
Madrid,working,Full,network,41,Afternoon,1750,262,1656,uniform_area,66,1.5404412030344095
Madrid,working,Full,network,41,Afternoon,1750,262,1656,uniform_area,67,1.587100004983786
Madrid,working,Full,network,41,Afternoon,1750,262,1656,uniform_area,68,1.634228278031689
Madrid,working,Full,network,41,Afternoon,1750,262,1656,uniform_area,69,1.6820082297734842
Madrid,working,Full,network,41,Afternoon,1750,262,1656,uniform_area,70,1.730860565871009
Madrid,working,Full,network,41,Afternoon,1750,262,1656,uniform_area,71,1.780753931376513
Madrid,working,Full,network,41,Afternoon,1750,262,1656,uniform_area,72,1.8317391218664527
Madrid,working,Full,network,41,Afternoon,1750,262,1656,uniform_area,73,1.8837962274335873
Madrid,working,Full,network,41,Afternoon,1750,262,1656,uniform_area,74,1.9368958161520105
Madrid,working,Full,network,41,Afternoon,1750,262,1656,uniform_area,75,1.9903534197649673
Madrid,working,Full,network,41,Afternoon,1750,262,1656,uniform_area,76,2.044280211379069
Madrid,working,Full,network,41,Afternoon,1750,262,1656,uniform_area,77,2.098616958605825
Madrid,working,Full,network,41,Afternoon,1750,262,1656,uniform_area,78,2.153417312224547
Madrid,working,Full,network,41,Afternoon,1750,262,1656,uniform_area,79,2.2087029310977
Madrid,working,Full,network,41,Afternoon,1750,262,1656,uniform_area,80,2.265092941546009
Madrid,working,Full,network,41,Afternoon,1750,262,1656,uniform_area,81,2.3221858330577456
Madrid,working,Full,network,41,Afternoon,1750,262,1656,uniform_area,82,2.379893795711511
Madrid,working,Full,network,41,Afternoon,1750,262,1656,uniform_area,83,2.4390506354581123
Madrid,working,Full,network,41,Afternoon,1750,262,1656,uniform_area,84,2.498248126458352
Madrid,working,Full,network,41,Afternoon,1750,262,1656,uniform_area,85,2.5576148714359594
Madrid,working,Full,network,41,Afternoon,1750,262,1656,uniform_area,86,2.6181754189405804
Madrid,working,Full,network,41,Afternoon,1750,262,1656,uniform_area,87,2.6791098449947754
Madrid,working,Full,network,41,Afternoon,1750,262,1656,uniform_area,88,2.74092449476854
Madrid,working,Full,network,41,Afternoon,1750,262,1656,uniform_area,89,2.803250927222347
Madrid,working,Full,network,41,Afternoon,1750,262,1656,uniform_area,90,2.866621893370635
Madrid,working,Full,network,41,Afternoon,1750,262,1656,uniform_area,91,2.9304355415713705
Madrid,working,Full,network,41,Afternoon,1750,262,1656,uniform_area,92,2.9945589027700454
Madrid,working,Full,network,41,Afternoon,1750,262,1656,uniform_area,93,3.058889909521537
Madrid,working,Full,network,41,Afternoon,1750,262,1656,uniform_area,94,3.1235697062736323
Madrid,working,Full,network,41,Afternoon,1750,262,1656,uniform_area,95,3.188940430238485
Madrid,working,Full,network,41,Afternoon,1750,262,1656,uniform_area,96,3.254563502362854
Madrid,working,Full,network,41,Afternoon,1750,262,1656,uniform_area,97,3.3217157581456553
Madrid,working,Full,network,41,Afternoon,1750,262,1656,uniform_area,98,3.388935601515321
Madrid,working,Full,network,41,Afternoon,1750,262,1656,uniform_area,99,3.457243870150425
Madrid,working,Full,network,41,Afternoon,1750,262,1656,uniform_area,100,3.5256837369856
Madrid,working,Full,network,41,Afternoon,1750,262,1656,uniform_area,101,3.5943581117444414
Madrid,working,Full,network,41,Afternoon,1750,262,1656,uniform_area,102,3.663402177251963
Madrid,working,Full,network,41,Afternoon,1750,262,1656,uniform_area,103,3.7327374696259716
Madrid,working,Full,network,41,Afternoon,1750,262,1656,uniform_area,104,3.802439319549269
Madrid,working,Full,network,41,Afternoon,1750,262,1656,uniform_area,105,3.8728586032716334
Madrid,working,Full,network,41,Afternoon,1750,262,1656,uniform_area,106,3.943395391535265
Madrid,working,Full,network,41,Afternoon,1750,262,1656,uniform_area,107,4.0141332324982875
Madrid,working,Full,network,41,Afternoon,1750,262,1656,uniform_area,108,4.086626575622778
Madrid,working,Full,network,41,Afternoon,1750,262,1656,uniform_area,109,4.159730731951658
Madrid,working,Full,network,41,Afternoon,1750,262,1656,uniform_area,110,4.2331743105633075
Madrid,working,Full,network,41,Afternoon,1750,262,1656,uniform_area,111,4.306900106658582
Madrid,working,Full,network,41,Afternoon,1750,262,1656,uniform_area,112,4.381106801039905
Madrid,working,Full,network,41,Afternoon,1750,262,1656,uniform_area,113,4.455779592305021
Madrid,working,Full,network,41,Afternoon,1750,262,1656,uniform_area,114,4.530967581271739
Madrid,working,Full,network,41,Afternoon,1750,262,1656,uniform_area,115,4.607545491664117
Madrid,working,Full,network,41,Afternoon,1750,262,1656,uniform_area,116,4.684211540982961
Madrid,working,Full,network,41,Afternoon,1750,262,1656,uniform_area,117,4.762173959520004
Madrid,working,Full,network,41,Afternoon,1750,262,1656,uniform_area,118,4.840280773661466
Madrid,working,Full,network,41,Afternoon,1750,262,1656,uniform_area,119,4.919099189413379
Madrid,working,Full,network,41,Afternoon,1750,262,1656,uniform_area,120,4.9993395688787405
Madrid,working,Full,network,41,Afternoon,1750,262,1656,uniform_area,121,5.080220306968394
Madrid,working,Full,network,41,Afternoon,1750,262,1656,uniform_area,122,5.161490045088447
Madrid,working,Full,network,41,Afternoon,1750,262,1656,uniform_area,123,5.2428945337361625
Madrid,working,Full,network,41,Afternoon,1750,262,1656,uniform_area,124,5.327200080647544
Madrid,working,Full,network,41,Afternoon,1750,262,1656,uniform_area,125,5.412099944602418
Madrid,working,Full,network,41,Afternoon,1750,262,1656,uniform_area,126,5.498566438858021
Madrid,working,Full,network,41,Afternoon,1750,262,1656,uniform_area,127,5.585626963234094
Madrid,working,Full,network,41,Afternoon,1750,262,1656,uniform_area,128,5.672860972745686
Madrid,working,Full,network,41,Afternoon,1750,262,1656,uniform_area,129,5.760787461404783
Madrid,working,Full,network,41,Afternoon,1750,262,1656,uniform_area,130,5.848810199347747
Madrid,working,Full,network,41,Afternoon,1750,262,1656,uniform_area,131,5.937918631048978
Madrid,working,Full,network,41,Afternoon,1750,262,1656,uniform_area,132,6.028163601818271
Madrid,working,Full,network,41,Afternoon,1750,262,1656,uniform_area,133,6.120241522286113
Madrid,working,Full,network,41,Afternoon,1750,262,1656,uniform_area,134,6.212576747668062
Madrid,working,Full,network,41,Afternoon,1750,262,1656,uniform_area,135,6.3050090486721775
Madrid,working,Full,network,41,Afternoon,1750,262,1656,uniform_area,136,6.398534871969793
Madrid,working,Full,network,41,Afternoon,1750,262,1656,uniform_area,137,6.49259197851119
Madrid,working,Full,network,41,Afternoon,1750,262,1656,uniform_area,138,6.588986755299224
Madrid,working,Full,network,41,Afternoon,1750,262,1656,uniform_area,139,6.685916375726927
Madrid,working,Full,network,41,Afternoon,1750,262,1656,uniform_area,140,6.783394850564218
Madrid,working,Full,network,41,Afternoon,1750,262,1656,uniform_area,141,6.881712522954688
Madrid,working,Full,network,41,Afternoon,1750,262,1656,uniform_area,142,6.980188550710977
Madrid,working,Full,network,41,Afternoon,1750,262,1656,uniform_area,143,7.079515550703622
Madrid,working,Full,network,41,Afternoon,1750,262,1656,uniform_area,144,7.179364429241022
Madrid,working,Full,network,41,Afternoon,1750,262,1656,uniform_area,145,7.279999232015452
Madrid,working,Full,network,41,Afternoon,1750,262,1656,uniform_area,146,7.380991344491402
Madrid,working,Full,network,41,Afternoon,1750,262,1656,uniform_area,147,7.483329241981073
Madrid,working,Full,network,41,Afternoon,1750,262,1656,uniform_area,148,7.586481798091943
Madrid,working,Full,network,41,Afternoon,1750,262,1656,uniform_area,149,7.690931271125171
Madrid,working,Full,network,41,Afternoon,1750,262,1656,uniform_area,150,7.796097563942194
Madrid,working,Full,network,41,Afternoon,1750,262,1656,uniform_area,151,7.901725462341312
Madrid,working,Full,network,41,Afternoon,1750,262,1656,uniform_area,152,8.00772620572953
Madrid,working,Full,network,41,Afternoon,1750,262,1656,uniform_area,153,8.11447599609528
Madrid,working,Full,network,41,Afternoon,1750,262,1656,uniform_area,154,8.22222912438573
Madrid,working,Full,network,41,Afternoon,1750,262,1656,uniform_area,155,8.331077391302715
Madrid,working,Full,network,41,Afternoon,1750,262,1656,uniform_area,156,8.4405538417438
Madrid,working,Full,network,41,Afternoon,1750,262,1656,uniform_area,157,8.550373939887338
Madrid,working,Full,network,41,Afternoon,1750,262,1656,uniform_area,158,8.660568696373465
Madrid,working,Full,network,41,Afternoon,1750,262,1656,uniform_area,159,8.771547100840658
Madrid,working,Full,network,41,Afternoon,1750,262,1656,uniform_area,160,8.883080678399976
Madrid,working,Full,network,41,Afternoon,1750,262,1656,uniform_area,161,8.995019790406992
Madrid,working,Full,network,41,Afternoon,1750,262,1656,uniform_area,162,9.109135286854375
Madrid,working,Full,network,41,Afternoon,1750,262,1656,uniform_area,163,9.223764283694296
Madrid,working,Full,network,41,Afternoon,1750,262,1656,uniform_area,164,9.338809072161112
Madrid,working,Full,network,41,Afternoon,1750,262,1656,uniform_area,165,9.455946566200796
Madrid,working,Full,network,41,Afternoon,1750,262,1656,uniform_area,166,9.573809613961044
Madrid,working,Full,network,41,Afternoon,1750,262,1656,uniform_area,167,9.692860157680297
Madrid,working,Full,network,41,Afternoon,1750,262,1656,uniform_area,168,9.81228789422882
Madrid,working,Full,network,41,Afternoon,1750,262,1656,uniform_area,169,9.932990946221855
Madrid,working,Full,network,41,Afternoon,1750,262,1656,uniform_area,170,10.053803327362875
Madrid,working,Full,network,41,Afternoon,1750,262,1656,uniform_area,171,10.175374338710338
Madrid,working,Full,network,41,Afternoon,1750,262,1656,uniform_area,172,10.297175035761892
Madrid,working,Full,network,41,Afternoon,1750,262,1656,uniform_area,173,10.419022642814587
Madrid,working,Full,network,41,Afternoon,1750,262,1656,uniform_area,174,10.542072168490149
Madrid,working,Full,network,41,Afternoon,1750,262,1656,uniform_area,175,10.666155005344422
Madrid,working,Full,network,41,Afternoon,1750,262,1656,uniform_area,176,10.79118064064115
Madrid,working,Full,network,41,Afternoon,1750,262,1656,uniform_area,177,10.916280053410725
Madrid,working,Full,network,41,Afternoon,1750,262,1656,uniform_area,178,11.041641707445585
Madrid,working,Full,network,41,Afternoon,1750,262,1656,uniform_area,179,11.167359093742952
Madrid,working,Full,network,41,Afternoon,1750,262,1656,uniform_area,180,11.29428741123409
Madrid,working,Full,network,41,Afternoon,1750,262,1656,uniform_area,181,11.422265261256335
Madrid,working,Full,network,41,Afternoon,1750,262,1656,uniform_area,182,11.550535873502035
Madrid,working,Full,network,41,Afternoon,1750,262,1656,uniform_area,183,11.67980419105473
Madrid,working,Full,network,41,Afternoon,1750,262,1656,uniform_area,184,11.80994706400331
Madrid,working,Full,network,41,Afternoon,1750,262,1656,uniform_area,185,11.94127366911847
Madrid,working,Full,network,41,Afternoon,1750,262,1656,uniform_area,186,12.073392037672942
Madrid,working,Full,network,41,Afternoon,1750,262,1656,uniform_area,187,12.206410330719226
Madrid,working,Full,network,41,Afternoon,1750,262,1656,uniform_area,188,12.340975004952224
Madrid,working,Full,network,41,Afternoon,1750,262,1656,uniform_area,189,12.47589266973886
Madrid,working,Full,network,41,Afternoon,1750,262,1656,uniform_area,190,12.61204938417533
Madrid,working,Full,network,41,Afternoon,1750,262,1656,uniform_area,191,12.748913451848718
Madrid,working,Full,network,41,Afternoon,1750,262,1656,uniform_area,192,12.887251877292048
Madrid,working,Full,network,41,Afternoon,1750,262,1656,uniform_area,193,13.02770399385801
Madrid,working,Full,network,41,Afternoon,1750,262,1656,uniform_area,194,13.170175872513578
Madrid,working,Full,network,41,Afternoon,1750,262,1656,uniform_area,195,13.312985761790646
Madrid,working,Full,network,41,Afternoon,1750,262,1656,uniform_area,196,13.459217372597731
Madrid,working,Full,network,41,Afternoon,1750,262,1656,uniform_area,197,13.606155854611062
Madrid,working,Full,network,41,Afternoon,1750,262,1656,uniform_area,198,13.753540195871102
Madrid,working,Full,network,41,Afternoon,1750,262,1656,uniform_area,199,13.902452778406833
Madrid,working,Full,network,41,Afternoon,1750,262,1656,uniform_area,200,14.051538412505527
Madrid,working,Full,network,41,Afternoon,1750,262,1656,uniform_area,201,14.201233308511474
Madrid,working,Full,network,41,Afternoon,1750,262,1656,uniform_area,202,14.351722057393944
Madrid,working,Full,network,41,Afternoon,1750,262,1656,uniform_area,203,14.504467054145712
Madrid,working,Full,network,41,Afternoon,1750,262,1656,uniform_area,204,14.658637828774289
Madrid,working,Full,network,41,Afternoon,1750,262,1656,uniform_area,205,14.813224155927252
Madrid,working,Full,network,41,Afternoon,1750,262,1656,uniform_area,206,14.968598828947542
Madrid,working,Full,network,41,Afternoon,1750,262,1656,uniform_area,207,15.124623330327037
Madrid,working,Full,network,41,Afternoon,1750,262,1656,uniform_area,208,15.282654040190222
Madrid,working,Full,network,41,Afternoon,1750,262,1656,uniform_area,209,15.4417912725102
Madrid,working,Full,network,41,Afternoon,1750,262,1656,uniform_area,210,15.601161098020883
Madrid,working,Full,network,41,Afternoon,1750,262,1656,uniform_area,211,15.760867130363664
Madrid,working,Full,network,41,Afternoon,1750,262,1656,uniform_area,212,15.924665545757444
Madrid,working,Full,network,41,Afternoon,1750,262,1656,uniform_area,213,16.088586521913737
Madrid,working,Full,network,41,Afternoon,1750,262,1656,uniform_area,214,16.25265053620976
Madrid,working,Full,network,41,Afternoon,1750,262,1656,uniform_area,215,16.41804254501697
Madrid,working,Full,network,41,Afternoon,1750,262,1656,uniform_area,216,16.584262971360655
Madrid,working,Full,network,41,Afternoon,1750,262,1656,uniform_area,217,16.75191567725682
Madrid,working,Full,network,41,Afternoon,1750,262,1656,uniform_area,218,16.920824153401288
Madrid,working,Full,network,41,Afternoon,1750,262,1656,uniform_area,219,17.093374730909872
Madrid,working,Full,network,41,Afternoon,1750,262,1656,uniform_area,220,17.2676025915387
Madrid,working,Full,network,41,Afternoon,1750,262,1656,uniform_area,221,17.442188271954425
Madrid,working,Full,network,41,Afternoon,1750,262,1656,uniform_area,222,17.617969319584027
Madrid,working,Full,network,41,Afternoon,1750,262,1656,uniform_area,223,17.795321821646755
Madrid,working,Full,network,41,Afternoon,1750,262,1656,uniform_area,224,17.97361090931211
Madrid,working,Full,network,41,Afternoon,1750,262,1656,uniform_area,225,18.152174138534452
Madrid,working,Full,network,41,Afternoon,1750,262,1656,uniform_area,226,18.331922466952182
Madrid,working,Full,network,41,Afternoon,1750,262,1656,uniform_area,227,18.513318751131745
Madrid,working,Full,network,41,Afternoon,1750,262,1656,uniform_area,228,18.69824607068676
Madrid,working,Full,network,41,Afternoon,1750,262,1656,uniform_area,229,18.883593720990863
Madrid,working,Full,network,41,Afternoon,1750,262,1656,uniform_area,230,19.070333919660296
Madrid,working,Full,network,41,Afternoon,1750,262,1656,uniform_area,231,19.2582071735147
Madrid,working,Full,network,41,Afternoon,1750,262,1656,uniform_area,232,19.449280952290817
Madrid,working,Full,network,41,Afternoon,1750,262,1656,uniform_area,233,19.64089143205495
Madrid,working,Full,network,41,Afternoon,1750,262,1656,uniform_area,234,19.83335531269942
Madrid,working,Full,network,41,Afternoon,1750,262,1656,uniform_area,235,20.027407928194165
Madrid,working,Full,network,41,Afternoon,1750,262,1656,uniform_area,236,20.222488386114847
Madrid,working,Full,network,41,Afternoon,1750,262,1656,uniform_area,237,20.419107705926262
Madrid,working,Full,network,41,Afternoon,1750,262,1656,uniform_area,238,20.61874488781282
Madrid,working,Full,network,41,Afternoon,1750,262,1656,uniform_area,239,20.820265336769356
Madrid,working,Full,network,41,Afternoon,1750,262,1656,uniform_area,240,21.02379818345795
Madrid,working,Full,network,41,Afternoon,1750,262,1656,uniform_area,241,21.22766397944596
Madrid,working,Full,network,41,Afternoon,1750,262,1656,uniform_area,242,21.43256747653491
Madrid,working,Full,network,41,Afternoon,1750,262,1656,uniform_area,243,21.644164375072013
Madrid,working,Full,network,41,Afternoon,1750,262,1656,uniform_area,244,21.856935500334803
Madrid,working,Full,network,41,Afternoon,1750,262,1656,uniform_area,245,22.071522328034533
Madrid,working,Full,network,41,Afternoon,1750,262,1656,uniform_area,246,22.28755674741197
Madrid,working,Full,network,41,Afternoon,1750,262,1656,uniform_area,247,22.507664773597877
Madrid,working,Full,network,41,Afternoon,1750,262,1656,uniform_area,248,22.729391286638553
Madrid,working,Full,network,41,Afternoon,1750,262,1656,uniform_area,249,22.95179167473802
Madrid,working,Full,network,41,Afternoon,1750,262,1656,uniform_area,250,23.17583919353625
Madrid,working,Full,network,41,Afternoon,1750,262,1656,uniform_area,251,23.401994328977967
Madrid,working,Full,network,41,Afternoon,1750,262,1656,uniform_area,252,23.628949164787358
Madrid,working,Full,network,41,Afternoon,1750,262,1656,uniform_area,253,23.856238825735126
Madrid,working,Full,network,41,Afternoon,1750,262,1656,uniform_area,254,24.08369797912517
Madrid,working,Full,network,41,Afternoon,1750,262,1656,uniform_area,255,24.317064668386152
Madrid,working,Full,network,41,Afternoon,1750,262,1656,uniform_area,256,24.552288996752853
Madrid,working,Full,network,41,Afternoon,1750,262,1656,uniform_area,257,24.802771283108708
Madrid,working,Full,network,41,Afternoon,1750,262,1656,uniform_area,258,25.062215552646286
Madrid,working,Full,network,41,Afternoon,1750,262,1656,uniform_area,259,25.358107538794236
Madrid,working,Full,network,41,Afternoon,1750,262,1656,uniform_area,260,25.66040044407622
Madrid,working,Full,network,41,Afternoon,1750,262,1656,uniform_area,261,25.9712521106918
Madrid,working,Full,network,41,Afternoon,1750,262,1656,uniform_area,262,26.29321866251181
