city,catalogue,layer,mode,weights,window,reachable,quota,hours,method,CUSEC
Madrid,working,Full,connectors_shade,21,Morning,1632,244,1655,Dual1_regional,2807902006
Madrid,working,Full,connectors_shade,21,Morning,1632,244,1655,Dual1_regional,2807902011
Madrid,working,Full,connectors_shade,21,Morning,1632,244,1655,Dual1_regional,2807902016
Madrid,working,Full,connectors_shade,21,Morning,1632,244,1655,Dual1_regional,2807902018
Madrid,working,Full,connectors_shade,21,Morning,1632,244,1655,Dual1_regional,2807902031
Madrid,working,Full,connectors_shade,21,Morning,1632,244,1655,Dual1_regional,2807902066
Madrid,working,Full,connectors_shade,21,Morning,1632,244,1655,Dual1_regional,2807902087
Madrid,working,Full,connectors_shade,21,Morning,1632,244,1655,Dual1_regional,2807902092
Madrid,working,Full,connectors_shade,21,Morning,1632,244,1655,Dual1_regional,2807903018
Madrid,working,Full,connectors_shade,21,Morning,1632,244,1655,Dual1_regional,2807903019
Madrid,working,Full,connectors_shade,21,Morning,1632,244,1655,Dual1_regional,2807903031
Madrid,working,Full,connectors_shade,21,Morning,1632,244,1655,Dual1_regional,2807903078
Madrid,working,Full,connectors_shade,21,Morning,1632,244,1655,Dual1_regional,2807903089
Madrid,working,Full,connectors_shade,21,Morning,1632,244,1655,Dual1_regional,2807903098
Madrid,working,Full,connectors_shade,21,Morning,1632,244,1655,Dual1_regional,2807904047
Madrid,working,Full,connectors_shade,21,Morning,1632,244,1655,Dual1_regional,2807904054
Madrid,working,Full,connectors_shade,21,Morning,1632,244,1655,Dual1_regional,2807904060
Madrid,working,Full,connectors_shade,21,Morning,1632,244,1655,Dual1_regional,2807904070
Madrid,working,Full,connectors_shade,21,Morning,1632,244,1655,Dual1_regional,2807904073
Madrid,working,Full,connectors_shade,21,Morning,1632,244,1655,Dual1_regional,2807904074
Madrid,working,Full,connectors_shade,21,Morning,1632,244,1655,Dual1_regional,2807904076
Madrid,working,Full,connectors_shade,21,Morning,1632,244,1655,Dual1_regional,2807904077
Madrid,working,Full,connectors_shade,21,Morning,1632,244,1655,Dual1_regional,2807904081
Madrid,working,Full,connectors_shade,21,Morning,1632,244,1655,Dual1_regional,2807905027
Madrid,working,Full,connectors_shade,21,Morning,1632,244,1655,Dual1_regional,2807905033
Madrid,working,Full,connectors_shade,21,Morning,1632,244,1655,Dual1_regional,2807905038
Madrid,working,Full,connectors_shade,21,Morning,1632,244,1655,Dual1_regional,2807905039
Madrid,working,Full,connectors_shade,21,Morning,1632,244,1655,Dual1_regional,2807905044
Madrid,working,Full,connectors_shade,21,Morning,1632,244,1655,Dual1_regional,2807905061
Madrid,working,Full,connectors_shade,21,Morning,1632,244,1655,Dual1_regional,2807905066
Madrid,working,Full,connectors_shade,21,Morning,1632,244,1655,Dual1_regional,2807905067
Madrid,working,Full,connectors_shade,21,Morning,1632,244,1655,Dual1_regional,2807905068
Madrid,working,Full,connectors_shade,21,Morning,1632,244,1655,Dual1_regional,2807905095
Madrid,working,Full,connectors_shade,21,Morning,1632,244,1655,Dual1_regional,2807906033
Madrid,working,Full,connectors_shade,21,Morning,1632,244,1655,Dual1_regional,2807906035
Madrid,working,Full,connectors_shade,21,Morning,1632,244,1655,Dual1_regional,2807906066
Madrid,working,Full,connectors_shade,21,Morning,1632,244,1655,Dual1_regional,2807906075
Madrid,working,Full,connectors_shade,21,Morning,1632,244,1655,Dual1_regional,2807906081
Madrid,working,Full,connectors_shade,21,Morning,1632,244,1655,Dual1_regional,2807906094
Madrid,working,Full,connectors_shade,21,Morning,1632,244,1655,Dual1_regional,2807906103
Madrid,working,Full,connectors_shade,21,Morning,1632,244,1655,Dual1_regional,2807906105
Madrid,working,Full,connectors_shade,21,Morning,1632,244,1655,Dual1_regional,2807907102
Madrid,working,Full,connectors_shade,21,Morning,1632,244,1655,Dual1_regional,2807907114
Madrid,working,Full,connectors_shade,21,Morning,1632,244,1655,Dual1_regional,2807907122
Madrid,working,Full,connectors_shade,21,Morning,1632,244,1655,Dual1_regional,2807908030
Madrid,working,Full,connectors_shade,21,Morning,1632,244,1655,Dual1_regional,2807908031
Madrid,working,Full,connectors_shade,21,Morning,1632,244,1655,Dual1_regional,2807908034
Madrid,working,Full,connectors_shade,21,Morning,1632,244,1655,Dual1_regional,2807908036
Madrid,working,Full,connectors_shade,21,Morning,1632,244,1655,Dual1_regional,2807908041
Madrid,working,Full,connectors_shade,21,Morning,1632,244,1655,Dual1_regional,2807908044
Madrid,working,Full,connectors_shade,21,Morning,1632,244,1655,Dual1_regional,2807908045
Madrid,working,Full,connectors_shade,21,Morning,1632,244,1655,Dual1_regional,2807908052
Madrid,working,Full,connectors_shade,21,Morning,1632,244,1655,Dual1_regional,2807908095
Madrid,working,Full,connectors_shade,21,Morning,1632,244,1655,Dual1_regional,2807908096
Madrid,working,Full,connectors_shade,21,Morning,1632,244,1655,Dual1_regional,2807908099
Madrid,working,Full,connectors_shade,21,Morning,1632,244,1655,Dual1_regional,2807908115
Madrid,working,Full,connectors_shade,21,Morning,1632,244,1655,Dual1_regional,2807908116
Madrid,working,Full,connectors_shade,21,Morning,1632,244,1655,Dual1_regional,2807908123
Madrid,working,Full,connectors_shade,21,Morning,1632,244,1655,Dual1_regional,2807908124
Madrid,working,Full,connectors_shade,21,Morning,1632,244,1655,Dual1_regional,2807908125
Madrid,working,Full,connectors_shade,21,Morning,1632,244,1655,Dual1_regional,2807908137
Madrid,working,Full,connectors_shade,21,Morning,1632,244,1655,Dual1_regional,2807908143
Madrid,working,Full,connectors_shade,21,Morning,1632,244,1655,Dual1_regional,2807908148
Madrid,working,Full,connectors_shade,21,Morning,1632,244,1655,Dual1_regional,2807908163
Madrid,working,Full,connectors_shade,21,Morning,1632,244,1655,Dual1_regional,2807908174
Madrid,working,Full,connectors_shade,21,Morning,1632,244,1655,Dual1_regional,2807908182
Madrid,working,Full,connectors_shade,21,Morning,1632,244,1655,Dual1_regional,2807909019
Madrid,working,Full,connectors_shade,21,Morning,1632,244,1655,Dual1_regional,2807909038
Madrid,working,Full,connectors_shade,21,Morning,1632,244,1655,Dual1_regional,2807909041
Madrid,working,Full,connectors_shade,21,Morning,1632,244,1655,Dual1_regional,2807909051
Madrid,working,Full,connectors_shade,21,Morning,1632,244,1655,Dual1_regional,2807909052
Madrid,working,Full,connectors_shade,21,Morning,1632,244,1655,Dual1_regional,2807909063
Madrid,working,Full,connectors_shade,21,Morning,1632,244,1655,Dual1_regional,2807909082
Madrid,working,Full,connectors_shade,21,Morning,1632,244,1655,Dual1_regional,2807910012
Madrid,working,Full,connectors_shade,21,Morning,1632,244,1655,Dual1_regional,2807910081
Madrid,working,Full,connectors_shade,21,Morning,1632,244,1655,Dual1_regional,2807910106
Madrid,working,Full,connectors_shade,21,Morning,1632,244,1655,Dual1_regional,2807910107
Madrid,working,Full,connectors_shade,21,Morning,1632,244,1655,Dual1_regional,2807910114
Madrid,working,Full,connectors_shade,21,Morning,1632,244,1655,Dual1_regional,2807910115
Madrid,working,Full,connectors_shade,21,Morning,1632,244,1655,Dual1_regional,2807910117
Madrid,working,Full,connectors_shade,21,Morning,1632,244,1655,Dual1_regional,2807910118
Madrid,working,Full,connectors_shade,21,Morning,1632,244,1655,Dual1_regional,2807910119
Madrid,working,Full,connectors_shade,21,Morning,1632,244,1655,Dual1_regional,2807910129
Madrid,working,Full,connectors_shade,21,Morning,1632,244,1655,Dual1_regional,2807910130
Madrid,working,Full,connectors_shade,21,Morning,1632,244,1655,Dual1_regional,2807910131
Madrid,working,Full,connectors_shade,21,Morning,1632,244,1655,Dual1_regional,2807910133
Madrid,working,Full,connectors_shade,21,Morning,1632,244,1655,Dual1_regional,2807910138
Madrid,working,Full,connectors_shade,21,Morning,1632,244,1655,Dual1_regional,2807910152
Madrid,working,Full,connectors_shade,21,Morning,1632,244,1655,Dual1_regional,2807910164
Madrid,working,Full,connectors_shade,21,Morning,1632,244,1655,Dual1_regional,2807910181
Madrid,working,Full,connectors_shade,21,Morning,1632,244,1655,Dual1_regional,2807910182
Madrid,working,Full,connectors_shade,21,Morning,1632,244,1655,Dual1_regional,2807910184
Madrid,working,Full,connectors_shade,21,Morning,1632,244,1655,Dual1_regional,2807910191
Madrid,working,Full,connectors_shade,21,Morning,1632,244,1655,Dual1_regional,2807910192
Madrid,working,Full,connectors_shade,21,Morning,1632,244,1655,Dual1_regional,2807910198
Madrid,working,Full,connectors_shade,21,Morning,1632,244,1655,Dual1_regional,2807910199
Madrid,working,Full,connectors_shade,21,Morning,1632,244,1655,Dual1_regional,2807910202
Madrid,working,Full,connectors_shade,21,Morning,1632,244,1655,Dual1_regional,2807910203
Madrid,working,Full,connectors_shade,21,Morning,1632,244,1655,Dual1_regional,2807910209
Madrid,working,Full,connectors_shade,21,Morning,1632,244,1655,Dual1_regional,2807910210
Madrid,working,Full,connectors_shade,21,Morning,1632,244,1655,Dual1_regional,2807911001
Madrid,working,Full,connectors_shade,21,Morning,1632,244,1655,Dual1_regional,2807911031
Madrid,working,Full,connectors_shade,21,Morning,1632,244,1655,Dual1_regional,2807911044
Madrid,working,Full,connectors_shade,21,Morning,1632,244,1655,Dual1_regional,2807911049
Madrid,working,Full,connectors_shade,21,Morning,1632,244,1655,Dual1_regional,2807911063
Madrid,working,Full,connectors_shade,21,Morning,1632,244,1655,Dual1_regional,2807911068
Madrid,working,Full,connectors_shade,21,Morning,1632,244,1655,Dual1_regional,2807911069
Madrid,working,Full,connectors_shade,21,Morning,1632,244,1655,Dual1_regional,2807911071
Madrid,working,Full,connectors_shade,21,Morning,1632,244,1655,Dual1_regional,2807911094
Madrid,working,Full,connectors_shade,21,Morning,1632,244,1655,Dual1_regional,2807911132
Madrid,working,Full,connectors_shade,21,Morning,1632,244,1655,Dual1_regional,2807911137
Madrid,working,Full,connectors_shade,21,Morning,1632,244,1655,Dual1_regional,2807911141
Madrid,working,Full,connectors_shade,21,Morning,1632,244,1655,Dual1_regional,2807911161
Madrid,working,Full,connectors_shade,21,Morning,1632,244,1655,Dual1_regional,2807911162
Madrid,working,Full,connectors_shade,21,Morning,1632,244,1655,Dual1_regional,2807911163
Madrid,working,Full,connectors_shade,21,Morning,1632,244,1655,Dual1_regional,2807911165
Madrid,working,Full,connectors_shade,21,Morning,1632,244,1655,Dual1_regional,2807911167
Madrid,working,Full,connectors_shade,21,Morning,1632,244,1655,Dual1_regional,2807911168
Madrid,working,Full,connectors_shade,21,Morning,1632,244,1655,Dual1_regional,2807911177
Madrid,working,Full,connectors_shade,21,Morning,1632,244,1655,Dual1_regional,2807911180
Madrid,working,Full,connectors_shade,21,Morning,1632,244,1655,Dual1_regional,2807911181
Madrid,working,Full,connectors_shade,21,Morning,1632,244,1655,Dual1_regional,2807912008
Madrid,working,Full,connectors_shade,21,Morning,1632,244,1655,Dual1_regional,2807912018
Madrid,working,Full,connectors_shade,21,Morning,1632,244,1655,Dual1_regional,2807912019
Madrid,working,Full,connectors_shade,21,Morning,1632,244,1655,Dual1_regional,2807912020
Madrid,working,Full,connectors_shade,21,Morning,1632,244,1655,Dual1_regional,2807912022
Madrid,working,Full,connectors_shade,21,Morning,1632,244,1655,Dual1_regional,2807912023
Madrid,working,Full,connectors_shade,21,Morning,1632,244,1655,Dual1_regional,2807912024
Madrid,working,Full,connectors_shade,21,Morning,1632,244,1655,Dual1_regional,2807912032
Madrid,working,Full,connectors_shade,21,Morning,1632,244,1655,Dual1_regional,2807912034
Madrid,working,Full,connectors_shade,21,Morning,1632,244,1655,Dual1_regional,2807912071
Madrid,working,Full,connectors_shade,21,Morning,1632,244,1655,Dual1_regional,2807912080
Madrid,working,Full,connectors_shade,21,Morning,1632,244,1655,Dual1_regional,2807912086
Madrid,working,Full,connectors_shade,21,Morning,1632,244,1655,Dual1_regional,2807912091
Madrid,working,Full,connectors_shade,21,Morning,1632,244,1655,Dual1_regional,2807912100
Madrid,working,Full,connectors_shade,21,Morning,1632,244,1655,Dual1_regional,2807912107
Madrid,working,Full,connectors_shade,21,Morning,1632,244,1655,Dual1_regional,2807912110
Madrid,working,Full,connectors_shade,21,Morning,1632,244,1655,Dual1_regional,2807913016
Madrid,working,Full,connectors_shade,21,Morning,1632,244,1655,Dual1_regional,2807913018
Madrid,working,Full,connectors_shade,21,Morning,1632,244,1655,Dual1_regional,2807913021
Madrid,working,Full,connectors_shade,21,Morning,1632,244,1655,Dual1_regional,2807913029
Madrid,working,Full,connectors_shade,21,Morning,1632,244,1655,Dual1_regional,2807913030
Madrid,working,Full,connectors_shade,21,Morning,1632,244,1655,Dual1_regional,2807913032
Madrid,working,Full,connectors_shade,21,Morning,1632,244,1655,Dual1_regional,2807913035
Madrid,working,Full,connectors_shade,21,Morning,1632,244,1655,Dual1_regional,2807913137
Madrid,working,Full,connectors_shade,21,Morning,1632,244,1655,Dual1_regional,2807913144
Madrid,working,Full,connectors_shade,21,Morning,1632,244,1655,Dual1_regional,2807913163
Madrid,working,Full,connectors_shade,21,Morning,1632,244,1655,Dual1_regional,2807913164
Madrid,working,Full,connectors_shade,21,Morning,1632,244,1655,Dual1_regional,2807913166
Madrid,working,Full,connectors_shade,21,Morning,1632,244,1655,Dual1_regional,2807913169
Madrid,working,Full,connectors_shade,21,Morning,1632,244,1655,Dual1_regional,2807913172
Madrid,working,Full,connectors_shade,21,Morning,1632,244,1655,Dual1_regional,2807913174
Madrid,working,Full,connectors_shade,21,Morning,1632,244,1655,Dual1_regional,2807913180
Madrid,working,Full,connectors_shade,21,Morning,1632,244,1655,Dual1_regional,2807913182
Madrid,working,Full,connectors_shade,21,Morning,1632,244,1655,Dual1_regional,2807913184
Madrid,working,Full,connectors_shade,21,Morning,1632,244,1655,Dual1_regional,2807913186
Madrid,working,Full,connectors_shade,21,Morning,1632,244,1655,Dual1_regional,2807913199
Madrid,working,Full,connectors_shade,21,Morning,1632,244,1655,Dual1_regional,2807913201
Madrid,working,Full,connectors_shade,21,Morning,1632,244,1655,Dual1_regional,2807913202
Madrid,working,Full,connectors_shade,21,Morning,1632,244,1655,Dual1_regional,2807914018
Madrid,working,Full,connectors_shade,21,Morning,1632,244,1655,Dual1_regional,2807914083
Madrid,working,Full,connectors_shade,21,Morning,1632,244,1655,Dual1_regional,2807915027
Madrid,working,Full,connectors_shade,21,Morning,1632,244,1655,Dual1_regional,2807915029
Madrid,working,Full,connectors_shade,21,Morning,1632,244,1655,Dual1_regional,2807915032
Madrid,working,Full,connectors_shade,21,Morning,1632,244,1655,Dual1_regional,2807915062
Madrid,working,Full,connectors_shade,21,Morning,1632,244,1655,Dual1_regional,2807915067
Madrid,working,Full,connectors_shade,21,Morning,1632,244,1655,Dual1_regional,2807915069
Madrid,working,Full,connectors_shade,21,Morning,1632,244,1655,Dual1_regional,2807915070
Madrid,working,Full,connectors_shade,21,Morning,1632,244,1655,Dual1_regional,2807915074
Madrid,working,Full,connectors_shade,21,Morning,1632,244,1655,Dual1_regional,2807915075
Madrid,working,Full,connectors_shade,21,Morning,1632,244,1655,Dual1_regional,2807915076
Madrid,working,Full,connectors_shade,21,Morning,1632,244,1655,Dual1_regional,2807915090
Madrid,working,Full,connectors_shade,21,Morning,1632,244,1655,Dual1_regional,2807915092
Madrid,working,Full,connectors_shade,21,Morning,1632,244,1655,Dual1_regional,2807915103
Madrid,working,Full,connectors_shade,21,Morning,1632,244,1655,Dual1_regional,2807915106
Madrid,working,Full,connectors_shade,21,Morning,1632,244,1655,Dual1_regional,2807915119
Madrid,working,Full,connectors_shade,21,Morning,1632,244,1655,Dual1_regional,2807915133
Madrid,working,Full,connectors_shade,21,Morning,1632,244,1655,Dual1_regional,2807915134
Madrid,working,Full,connectors_shade,21,Morning,1632,244,1655,Dual1_regional,2807915135
Madrid,working,Full,connectors_shade,21,Morning,1632,244,1655,Dual1_regional,2807915163
Madrid,working,Full,connectors_shade,21,Morning,1632,244,1655,Dual1_regional,2807915171
Madrid,working,Full,connectors_shade,21,Morning,1632,244,1655,Dual1_regional,2807916022
Madrid,working,Full,connectors_shade,21,Morning,1632,244,1655,Dual1_regional,2807916024
Madrid,working,Full,connectors_shade,21,Morning,1632,244,1655,Dual1_regional,2807916030
Madrid,working,Full,connectors_shade,21,Morning,1632,244,1655,Dual1_regional,2807916031
Madrid,working,Full,connectors_shade,21,Morning,1632,244,1655,Dual1_regional,2807916032
Madrid,working,Full,connectors_shade,21,Morning,1632,244,1655,Dual1_regional,2807916034
Madrid,working,Full,connectors_shade,21,Morning,1632,244,1655,Dual1_regional,2807916035
Madrid,working,Full,connectors_shade,21,Morning,1632,244,1655,Dual1_regional,2807916042
Madrid,working,Full,connectors_shade,21,Morning,1632,244,1655,Dual1_regional,2807916043
Madrid,working,Full,connectors_shade,21,Morning,1632,244,1655,Dual1_regional,2807916044
Madrid,working,Full,connectors_shade,21,Morning,1632,244,1655,Dual1_regional,2807916045
Madrid,working,Full,connectors_shade,21,Morning,1632,244,1655,Dual1_regional,2807916052
Madrid,working,Full,connectors_shade,21,Morning,1632,244,1655,Dual1_regional,2807916061
Madrid,working,Full,connectors_shade,21,Morning,1632,244,1655,Dual1_regional,2807916069
Madrid,working,Full,connectors_shade,21,Morning,1632,244,1655,Dual1_regional,2807916070
Madrid,working,Full,connectors_shade,21,Morning,1632,244,1655,Dual1_regional,2807916071
Madrid,working,Full,connectors_shade,21,Morning,1632,244,1655,Dual1_regional,2807916073
Madrid,working,Full,connectors_shade,21,Morning,1632,244,1655,Dual1_regional,2807916075
Madrid,working,Full,connectors_shade,21,Morning,1632,244,1655,Dual1_regional,2807916076
Madrid,working,Full,connectors_shade,21,Morning,1632,244,1655,Dual1_regional,2807916077
Madrid,working,Full,connectors_shade,21,Morning,1632,244,1655,Dual1_regional,2807916079
Madrid,working,Full,connectors_shade,21,Morning,1632,244,1655,Dual1_regional,2807916085
Madrid,working,Full,connectors_shade,21,Morning,1632,244,1655,Dual1_regional,2807916086
Madrid,working,Full,connectors_shade,21,Morning,1632,244,1655,Dual1_regional,2807916087
Madrid,working,Full,connectors_shade,21,Morning,1632,244,1655,Dual1_regional,2807916088
Madrid,working,Full,connectors_shade,21,Morning,1632,244,1655,Dual1_regional,2807916090
Madrid,working,Full,connectors_shade,21,Morning,1632,244,1655,Dual1_regional,2807916098
Madrid,working,Full,connectors_shade,21,Morning,1632,244,1655,Dual1_regional,2807916099
Madrid,working,Full,connectors_shade,21,Morning,1632,244,1655,Dual1_regional,2807916102
Madrid,working,Full,connectors_shade,21,Morning,1632,244,1655,Dual1_regional,2807916115
Madrid,working,Full,connectors_shade,21,Morning,1632,244,1655,Dual1_regional,2807916125
Madrid,working,Full,connectors_shade,21,Morning,1632,244,1655,Dual1_regional,2807917004
Madrid,working,Full,connectors_shade,21,Morning,1632,244,1655,Dual1_regional,2807917008
Madrid,working,Full,connectors_shade,21,Morning,1632,244,1655,Dual1_regional,2807917017
Madrid,working,Full,connectors_shade,21,Morning,1632,244,1655,Dual1_regional,2807917026
Madrid,working,Full,connectors_shade,21,Morning,1632,244,1655,Dual1_regional,2807917057
Madrid,working,Full,connectors_shade,21,Morning,1632,244,1655,Dual1_regional,2807917087
Madrid,working,Full,connectors_shade,21,Morning,1632,244,1655,Dual1_regional,2807917090
Madrid,working,Full,connectors_shade,21,Morning,1632,244,1655,Dual1_regional,2807917094
Madrid,working,Full,connectors_shade,21,Morning,1632,244,1655,Dual1_regional,2807917095
Madrid,working,Full,connectors_shade,21,Morning,1632,244,1655,Dual1_regional,2807917101
Madrid,working,Full,connectors_shade,21,Morning,1632,244,1655,Dual1_regional,2807917109
Madrid,working,Full,connectors_shade,21,Morning,1632,244,1655,Dual1_regional,2807918019
Madrid,working,Full,connectors_shade,21,Morning,1632,244,1655,Dual1_regional,2807918021
Madrid,working,Full,connectors_shade,21,Morning,1632,244,1655,Dual1_regional,2807918042
Madrid,working,Full,connectors_shade,21,Morning,1632,244,1655,Dual1_regional,2807918043
Madrid,working,Full,connectors_shade,21,Morning,1632,244,1655,Dual1_regional,2807919008
Madrid,working,Full,connectors_shade,21,Morning,1632,244,1655,Dual1_regional,2807919011
Madrid,working,Full,connectors_shade,21,Morning,1632,244,1655,Dual1_regional,2807919019
Madrid,working,Full,connectors_shade,21,Morning,1632,244,1655,Dual1_regional,2807919021
Madrid,working,Full,connectors_shade,21,Morning,1632,244,1655,Dual1_regional,2807919023
Madrid,working,Full,connectors_shade,21,Morning,1632,244,1655,Dual1_regional,2807919028
Madrid,working,Full,connectors_shade,21,Morning,1632,244,1655,Dual1_regional,2807920066
Madrid,working,Full,connectors_shade,21,Morning,1632,244,1655,Dual1_regional,2807920078
Madrid,working,Full,connectors_shade,21,Morning,1632,244,1655,Dual1_regional,2807920085
Madrid,working,Full,connectors_shade,21,Morning,1632,244,1655,Dual1_regional,2807920088
Madrid,working,Full,connectors_shade,21,Morning,1632,244,1655,Dual1_regional,2807920090
Madrid,working,Full,connectors_shade,21,Morning,1632,244,1655,Dual1_regional,2807920093
Madrid,working,Full,connectors_shade,21,Morning,1632,244,1655,Dual1_regional,2807920102
Madrid,working,Full,connectors_shade,21,Morning,1632,244,1655,Dual1_regional,2807920112
Madrid,working,Full,connectors_shade,21,Morning,1632,244,1655,Dual1_regional,2807921009
Madrid,working,Full,connectors_shade,21,Morning,1632,244,1655,Dual1_regional,2807921018
Madrid,working,Full,connectors_shade,21,Morning,1632,244,1655,Dual1_regional,2807921020
Madrid,working,Full,connectors_shade,21,Morning,1632,244,1655,Dual1_uniform_area,2807902006
Madrid,working,Full,connectors_shade,21,Morning,1632,244,1655,Dual1_uniform_area,2807902011
Madrid,working,Full,connectors_shade,21,Morning,1632,244,1655,Dual1_uniform_area,2807902016
Madrid,working,Full,connectors_shade,21,Morning,1632,244,1655,Dual1_uniform_area,2807902018
Madrid,working,Full,connectors_shade,21,Morning,1632,244,1655,Dual1_uniform_area,2807902031
Madrid,working,Full,connectors_shade,21,Morning,1632,244,1655,Dual1_uniform_area,2807902066
Madrid,working,Full,connectors_shade,21,Morning,1632,244,1655,Dual1_uniform_area,2807902087
Madrid,working,Full,connectors_shade,21,Morning,1632,244,1655,Dual1_uniform_area,2807902092
Madrid,working,Full,connectors_shade,21,Morning,1632,244,1655,Dual1_uniform_area,2807903018
Madrid,working,Full,connectors_shade,21,Morning,1632,244,1655,Dual1_uniform_area,2807903019
Madrid,working,Full,connectors_shade,21,Morning,1632,244,1655,Dual1_uniform_area,2807903031
Madrid,working,Full,connectors_shade,21,Morning,1632,244,1655,Dual1_uniform_area,2807903078
Madrid,working,Full,connectors_shade,21,Morning,1632,244,1655,Dual1_uniform_area,2807903089
Madrid,working,Full,connectors_shade,21,Morning,1632,244,1655,Dual1_uniform_area,2807903098
Madrid,working,Full,connectors_shade,21,Morning,1632,244,1655,Dual1_uniform_area,2807904047
Madrid,working,Full,connectors_shade,21,Morning,1632,244,1655,Dual1_uniform_area,2807904054
Madrid,working,Full,connectors_shade,21,Morning,1632,244,1655,Dual1_uniform_area,2807904060
Madrid,working,Full,connectors_shade,21,Morning,1632,244,1655,Dual1_uniform_area,2807904070
Madrid,working,Full,connectors_shade,21,Morning,1632,244,1655,Dual1_uniform_area,2807904073
Madrid,working,Full,connectors_shade,21,Morning,1632,244,1655,Dual1_uniform_area,2807904074
Madrid,working,Full,connectors_shade,21,Morning,1632,244,1655,Dual1_uniform_area,2807904076
Madrid,working,Full,connectors_shade,21,Morning,1632,244,1655,Dual1_uniform_area,2807904077
Madrid,working,Full,connectors_shade,21,Morning,1632,244,1655,Dual1_uniform_area,2807904081
Madrid,working,Full,connectors_shade,21,Morning,1632,244,1655,Dual1_uniform_area,2807905027
Madrid,working,Full,connectors_shade,21,Morning,1632,244,1655,Dual1_uniform_area,2807905033
Madrid,working,Full,connectors_shade,21,Morning,1632,244,1655,Dual1_uniform_area,2807905038
Madrid,working,Full,connectors_shade,21,Morning,1632,244,1655,Dual1_uniform_area,2807905039
Madrid,working,Full,connectors_shade,21,Morning,1632,244,1655,Dual1_uniform_area,2807905044
Madrid,working,Full,connectors_shade,21,Morning,1632,244,1655,Dual1_uniform_area,2807905061
Madrid,working,Full,connectors_shade,21,Morning,1632,244,1655,Dual1_uniform_area,2807905066
Madrid,working,Full,connectors_shade,21,Morning,1632,244,1655,Dual1_uniform_area,2807905067
Madrid,working,Full,connectors_shade,21,Morning,1632,244,1655,Dual1_uniform_area,2807905068
Madrid,working,Full,connectors_shade,21,Morning,1632,244,1655,Dual1_uniform_area,2807905095
Madrid,working,Full,connectors_shade,21,Morning,1632,244,1655,Dual1_uniform_area,2807906010
Madrid,working,Full,connectors_shade,21,Morning,1632,244,1655,Dual1_uniform_area,2807906033
Madrid,working,Full,connectors_shade,21,Morning,1632,244,1655,Dual1_uniform_area,2807906035
Madrid,working,Full,connectors_shade,21,Morning,1632,244,1655,Dual1_uniform_area,2807906066
Madrid,working,Full,connectors_shade,21,Morning,1632,244,1655,Dual1_uniform_area,2807906072
Madrid,working,Full,connectors_shade,21,Morning,1632,244,1655,Dual1_uniform_area,2807906075
Madrid,working,Full,connectors_shade,21,Morning,1632,244,1655,Dual1_uniform_area,2807906081
Madrid,working,Full,connectors_shade,21,Morning,1632,244,1655,Dual1_uniform_area,2807906094
Madrid,working,Full,connectors_shade,21,Morning,1632,244,1655,Dual1_uniform_area,2807906103
Madrid,working,Full,connectors_shade,21,Morning,1632,244,1655,Dual1_uniform_area,2807906105
Madrid,working,Full,connectors_shade,21,Morning,1632,244,1655,Dual1_uniform_area,2807907102
Madrid,working,Full,connectors_shade,21,Morning,1632,244,1655,Dual1_uniform_area,2807907114
Madrid,working,Full,connectors_shade,21,Morning,1632,244,1655,Dual1_uniform_area,2807908030
Madrid,working,Full,connectors_shade,21,Morning,1632,244,1655,Dual1_uniform_area,2807908031
Madrid,working,Full,connectors_shade,21,Morning,1632,244,1655,Dual1_uniform_area,2807908034
Madrid,working,Full,connectors_shade,21,Morning,1632,244,1655,Dual1_uniform_area,2807908036
Madrid,working,Full,connectors_shade,21,Morning,1632,244,1655,Dual1_uniform_area,2807908044
Madrid,working,Full,connectors_shade,21,Morning,1632,244,1655,Dual1_uniform_area,2807908045
Madrid,working,Full,connectors_shade,21,Morning,1632,244,1655,Dual1_uniform_area,2807908052
Madrid,working,Full,connectors_shade,21,Morning,1632,244,1655,Dual1_uniform_area,2807908095
Madrid,working,Full,connectors_shade,21,Morning,1632,244,1655,Dual1_uniform_area,2807908096
Madrid,working,Full,connectors_shade,21,Morning,1632,244,1655,Dual1_uniform_area,2807908099
Madrid,working,Full,connectors_shade,21,Morning,1632,244,1655,Dual1_uniform_area,2807908115
Madrid,working,Full,connectors_shade,21,Morning,1632,244,1655,Dual1_uniform_area,2807908116
Madrid,working,Full,connectors_shade,21,Morning,1632,244,1655,Dual1_uniform_area,2807908123
Madrid,working,Full,connectors_shade,21,Morning,1632,244,1655,Dual1_uniform_area,2807908124
Madrid,working,Full,connectors_shade,21,Morning,1632,244,1655,Dual1_uniform_area,2807908125
Madrid,working,Full,connectors_shade,21,Morning,1632,244,1655,Dual1_uniform_area,2807908137
Madrid,working,Full,connectors_shade,21,Morning,1632,244,1655,Dual1_uniform_area,2807908143
Madrid,working,Full,connectors_shade,21,Morning,1632,244,1655,Dual1_uniform_area,2807908144
Madrid,working,Full,connectors_shade,21,Morning,1632,244,1655,Dual1_uniform_area,2807908145
Madrid,working,Full,connectors_shade,21,Morning,1632,244,1655,Dual1_uniform_area,2807908148
Madrid,working,Full,connectors_shade,21,Morning,1632,244,1655,Dual1_uniform_area,2807908163
Madrid,working,Full,connectors_shade,21,Morning,1632,244,1655,Dual1_uniform_area,2807908174
Madrid,working,Full,connectors_shade,21,Morning,1632,244,1655,Dual1_uniform_area,2807908182
Madrid,working,Full,connectors_shade,21,Morning,1632,244,1655,Dual1_uniform_area,2807909019
Madrid,working,Full,connectors_shade,21,Morning,1632,244,1655,Dual1_uniform_area,2807909038
Madrid,working,Full,connectors_shade,21,Morning,1632,244,1655,Dual1_uniform_area,2807909041
Madrid,working,Full,connectors_shade,21,Morning,1632,244,1655,Dual1_uniform_area,2807909051
Madrid,working,Full,connectors_shade,21,Morning,1632,244,1655,Dual1_uniform_area,2807909052
Madrid,working,Full,connectors_shade,21,Morning,1632,244,1655,Dual1_uniform_area,2807909063
Madrid,working,Full,connectors_shade,21,Morning,1632,244,1655,Dual1_uniform_area,2807909082
Madrid,working,Full,connectors_shade,21,Morning,1632,244,1655,Dual1_uniform_area,2807910012
Madrid,working,Full,connectors_shade,21,Morning,1632,244,1655,Dual1_uniform_area,2807910081
Madrid,working,Full,connectors_shade,21,Morning,1632,244,1655,Dual1_uniform_area,2807910106
Madrid,working,Full,connectors_shade,21,Morning,1632,244,1655,Dual1_uniform_area,2807910107
Madrid,working,Full,connectors_shade,21,Morning,1632,244,1655,Dual1_uniform_area,2807910114
Madrid,working,Full,connectors_shade,21,Morning,1632,244,1655,Dual1_uniform_area,2807910115
Madrid,working,Full,connectors_shade,21,Morning,1632,244,1655,Dual1_uniform_area,2807910117
Madrid,working,Full,connectors_shade,21,Morning,1632,244,1655,Dual1_uniform_area,2807910118
Madrid,working,Full,connectors_shade,21,Morning,1632,244,1655,Dual1_uniform_area,2807910119
Madrid,working,Full,connectors_shade,21,Morning,1632,244,1655,Dual1_uniform_area,2807910129
Madrid,working,Full,connectors_shade,21,Morning,1632,244,1655,Dual1_uniform_area,2807910130
Madrid,working,Full,connectors_shade,21,Morning,1632,244,1655,Dual1_uniform_area,2807910131
Madrid,working,Full,connectors_shade,21,Morning,1632,244,1655,Dual1_uniform_area,2807910133
Madrid,working,Full,connectors_shade,21,Morning,1632,244,1655,Dual1_uniform_area,2807910138
Madrid,working,Full,connectors_shade,21,Morning,1632,244,1655,Dual1_uniform_area,2807910152
Madrid,working,Full,connectors_shade,21,Morning,1632,244,1655,Dual1_uniform_area,2807910164
Madrid,working,Full,connectors_shade,21,Morning,1632,244,1655,Dual1_uniform_area,2807910181
Madrid,working,Full,connectors_shade,21,Morning,1632,244,1655,Dual1_uniform_area,2807910182
Madrid,working,Full,connectors_shade,21,Morning,1632,244,1655,Dual1_uniform_area,2807910184
Madrid,working,Full,connectors_shade,21,Morning,1632,244,1655,Dual1_uniform_area,2807910191
Madrid,working,Full,connectors_shade,21,Morning,1632,244,1655,Dual1_uniform_area,2807910192
Madrid,working,Full,connectors_shade,21,Morning,1632,244,1655,Dual1_uniform_area,2807910198
Madrid,working,Full,connectors_shade,21,Morning,1632,244,1655,Dual1_uniform_area,2807910199
Madrid,working,Full,connectors_shade,21,Morning,1632,244,1655,Dual1_uniform_area,2807910202
Madrid,working,Full,connectors_shade,21,Morning,1632,244,1655,Dual1_uniform_area,2807910203
Madrid,working,Full,connectors_shade,21,Morning,1632,244,1655,Dual1_uniform_area,2807910209
Madrid,working,Full,connectors_shade,21,Morning,1632,244,1655,Dual1_uniform_area,2807910210
Madrid,working,Full,connectors_shade,21,Morning,1632,244,1655,Dual1_uniform_area,2807911001
Madrid,working,Full,connectors_shade,21,Morning,1632,244,1655,Dual1_uniform_area,2807911031
Madrid,working,Full,connectors_shade,21,Morning,1632,244,1655,Dual1_uniform_area,2807911044
Madrid,working,Full,connectors_shade,21,Morning,1632,244,1655,Dual1_uniform_area,2807911049
Madrid,working,Full,connectors_shade,21,Morning,1632,244,1655,Dual1_uniform_area,2807911063
Madrid,working,Full,connectors_shade,21,Morning,1632,244,1655,Dual1_uniform_area,2807911068
Madrid,working,Full,connectors_shade,21,Morning,1632,244,1655,Dual1_uniform_area,2807911069
Madrid,working,Full,connectors_shade,21,Morning,1632,244,1655,Dual1_uniform_area,2807911071
Madrid,working,Full,connectors_shade,21,Morning,1632,244,1655,Dual1_uniform_area,2807911094
Madrid,working,Full,connectors_shade,21,Morning,1632,244,1655,Dual1_uniform_area,2807911132
Madrid,working,Full,connectors_shade,21,Morning,1632,244,1655,Dual1_uniform_area,2807911137
Madrid,working,Full,connectors_shade,21,Morning,1632,244,1655,Dual1_uniform_area,2807911141
Madrid,working,Full,connectors_shade,21,Morning,1632,244,1655,Dual1_uniform_area,2807911161
Madrid,working,Full,connectors_shade,21,Morning,1632,244,1655,Dual1_uniform_area,2807911163
Madrid,working,Full,connectors_shade,21,Morning,1632,244,1655,Dual1_uniform_area,2807911165
Madrid,working,Full,connectors_shade,21,Morning,1632,244,1655,Dual1_uniform_area,2807911167
Madrid,working,Full,connectors_shade,21,Morning,1632,244,1655,Dual1_uniform_area,2807911168
Madrid,working,Full,connectors_shade,21,Morning,1632,244,1655,Dual1_uniform_area,2807911176
Madrid,working,Full,connectors_shade,21,Morning,1632,244,1655,Dual1_uniform_area,2807911177
Madrid,working,Full,connectors_shade,21,Morning,1632,244,1655,Dual1_uniform_area,2807911180
Madrid,working,Full,connectors_shade,21,Morning,1632,244,1655,Dual1_uniform_area,2807911181
Madrid,working,Full,connectors_shade,21,Morning,1632,244,1655,Dual1_uniform_area,2807912008
Madrid,working,Full,connectors_shade,21,Morning,1632,244,1655,Dual1_uniform_area,2807912018
Madrid,working,Full,connectors_shade,21,Morning,1632,244,1655,Dual1_uniform_area,2807912019
Madrid,working,Full,connectors_shade,21,Morning,1632,244,1655,Dual1_uniform_area,2807912020
Madrid,working,Full,connectors_shade,21,Morning,1632,244,1655,Dual1_uniform_area,2807912022
Madrid,working,Full,connectors_shade,21,Morning,1632,244,1655,Dual1_uniform_area,2807912023
Madrid,working,Full,connectors_shade,21,Morning,1632,244,1655,Dual1_uniform_area,2807912024
Madrid,working,Full,connectors_shade,21,Morning,1632,244,1655,Dual1_uniform_area,2807912032
Madrid,working,Full,connectors_shade,21,Morning,1632,244,1655,Dual1_uniform_area,2807912034
Madrid,working,Full,connectors_shade,21,Morning,1632,244,1655,Dual1_uniform_area,2807912071
Madrid,working,Full,connectors_shade,21,Morning,1632,244,1655,Dual1_uniform_area,2807912080
Madrid,working,Full,connectors_shade,21,Morning,1632,244,1655,Dual1_uniform_area,2807912086
Madrid,working,Full,connectors_shade,21,Morning,1632,244,1655,Dual1_uniform_area,2807912091
Madrid,working,Full,connectors_shade,21,Morning,1632,244,1655,Dual1_uniform_area,2807912100
Madrid,working,Full,connectors_shade,21,Morning,1632,244,1655,Dual1_uniform_area,2807912107
Madrid,working,Full,connectors_shade,21,Morning,1632,244,1655,Dual1_uniform_area,2807912110
Madrid,working,Full,connectors_shade,21,Morning,1632,244,1655,Dual1_uniform_area,2807913016
Madrid,working,Full,connectors_shade,21,Morning,1632,244,1655,Dual1_uniform_area,2807913018
Madrid,working,Full,connectors_shade,21,Morning,1632,244,1655,Dual1_uniform_area,2807913021
Madrid,working,Full,connectors_shade,21,Morning,1632,244,1655,Dual1_uniform_area,2807913029
Madrid,working,Full,connectors_shade,21,Morning,1632,244,1655,Dual1_uniform_area,2807913030
Madrid,working,Full,connectors_shade,21,Morning,1632,244,1655,Dual1_uniform_area,2807913032
Madrid,working,Full,connectors_shade,21,Morning,1632,244,1655,Dual1_uniform_area,2807913035
Madrid,working,Full,connectors_shade,21,Morning,1632,244,1655,Dual1_uniform_area,2807913137
Madrid,working,Full,connectors_shade,21,Morning,1632,244,1655,Dual1_uniform_area,2807913144
Madrid,working,Full,connectors_shade,21,Morning,1632,244,1655,Dual1_uniform_area,2807913163
Madrid,working,Full,connectors_shade,21,Morning,1632,244,1655,Dual1_uniform_area,2807913164
Madrid,working,Full,connectors_shade,21,Morning,1632,244,1655,Dual1_uniform_area,2807913166
Madrid,working,Full,connectors_shade,21,Morning,1632,244,1655,Dual1_uniform_area,2807913169
Madrid,working,Full,connectors_shade,21,Morning,1632,244,1655,Dual1_uniform_area,2807913172
Madrid,working,Full,connectors_shade,21,Morning,1632,244,1655,Dual1_uniform_area,2807913174
Madrid,working,Full,connectors_shade,21,Morning,1632,244,1655,Dual1_uniform_area,2807913180
Madrid,working,Full,connectors_shade,21,Morning,1632,244,1655,Dual1_uniform_area,2807913182
Madrid,working,Full,connectors_shade,21,Morning,1632,244,1655,Dual1_uniform_area,2807913184
Madrid,working,Full,connectors_shade,21,Morning,1632,244,1655,Dual1_uniform_area,2807913186
Madrid,working,Full,connectors_shade,21,Morning,1632,244,1655,Dual1_uniform_area,2807913199
Madrid,working,Full,connectors_shade,21,Morning,1632,244,1655,Dual1_uniform_area,2807913201
Madrid,working,Full,connectors_shade,21,Morning,1632,244,1655,Dual1_uniform_area,2807913202
Madrid,working,Full,connectors_shade,21,Morning,1632,244,1655,Dual1_uniform_area,2807914018
Madrid,working,Full,connectors_shade,21,Morning,1632,244,1655,Dual1_uniform_area,2807914083
Madrid,working,Full,connectors_shade,21,Morning,1632,244,1655,Dual1_uniform_area,2807915027
Madrid,working,Full,connectors_shade,21,Morning,1632,244,1655,Dual1_uniform_area,2807915029
Madrid,working,Full,connectors_shade,21,Morning,1632,244,1655,Dual1_uniform_area,2807915032
Madrid,working,Full,connectors_shade,21,Morning,1632,244,1655,Dual1_uniform_area,2807915062
Madrid,working,Full,connectors_shade,21,Morning,1632,244,1655,Dual1_uniform_area,2807915067
Madrid,working,Full,connectors_shade,21,Morning,1632,244,1655,Dual1_uniform_area,2807915069
Madrid,working,Full,connectors_shade,21,Morning,1632,244,1655,Dual1_uniform_area,2807915070
Madrid,working,Full,connectors_shade,21,Morning,1632,244,1655,Dual1_uniform_area,2807915074
Madrid,working,Full,connectors_shade,21,Morning,1632,244,1655,Dual1_uniform_area,2807915075
Madrid,working,Full,connectors_shade,21,Morning,1632,244,1655,Dual1_uniform_area,2807915076
Madrid,working,Full,connectors_shade,21,Morning,1632,244,1655,Dual1_uniform_area,2807915092
Madrid,working,Full,connectors_shade,21,Morning,1632,244,1655,Dual1_uniform_area,2807915103
Madrid,working,Full,connectors_shade,21,Morning,1632,244,1655,Dual1_uniform_area,2807915106
Madrid,working,Full,connectors_shade,21,Morning,1632,244,1655,Dual1_uniform_area,2807915119
Madrid,working,Full,connectors_shade,21,Morning,1632,244,1655,Dual1_uniform_area,2807915134
Madrid,working,Full,connectors_shade,21,Morning,1632,244,1655,Dual1_uniform_area,2807915135
Madrid,working,Full,connectors_shade,21,Morning,1632,244,1655,Dual1_uniform_area,2807915163
Madrid,working,Full,connectors_shade,21,Morning,1632,244,1655,Dual1_uniform_area,2807915171
Madrid,working,Full,connectors_shade,21,Morning,1632,244,1655,Dual1_uniform_area,2807916022
Madrid,working,Full,connectors_shade,21,Morning,1632,244,1655,Dual1_uniform_area,2807916024
Madrid,working,Full,connectors_shade,21,Morning,1632,244,1655,Dual1_uniform_area,2807916030
Madrid,working,Full,connectors_shade,21,Morning,1632,244,1655,Dual1_uniform_area,2807916031
Madrid,working,Full,connectors_shade,21,Morning,1632,244,1655,Dual1_uniform_area,2807916032
Madrid,working,Full,connectors_shade,21,Morning,1632,244,1655,Dual1_uniform_area,2807916034
Madrid,working,Full,connectors_shade,21,Morning,1632,244,1655,Dual1_uniform_area,2807916035
Madrid,working,Full,connectors_shade,21,Morning,1632,244,1655,Dual1_uniform_area,2807916042
Madrid,working,Full,connectors_shade,21,Morning,1632,244,1655,Dual1_uniform_area,2807916043
Madrid,working,Full,connectors_shade,21,Morning,1632,244,1655,Dual1_uniform_area,2807916044
Madrid,working,Full,connectors_shade,21,Morning,1632,244,1655,Dual1_uniform_area,2807916045
Madrid,working,Full,connectors_shade,21,Morning,1632,244,1655,Dual1_uniform_area,2807916052
Madrid,working,Full,connectors_shade,21,Morning,1632,244,1655,Dual1_uniform_area,2807916061
Madrid,working,Full,connectors_shade,21,Morning,1632,244,1655,Dual1_uniform_area,2807916069
Madrid,working,Full,connectors_shade,21,Morning,1632,244,1655,Dual1_uniform_area,2807916070
Madrid,working,Full,connectors_shade,21,Morning,1632,244,1655,Dual1_uniform_area,2807916071
Madrid,working,Full,connectors_shade,21,Morning,1632,244,1655,Dual1_uniform_area,2807916073
Madrid,working,Full,connectors_shade,21,Morning,1632,244,1655,Dual1_uniform_area,2807916075
Madrid,working,Full,connectors_shade,21,Morning,1632,244,1655,Dual1_uniform_area,2807916076
Madrid,working,Full,connectors_shade,21,Morning,1632,244,1655,Dual1_uniform_area,2807916077
Madrid,working,Full,connectors_shade,21,Morning,1632,244,1655,Dual1_uniform_area,2807916079
Madrid,working,Full,connectors_shade,21,Morning,1632,244,1655,Dual1_uniform_area,2807916085
Madrid,working,Full,connectors_shade,21,Morning,1632,244,1655,Dual1_uniform_area,2807916086
Madrid,working,Full,connectors_shade,21,Morning,1632,244,1655,Dual1_uniform_area,2807916087
Madrid,working,Full,connectors_shade,21,Morning,1632,244,1655,Dual1_uniform_area,2807916088
Madrid,working,Full,connectors_shade,21,Morning,1632,244,1655,Dual1_uniform_area,2807916090
Madrid,working,Full,connectors_shade,21,Morning,1632,244,1655,Dual1_uniform_area,2807916098
Madrid,working,Full,connectors_shade,21,Morning,1632,244,1655,Dual1_uniform_area,2807916099
Madrid,working,Full,connectors_shade,21,Morning,1632,244,1655,Dual1_uniform_area,2807916102
Madrid,working,Full,connectors_shade,21,Morning,1632,244,1655,Dual1_uniform_area,2807916115
Madrid,working,Full,connectors_shade,21,Morning,1632,244,1655,Dual1_uniform_area,2807916125
Madrid,working,Full,connectors_shade,21,Morning,1632,244,1655,Dual1_uniform_area,2807917004
Madrid,working,Full,connectors_shade,21,Morning,1632,244,1655,Dual1_uniform_area,2807917008
Madrid,working,Full,connectors_shade,21,Morning,1632,244,1655,Dual1_uniform_area,2807917017
Madrid,working,Full,connectors_shade,21,Morning,1632,244,1655,Dual1_uniform_area,2807917026
Madrid,working,Full,connectors_shade,21,Morning,1632,244,1655,Dual1_uniform_area,2807917057
Madrid,working,Full,connectors_shade,21,Morning,1632,244,1655,Dual1_uniform_area,2807917087
Madrid,working,Full,connectors_shade,21,Morning,1632,244,1655,Dual1_uniform_area,2807917090
Madrid,working,Full,connectors_shade,21,Morning,1632,244,1655,Dual1_uniform_area,2807917094
Madrid,working,Full,connectors_shade,21,Morning,1632,244,1655,Dual1_uniform_area,2807917095
Madrid,working,Full,connectors_shade,21,Morning,1632,244,1655,Dual1_uniform_area,2807917101
Madrid,working,Full,connectors_shade,21,Morning,1632,244,1655,Dual1_uniform_area,2807917109
Madrid,working,Full,connectors_shade,21,Morning,1632,244,1655,Dual1_uniform_area,2807918019
Madrid,working,Full,connectors_shade,21,Morning,1632,244,1655,Dual1_uniform_area,2807918021
Madrid,working,Full,connectors_shade,21,Morning,1632,244,1655,Dual1_uniform_area,2807918042
Madrid,working,Full,connectors_shade,21,Morning,1632,244,1655,Dual1_uniform_area,2807918043
Madrid,working,Full,connectors_shade,21,Morning,1632,244,1655,Dual1_uniform_area,2807919008
Madrid,working,Full,connectors_shade,21,Morning,1632,244,1655,Dual1_uniform_area,2807919011
Madrid,working,Full,connectors_shade,21,Morning,1632,244,1655,Dual1_uniform_area,2807919019
Madrid,working,Full,connectors_shade,21,Morning,1632,244,1655,Dual1_uniform_area,2807919021
Madrid,working,Full,connectors_shade,21,Morning,1632,244,1655,Dual1_uniform_area,2807919023
Madrid,working,Full,connectors_shade,21,Morning,1632,244,1655,Dual1_uniform_area,2807919028
Madrid,working,Full,connectors_shade,21,Morning,1632,244,1655,Dual1_uniform_area,2807920066
Madrid,working,Full,connectors_shade,21,Morning,1632,244,1655,Dual1_uniform_area,2807920078
Madrid,working,Full,connectors_shade,21,Morning,1632,244,1655,Dual1_uniform_area,2807920085
Madrid,working,Full,connectors_shade,21,Morning,1632,244,1655,Dual1_uniform_area,2807920088
Madrid,working,Full,connectors_shade,21,Morning,1632,244,1655,Dual1_uniform_area,2807920090
Madrid,working,Full,connectors_shade,21,Morning,1632,244,1655,Dual1_uniform_area,2807920093
Madrid,working,Full,connectors_shade,21,Morning,1632,244,1655,Dual1_uniform_area,2807920102
Madrid,working,Full,connectors_shade,21,Morning,1632,244,1655,Dual1_uniform_area,2807920112
Madrid,working,Full,connectors_shade,21,Morning,1632,244,1655,Dual1_uniform_area,2807921009
Madrid,working,Full,connectors_shade,21,Morning,1632,244,1655,Dual1_uniform_area,2807921018
Madrid,working,Full,connectors_shade,21,Morning,1632,244,1655,Dual1_uniform_area,2807921020
Madrid,working,Full,connectors_shade,21,Afternoon,1632,244,1656,Dual1_regional,2807901006
Madrid,working,Full,connectors_shade,21,Afternoon,1632,244,1656,Dual1_regional,2807901018
Madrid,working,Full,connectors_shade,21,Afternoon,1632,244,1656,Dual1_regional,2807901021
Madrid,working,Full,connectors_shade,21,Afternoon,1632,244,1656,Dual1_regional,2807901057
Madrid,working,Full,connectors_shade,21,Afternoon,1632,244,1656,Dual1_regional,2807902003
Madrid,working,Full,connectors_shade,21,Afternoon,1632,244,1656,Dual1_regional,2807902006
Madrid,working,Full,connectors_shade,21,Afternoon,1632,244,1656,Dual1_regional,2807902016
Madrid,working,Full,connectors_shade,21,Afternoon,1632,244,1656,Dual1_regional,2807902018
Madrid,working,Full,connectors_shade,21,Afternoon,1632,244,1656,Dual1_regional,2807902024
Madrid,working,Full,connectors_shade,21,Afternoon,1632,244,1656,Dual1_regional,2807902031
Madrid,working,Full,connectors_shade,21,Afternoon,1632,244,1656,Dual1_regional,2807902040
Madrid,working,Full,connectors_shade,21,Afternoon,1632,244,1656,Dual1_regional,2807902042
Madrid,working,Full,connectors_shade,21,Afternoon,1632,244,1656,Dual1_regional,2807902053
Madrid,working,Full,connectors_shade,21,Afternoon,1632,244,1656,Dual1_regional,2807902064
Madrid,working,Full,connectors_shade,21,Afternoon,1632,244,1656,Dual1_regional,2807902066
Madrid,working,Full,connectors_shade,21,Afternoon,1632,244,1656,Dual1_regional,2807902074
Madrid,working,Full,connectors_shade,21,Afternoon,1632,244,1656,Dual1_regional,2807902087
Madrid,working,Full,connectors_shade,21,Afternoon,1632,244,1656,Dual1_regional,2807902092
Madrid,working,Full,connectors_shade,21,Afternoon,1632,244,1656,Dual1_regional,2807903001
Madrid,working,Full,connectors_shade,21,Afternoon,1632,244,1656,Dual1_regional,2807903018
Madrid,working,Full,connectors_shade,21,Afternoon,1632,244,1656,Dual1_regional,2807903019
Madrid,working,Full,connectors_shade,21,Afternoon,1632,244,1656,Dual1_regional,2807903021
Madrid,working,Full,connectors_shade,21,Afternoon,1632,244,1656,Dual1_regional,2807903029
Madrid,working,Full,connectors_shade,21,Afternoon,1632,244,1656,Dual1_regional,2807903077
Madrid,working,Full,connectors_shade,21,Afternoon,1632,244,1656,Dual1_regional,2807903078
Madrid,working,Full,connectors_shade,21,Afternoon,1632,244,1656,Dual1_regional,2807903080
Madrid,working,Full,connectors_shade,21,Afternoon,1632,244,1656,Dual1_regional,2807903089
Madrid,working,Full,connectors_shade,21,Afternoon,1632,244,1656,Dual1_regional,2807903095
Madrid,working,Full,connectors_shade,21,Afternoon,1632,244,1656,Dual1_regional,2807903096
Madrid,working,Full,connectors_shade,21,Afternoon,1632,244,1656,Dual1_regional,2807904047
Madrid,working,Full,connectors_shade,21,Afternoon,1632,244,1656,Dual1_regional,2807904055
Madrid,working,Full,connectors_shade,21,Afternoon,1632,244,1656,Dual1_regional,2807904065
Madrid,working,Full,connectors_shade,21,Afternoon,1632,244,1656,Dual1_regional,2807904069
Madrid,working,Full,connectors_shade,21,Afternoon,1632,244,1656,Dual1_regional,2807904073
Madrid,working,Full,connectors_shade,21,Afternoon,1632,244,1656,Dual1_regional,2807904074
Madrid,working,Full,connectors_shade,21,Afternoon,1632,244,1656,Dual1_regional,2807904086
Madrid,working,Full,connectors_shade,21,Afternoon,1632,244,1656,Dual1_regional,2807904087
Madrid,working,Full,connectors_shade,21,Afternoon,1632,244,1656,Dual1_regional,2807904088
Madrid,working,Full,connectors_shade,21,Afternoon,1632,244,1656,Dual1_regional,2807904094
Madrid,working,Full,connectors_shade,21,Afternoon,1632,244,1656,Dual1_regional,2807904098
Madrid,working,Full,connectors_shade,21,Afternoon,1632,244,1656,Dual1_regional,2807904109
Madrid,working,Full,connectors_shade,21,Afternoon,1632,244,1656,Dual1_regional,2807904111
Madrid,working,Full,connectors_shade,21,Afternoon,1632,244,1656,Dual1_regional,2807904115
Madrid,working,Full,connectors_shade,21,Afternoon,1632,244,1656,Dual1_regional,2807905007
Madrid,working,Full,connectors_shade,21,Afternoon,1632,244,1656,Dual1_regional,2807905026
Madrid,working,Full,connectors_shade,21,Afternoon,1632,244,1656,Dual1_regional,2807905027
Madrid,working,Full,connectors_shade,21,Afternoon,1632,244,1656,Dual1_regional,2807905028
Madrid,working,Full,connectors_shade,21,Afternoon,1632,244,1656,Dual1_regional,2807905033
Madrid,working,Full,connectors_shade,21,Afternoon,1632,244,1656,Dual1_regional,2807905034
Madrid,working,Full,connectors_shade,21,Afternoon,1632,244,1656,Dual1_regional,2807905039
Madrid,working,Full,connectors_shade,21,Afternoon,1632,244,1656,Dual1_regional,2807905061
Madrid,working,Full,connectors_shade,21,Afternoon,1632,244,1656,Dual1_regional,2807905062
Madrid,working,Full,connectors_shade,21,Afternoon,1632,244,1656,Dual1_regional,2807905064
Madrid,working,Full,connectors_shade,21,Afternoon,1632,244,1656,Dual1_regional,2807905067
Madrid,working,Full,connectors_shade,21,Afternoon,1632,244,1656,Dual1_regional,2807905087
Madrid,working,Full,connectors_shade,21,Afternoon,1632,244,1656,Dual1_regional,2807905095
Madrid,working,Full,connectors_shade,21,Afternoon,1632,244,1656,Dual1_regional,2807906010
Madrid,working,Full,connectors_shade,21,Afternoon,1632,244,1656,Dual1_regional,2807906041
Madrid,working,Full,connectors_shade,21,Afternoon,1632,244,1656,Dual1_regional,2807906042
Madrid,working,Full,connectors_shade,21,Afternoon,1632,244,1656,Dual1_regional,2807906056
Madrid,working,Full,connectors_shade,21,Afternoon,1632,244,1656,Dual1_regional,2807906072
Madrid,working,Full,connectors_shade,21,Afternoon,1632,244,1656,Dual1_regional,2807906081
Madrid,working,Full,connectors_shade,21,Afternoon,1632,244,1656,Dual1_regional,2807906116
Madrid,working,Full,connectors_shade,21,Afternoon,1632,244,1656,Dual1_regional,2807906122
Madrid,working,Full,connectors_shade,21,Afternoon,1632,244,1656,Dual1_regional,2807906125
Madrid,working,Full,connectors_shade,21,Afternoon,1632,244,1656,Dual1_regional,2807907006
Madrid,working,Full,connectors_shade,21,Afternoon,1632,244,1656,Dual1_regional,2807907008
Madrid,working,Full,connectors_shade,21,Afternoon,1632,244,1656,Dual1_regional,2807907012
Madrid,working,Full,connectors_shade,21,Afternoon,1632,244,1656,Dual1_regional,2807907018
Madrid,working,Full,connectors_shade,21,Afternoon,1632,244,1656,Dual1_regional,2807907021
Madrid,working,Full,connectors_shade,21,Afternoon,1632,244,1656,Dual1_regional,2807907026
Madrid,working,Full,connectors_shade,21,Afternoon,1632,244,1656,Dual1_regional,2807907048
Madrid,working,Full,connectors_shade,21,Afternoon,1632,244,1656,Dual1_regional,2807907085
Madrid,working,Full,connectors_shade,21,Afternoon,1632,244,1656,Dual1_regional,2807907094
Madrid,working,Full,connectors_shade,21,Afternoon,1632,244,1656,Dual1_regional,2807907106
Madrid,working,Full,connectors_shade,21,Afternoon,1632,244,1656,Dual1_regional,2807907114
Madrid,working,Full,connectors_shade,21,Afternoon,1632,244,1656,Dual1_regional,2807907120
Madrid,working,Full,connectors_shade,21,Afternoon,1632,244,1656,Dual1_regional,2807907121
Madrid,working,Full,connectors_shade,21,Afternoon,1632,244,1656,Dual1_regional,2807907127
Madrid,working,Full,connectors_shade,21,Afternoon,1632,244,1656,Dual1_regional,2807908030
Madrid,working,Full,connectors_shade,21,Afternoon,1632,244,1656,Dual1_regional,2807908031
Madrid,working,Full,connectors_shade,21,Afternoon,1632,244,1656,Dual1_regional,2807908034
Madrid,working,Full,connectors_shade,21,Afternoon,1632,244,1656,Dual1_regional,2807908035
Madrid,working,Full,connectors_shade,21,Afternoon,1632,244,1656,Dual1_regional,2807908036
Madrid,working,Full,connectors_shade,21,Afternoon,1632,244,1656,Dual1_regional,2807908043
Madrid,working,Full,connectors_shade,21,Afternoon,1632,244,1656,Dual1_regional,2807908044
Madrid,working,Full,connectors_shade,21,Afternoon,1632,244,1656,Dual1_regional,2807908050
Madrid,working,Full,connectors_shade,21,Afternoon,1632,244,1656,Dual1_regional,2807908052
Madrid,working,Full,connectors_shade,21,Afternoon,1632,244,1656,Dual1_regional,2807908056
Madrid,working,Full,connectors_shade,21,Afternoon,1632,244,1656,Dual1_regional,2807908090
Madrid,working,Full,connectors_shade,21,Afternoon,1632,244,1656,Dual1_regional,2807908095
Madrid,working,Full,connectors_shade,21,Afternoon,1632,244,1656,Dual1_regional,2807908096
Madrid,working,Full,connectors_shade,21,Afternoon,1632,244,1656,Dual1_regional,2807908099
Madrid,working,Full,connectors_shade,21,Afternoon,1632,244,1656,Dual1_regional,2807908137
Madrid,working,Full,connectors_shade,21,Afternoon,1632,244,1656,Dual1_regional,2807908143
Madrid,working,Full,connectors_shade,21,Afternoon,1632,244,1656,Dual1_regional,2807908144
Madrid,working,Full,connectors_shade,21,Afternoon,1632,244,1656,Dual1_regional,2807908148
Madrid,working,Full,connectors_shade,21,Afternoon,1632,244,1656,Dual1_regional,2807908163
Madrid,working,Full,connectors_shade,21,Afternoon,1632,244,1656,Dual1_regional,2807908182
Madrid,working,Full,connectors_shade,21,Afternoon,1632,244,1656,Dual1_regional,2807909014
Madrid,working,Full,connectors_shade,21,Afternoon,1632,244,1656,Dual1_regional,2807909015
Madrid,working,Full,connectors_shade,21,Afternoon,1632,244,1656,Dual1_regional,2807909019
Madrid,working,Full,connectors_shade,21,Afternoon,1632,244,1656,Dual1_regional,2807909028
Madrid,working,Full,connectors_shade,21,Afternoon,1632,244,1656,Dual1_regional,2807909037
Madrid,working,Full,connectors_shade,21,Afternoon,1632,244,1656,Dual1_regional,2807909038
Madrid,working,Full,connectors_shade,21,Afternoon,1632,244,1656,Dual1_regional,2807909051
Madrid,working,Full,connectors_shade,21,Afternoon,1632,244,1656,Dual1_regional,2807909052
Madrid,working,Full,connectors_shade,21,Afternoon,1632,244,1656,Dual1_regional,2807910081
Madrid,working,Full,connectors_shade,21,Afternoon,1632,244,1656,Dual1_regional,2807910106
Madrid,working,Full,connectors_shade,21,Afternoon,1632,244,1656,Dual1_regional,2807910107
Madrid,working,Full,connectors_shade,21,Afternoon,1632,244,1656,Dual1_regional,2807910117
Madrid,working,Full,connectors_shade,21,Afternoon,1632,244,1656,Dual1_regional,2807910119
Madrid,working,Full,connectors_shade,21,Afternoon,1632,244,1656,Dual1_regional,2807910129
Madrid,working,Full,connectors_shade,21,Afternoon,1632,244,1656,Dual1_regional,2807910130
Madrid,working,Full,connectors_shade,21,Afternoon,1632,244,1656,Dual1_regional,2807910133
Madrid,working,Full,connectors_shade,21,Afternoon,1632,244,1656,Dual1_regional,2807910142
Madrid,working,Full,connectors_shade,21,Afternoon,1632,244,1656,Dual1_regional,2807910173
Madrid,working,Full,connectors_shade,21,Afternoon,1632,244,1656,Dual1_regional,2807910191
Madrid,working,Full,connectors_shade,21,Afternoon,1632,244,1656,Dual1_regional,2807910192
Madrid,working,Full,connectors_shade,21,Afternoon,1632,244,1656,Dual1_regional,2807910198
Madrid,working,Full,connectors_shade,21,Afternoon,1632,244,1656,Dual1_regional,2807910199
Madrid,working,Full,connectors_shade,21,Afternoon,1632,244,1656,Dual1_regional,2807910203
Madrid,working,Full,connectors_shade,21,Afternoon,1632,244,1656,Dual1_regional,2807910209
Madrid,working,Full,connectors_shade,21,Afternoon,1632,244,1656,Dual1_regional,2807911002
Madrid,working,Full,connectors_shade,21,Afternoon,1632,244,1656,Dual1_regional,2807911003
Madrid,working,Full,connectors_shade,21,Afternoon,1632,244,1656,Dual1_regional,2807911004
Madrid,working,Full,connectors_shade,21,Afternoon,1632,244,1656,Dual1_regional,2807911007
Madrid,working,Full,connectors_shade,21,Afternoon,1632,244,1656,Dual1_regional,2807911044
Madrid,working,Full,connectors_shade,21,Afternoon,1632,244,1656,Dual1_regional,2807911049
Madrid,working,Full,connectors_shade,21,Afternoon,1632,244,1656,Dual1_regional,2807911063
Madrid,working,Full,connectors_shade,21,Afternoon,1632,244,1656,Dual1_regional,2807911069
Madrid,working,Full,connectors_shade,21,Afternoon,1632,244,1656,Dual1_regional,2807911094
Madrid,working,Full,connectors_shade,21,Afternoon,1632,244,1656,Dual1_regional,2807911095
Madrid,working,Full,connectors_shade,21,Afternoon,1632,244,1656,Dual1_regional,2807911098
Madrid,working,Full,connectors_shade,21,Afternoon,1632,244,1656,Dual1_regional,2807911100
Madrid,working,Full,connectors_shade,21,Afternoon,1632,244,1656,Dual1_regional,2807911137
Madrid,working,Full,connectors_shade,21,Afternoon,1632,244,1656,Dual1_regional,2807911163
Madrid,working,Full,connectors_shade,21,Afternoon,1632,244,1656,Dual1_regional,2807911165
Madrid,working,Full,connectors_shade,21,Afternoon,1632,244,1656,Dual1_regional,2807911169
Madrid,working,Full,connectors_shade,21,Afternoon,1632,244,1656,Dual1_regional,2807911177
Madrid,working,Full,connectors_shade,21,Afternoon,1632,244,1656,Dual1_regional,2807912022
Madrid,working,Full,connectors_shade,21,Afternoon,1632,244,1656,Dual1_regional,2807912032
Madrid,working,Full,connectors_shade,21,Afternoon,1632,244,1656,Dual1_regional,2807912034
Madrid,working,Full,connectors_shade,21,Afternoon,1632,244,1656,Dual1_regional,2807912053
Madrid,working,Full,connectors_shade,21,Afternoon,1632,244,1656,Dual1_regional,2807912054
Madrid,working,Full,connectors_shade,21,Afternoon,1632,244,1656,Dual1_regional,2807912059
Madrid,working,Full,connectors_shade,21,Afternoon,1632,244,1656,Dual1_regional,2807912061
Madrid,working,Full,connectors_shade,21,Afternoon,1632,244,1656,Dual1_regional,2807912086
Madrid,working,Full,connectors_shade,21,Afternoon,1632,244,1656,Dual1_regional,2807912091
Madrid,working,Full,connectors_shade,21,Afternoon,1632,244,1656,Dual1_regional,2807912107
Madrid,working,Full,connectors_shade,21,Afternoon,1632,244,1656,Dual1_regional,2807913030
Madrid,working,Full,connectors_shade,21,Afternoon,1632,244,1656,Dual1_regional,2807913032
Madrid,working,Full,connectors_shade,21,Afternoon,1632,244,1656,Dual1_regional,2807913035
Madrid,working,Full,connectors_shade,21,Afternoon,1632,244,1656,Dual1_regional,2807913074
Madrid,working,Full,connectors_shade,21,Afternoon,1632,244,1656,Dual1_regional,2807913077
Madrid,working,Full,connectors_shade,21,Afternoon,1632,244,1656,Dual1_regional,2807913078
Madrid,working,Full,connectors_shade,21,Afternoon,1632,244,1656,Dual1_regional,2807913092
Madrid,working,Full,connectors_shade,21,Afternoon,1632,244,1656,Dual1_regional,2807913109
Madrid,working,Full,connectors_shade,21,Afternoon,1632,244,1656,Dual1_regional,2807913115
Madrid,working,Full,connectors_shade,21,Afternoon,1632,244,1656,Dual1_regional,2807913137
Madrid,working,Full,connectors_shade,21,Afternoon,1632,244,1656,Dual1_regional,2807913158
Madrid,working,Full,connectors_shade,21,Afternoon,1632,244,1656,Dual1_regional,2807913160
Madrid,working,Full,connectors_shade,21,Afternoon,1632,244,1656,Dual1_regional,2807913166
Madrid,working,Full,connectors_shade,21,Afternoon,1632,244,1656,Dual1_regional,2807913168
Madrid,working,Full,connectors_shade,21,Afternoon,1632,244,1656,Dual1_regional,2807913182
Madrid,working,Full,connectors_shade,21,Afternoon,1632,244,1656,Dual1_regional,2807913184
Madrid,working,Full,connectors_shade,21,Afternoon,1632,244,1656,Dual1_regional,2807913186
Madrid,working,Full,connectors_shade,21,Afternoon,1632,244,1656,Dual1_regional,2807913191
Madrid,working,Full,connectors_shade,21,Afternoon,1632,244,1656,Dual1_regional,2807913199
Madrid,working,Full,connectors_shade,21,Afternoon,1632,244,1656,Dual1_regional,2807913202
Madrid,working,Full,connectors_shade,21,Afternoon,1632,244,1656,Dual1_regional,2807913206
Madrid,working,Full,connectors_shade,21,Afternoon,1632,244,1656,Dual1_regional,2807914018
Madrid,working,Full,connectors_shade,21,Afternoon,1632,244,1656,Dual1_regional,2807914024
Madrid,working,Full,connectors_shade,21,Afternoon,1632,244,1656,Dual1_regional,2807914030
Madrid,working,Full,connectors_shade,21,Afternoon,1632,244,1656,Dual1_regional,2807914040
Madrid,working,Full,connectors_shade,21,Afternoon,1632,244,1656,Dual1_regional,2807914041
Madrid,working,Full,connectors_shade,21,Afternoon,1632,244,1656,Dual1_regional,2807914064
Madrid,working,Full,connectors_shade,21,Afternoon,1632,244,1656,Dual1_regional,2807914083
Madrid,working,Full,connectors_shade,21,Afternoon,1632,244,1656,Dual1_regional,2807915030
Madrid,working,Full,connectors_shade,21,Afternoon,1632,244,1656,Dual1_regional,2807915062
Madrid,working,Full,connectors_shade,21,Afternoon,1632,244,1656,Dual1_regional,2807915067
Madrid,working,Full,connectors_shade,21,Afternoon,1632,244,1656,Dual1_regional,2807915070
Madrid,working,Full,connectors_shade,21,Afternoon,1632,244,1656,Dual1_regional,2807915074
Madrid,working,Full,connectors_shade,21,Afternoon,1632,244,1656,Dual1_regional,2807915075
Madrid,working,Full,connectors_shade,21,Afternoon,1632,244,1656,Dual1_regional,2807915082
Madrid,working,Full,connectors_shade,21,Afternoon,1632,244,1656,Dual1_regional,2807915090
Madrid,working,Full,connectors_shade,21,Afternoon,1632,244,1656,Dual1_regional,2807915115
Madrid,working,Full,connectors_shade,21,Afternoon,1632,244,1656,Dual1_regional,2807915127
Madrid,working,Full,connectors_shade,21,Afternoon,1632,244,1656,Dual1_regional,2807915132
Madrid,working,Full,connectors_shade,21,Afternoon,1632,244,1656,Dual1_regional,2807915133
Madrid,working,Full,connectors_shade,21,Afternoon,1632,244,1656,Dual1_regional,2807915135
Madrid,working,Full,connectors_shade,21,Afternoon,1632,244,1656,Dual1_regional,2807915142
Madrid,working,Full,connectors_shade,21,Afternoon,1632,244,1656,Dual1_regional,2807915144
Madrid,working,Full,connectors_shade,21,Afternoon,1632,244,1656,Dual1_regional,2807915170
Madrid,working,Full,connectors_shade,21,Afternoon,1632,244,1656,Dual1_regional,2807915179
Madrid,working,Full,connectors_shade,21,Afternoon,1632,244,1656,Dual1_regional,2807916022
Madrid,working,Full,connectors_shade,21,Afternoon,1632,244,1656,Dual1_regional,2807916024
Madrid,working,Full,connectors_shade,21,Afternoon,1632,244,1656,Dual1_regional,2807916030
Madrid,working,Full,connectors_shade,21,Afternoon,1632,244,1656,Dual1_regional,2807916031
Madrid,working,Full,connectors_shade,21,Afternoon,1632,244,1656,Dual1_regional,2807916035
Madrid,working,Full,connectors_shade,21,Afternoon,1632,244,1656,Dual1_regional,2807916046
Madrid,working,Full,connectors_shade,21,Afternoon,1632,244,1656,Dual1_regional,2807916048
Madrid,working,Full,connectors_shade,21,Afternoon,1632,244,1656,Dual1_regional,2807916052
Madrid,working,Full,connectors_shade,21,Afternoon,1632,244,1656,Dual1_regional,2807916059
Madrid,working,Full,connectors_shade,21,Afternoon,1632,244,1656,Dual1_regional,2807916060
Madrid,working,Full,connectors_shade,21,Afternoon,1632,244,1656,Dual1_regional,2807916061
Madrid,working,Full,connectors_shade,21,Afternoon,1632,244,1656,Dual1_regional,2807916069
Madrid,working,Full,connectors_shade,21,Afternoon,1632,244,1656,Dual1_regional,2807916079
Madrid,working,Full,connectors_shade,21,Afternoon,1632,244,1656,Dual1_regional,2807916086
Madrid,working,Full,connectors_shade,21,Afternoon,1632,244,1656,Dual1_regional,2807916088
Madrid,working,Full,connectors_shade,21,Afternoon,1632,244,1656,Dual1_regional,2807916090
Madrid,working,Full,connectors_shade,21,Afternoon,1632,244,1656,Dual1_regional,2807916097
Madrid,working,Full,connectors_shade,21,Afternoon,1632,244,1656,Dual1_regional,2807916098
Madrid,working,Full,connectors_shade,21,Afternoon,1632,244,1656,Dual1_regional,2807916099
Madrid,working,Full,connectors_shade,21,Afternoon,1632,244,1656,Dual1_regional,2807917004
Madrid,working,Full,connectors_shade,21,Afternoon,1632,244,1656,Dual1_regional,2807917023
Madrid,working,Full,connectors_shade,21,Afternoon,1632,244,1656,Dual1_regional,2807917055
Madrid,working,Full,connectors_shade,21,Afternoon,1632,244,1656,Dual1_regional,2807917070
Madrid,working,Full,connectors_shade,21,Afternoon,1632,244,1656,Dual1_regional,2807917071
Madrid,working,Full,connectors_shade,21,Afternoon,1632,244,1656,Dual1_regional,2807917075
Madrid,working,Full,connectors_shade,21,Afternoon,1632,244,1656,Dual1_regional,2807917076
Madrid,working,Full,connectors_shade,21,Afternoon,1632,244,1656,Dual1_regional,2807917078
Madrid,working,Full,connectors_shade,21,Afternoon,1632,244,1656,Dual1_regional,2807917087
Madrid,working,Full,connectors_shade,21,Afternoon,1632,244,1656,Dual1_regional,2807917097
Madrid,working,Full,connectors_shade,21,Afternoon,1632,244,1656,Dual1_regional,2807917101
Madrid,working,Full,connectors_shade,21,Afternoon,1632,244,1656,Dual1_regional,2807917102
Madrid,working,Full,connectors_shade,21,Afternoon,1632,244,1656,Dual1_regional,2807918028
Madrid,working,Full,connectors_shade,21,Afternoon,1632,244,1656,Dual1_regional,2807918032
Madrid,working,Full,connectors_shade,21,Afternoon,1632,244,1656,Dual1_regional,2807918033
Madrid,working,Full,connectors_shade,21,Afternoon,1632,244,1656,Dual1_regional,2807919002
Madrid,working,Full,connectors_shade,21,Afternoon,1632,244,1656,Dual1_regional,2807919011
Madrid,working,Full,connectors_shade,21,Afternoon,1632,244,1656,Dual1_regional,2807919019
Madrid,working,Full,connectors_shade,21,Afternoon,1632,244,1656,Dual1_regional,2807919021
Madrid,working,Full,connectors_shade,21,Afternoon,1632,244,1656,Dual1_regional,2807919036
Madrid,working,Full,connectors_shade,21,Afternoon,1632,244,1656,Dual1_regional,2807920063
Madrid,working,Full,connectors_shade,21,Afternoon,1632,244,1656,Dual1_regional,2807920066
Madrid,working,Full,connectors_shade,21,Afternoon,1632,244,1656,Dual1_regional,2807920085
Madrid,working,Full,connectors_shade,21,Afternoon,1632,244,1656,Dual1_regional,2807920086
Madrid,working,Full,connectors_shade,21,Afternoon,1632,244,1656,Dual1_regional,2807920088
Madrid,working,Full,connectors_shade,21,Afternoon,1632,244,1656,Dual1_regional,2807920090
Madrid,working,Full,connectors_shade,21,Afternoon,1632,244,1656,Dual1_regional,2807920102
Madrid,working,Full,connectors_shade,21,Afternoon,1632,244,1656,Dual1_regional,2807921002
Madrid,working,Full,connectors_shade,21,Afternoon,1632,244,1656,Dual1_regional,2807921007
Madrid,working,Full,connectors_shade,21,Afternoon,1632,244,1656,Dual1_regional,2807921013
Madrid,working,Full,connectors_shade,21,Afternoon,1632,244,1656,Dual1_uniform_area,2807901018
Madrid,working,Full,connectors_shade,21,Afternoon,1632,244,1656,Dual1_uniform_area,2807901021
Madrid,working,Full,connectors_shade,21,Afternoon,1632,244,1656,Dual1_uniform_area,2807901057
Madrid,working,Full,connectors_shade,21,Afternoon,1632,244,1656,Dual1_uniform_area,2807902003
Madrid,working,Full,connectors_shade,21,Afternoon,1632,244,1656,Dual1_uniform_area,2807902006
Madrid,working,Full,connectors_shade,21,Afternoon,1632,244,1656,Dual1_uniform_area,2807902013
Madrid,working,Full,connectors_shade,21,Afternoon,1632,244,1656,Dual1_uniform_area,2807902016
Madrid,working,Full,connectors_shade,21,Afternoon,1632,244,1656,Dual1_uniform_area,2807902018
Madrid,working,Full,connectors_shade,21,Afternoon,1632,244,1656,Dual1_uniform_area,2807902024
Madrid,working,Full,connectors_shade,21,Afternoon,1632,244,1656,Dual1_uniform_area,2807902031
Madrid,working,Full,connectors_shade,21,Afternoon,1632,244,1656,Dual1_uniform_area,2807902040
Madrid,working,Full,connectors_shade,21,Afternoon,1632,244,1656,Dual1_uniform_area,2807902042
Madrid,working,Full,connectors_shade,21,Afternoon,1632,244,1656,Dual1_uniform_area,2807902053
Madrid,working,Full,connectors_shade,21,Afternoon,1632,244,1656,Dual1_uniform_area,2807902064
Madrid,working,Full,connectors_shade,21,Afternoon,1632,244,1656,Dual1_uniform_area,2807902066
Madrid,working,Full,connectors_shade,21,Afternoon,1632,244,1656,Dual1_uniform_area,2807902074
Madrid,working,Full,connectors_shade,21,Afternoon,1632,244,1656,Dual1_uniform_area,2807902087
Madrid,working,Full,connectors_shade,21,Afternoon,1632,244,1656,Dual1_uniform_area,2807902092
Madrid,working,Full,connectors_shade,21,Afternoon,1632,244,1656,Dual1_uniform_area,2807903001
Madrid,working,Full,connectors_shade,21,Afternoon,1632,244,1656,Dual1_uniform_area,2807903018
Madrid,working,Full,connectors_shade,21,Afternoon,1632,244,1656,Dual1_uniform_area,2807903019
Madrid,working,Full,connectors_shade,21,Afternoon,1632,244,1656,Dual1_uniform_area,2807903021
Madrid,working,Full,connectors_shade,21,Afternoon,1632,244,1656,Dual1_uniform_area,2807903029
Madrid,working,Full,connectors_shade,21,Afternoon,1632,244,1656,Dual1_uniform_area,2807903077
Madrid,working,Full,connectors_shade,21,Afternoon,1632,244,1656,Dual1_uniform_area,2807903078
Madrid,working,Full,connectors_shade,21,Afternoon,1632,244,1656,Dual1_uniform_area,2807903080
Madrid,working,Full,connectors_shade,21,Afternoon,1632,244,1656,Dual1_uniform_area,2807903089
Madrid,working,Full,connectors_shade,21,Afternoon,1632,244,1656,Dual1_uniform_area,2807903095
Madrid,working,Full,connectors_shade,21,Afternoon,1632,244,1656,Dual1_uniform_area,2807903096
Madrid,working,Full,connectors_shade,21,Afternoon,1632,244,1656,Dual1_uniform_area,2807904047
Madrid,working,Full,connectors_shade,21,Afternoon,1632,244,1656,Dual1_uniform_area,2807904055
Madrid,working,Full,connectors_shade,21,Afternoon,1632,244,1656,Dual1_uniform_area,2807904065
Madrid,working,Full,connectors_shade,21,Afternoon,1632,244,1656,Dual1_uniform_area,2807904069
Madrid,working,Full,connectors_shade,21,Afternoon,1632,244,1656,Dual1_uniform_area,2807904073
Madrid,working,Full,connectors_shade,21,Afternoon,1632,244,1656,Dual1_uniform_area,2807904074
Madrid,working,Full,connectors_shade,21,Afternoon,1632,244,1656,Dual1_uniform_area,2807904086
Madrid,working,Full,connectors_shade,21,Afternoon,1632,244,1656,Dual1_uniform_area,2807904087
Madrid,working,Full,connectors_shade,21,Afternoon,1632,244,1656,Dual1_uniform_area,2807904088
Madrid,working,Full,connectors_shade,21,Afternoon,1632,244,1656,Dual1_uniform_area,2807904094
Madrid,working,Full,connectors_shade,21,Afternoon,1632,244,1656,Dual1_uniform_area,2807904098
Madrid,working,Full,connectors_shade,21,Afternoon,1632,244,1656,Dual1_uniform_area,2807904109
Madrid,working,Full,connectors_shade,21,Afternoon,1632,244,1656,Dual1_uniform_area,2807904111
Madrid,working,Full,connectors_shade,21,Afternoon,1632,244,1656,Dual1_uniform_area,2807904115
Madrid,working,Full,connectors_shade,21,Afternoon,1632,244,1656,Dual1_uniform_area,2807905007
Madrid,working,Full,connectors_shade,21,Afternoon,1632,244,1656,Dual1_uniform_area,2807905026
Madrid,working,Full,connectors_shade,21,Afternoon,1632,244,1656,Dual1_uniform_area,2807905027
Madrid,working,Full,connectors_shade,21,Afternoon,1632,244,1656,Dual1_uniform_area,2807905028
Madrid,working,Full,connectors_shade,21,Afternoon,1632,244,1656,Dual1_uniform_area,2807905033
Madrid,working,Full,connectors_shade,21,Afternoon,1632,244,1656,Dual1_uniform_area,2807905034
Madrid,working,Full,connectors_shade,21,Afternoon,1632,244,1656,Dual1_uniform_area,2807905039
Madrid,working,Full,connectors_shade,21,Afternoon,1632,244,1656,Dual1_uniform_area,2807905061
Madrid,working,Full,connectors_shade,21,Afternoon,1632,244,1656,Dual1_uniform_area,2807905062
Madrid,working,Full,connectors_shade,21,Afternoon,1632,244,1656,Dual1_uniform_area,2807905064
Madrid,working,Full,connectors_shade,21,Afternoon,1632,244,1656,Dual1_uniform_area,2807905067
Madrid,working,Full,connectors_shade,21,Afternoon,1632,244,1656,Dual1_uniform_area,2807905087
Madrid,working,Full,connectors_shade,21,Afternoon,1632,244,1656,Dual1_uniform_area,2807905095
Madrid,working,Full,connectors_shade,21,Afternoon,1632,244,1656,Dual1_uniform_area,2807906010
Madrid,working,Full,connectors_shade,21,Afternoon,1632,244,1656,Dual1_uniform_area,2807906035
Madrid,working,Full,connectors_shade,21,Afternoon,1632,244,1656,Dual1_uniform_area,2807906041
Madrid,working,Full,connectors_shade,21,Afternoon,1632,244,1656,Dual1_uniform_area,2807906042
Madrid,working,Full,connectors_shade,21,Afternoon,1632,244,1656,Dual1_uniform_area,2807906056
Madrid,working,Full,connectors_shade,21,Afternoon,1632,244,1656,Dual1_uniform_area,2807906072
Madrid,working,Full,connectors_shade,21,Afternoon,1632,244,1656,Dual1_uniform_area,2807906081
Madrid,working,Full,connectors_shade,21,Afternoon,1632,244,1656,Dual1_uniform_area,2807906116
Madrid,working,Full,connectors_shade,21,Afternoon,1632,244,1656,Dual1_uniform_area,2807906122
Madrid,working,Full,connectors_shade,21,Afternoon,1632,244,1656,Dual1_uniform_area,2807906125
Madrid,working,Full,connectors_shade,21,Afternoon,1632,244,1656,Dual1_uniform_area,2807907006
Madrid,working,Full,connectors_shade,21,Afternoon,1632,244,1656,Dual1_uniform_area,2807907008
Madrid,working,Full,connectors_shade,21,Afternoon,1632,244,1656,Dual1_uniform_area,2807907012
Madrid,working,Full,connectors_shade,21,Afternoon,1632,244,1656,Dual1_uniform_area,2807907018
Madrid,working,Full,connectors_shade,21,Afternoon,1632,244,1656,Dual1_uniform_area,2807907021
Madrid,working,Full,connectors_shade,21,Afternoon,1632,244,1656,Dual1_uniform_area,2807907026
Madrid,working,Full,connectors_shade,21,Afternoon,1632,244,1656,Dual1_uniform_area,2807907048
Madrid,working,Full,connectors_shade,21,Afternoon,1632,244,1656,Dual1_uniform_area,2807907094
Madrid,working,Full,connectors_shade,21,Afternoon,1632,244,1656,Dual1_uniform_area,2807907114
Madrid,working,Full,connectors_shade,21,Afternoon,1632,244,1656,Dual1_uniform_area,2807907120
Madrid,working,Full,connectors_shade,21,Afternoon,1632,244,1656,Dual1_uniform_area,2807907121
Madrid,working,Full,connectors_shade,21,Afternoon,1632,244,1656,Dual1_uniform_area,2807907127
Madrid,working,Full,connectors_shade,21,Afternoon,1632,244,1656,Dual1_uniform_area,2807908030
Madrid,working,Full,connectors_shade,21,Afternoon,1632,244,1656,Dual1_uniform_area,2807908031
Madrid,working,Full,connectors_shade,21,Afternoon,1632,244,1656,Dual1_uniform_area,2807908034
Madrid,working,Full,connectors_shade,21,Afternoon,1632,244,1656,Dual1_uniform_area,2807908035
Madrid,working,Full,connectors_shade,21,Afternoon,1632,244,1656,Dual1_uniform_area,2807908036
Madrid,working,Full,connectors_shade,21,Afternoon,1632,244,1656,Dual1_uniform_area,2807908043
Madrid,working,Full,connectors_shade,21,Afternoon,1632,244,1656,Dual1_uniform_area,2807908044
Madrid,working,Full,connectors_shade,21,Afternoon,1632,244,1656,Dual1_uniform_area,2807908050
Madrid,working,Full,connectors_shade,21,Afternoon,1632,244,1656,Dual1_uniform_area,2807908056
Madrid,working,Full,connectors_shade,21,Afternoon,1632,244,1656,Dual1_uniform_area,2807908090
Madrid,working,Full,connectors_shade,21,Afternoon,1632,244,1656,Dual1_uniform_area,2807908095
Madrid,working,Full,connectors_shade,21,Afternoon,1632,244,1656,Dual1_uniform_area,2807908096
Madrid,working,Full,connectors_shade,21,Afternoon,1632,244,1656,Dual1_uniform_area,2807908099
Madrid,working,Full,connectors_shade,21,Afternoon,1632,244,1656,Dual1_uniform_area,2807908137
Madrid,working,Full,connectors_shade,21,Afternoon,1632,244,1656,Dual1_uniform_area,2807908143
Madrid,working,Full,connectors_shade,21,Afternoon,1632,244,1656,Dual1_uniform_area,2807908144
Madrid,working,Full,connectors_shade,21,Afternoon,1632,244,1656,Dual1_uniform_area,2807908148
Madrid,working,Full,connectors_shade,21,Afternoon,1632,244,1656,Dual1_uniform_area,2807908163
Madrid,working,Full,connectors_shade,21,Afternoon,1632,244,1656,Dual1_uniform_area,2807908182
Madrid,working,Full,connectors_shade,21,Afternoon,1632,244,1656,Dual1_uniform_area,2807909014
Madrid,working,Full,connectors_shade,21,Afternoon,1632,244,1656,Dual1_uniform_area,2807909015
Madrid,working,Full,connectors_shade,21,Afternoon,1632,244,1656,Dual1_uniform_area,2807909019
Madrid,working,Full,connectors_shade,21,Afternoon,1632,244,1656,Dual1_uniform_area,2807909028
Madrid,working,Full,connectors_shade,21,Afternoon,1632,244,1656,Dual1_uniform_area,2807909037
Madrid,working,Full,connectors_shade,21,Afternoon,1632,244,1656,Dual1_uniform_area,2807909038
Madrid,working,Full,connectors_shade,21,Afternoon,1632,244,1656,Dual1_uniform_area,2807909051
Madrid,working,Full,connectors_shade,21,Afternoon,1632,244,1656,Dual1_uniform_area,2807909052
Madrid,working,Full,connectors_shade,21,Afternoon,1632,244,1656,Dual1_uniform_area,2807910060
Madrid,working,Full,connectors_shade,21,Afternoon,1632,244,1656,Dual1_uniform_area,2807910081
Madrid,working,Full,connectors_shade,21,Afternoon,1632,244,1656,Dual1_uniform_area,2807910106
Madrid,working,Full,connectors_shade,21,Afternoon,1632,244,1656,Dual1_uniform_area,2807910116
Madrid,working,Full,connectors_shade,21,Afternoon,1632,244,1656,Dual1_uniform_area,2807910117
Madrid,working,Full,connectors_shade,21,Afternoon,1632,244,1656,Dual1_uniform_area,2807910119
Madrid,working,Full,connectors_shade,21,Afternoon,1632,244,1656,Dual1_uniform_area,2807910129
Madrid,working,Full,connectors_shade,21,Afternoon,1632,244,1656,Dual1_uniform_area,2807910130
Madrid,working,Full,connectors_shade,21,Afternoon,1632,244,1656,Dual1_uniform_area,2807910133
Madrid,working,Full,connectors_shade,21,Afternoon,1632,244,1656,Dual1_uniform_area,2807910142
Madrid,working,Full,connectors_shade,21,Afternoon,1632,244,1656,Dual1_uniform_area,2807910173
Madrid,working,Full,connectors_shade,21,Afternoon,1632,244,1656,Dual1_uniform_area,2807910191
Madrid,working,Full,connectors_shade,21,Afternoon,1632,244,1656,Dual1_uniform_area,2807910192
Madrid,working,Full,connectors_shade,21,Afternoon,1632,244,1656,Dual1_uniform_area,2807910198
Madrid,working,Full,connectors_shade,21,Afternoon,1632,244,1656,Dual1_uniform_area,2807910199
Madrid,working,Full,connectors_shade,21,Afternoon,1632,244,1656,Dual1_uniform_area,2807910203
Madrid,working,Full,connectors_shade,21,Afternoon,1632,244,1656,Dual1_uniform_area,2807910209
Madrid,working,Full,connectors_shade,21,Afternoon,1632,244,1656,Dual1_uniform_area,2807911002
Madrid,working,Full,connectors_shade,21,Afternoon,1632,244,1656,Dual1_uniform_area,2807911003
Madrid,working,Full,connectors_shade,21,Afternoon,1632,244,1656,Dual1_uniform_area,2807911004
Madrid,working,Full,connectors_shade,21,Afternoon,1632,244,1656,Dual1_uniform_area,2807911007
Madrid,working,Full,connectors_shade,21,Afternoon,1632,244,1656,Dual1_uniform_area,2807911044
Madrid,working,Full,connectors_shade,21,Afternoon,1632,244,1656,Dual1_uniform_area,2807911049
Madrid,working,Full,connectors_shade,21,Afternoon,1632,244,1656,Dual1_uniform_area,2807911063
Madrid,working,Full,connectors_shade,21,Afternoon,1632,244,1656,Dual1_uniform_area,2807911069
Madrid,working,Full,connectors_shade,21,Afternoon,1632,244,1656,Dual1_uniform_area,2807911094
Madrid,working,Full,connectors_shade,21,Afternoon,1632,244,1656,Dual1_uniform_area,2807911095
Madrid,working,Full,connectors_shade,21,Afternoon,1632,244,1656,Dual1_uniform_area,2807911098
Madrid,working,Full,connectors_shade,21,Afternoon,1632,244,1656,Dual1_uniform_area,2807911100
Madrid,working,Full,connectors_shade,21,Afternoon,1632,244,1656,Dual1_uniform_area,2807911137
Madrid,working,Full,connectors_shade,21,Afternoon,1632,244,1656,Dual1_uniform_area,2807911163
Madrid,working,Full,connectors_shade,21,Afternoon,1632,244,1656,Dual1_uniform_area,2807911165
Madrid,working,Full,connectors_shade,21,Afternoon,1632,244,1656,Dual1_uniform_area,2807911169
Madrid,working,Full,connectors_shade,21,Afternoon,1632,244,1656,Dual1_uniform_area,2807911177
Madrid,working,Full,connectors_shade,21,Afternoon,1632,244,1656,Dual1_uniform_area,2807912022
Madrid,working,Full,connectors_shade,21,Afternoon,1632,244,1656,Dual1_uniform_area,2807912032
Madrid,working,Full,connectors_shade,21,Afternoon,1632,244,1656,Dual1_uniform_area,2807912034
Madrid,working,Full,connectors_shade,21,Afternoon,1632,244,1656,Dual1_uniform_area,2807912053
Madrid,working,Full,connectors_shade,21,Afternoon,1632,244,1656,Dual1_uniform_area,2807912054
Madrid,working,Full,connectors_shade,21,Afternoon,1632,244,1656,Dual1_uniform_area,2807912059
Madrid,working,Full,connectors_shade,21,Afternoon,1632,244,1656,Dual1_uniform_area,2807912061
Madrid,working,Full,connectors_shade,21,Afternoon,1632,244,1656,Dual1_uniform_area,2807912086
Madrid,working,Full,connectors_shade,21,Afternoon,1632,244,1656,Dual1_uniform_area,2807912091
Madrid,working,Full,connectors_shade,21,Afternoon,1632,244,1656,Dual1_uniform_area,2807912107
Madrid,working,Full,connectors_shade,21,Afternoon,1632,244,1656,Dual1_uniform_area,2807913030
Madrid,working,Full,connectors_shade,21,Afternoon,1632,244,1656,Dual1_uniform_area,2807913032
Madrid,working,Full,connectors_shade,21,Afternoon,1632,244,1656,Dual1_uniform_area,2807913035
Madrid,working,Full,connectors_shade,21,Afternoon,1632,244,1656,Dual1_uniform_area,2807913074
Madrid,working,Full,connectors_shade,21,Afternoon,1632,244,1656,Dual1_uniform_area,2807913077
Madrid,working,Full,connectors_shade,21,Afternoon,1632,244,1656,Dual1_uniform_area,2807913078
Madrid,working,Full,connectors_shade,21,Afternoon,1632,244,1656,Dual1_uniform_area,2807913092
Madrid,working,Full,connectors_shade,21,Afternoon,1632,244,1656,Dual1_uniform_area,2807913109
Madrid,working,Full,connectors_shade,21,Afternoon,1632,244,1656,Dual1_uniform_area,2807913115
Madrid,working,Full,connectors_shade,21,Afternoon,1632,244,1656,Dual1_uniform_area,2807913137
Madrid,working,Full,connectors_shade,21,Afternoon,1632,244,1656,Dual1_uniform_area,2807913158
Madrid,working,Full,connectors_shade,21,Afternoon,1632,244,1656,Dual1_uniform_area,2807913160
Madrid,working,Full,connectors_shade,21,Afternoon,1632,244,1656,Dual1_uniform_area,2807913166
Madrid,working,Full,connectors_shade,21,Afternoon,1632,244,1656,Dual1_uniform_area,2807913168
Madrid,working,Full,connectors_shade,21,Afternoon,1632,244,1656,Dual1_uniform_area,2807913182
Madrid,working,Full,connectors_shade,21,Afternoon,1632,244,1656,Dual1_uniform_area,2807913184
Madrid,working,Full,connectors_shade,21,Afternoon,1632,244,1656,Dual1_uniform_area,2807913186
Madrid,working,Full,connectors_shade,21,Afternoon,1632,244,1656,Dual1_uniform_area,2807913191
Madrid,working,Full,connectors_shade,21,Afternoon,1632,244,1656,Dual1_uniform_area,2807913199
Madrid,working,Full,connectors_shade,21,Afternoon,1632,244,1656,Dual1_uniform_area,2807913202
Madrid,working,Full,connectors_shade,21,Afternoon,1632,244,1656,Dual1_uniform_area,2807913206
Madrid,working,Full,connectors_shade,21,Afternoon,1632,244,1656,Dual1_uniform_area,2807914018
Madrid,working,Full,connectors_shade,21,Afternoon,1632,244,1656,Dual1_uniform_area,2807914024
Madrid,working,Full,connectors_shade,21,Afternoon,1632,244,1656,Dual1_uniform_area,2807914030
Madrid,working,Full,connectors_shade,21,Afternoon,1632,244,1656,Dual1_uniform_area,2807914040
Madrid,working,Full,connectors_shade,21,Afternoon,1632,244,1656,Dual1_uniform_area,2807914041
Madrid,working,Full,connectors_shade,21,Afternoon,1632,244,1656,Dual1_uniform_area,2807914064
Madrid,working,Full,connectors_shade,21,Afternoon,1632,244,1656,Dual1_uniform_area,2807914083
Madrid,working,Full,connectors_shade,21,Afternoon,1632,244,1656,Dual1_uniform_area,2807915030
Madrid,working,Full,connectors_shade,21,Afternoon,1632,244,1656,Dual1_uniform_area,2807915038
Madrid,working,Full,connectors_shade,21,Afternoon,1632,244,1656,Dual1_uniform_area,2807915062
Madrid,working,Full,connectors_shade,21,Afternoon,1632,244,1656,Dual1_uniform_area,2807915067
Madrid,working,Full,connectors_shade,21,Afternoon,1632,244,1656,Dual1_uniform_area,2807915070
Madrid,working,Full,connectors_shade,21,Afternoon,1632,244,1656,Dual1_uniform_area,2807915074
Madrid,working,Full,connectors_shade,21,Afternoon,1632,244,1656,Dual1_uniform_area,2807915075
Madrid,working,Full,connectors_shade,21,Afternoon,1632,244,1656,Dual1_uniform_area,2807915082
Madrid,working,Full,connectors_shade,21,Afternoon,1632,244,1656,Dual1_uniform_area,2807915090
Madrid,working,Full,connectors_shade,21,Afternoon,1632,244,1656,Dual1_uniform_area,2807915115
Madrid,working,Full,connectors_shade,21,Afternoon,1632,244,1656,Dual1_uniform_area,2807915127
Madrid,working,Full,connectors_shade,21,Afternoon,1632,244,1656,Dual1_uniform_area,2807915132
Madrid,working,Full,connectors_shade,21,Afternoon,1632,244,1656,Dual1_uniform_area,2807915133
Madrid,working,Full,connectors_shade,21,Afternoon,1632,244,1656,Dual1_uniform_area,2807915135
Madrid,working,Full,connectors_shade,21,Afternoon,1632,244,1656,Dual1_uniform_area,2807915142
Madrid,working,Full,connectors_shade,21,Afternoon,1632,244,1656,Dual1_uniform_area,2807915170
Madrid,working,Full,connectors_shade,21,Afternoon,1632,244,1656,Dual1_uniform_area,2807915179
Madrid,working,Full,connectors_shade,21,Afternoon,1632,244,1656,Dual1_uniform_area,2807916022
Madrid,working,Full,connectors_shade,21,Afternoon,1632,244,1656,Dual1_uniform_area,2807916024
Madrid,working,Full,connectors_shade,21,Afternoon,1632,244,1656,Dual1_uniform_area,2807916030
Madrid,working,Full,connectors_shade,21,Afternoon,1632,244,1656,Dual1_uniform_area,2807916031
Madrid,working,Full,connectors_shade,21,Afternoon,1632,244,1656,Dual1_uniform_area,2807916032
Madrid,working,Full,connectors_shade,21,Afternoon,1632,244,1656,Dual1_uniform_area,2807916035
Madrid,working,Full,connectors_shade,21,Afternoon,1632,244,1656,Dual1_uniform_area,2807916046
Madrid,working,Full,connectors_shade,21,Afternoon,1632,244,1656,Dual1_uniform_area,2807916048
Madrid,working,Full,connectors_shade,21,Afternoon,1632,244,1656,Dual1_uniform_area,2807916052
Madrid,working,Full,connectors_shade,21,Afternoon,1632,244,1656,Dual1_uniform_area,2807916059
Madrid,working,Full,connectors_shade,21,Afternoon,1632,244,1656,Dual1_uniform_area,2807916060
Madrid,working,Full,connectors_shade,21,Afternoon,1632,244,1656,Dual1_uniform_area,2807916061
Madrid,working,Full,connectors_shade,21,Afternoon,1632,244,1656,Dual1_uniform_area,2807916079
Madrid,working,Full,connectors_shade,21,Afternoon,1632,244,1656,Dual1_uniform_area,2807916086
Madrid,working,Full,connectors_shade,21,Afternoon,1632,244,1656,Dual1_uniform_area,2807916088
Madrid,working,Full,connectors_shade,21,Afternoon,1632,244,1656,Dual1_uniform_area,2807916090
Madrid,working,Full,connectors_shade,21,Afternoon,1632,244,1656,Dual1_uniform_area,2807916097
Madrid,working,Full,connectors_shade,21,Afternoon,1632,244,1656,Dual1_uniform_area,2807916098
Madrid,working,Full,connectors_shade,21,Afternoon,1632,244,1656,Dual1_uniform_area,2807916099
Madrid,working,Full,connectors_shade,21,Afternoon,1632,244,1656,Dual1_uniform_area,2807917004
Madrid,working,Full,connectors_shade,21,Afternoon,1632,244,1656,Dual1_uniform_area,2807917023
Madrid,working,Full,connectors_shade,21,Afternoon,1632,244,1656,Dual1_uniform_area,2807917055
Madrid,working,Full,connectors_shade,21,Afternoon,1632,244,1656,Dual1_uniform_area,2807917070
Madrid,working,Full,connectors_shade,21,Afternoon,1632,244,1656,Dual1_uniform_area,2807917071
Madrid,working,Full,connectors_shade,21,Afternoon,1632,244,1656,Dual1_uniform_area,2807917075
Madrid,working,Full,connectors_shade,21,Afternoon,1632,244,1656,Dual1_uniform_area,2807917076
Madrid,working,Full,connectors_shade,21,Afternoon,1632,244,1656,Dual1_uniform_area,2807917078
Madrid,working,Full,connectors_shade,21,Afternoon,1632,244,1656,Dual1_uniform_area,2807917087
Madrid,working,Full,connectors_shade,21,Afternoon,1632,244,1656,Dual1_uniform_area,2807917097
Madrid,working,Full,connectors_shade,21,Afternoon,1632,244,1656,Dual1_uniform_area,2807917101
Madrid,working,Full,connectors_shade,21,Afternoon,1632,244,1656,Dual1_uniform_area,2807917102
Madrid,working,Full,connectors_shade,21,Afternoon,1632,244,1656,Dual1_uniform_area,2807918028
Madrid,working,Full,connectors_shade,21,Afternoon,1632,244,1656,Dual1_uniform_area,2807918032
Madrid,working,Full,connectors_shade,21,Afternoon,1632,244,1656,Dual1_uniform_area,2807918033
Madrid,working,Full,connectors_shade,21,Afternoon,1632,244,1656,Dual1_uniform_area,2807919002
Madrid,working,Full,connectors_shade,21,Afternoon,1632,244,1656,Dual1_uniform_area,2807919011
Madrid,working,Full,connectors_shade,21,Afternoon,1632,244,1656,Dual1_uniform_area,2807919019
Madrid,working,Full,connectors_shade,21,Afternoon,1632,244,1656,Dual1_uniform_area,2807919021
Madrid,working,Full,connectors_shade,21,Afternoon,1632,244,1656,Dual1_uniform_area,2807919036
Madrid,working,Full,connectors_shade,21,Afternoon,1632,244,1656,Dual1_uniform_area,2807920063
Madrid,working,Full,connectors_shade,21,Afternoon,1632,244,1656,Dual1_uniform_area,2807920066
Madrid,working,Full,connectors_shade,21,Afternoon,1632,244,1656,Dual1_uniform_area,2807920085
Madrid,working,Full,connectors_shade,21,Afternoon,1632,244,1656,Dual1_uniform_area,2807920086
Madrid,working,Full,connectors_shade,21,Afternoon,1632,244,1656,Dual1_uniform_area,2807920088
Madrid,working,Full,connectors_shade,21,Afternoon,1632,244,1656,Dual1_uniform_area,2807920090
Madrid,working,Full,connectors_shade,21,Afternoon,1632,244,1656,Dual1_uniform_area,2807920092
Madrid,working,Full,connectors_shade,21,Afternoon,1632,244,1656,Dual1_uniform_area,2807920102
Madrid,working,Full,connectors_shade,21,Afternoon,1632,244,1656,Dual1_uniform_area,2807921002
Madrid,working,Full,connectors_shade,21,Afternoon,1632,244,1656,Dual1_uniform_area,2807921007
Madrid,working,Full,connectors_shade,21,Afternoon,1632,244,1656,Dual1_uniform_area,2807921013
Madrid,working,Full,connectors_sun,21,Morning,1632,244,1655,Dual1_regional,2807902016
Madrid,working,Full,connectors_sun,21,Morning,1632,244,1655,Dual1_regional,2807902018
Madrid,working,Full,connectors_sun,21,Morning,1632,244,1655,Dual1_regional,2807902024
Madrid,working,Full,connectors_sun,21,Morning,1632,244,1655,Dual1_regional,2807902039
Madrid,working,Full,connectors_sun,21,Morning,1632,244,1655,Dual1_regional,2807902040
Madrid,working,Full,connectors_sun,21,Morning,1632,244,1655,Dual1_regional,2807902042
Madrid,working,Full,connectors_sun,21,Morning,1632,244,1655,Dual1_regional,2807902064
Madrid,working,Full,connectors_sun,21,Morning,1632,244,1655,Dual1_regional,2807902066
Madrid,working,Full,connectors_sun,21,Morning,1632,244,1655,Dual1_regional,2807902071
Madrid,working,Full,connectors_sun,21,Morning,1632,244,1655,Dual1_regional,2807902074
Madrid,working,Full,connectors_sun,21,Morning,1632,244,1655,Dual1_regional,2807902079
Madrid,working,Full,connectors_sun,21,Morning,1632,244,1655,Dual1_regional,2807902092
Madrid,working,Full,connectors_sun,21,Morning,1632,244,1655,Dual1_regional,2807903017
Madrid,working,Full,connectors_sun,21,Morning,1632,244,1655,Dual1_regional,2807903018
Madrid,working,Full,connectors_sun,21,Morning,1632,244,1655,Dual1_regional,2807903031
Madrid,working,Full,connectors_sun,21,Morning,1632,244,1655,Dual1_regional,2807903054
Madrid,working,Full,connectors_sun,21,Morning,1632,244,1655,Dual1_regional,2807903058
Madrid,working,Full,connectors_sun,21,Morning,1632,244,1655,Dual1_regional,2807903059
Madrid,working,Full,connectors_sun,21,Morning,1632,244,1655,Dual1_regional,2807903060
Madrid,working,Full,connectors_sun,21,Morning,1632,244,1655,Dual1_regional,2807903077
Madrid,working,Full,connectors_sun,21,Morning,1632,244,1655,Dual1_regional,2807903078
Madrid,working,Full,connectors_sun,21,Morning,1632,244,1655,Dual1_regional,2807903098
Madrid,working,Full,connectors_sun,21,Morning,1632,244,1655,Dual1_regional,2807903100
Madrid,working,Full,connectors_sun,21,Morning,1632,244,1655,Dual1_regional,2807904047
Madrid,working,Full,connectors_sun,21,Morning,1632,244,1655,Dual1_regional,2807904050
Madrid,working,Full,connectors_sun,21,Morning,1632,244,1655,Dual1_regional,2807904064
Madrid,working,Full,connectors_sun,21,Morning,1632,244,1655,Dual1_regional,2807904074
Madrid,working,Full,connectors_sun,21,Morning,1632,244,1655,Dual1_regional,2807904076
Madrid,working,Full,connectors_sun,21,Morning,1632,244,1655,Dual1_regional,2807904077
Madrid,working,Full,connectors_sun,21,Morning,1632,244,1655,Dual1_regional,2807904079
Madrid,working,Full,connectors_sun,21,Morning,1632,244,1655,Dual1_regional,2807904081
Madrid,working,Full,connectors_sun,21,Morning,1632,244,1655,Dual1_regional,2807904085
Madrid,working,Full,connectors_sun,21,Morning,1632,244,1655,Dual1_regional,2807904086
Madrid,working,Full,connectors_sun,21,Morning,1632,244,1655,Dual1_regional,2807904104
Madrid,working,Full,connectors_sun,21,Morning,1632,244,1655,Dual1_regional,2807904127
Madrid,working,Full,connectors_sun,21,Morning,1632,244,1655,Dual1_regional,2807904128
Madrid,working,Full,connectors_sun,21,Morning,1632,244,1655,Dual1_regional,2807905027
Madrid,working,Full,connectors_sun,21,Morning,1632,244,1655,Dual1_regional,2807905035
Madrid,working,Full,connectors_sun,21,Morning,1632,244,1655,Dual1_regional,2807905038
Madrid,working,Full,connectors_sun,21,Morning,1632,244,1655,Dual1_regional,2807905039
Madrid,working,Full,connectors_sun,21,Morning,1632,244,1655,Dual1_regional,2807905044
Madrid,working,Full,connectors_sun,21,Morning,1632,244,1655,Dual1_regional,2807905061
Madrid,working,Full,connectors_sun,21,Morning,1632,244,1655,Dual1_regional,2807905067
Madrid,working,Full,connectors_sun,21,Morning,1632,244,1655,Dual1_regional,2807905068
Madrid,working,Full,connectors_sun,21,Morning,1632,244,1655,Dual1_regional,2807905087
Madrid,working,Full,connectors_sun,21,Morning,1632,244,1655,Dual1_regional,2807906001
Madrid,working,Full,connectors_sun,21,Morning,1632,244,1655,Dual1_regional,2807906033
Madrid,working,Full,connectors_sun,21,Morning,1632,244,1655,Dual1_regional,2807906035
Madrid,working,Full,connectors_sun,21,Morning,1632,244,1655,Dual1_regional,2807906066
Madrid,working,Full,connectors_sun,21,Morning,1632,244,1655,Dual1_regional,2807906068
Madrid,working,Full,connectors_sun,21,Morning,1632,244,1655,Dual1_regional,2807906075
Madrid,working,Full,connectors_sun,21,Morning,1632,244,1655,Dual1_regional,2807906081
Madrid,working,Full,connectors_sun,21,Morning,1632,244,1655,Dual1_regional,2807906094
Madrid,working,Full,connectors_sun,21,Morning,1632,244,1655,Dual1_regional,2807906121
Madrid,working,Full,connectors_sun,21,Morning,1632,244,1655,Dual1_regional,2807906122
Madrid,working,Full,connectors_sun,21,Morning,1632,244,1655,Dual1_regional,2807906128
Madrid,working,Full,connectors_sun,21,Morning,1632,244,1655,Dual1_regional,2807907002
Madrid,working,Full,connectors_sun,21,Morning,1632,244,1655,Dual1_regional,2807907067
Madrid,working,Full,connectors_sun,21,Morning,1632,244,1655,Dual1_regional,2807907095
Madrid,working,Full,connectors_sun,21,Morning,1632,244,1655,Dual1_regional,2807907096
Madrid,working,Full,connectors_sun,21,Morning,1632,244,1655,Dual1_regional,2807907102
Madrid,working,Full,connectors_sun,21,Morning,1632,244,1655,Dual1_regional,2807907111
Madrid,working,Full,connectors_sun,21,Morning,1632,244,1655,Dual1_regional,2807907114
Madrid,working,Full,connectors_sun,21,Morning,1632,244,1655,Dual1_regional,2807907117
Madrid,working,Full,connectors_sun,21,Morning,1632,244,1655,Dual1_regional,2807907118
Madrid,working,Full,connectors_sun,21,Morning,1632,244,1655,Dual1_regional,2807907119
Madrid,working,Full,connectors_sun,21,Morning,1632,244,1655,Dual1_regional,2807907121
Madrid,working,Full,connectors_sun,21,Morning,1632,244,1655,Dual1_regional,2807908003
Madrid,working,Full,connectors_sun,21,Morning,1632,244,1655,Dual1_regional,2807908030
Madrid,working,Full,connectors_sun,21,Morning,1632,244,1655,Dual1_regional,2807908031
Madrid,working,Full,connectors_sun,21,Morning,1632,244,1655,Dual1_regional,2807908034
Madrid,working,Full,connectors_sun,21,Morning,1632,244,1655,Dual1_regional,2807908036
Madrid,working,Full,connectors_sun,21,Morning,1632,244,1655,Dual1_regional,2807908037
Madrid,working,Full,connectors_sun,21,Morning,1632,244,1655,Dual1_regional,2807908045
Madrid,working,Full,connectors_sun,21,Morning,1632,244,1655,Dual1_regional,2807908051
Madrid,working,Full,connectors_sun,21,Morning,1632,244,1655,Dual1_regional,2807908052
Madrid,working,Full,connectors_sun,21,Morning,1632,244,1655,Dual1_regional,2807908096
Madrid,working,Full,connectors_sun,21,Morning,1632,244,1655,Dual1_regional,2807908099
Madrid,working,Full,connectors_sun,21,Morning,1632,244,1655,Dual1_regional,2807908112
Madrid,working,Full,connectors_sun,21,Morning,1632,244,1655,Dual1_regional,2807908124
Madrid,working,Full,connectors_sun,21,Morning,1632,244,1655,Dual1_regional,2807908137
Madrid,working,Full,connectors_sun,21,Morning,1632,244,1655,Dual1_regional,2807908145
Madrid,working,Full,connectors_sun,21,Morning,1632,244,1655,Dual1_regional,2807908148
Madrid,working,Full,connectors_sun,21,Morning,1632,244,1655,Dual1_regional,2807908163
Madrid,working,Full,connectors_sun,21,Morning,1632,244,1655,Dual1_regional,2807908182
Madrid,working,Full,connectors_sun,21,Morning,1632,244,1655,Dual1_regional,2807909005
Madrid,working,Full,connectors_sun,21,Morning,1632,244,1655,Dual1_regional,2807909040
Madrid,working,Full,connectors_sun,21,Morning,1632,244,1655,Dual1_regional,2807909041
Madrid,working,Full,connectors_sun,21,Morning,1632,244,1655,Dual1_regional,2807909051
Madrid,working,Full,connectors_sun,21,Morning,1632,244,1655,Dual1_regional,2807909052
Madrid,working,Full,connectors_sun,21,Morning,1632,244,1655,Dual1_regional,2807909063
Madrid,working,Full,connectors_sun,21,Morning,1632,244,1655,Dual1_regional,2807909077
Madrid,working,Full,connectors_sun,21,Morning,1632,244,1655,Dual1_regional,2807909082
Madrid,working,Full,connectors_sun,21,Morning,1632,244,1655,Dual1_regional,2807910012
Madrid,working,Full,connectors_sun,21,Morning,1632,244,1655,Dual1_regional,2807910060
Madrid,working,Full,connectors_sun,21,Morning,1632,244,1655,Dual1_regional,2807910106
Madrid,working,Full,connectors_sun,21,Morning,1632,244,1655,Dual1_regional,2807910107
Madrid,working,Full,connectors_sun,21,Morning,1632,244,1655,Dual1_regional,2807910116
Madrid,working,Full,connectors_sun,21,Morning,1632,244,1655,Dual1_regional,2807910118
Madrid,working,Full,connectors_sun,21,Morning,1632,244,1655,Dual1_regional,2807910119
Madrid,working,Full,connectors_sun,21,Morning,1632,244,1655,Dual1_regional,2807910131
Madrid,working,Full,connectors_sun,21,Morning,1632,244,1655,Dual1_regional,2807910133
Madrid,working,Full,connectors_sun,21,Morning,1632,244,1655,Dual1_regional,2807910142
Madrid,working,Full,connectors_sun,21,Morning,1632,244,1655,Dual1_regional,2807910143
Madrid,working,Full,connectors_sun,21,Morning,1632,244,1655,Dual1_regional,2807910164
Madrid,working,Full,connectors_sun,21,Morning,1632,244,1655,Dual1_regional,2807910181
Madrid,working,Full,connectors_sun,21,Morning,1632,244,1655,Dual1_regional,2807910183
Madrid,working,Full,connectors_sun,21,Morning,1632,244,1655,Dual1_regional,2807910184
Madrid,working,Full,connectors_sun,21,Morning,1632,244,1655,Dual1_regional,2807910192
Madrid,working,Full,connectors_sun,21,Morning,1632,244,1655,Dual1_regional,2807910198
Madrid,working,Full,connectors_sun,21,Morning,1632,244,1655,Dual1_regional,2807910199
Madrid,working,Full,connectors_sun,21,Morning,1632,244,1655,Dual1_regional,2807910202
Madrid,working,Full,connectors_sun,21,Morning,1632,244,1655,Dual1_regional,2807910203
Madrid,working,Full,connectors_sun,21,Morning,1632,244,1655,Dual1_regional,2807910209
Madrid,working,Full,connectors_sun,21,Morning,1632,244,1655,Dual1_regional,2807910210
Madrid,working,Full,connectors_sun,21,Morning,1632,244,1655,Dual1_regional,2807911031
Madrid,working,Full,connectors_sun,21,Morning,1632,244,1655,Dual1_regional,2807911044
Madrid,working,Full,connectors_sun,21,Morning,1632,244,1655,Dual1_regional,2807911049
Madrid,working,Full,connectors_sun,21,Morning,1632,244,1655,Dual1_regional,2807911068
Madrid,working,Full,connectors_sun,21,Morning,1632,244,1655,Dual1_regional,2807911069
Madrid,working,Full,connectors_sun,21,Morning,1632,244,1655,Dual1_regional,2807911094
Madrid,working,Full,connectors_sun,21,Morning,1632,244,1655,Dual1_regional,2807911118
Madrid,working,Full,connectors_sun,21,Morning,1632,244,1655,Dual1_regional,2807911137
Madrid,working,Full,connectors_sun,21,Morning,1632,244,1655,Dual1_regional,2807911163
Madrid,working,Full,connectors_sun,21,Morning,1632,244,1655,Dual1_regional,2807911165
Madrid,working,Full,connectors_sun,21,Morning,1632,244,1655,Dual1_regional,2807911167
Madrid,working,Full,connectors_sun,21,Morning,1632,244,1655,Dual1_regional,2807911168
Madrid,working,Full,connectors_sun,21,Morning,1632,244,1655,Dual1_regional,2807911169
Madrid,working,Full,connectors_sun,21,Morning,1632,244,1655,Dual1_regional,2807911173
Madrid,working,Full,connectors_sun,21,Morning,1632,244,1655,Dual1_regional,2807911175
Madrid,working,Full,connectors_sun,21,Morning,1632,244,1655,Dual1_regional,2807911176
Madrid,working,Full,connectors_sun,21,Morning,1632,244,1655,Dual1_regional,2807911177
Madrid,working,Full,connectors_sun,21,Morning,1632,244,1655,Dual1_regional,2807911181
Madrid,working,Full,connectors_sun,21,Morning,1632,244,1655,Dual1_regional,2807912008
Madrid,working,Full,connectors_sun,21,Morning,1632,244,1655,Dual1_regional,2807912018
Madrid,working,Full,connectors_sun,21,Morning,1632,244,1655,Dual1_regional,2807912020
Madrid,working,Full,connectors_sun,21,Morning,1632,244,1655,Dual1_regional,2807912022
Madrid,working,Full,connectors_sun,21,Morning,1632,244,1655,Dual1_regional,2807912023
Madrid,working,Full,connectors_sun,21,Morning,1632,244,1655,Dual1_regional,2807912024
Madrid,working,Full,connectors_sun,21,Morning,1632,244,1655,Dual1_regional,2807912032
Madrid,working,Full,connectors_sun,21,Morning,1632,244,1655,Dual1_regional,2807912034
Madrid,working,Full,connectors_sun,21,Morning,1632,244,1655,Dual1_regional,2807912043
Madrid,working,Full,connectors_sun,21,Morning,1632,244,1655,Dual1_regional,2807912061
Madrid,working,Full,connectors_sun,21,Morning,1632,244,1655,Dual1_regional,2807912071
Madrid,working,Full,connectors_sun,21,Morning,1632,244,1655,Dual1_regional,2807912080
Madrid,working,Full,connectors_sun,21,Morning,1632,244,1655,Dual1_regional,2807912100
Madrid,working,Full,connectors_sun,21,Morning,1632,244,1655,Dual1_regional,2807912107
Madrid,working,Full,connectors_sun,21,Morning,1632,244,1655,Dual1_regional,2807913029
Madrid,working,Full,connectors_sun,21,Morning,1632,244,1655,Dual1_regional,2807913030
Madrid,working,Full,connectors_sun,21,Morning,1632,244,1655,Dual1_regional,2807913032
Madrid,working,Full,connectors_sun,21,Morning,1632,244,1655,Dual1_regional,2807913035
Madrid,working,Full,connectors_sun,21,Morning,1632,244,1655,Dual1_regional,2807913054
Madrid,working,Full,connectors_sun,21,Morning,1632,244,1655,Dual1_regional,2807913055
Madrid,working,Full,connectors_sun,21,Morning,1632,244,1655,Dual1_regional,2807913078
Madrid,working,Full,connectors_sun,21,Morning,1632,244,1655,Dual1_regional,2807913092
Madrid,working,Full,connectors_sun,21,Morning,1632,244,1655,Dual1_regional,2807913137
Madrid,working,Full,connectors_sun,21,Morning,1632,244,1655,Dual1_regional,2807913139
Madrid,working,Full,connectors_sun,21,Morning,1632,244,1655,Dual1_regional,2807913144
Madrid,working,Full,connectors_sun,21,Morning,1632,244,1655,Dual1_regional,2807913163
Madrid,working,Full,connectors_sun,21,Morning,1632,244,1655,Dual1_regional,2807913164
Madrid,working,Full,connectors_sun,21,Morning,1632,244,1655,Dual1_regional,2807913166
Madrid,working,Full,connectors_sun,21,Morning,1632,244,1655,Dual1_regional,2807913169
Madrid,working,Full,connectors_sun,21,Morning,1632,244,1655,Dual1_regional,2807913172
Madrid,working,Full,connectors_sun,21,Morning,1632,244,1655,Dual1_regional,2807913174
Madrid,working,Full,connectors_sun,21,Morning,1632,244,1655,Dual1_regional,2807913182
Madrid,working,Full,connectors_sun,21,Morning,1632,244,1655,Dual1_regional,2807913199
Madrid,working,Full,connectors_sun,21,Morning,1632,244,1655,Dual1_regional,2807913201
Madrid,working,Full,connectors_sun,21,Morning,1632,244,1655,Dual1_regional,2807913202
Madrid,working,Full,connectors_sun,21,Morning,1632,244,1655,Dual1_regional,2807914070
Madrid,working,Full,connectors_sun,21,Morning,1632,244,1655,Dual1_regional,2807914071
Madrid,working,Full,connectors_sun,21,Morning,1632,244,1655,Dual1_regional,2807914083
Madrid,working,Full,connectors_sun,21,Morning,1632,244,1655,Dual1_regional,2807915027
Madrid,working,Full,connectors_sun,21,Morning,1632,244,1655,Dual1_regional,2807915029
Madrid,working,Full,connectors_sun,21,Morning,1632,244,1655,Dual1_regional,2807915032
Madrid,working,Full,connectors_sun,21,Morning,1632,244,1655,Dual1_regional,2807915062
Madrid,working,Full,connectors_sun,21,Morning,1632,244,1655,Dual1_regional,2807915067
Madrid,working,Full,connectors_sun,21,Morning,1632,244,1655,Dual1_regional,2807915069
Madrid,working,Full,connectors_sun,21,Morning,1632,244,1655,Dual1_regional,2807915070
Madrid,working,Full,connectors_sun,21,Morning,1632,244,1655,Dual1_regional,2807915074
Madrid,working,Full,connectors_sun,21,Morning,1632,244,1655,Dual1_regional,2807915075
Madrid,working,Full,connectors_sun,21,Morning,1632,244,1655,Dual1_regional,2807915076
Madrid,working,Full,connectors_sun,21,Morning,1632,244,1655,Dual1_regional,2807915090
Madrid,working,Full,connectors_sun,21,Morning,1632,244,1655,Dual1_regional,2807915092
Madrid,working,Full,connectors_sun,21,Morning,1632,244,1655,Dual1_regional,2807915103
Madrid,working,Full,connectors_sun,21,Morning,1632,244,1655,Dual1_regional,2807915119
Madrid,working,Full,connectors_sun,21,Morning,1632,244,1655,Dual1_regional,2807915135
Madrid,working,Full,connectors_sun,21,Morning,1632,244,1655,Dual1_regional,2807915158
Madrid,working,Full,connectors_sun,21,Morning,1632,244,1655,Dual1_regional,2807915171
Madrid,working,Full,connectors_sun,21,Morning,1632,244,1655,Dual1_regional,2807916022
Madrid,working,Full,connectors_sun,21,Morning,1632,244,1655,Dual1_regional,2807916024
Madrid,working,Full,connectors_sun,21,Morning,1632,244,1655,Dual1_regional,2807916030
Madrid,working,Full,connectors_sun,21,Morning,1632,244,1655,Dual1_regional,2807916031
Madrid,working,Full,connectors_sun,21,Morning,1632,244,1655,Dual1_regional,2807916032
Madrid,working,Full,connectors_sun,21,Morning,1632,244,1655,Dual1_regional,2807916035
Madrid,working,Full,connectors_sun,21,Morning,1632,244,1655,Dual1_regional,2807916042
Madrid,working,Full,connectors_sun,21,Morning,1632,244,1655,Dual1_regional,2807916044
Madrid,working,Full,connectors_sun,21,Morning,1632,244,1655,Dual1_regional,2807916045
Madrid,working,Full,connectors_sun,21,Morning,1632,244,1655,Dual1_regional,2807916048
Madrid,working,Full,connectors_sun,21,Morning,1632,244,1655,Dual1_regional,2807916052
Madrid,working,Full,connectors_sun,21,Morning,1632,244,1655,Dual1_regional,2807916069
Madrid,working,Full,connectors_sun,21,Morning,1632,244,1655,Dual1_regional,2807916070
Madrid,working,Full,connectors_sun,21,Morning,1632,244,1655,Dual1_regional,2807916073
Madrid,working,Full,connectors_sun,21,Morning,1632,244,1655,Dual1_regional,2807916076
Madrid,working,Full,connectors_sun,21,Morning,1632,244,1655,Dual1_regional,2807916077
Madrid,working,Full,connectors_sun,21,Morning,1632,244,1655,Dual1_regional,2807916079
Madrid,working,Full,connectors_sun,21,Morning,1632,244,1655,Dual1_regional,2807916086
Madrid,working,Full,connectors_sun,21,Morning,1632,244,1655,Dual1_regional,2807916087
Madrid,working,Full,connectors_sun,21,Morning,1632,244,1655,Dual1_regional,2807916088
Madrid,working,Full,connectors_sun,21,Morning,1632,244,1655,Dual1_regional,2807916089
Madrid,working,Full,connectors_sun,21,Morning,1632,244,1655,Dual1_regional,2807916090
Madrid,working,Full,connectors_sun,21,Morning,1632,244,1655,Dual1_regional,2807916097
Madrid,working,Full,connectors_sun,21,Morning,1632,244,1655,Dual1_regional,2807916098
Madrid,working,Full,connectors_sun,21,Morning,1632,244,1655,Dual1_regional,2807916099
Madrid,working,Full,connectors_sun,21,Morning,1632,244,1655,Dual1_regional,2807916102
Madrid,working,Full,connectors_sun,21,Morning,1632,244,1655,Dual1_regional,2807917004
Madrid,working,Full,connectors_sun,21,Morning,1632,244,1655,Dual1_regional,2807917026
Madrid,working,Full,connectors_sun,21,Morning,1632,244,1655,Dual1_regional,2807917032
Madrid,working,Full,connectors_sun,21,Morning,1632,244,1655,Dual1_regional,2807917043
Madrid,working,Full,connectors_sun,21,Morning,1632,244,1655,Dual1_regional,2807917046
Madrid,working,Full,connectors_sun,21,Morning,1632,244,1655,Dual1_regional,2807917071
Madrid,working,Full,connectors_sun,21,Morning,1632,244,1655,Dual1_regional,2807917090
Madrid,working,Full,connectors_sun,21,Morning,1632,244,1655,Dual1_regional,2807917095
Madrid,working,Full,connectors_sun,21,Morning,1632,244,1655,Dual1_regional,2807917101
Madrid,working,Full,connectors_sun,21,Morning,1632,244,1655,Dual1_regional,2807917109
Madrid,working,Full,connectors_sun,21,Morning,1632,244,1655,Dual1_regional,2807917118
Madrid,working,Full,connectors_sun,21,Morning,1632,244,1655,Dual1_regional,2807918019
Madrid,working,Full,connectors_sun,21,Morning,1632,244,1655,Dual1_regional,2807918021
Madrid,working,Full,connectors_sun,21,Morning,1632,244,1655,Dual1_regional,2807918043
Madrid,working,Full,connectors_sun,21,Morning,1632,244,1655,Dual1_regional,2807919008
Madrid,working,Full,connectors_sun,21,Morning,1632,244,1655,Dual1_regional,2807919011
Madrid,working,Full,connectors_sun,21,Morning,1632,244,1655,Dual1_regional,2807919019
Madrid,working,Full,connectors_sun,21,Morning,1632,244,1655,Dual1_regional,2807919020
Madrid,working,Full,connectors_sun,21,Morning,1632,244,1655,Dual1_regional,2807919021
Madrid,working,Full,connectors_sun,21,Morning,1632,244,1655,Dual1_regional,2807919036
Madrid,working,Full,connectors_sun,21,Morning,1632,244,1655,Dual1_regional,2807920066
Madrid,working,Full,connectors_sun,21,Morning,1632,244,1655,Dual1_regional,2807920085
Madrid,working,Full,connectors_sun,21,Morning,1632,244,1655,Dual1_regional,2807920086
Madrid,working,Full,connectors_sun,21,Morning,1632,244,1655,Dual1_regional,2807920088
Madrid,working,Full,connectors_sun,21,Morning,1632,244,1655,Dual1_regional,2807920090
Madrid,working,Full,connectors_sun,21,Morning,1632,244,1655,Dual1_regional,2807920102
Madrid,working,Full,connectors_sun,21,Morning,1632,244,1655,Dual1_regional,2807920112
Madrid,working,Full,connectors_sun,21,Morning,1632,244,1655,Dual1_regional,2807921018
Madrid,working,Full,connectors_sun,21,Morning,1632,244,1655,Dual1_regional,2807921020
Madrid,working,Full,connectors_sun,21,Morning,1632,244,1655,Dual1_regional,2807921026
Madrid,working,Full,connectors_sun,21,Morning,1632,244,1655,Dual1_uniform_area,2807902016
Madrid,working,Full,connectors_sun,21,Morning,1632,244,1655,Dual1_uniform_area,2807902018
Madrid,working,Full,connectors_sun,21,Morning,1632,244,1655,Dual1_uniform_area,2807902024
Madrid,working,Full,connectors_sun,21,Morning,1632,244,1655,Dual1_uniform_area,2807902039
Madrid,working,Full,connectors_sun,21,Morning,1632,244,1655,Dual1_uniform_area,2807902040
Madrid,working,Full,connectors_sun,21,Morning,1632,244,1655,Dual1_uniform_area,2807902042
Madrid,working,Full,connectors_sun,21,Morning,1632,244,1655,Dual1_uniform_area,2807902064
Madrid,working,Full,connectors_sun,21,Morning,1632,244,1655,Dual1_uniform_area,2807902066
Madrid,working,Full,connectors_sun,21,Morning,1632,244,1655,Dual1_uniform_area,2807902071
Madrid,working,Full,connectors_sun,21,Morning,1632,244,1655,Dual1_uniform_area,2807902074
Madrid,working,Full,connectors_sun,21,Morning,1632,244,1655,Dual1_uniform_area,2807902079
Madrid,working,Full,connectors_sun,21,Morning,1632,244,1655,Dual1_uniform_area,2807902092
Madrid,working,Full,connectors_sun,21,Morning,1632,244,1655,Dual1_uniform_area,2807903017
Madrid,working,Full,connectors_sun,21,Morning,1632,244,1655,Dual1_uniform_area,2807903031
Madrid,working,Full,connectors_sun,21,Morning,1632,244,1655,Dual1_uniform_area,2807903054
Madrid,working,Full,connectors_sun,21,Morning,1632,244,1655,Dual1_uniform_area,2807903058
Madrid,working,Full,connectors_sun,21,Morning,1632,244,1655,Dual1_uniform_area,2807903059
Madrid,working,Full,connectors_sun,21,Morning,1632,244,1655,Dual1_uniform_area,2807903060
Madrid,working,Full,connectors_sun,21,Morning,1632,244,1655,Dual1_uniform_area,2807903077
Madrid,working,Full,connectors_sun,21,Morning,1632,244,1655,Dual1_uniform_area,2807903078
Madrid,working,Full,connectors_sun,21,Morning,1632,244,1655,Dual1_uniform_area,2807903098
Madrid,working,Full,connectors_sun,21,Morning,1632,244,1655,Dual1_uniform_area,2807903100
Madrid,working,Full,connectors_sun,21,Morning,1632,244,1655,Dual1_uniform_area,2807904047
Madrid,working,Full,connectors_sun,21,Morning,1632,244,1655,Dual1_uniform_area,2807904064
Madrid,working,Full,connectors_sun,21,Morning,1632,244,1655,Dual1_uniform_area,2807904074
Madrid,working,Full,connectors_sun,21,Morning,1632,244,1655,Dual1_uniform_area,2807904076
Madrid,working,Full,connectors_sun,21,Morning,1632,244,1655,Dual1_uniform_area,2807904077
Madrid,working,Full,connectors_sun,21,Morning,1632,244,1655,Dual1_uniform_area,2807904079
Madrid,working,Full,connectors_sun,21,Morning,1632,244,1655,Dual1_uniform_area,2807904081
Madrid,working,Full,connectors_sun,21,Morning,1632,244,1655,Dual1_uniform_area,2807904085
Madrid,working,Full,connectors_sun,21,Morning,1632,244,1655,Dual1_uniform_area,2807904086
Madrid,working,Full,connectors_sun,21,Morning,1632,244,1655,Dual1_uniform_area,2807904104
Madrid,working,Full,connectors_sun,21,Morning,1632,244,1655,Dual1_uniform_area,2807904127
Madrid,working,Full,connectors_sun,21,Morning,1632,244,1655,Dual1_uniform_area,2807904128
Madrid,working,Full,connectors_sun,21,Morning,1632,244,1655,Dual1_uniform_area,2807905027
Madrid,working,Full,connectors_sun,21,Morning,1632,244,1655,Dual1_uniform_area,2807905035
Madrid,working,Full,connectors_sun,21,Morning,1632,244,1655,Dual1_uniform_area,2807905038
Madrid,working,Full,connectors_sun,21,Morning,1632,244,1655,Dual1_uniform_area,2807905039
Madrid,working,Full,connectors_sun,21,Morning,1632,244,1655,Dual1_uniform_area,2807905044
Madrid,working,Full,connectors_sun,21,Morning,1632,244,1655,Dual1_uniform_area,2807905061
Madrid,working,Full,connectors_sun,21,Morning,1632,244,1655,Dual1_uniform_area,2807905067
Madrid,working,Full,connectors_sun,21,Morning,1632,244,1655,Dual1_uniform_area,2807905068
Madrid,working,Full,connectors_sun,21,Morning,1632,244,1655,Dual1_uniform_area,2807905087
Madrid,working,Full,connectors_sun,21,Morning,1632,244,1655,Dual1_uniform_area,2807906001
Madrid,working,Full,connectors_sun,21,Morning,1632,244,1655,Dual1_uniform_area,2807906033
Madrid,working,Full,connectors_sun,21,Morning,1632,244,1655,Dual1_uniform_area,2807906035
Madrid,working,Full,connectors_sun,21,Morning,1632,244,1655,Dual1_uniform_area,2807906066
Madrid,working,Full,connectors_sun,21,Morning,1632,244,1655,Dual1_uniform_area,2807906068
Madrid,working,Full,connectors_sun,21,Morning,1632,244,1655,Dual1_uniform_area,2807906075
Madrid,working,Full,connectors_sun,21,Morning,1632,244,1655,Dual1_uniform_area,2807906081
Madrid,working,Full,connectors_sun,21,Morning,1632,244,1655,Dual1_uniform_area,2807906094
Madrid,working,Full,connectors_sun,21,Morning,1632,244,1655,Dual1_uniform_area,2807906105
Madrid,working,Full,connectors_sun,21,Morning,1632,244,1655,Dual1_uniform_area,2807906121
Madrid,working,Full,connectors_sun,21,Morning,1632,244,1655,Dual1_uniform_area,2807906122
Madrid,working,Full,connectors_sun,21,Morning,1632,244,1655,Dual1_uniform_area,2807906128
Madrid,working,Full,connectors_sun,21,Morning,1632,244,1655,Dual1_uniform_area,2807907002
Madrid,working,Full,connectors_sun,21,Morning,1632,244,1655,Dual1_uniform_area,2807907067
Madrid,working,Full,connectors_sun,21,Morning,1632,244,1655,Dual1_uniform_area,2807907095
Madrid,working,Full,connectors_sun,21,Morning,1632,244,1655,Dual1_uniform_area,2807907096
Madrid,working,Full,connectors_sun,21,Morning,1632,244,1655,Dual1_uniform_area,2807907102
Madrid,working,Full,connectors_sun,21,Morning,1632,244,1655,Dual1_uniform_area,2807907111
Madrid,working,Full,connectors_sun,21,Morning,1632,244,1655,Dual1_uniform_area,2807907114
Madrid,working,Full,connectors_sun,21,Morning,1632,244,1655,Dual1_uniform_area,2807907117
Madrid,working,Full,connectors_sun,21,Morning,1632,244,1655,Dual1_uniform_area,2807907118
Madrid,working,Full,connectors_sun,21,Morning,1632,244,1655,Dual1_uniform_area,2807907119
Madrid,working,Full,connectors_sun,21,Morning,1632,244,1655,Dual1_uniform_area,2807907121
Madrid,working,Full,connectors_sun,21,Morning,1632,244,1655,Dual1_uniform_area,2807907122
Madrid,working,Full,connectors_sun,21,Morning,1632,244,1655,Dual1_uniform_area,2807908003
Madrid,working,Full,connectors_sun,21,Morning,1632,244,1655,Dual1_uniform_area,2807908030
Madrid,working,Full,connectors_sun,21,Morning,1632,244,1655,Dual1_uniform_area,2807908031
Madrid,working,Full,connectors_sun,21,Morning,1632,244,1655,Dual1_uniform_area,2807908034
Madrid,working,Full,connectors_sun,21,Morning,1632,244,1655,Dual1_uniform_area,2807908036
Madrid,working,Full,connectors_sun,21,Morning,1632,244,1655,Dual1_uniform_area,2807908037
Madrid,working,Full,connectors_sun,21,Morning,1632,244,1655,Dual1_uniform_area,2807908045
Madrid,working,Full,connectors_sun,21,Morning,1632,244,1655,Dual1_uniform_area,2807908051
Madrid,working,Full,connectors_sun,21,Morning,1632,244,1655,Dual1_uniform_area,2807908052
Madrid,working,Full,connectors_sun,21,Morning,1632,244,1655,Dual1_uniform_area,2807908096
Madrid,working,Full,connectors_sun,21,Morning,1632,244,1655,Dual1_uniform_area,2807908099
Madrid,working,Full,connectors_sun,21,Morning,1632,244,1655,Dual1_uniform_area,2807908112
Madrid,working,Full,connectors_sun,21,Morning,1632,244,1655,Dual1_uniform_area,2807908124
Madrid,working,Full,connectors_sun,21,Morning,1632,244,1655,Dual1_uniform_area,2807908137
Madrid,working,Full,connectors_sun,21,Morning,1632,244,1655,Dual1_uniform_area,2807908145
Madrid,working,Full,connectors_sun,21,Morning,1632,244,1655,Dual1_uniform_area,2807908148
Madrid,working,Full,connectors_sun,21,Morning,1632,244,1655,Dual1_uniform_area,2807908163
Madrid,working,Full,connectors_sun,21,Morning,1632,244,1655,Dual1_uniform_area,2807908182
Madrid,working,Full,connectors_sun,21,Morning,1632,244,1655,Dual1_uniform_area,2807909005
Madrid,working,Full,connectors_sun,21,Morning,1632,244,1655,Dual1_uniform_area,2807909040
Madrid,working,Full,connectors_sun,21,Morning,1632,244,1655,Dual1_uniform_area,2807909041
Madrid,working,Full,connectors_sun,21,Morning,1632,244,1655,Dual1_uniform_area,2807909051
Madrid,working,Full,connectors_sun,21,Morning,1632,244,1655,Dual1_uniform_area,2807909052
Madrid,working,Full,connectors_sun,21,Morning,1632,244,1655,Dual1_uniform_area,2807909063
Madrid,working,Full,connectors_sun,21,Morning,1632,244,1655,Dual1_uniform_area,2807909077
Madrid,working,Full,connectors_sun,21,Morning,1632,244,1655,Dual1_uniform_area,2807909082
Madrid,working,Full,connectors_sun,21,Morning,1632,244,1655,Dual1_uniform_area,2807910012
Madrid,working,Full,connectors_sun,21,Morning,1632,244,1655,Dual1_uniform_area,2807910060
Madrid,working,Full,connectors_sun,21,Morning,1632,244,1655,Dual1_uniform_area,2807910106
Madrid,working,Full,connectors_sun,21,Morning,1632,244,1655,Dual1_uniform_area,2807910107
Madrid,working,Full,connectors_sun,21,Morning,1632,244,1655,Dual1_uniform_area,2807910116
Madrid,working,Full,connectors_sun,21,Morning,1632,244,1655,Dual1_uniform_area,2807910118
Madrid,working,Full,connectors_sun,21,Morning,1632,244,1655,Dual1_uniform_area,2807910119
Madrid,working,Full,connectors_sun,21,Morning,1632,244,1655,Dual1_uniform_area,2807910131
Madrid,working,Full,connectors_sun,21,Morning,1632,244,1655,Dual1_uniform_area,2807910133
Madrid,working,Full,connectors_sun,21,Morning,1632,244,1655,Dual1_uniform_area,2807910142
Madrid,working,Full,connectors_sun,21,Morning,1632,244,1655,Dual1_uniform_area,2807910143
Madrid,working,Full,connectors_sun,21,Morning,1632,244,1655,Dual1_uniform_area,2807910164
Madrid,working,Full,connectors_sun,21,Morning,1632,244,1655,Dual1_uniform_area,2807910181
Madrid,working,Full,connectors_sun,21,Morning,1632,244,1655,Dual1_uniform_area,2807910183
Madrid,working,Full,connectors_sun,21,Morning,1632,244,1655,Dual1_uniform_area,2807910184
Madrid,working,Full,connectors_sun,21,Morning,1632,244,1655,Dual1_uniform_area,2807910192
Madrid,working,Full,connectors_sun,21,Morning,1632,244,1655,Dual1_uniform_area,2807910198
Madrid,working,Full,connectors_sun,21,Morning,1632,244,1655,Dual1_uniform_area,2807910199
Madrid,working,Full,connectors_sun,21,Morning,1632,244,1655,Dual1_uniform_area,2807910202
Madrid,working,Full,connectors_sun,21,Morning,1632,244,1655,Dual1_uniform_area,2807910203
Madrid,working,Full,connectors_sun,21,Morning,1632,244,1655,Dual1_uniform_area,2807910209
Madrid,working,Full,connectors_sun,21,Morning,1632,244,1655,Dual1_uniform_area,2807910210
Madrid,working,Full,connectors_sun,21,Morning,1632,244,1655,Dual1_uniform_area,2807911031
Madrid,working,Full,connectors_sun,21,Morning,1632,244,1655,Dual1_uniform_area,2807911044
Madrid,working,Full,connectors_sun,21,Morning,1632,244,1655,Dual1_uniform_area,2807911049
Madrid,working,Full,connectors_sun,21,Morning,1632,244,1655,Dual1_uniform_area,2807911068
Madrid,working,Full,connectors_sun,21,Morning,1632,244,1655,Dual1_uniform_area,2807911069
Madrid,working,Full,connectors_sun,21,Morning,1632,244,1655,Dual1_uniform_area,2807911094
Madrid,working,Full,connectors_sun,21,Morning,1632,244,1655,Dual1_uniform_area,2807911118
Madrid,working,Full,connectors_sun,21,Morning,1632,244,1655,Dual1_uniform_area,2807911137
Madrid,working,Full,connectors_sun,21,Morning,1632,244,1655,Dual1_uniform_area,2807911163
Madrid,working,Full,connectors_sun,21,Morning,1632,244,1655,Dual1_uniform_area,2807911165
Madrid,working,Full,connectors_sun,21,Morning,1632,244,1655,Dual1_uniform_area,2807911167
Madrid,working,Full,connectors_sun,21,Morning,1632,244,1655,Dual1_uniform_area,2807911168
Madrid,working,Full,connectors_sun,21,Morning,1632,244,1655,Dual1_uniform_area,2807911169
Madrid,working,Full,connectors_sun,21,Morning,1632,244,1655,Dual1_uniform_area,2807911173
Madrid,working,Full,connectors_sun,21,Morning,1632,244,1655,Dual1_uniform_area,2807911175
Madrid,working,Full,connectors_sun,21,Morning,1632,244,1655,Dual1_uniform_area,2807911176
Madrid,working,Full,connectors_sun,21,Morning,1632,244,1655,Dual1_uniform_area,2807911177
Madrid,working,Full,connectors_sun,21,Morning,1632,244,1655,Dual1_uniform_area,2807911181
Madrid,working,Full,connectors_sun,21,Morning,1632,244,1655,Dual1_uniform_area,2807912008
Madrid,working,Full,connectors_sun,21,Morning,1632,244,1655,Dual1_uniform_area,2807912018
Madrid,working,Full,connectors_sun,21,Morning,1632,244,1655,Dual1_uniform_area,2807912020
Madrid,working,Full,connectors_sun,21,Morning,1632,244,1655,Dual1_uniform_area,2807912022
Madrid,working,Full,connectors_sun,21,Morning,1632,244,1655,Dual1_uniform_area,2807912023
Madrid,working,Full,connectors_sun,21,Morning,1632,244,1655,Dual1_uniform_area,2807912024
Madrid,working,Full,connectors_sun,21,Morning,1632,244,1655,Dual1_uniform_area,2807912032
Madrid,working,Full,connectors_sun,21,Morning,1632,244,1655,Dual1_uniform_area,2807912034
Madrid,working,Full,connectors_sun,21,Morning,1632,244,1655,Dual1_uniform_area,2807912043
Madrid,working,Full,connectors_sun,21,Morning,1632,244,1655,Dual1_uniform_area,2807912061
Madrid,working,Full,connectors_sun,21,Morning,1632,244,1655,Dual1_uniform_area,2807912071
Madrid,working,Full,connectors_sun,21,Morning,1632,244,1655,Dual1_uniform_area,2807912080
Madrid,working,Full,connectors_sun,21,Morning,1632,244,1655,Dual1_uniform_area,2807912100
Madrid,working,Full,connectors_sun,21,Morning,1632,244,1655,Dual1_uniform_area,2807912107
Madrid,working,Full,connectors_sun,21,Morning,1632,244,1655,Dual1_uniform_area,2807913029
Madrid,working,Full,connectors_sun,21,Morning,1632,244,1655,Dual1_uniform_area,2807913030
Madrid,working,Full,connectors_sun,21,Morning,1632,244,1655,Dual1_uniform_area,2807913032
Madrid,working,Full,connectors_sun,21,Morning,1632,244,1655,Dual1_uniform_area,2807913035
Madrid,working,Full,connectors_sun,21,Morning,1632,244,1655,Dual1_uniform_area,2807913054
Madrid,working,Full,connectors_sun,21,Morning,1632,244,1655,Dual1_uniform_area,2807913055
Madrid,working,Full,connectors_sun,21,Morning,1632,244,1655,Dual1_uniform_area,2807913078
Madrid,working,Full,connectors_sun,21,Morning,1632,244,1655,Dual1_uniform_area,2807913092
Madrid,working,Full,connectors_sun,21,Morning,1632,244,1655,Dual1_uniform_area,2807913137
Madrid,working,Full,connectors_sun,21,Morning,1632,244,1655,Dual1_uniform_area,2807913139
Madrid,working,Full,connectors_sun,21,Morning,1632,244,1655,Dual1_uniform_area,2807913144
Madrid,working,Full,connectors_sun,21,Morning,1632,244,1655,Dual1_uniform_area,2807913163
Madrid,working,Full,connectors_sun,21,Morning,1632,244,1655,Dual1_uniform_area,2807913164
Madrid,working,Full,connectors_sun,21,Morning,1632,244,1655,Dual1_uniform_area,2807913166
Madrid,working,Full,connectors_sun,21,Morning,1632,244,1655,Dual1_uniform_area,2807913169
Madrid,working,Full,connectors_sun,21,Morning,1632,244,1655,Dual1_uniform_area,2807913172
Madrid,working,Full,connectors_sun,21,Morning,1632,244,1655,Dual1_uniform_area,2807913174
Madrid,working,Full,connectors_sun,21,Morning,1632,244,1655,Dual1_uniform_area,2807913182
Madrid,working,Full,connectors_sun,21,Morning,1632,244,1655,Dual1_uniform_area,2807913199
Madrid,working,Full,connectors_sun,21,Morning,1632,244,1655,Dual1_uniform_area,2807913201
Madrid,working,Full,connectors_sun,21,Morning,1632,244,1655,Dual1_uniform_area,2807913202
Madrid,working,Full,connectors_sun,21,Morning,1632,244,1655,Dual1_uniform_area,2807914070
Madrid,working,Full,connectors_sun,21,Morning,1632,244,1655,Dual1_uniform_area,2807914071
Madrid,working,Full,connectors_sun,21,Morning,1632,244,1655,Dual1_uniform_area,2807914083
Madrid,working,Full,connectors_sun,21,Morning,1632,244,1655,Dual1_uniform_area,2807915027
Madrid,working,Full,connectors_sun,21,Morning,1632,244,1655,Dual1_uniform_area,2807915029
Madrid,working,Full,connectors_sun,21,Morning,1632,244,1655,Dual1_uniform_area,2807915032
Madrid,working,Full,connectors_sun,21,Morning,1632,244,1655,Dual1_uniform_area,2807915062
Madrid,working,Full,connectors_sun,21,Morning,1632,244,1655,Dual1_uniform_area,2807915067
Madrid,working,Full,connectors_sun,21,Morning,1632,244,1655,Dual1_uniform_area,2807915069
Madrid,working,Full,connectors_sun,21,Morning,1632,244,1655,Dual1_uniform_area,2807915070
Madrid,working,Full,connectors_sun,21,Morning,1632,244,1655,Dual1_uniform_area,2807915074
Madrid,working,Full,connectors_sun,21,Morning,1632,244,1655,Dual1_uniform_area,2807915075
Madrid,working,Full,connectors_sun,21,Morning,1632,244,1655,Dual1_uniform_area,2807915076
Madrid,working,Full,connectors_sun,21,Morning,1632,244,1655,Dual1_uniform_area,2807915090
Madrid,working,Full,connectors_sun,21,Morning,1632,244,1655,Dual1_uniform_area,2807915092
Madrid,working,Full,connectors_sun,21,Morning,1632,244,1655,Dual1_uniform_area,2807915103
Madrid,working,Full,connectors_sun,21,Morning,1632,244,1655,Dual1_uniform_area,2807915119
Madrid,working,Full,connectors_sun,21,Morning,1632,244,1655,Dual1_uniform_area,2807915135
Madrid,working,Full,connectors_sun,21,Morning,1632,244,1655,Dual1_uniform_area,2807915158
Madrid,working,Full,connectors_sun,21,Morning,1632,244,1655,Dual1_uniform_area,2807915171
Madrid,working,Full,connectors_sun,21,Morning,1632,244,1655,Dual1_uniform_area,2807916022
Madrid,working,Full,connectors_sun,21,Morning,1632,244,1655,Dual1_uniform_area,2807916024
Madrid,working,Full,connectors_sun,21,Morning,1632,244,1655,Dual1_uniform_area,2807916030
Madrid,working,Full,connectors_sun,21,Morning,1632,244,1655,Dual1_uniform_area,2807916031
Madrid,working,Full,connectors_sun,21,Morning,1632,244,1655,Dual1_uniform_area,2807916032
Madrid,working,Full,connectors_sun,21,Morning,1632,244,1655,Dual1_uniform_area,2807916035
Madrid,working,Full,connectors_sun,21,Morning,1632,244,1655,Dual1_uniform_area,2807916042
Madrid,working,Full,connectors_sun,21,Morning,1632,244,1655,Dual1_uniform_area,2807916044
Madrid,working,Full,connectors_sun,21,Morning,1632,244,1655,Dual1_uniform_area,2807916045
Madrid,working,Full,connectors_sun,21,Morning,1632,244,1655,Dual1_uniform_area,2807916048
Madrid,working,Full,connectors_sun,21,Morning,1632,244,1655,Dual1_uniform_area,2807916052
Madrid,working,Full,connectors_sun,21,Morning,1632,244,1655,Dual1_uniform_area,2807916069
Madrid,working,Full,connectors_sun,21,Morning,1632,244,1655,Dual1_uniform_area,2807916070
Madrid,working,Full,connectors_sun,21,Morning,1632,244,1655,Dual1_uniform_area,2807916073
Madrid,working,Full,connectors_sun,21,Morning,1632,244,1655,Dual1_uniform_area,2807916076
Madrid,working,Full,connectors_sun,21,Morning,1632,244,1655,Dual1_uniform_area,2807916077
Madrid,working,Full,connectors_sun,21,Morning,1632,244,1655,Dual1_uniform_area,2807916079
Madrid,working,Full,connectors_sun,21,Morning,1632,244,1655,Dual1_uniform_area,2807916086
Madrid,working,Full,connectors_sun,21,Morning,1632,244,1655,Dual1_uniform_area,2807916087
Madrid,working,Full,connectors_sun,21,Morning,1632,244,1655,Dual1_uniform_area,2807916088
Madrid,working,Full,connectors_sun,21,Morning,1632,244,1655,Dual1_uniform_area,2807916089
Madrid,working,Full,connectors_sun,21,Morning,1632,244,1655,Dual1_uniform_area,2807916090
Madrid,working,Full,connectors_sun,21,Morning,1632,244,1655,Dual1_uniform_area,2807916097
Madrid,working,Full,connectors_sun,21,Morning,1632,244,1655,Dual1_uniform_area,2807916098
Madrid,working,Full,connectors_sun,21,Morning,1632,244,1655,Dual1_uniform_area,2807916099
Madrid,working,Full,connectors_sun,21,Morning,1632,244,1655,Dual1_uniform_area,2807916102
Madrid,working,Full,connectors_sun,21,Morning,1632,244,1655,Dual1_uniform_area,2807917004
Madrid,working,Full,connectors_sun,21,Morning,1632,244,1655,Dual1_uniform_area,2807917026
Madrid,working,Full,connectors_sun,21,Morning,1632,244,1655,Dual1_uniform_area,2807917032
Madrid,working,Full,connectors_sun,21,Morning,1632,244,1655,Dual1_uniform_area,2807917043
Madrid,working,Full,connectors_sun,21,Morning,1632,244,1655,Dual1_uniform_area,2807917071
Madrid,working,Full,connectors_sun,21,Morning,1632,244,1655,Dual1_uniform_area,2807917090
Madrid,working,Full,connectors_sun,21,Morning,1632,244,1655,Dual1_uniform_area,2807917094
Madrid,working,Full,connectors_sun,21,Morning,1632,244,1655,Dual1_uniform_area,2807917095
Madrid,working,Full,connectors_sun,21,Morning,1632,244,1655,Dual1_uniform_area,2807917101
Madrid,working,Full,connectors_sun,21,Morning,1632,244,1655,Dual1_uniform_area,2807917109
Madrid,working,Full,connectors_sun,21,Morning,1632,244,1655,Dual1_uniform_area,2807917118
Madrid,working,Full,connectors_sun,21,Morning,1632,244,1655,Dual1_uniform_area,2807918019
Madrid,working,Full,connectors_sun,21,Morning,1632,244,1655,Dual1_uniform_area,2807918021
Madrid,working,Full,connectors_sun,21,Morning,1632,244,1655,Dual1_uniform_area,2807918043
Madrid,working,Full,connectors_sun,21,Morning,1632,244,1655,Dual1_uniform_area,2807919008
Madrid,working,Full,connectors_sun,21,Morning,1632,244,1655,Dual1_uniform_area,2807919011
Madrid,working,Full,connectors_sun,21,Morning,1632,244,1655,Dual1_uniform_area,2807919019
Madrid,working,Full,connectors_sun,21,Morning,1632,244,1655,Dual1_uniform_area,2807919020
Madrid,working,Full,connectors_sun,21,Morning,1632,244,1655,Dual1_uniform_area,2807919021
Madrid,working,Full,connectors_sun,21,Morning,1632,244,1655,Dual1_uniform_area,2807919036
Madrid,working,Full,connectors_sun,21,Morning,1632,244,1655,Dual1_uniform_area,2807920066
Madrid,working,Full,connectors_sun,21,Morning,1632,244,1655,Dual1_uniform_area,2807920085
Madrid,working,Full,connectors_sun,21,Morning,1632,244,1655,Dual1_uniform_area,2807920086
Madrid,working,Full,connectors_sun,21,Morning,1632,244,1655,Dual1_uniform_area,2807920088
Madrid,working,Full,connectors_sun,21,Morning,1632,244,1655,Dual1_uniform_area,2807920090
Madrid,working,Full,connectors_sun,21,Morning,1632,244,1655,Dual1_uniform_area,2807920102
Madrid,working,Full,connectors_sun,21,Morning,1632,244,1655,Dual1_uniform_area,2807920112
Madrid,working,Full,connectors_sun,21,Morning,1632,244,1655,Dual1_uniform_area,2807921018
Madrid,working,Full,connectors_sun,21,Morning,1632,244,1655,Dual1_uniform_area,2807921020
Madrid,working,Full,connectors_sun,21,Morning,1632,244,1655,Dual1_uniform_area,2807921026
Madrid,working,Full,connectors_sun,21,Afternoon,1632,244,1656,Dual1_regional,2807901018
Madrid,working,Full,connectors_sun,21,Afternoon,1632,244,1656,Dual1_regional,2807901057
Madrid,working,Full,connectors_sun,21,Afternoon,1632,244,1656,Dual1_regional,2807902003
Madrid,working,Full,connectors_sun,21,Afternoon,1632,244,1656,Dual1_regional,2807902006
Madrid,working,Full,connectors_sun,21,Afternoon,1632,244,1656,Dual1_regional,2807902016
Madrid,working,Full,connectors_sun,21,Afternoon,1632,244,1656,Dual1_regional,2807902018
Madrid,working,Full,connectors_sun,21,Afternoon,1632,244,1656,Dual1_regional,2807902024
Madrid,working,Full,connectors_sun,21,Afternoon,1632,244,1656,Dual1_regional,2807902031
Madrid,working,Full,connectors_sun,21,Afternoon,1632,244,1656,Dual1_regional,2807902040
Madrid,working,Full,connectors_sun,21,Afternoon,1632,244,1656,Dual1_regional,2807902042
Madrid,working,Full,connectors_sun,21,Afternoon,1632,244,1656,Dual1_regional,2807902053
Madrid,working,Full,connectors_sun,21,Afternoon,1632,244,1656,Dual1_regional,2807902064
Madrid,working,Full,connectors_sun,21,Afternoon,1632,244,1656,Dual1_regional,2807902066
Madrid,working,Full,connectors_sun,21,Afternoon,1632,244,1656,Dual1_regional,2807902074
Madrid,working,Full,connectors_sun,21,Afternoon,1632,244,1656,Dual1_regional,2807902079
Madrid,working,Full,connectors_sun,21,Afternoon,1632,244,1656,Dual1_regional,2807902087
Madrid,working,Full,connectors_sun,21,Afternoon,1632,244,1656,Dual1_regional,2807902092
Madrid,working,Full,connectors_sun,21,Afternoon,1632,244,1656,Dual1_regional,2807903001
Madrid,working,Full,connectors_sun,21,Afternoon,1632,244,1656,Dual1_regional,2807903018
Madrid,working,Full,connectors_sun,21,Afternoon,1632,244,1656,Dual1_regional,2807903019
Madrid,working,Full,connectors_sun,21,Afternoon,1632,244,1656,Dual1_regional,2807903021
Madrid,working,Full,connectors_sun,21,Afternoon,1632,244,1656,Dual1_regional,2807903028
Madrid,working,Full,connectors_sun,21,Afternoon,1632,244,1656,Dual1_regional,2807903029
Madrid,working,Full,connectors_sun,21,Afternoon,1632,244,1656,Dual1_regional,2807903077
Madrid,working,Full,connectors_sun,21,Afternoon,1632,244,1656,Dual1_regional,2807903080
Madrid,working,Full,connectors_sun,21,Afternoon,1632,244,1656,Dual1_regional,2807903089
Madrid,working,Full,connectors_sun,21,Afternoon,1632,244,1656,Dual1_regional,2807903095
Madrid,working,Full,connectors_sun,21,Afternoon,1632,244,1656,Dual1_regional,2807903096
Madrid,working,Full,connectors_sun,21,Afternoon,1632,244,1656,Dual1_regional,2807904047
Madrid,working,Full,connectors_sun,21,Afternoon,1632,244,1656,Dual1_regional,2807904055
Madrid,working,Full,connectors_sun,21,Afternoon,1632,244,1656,Dual1_regional,2807904065
Madrid,working,Full,connectors_sun,21,Afternoon,1632,244,1656,Dual1_regional,2807904073
Madrid,working,Full,connectors_sun,21,Afternoon,1632,244,1656,Dual1_regional,2807904074
Madrid,working,Full,connectors_sun,21,Afternoon,1632,244,1656,Dual1_regional,2807904077
Madrid,working,Full,connectors_sun,21,Afternoon,1632,244,1656,Dual1_regional,2807904086
Madrid,working,Full,connectors_sun,21,Afternoon,1632,244,1656,Dual1_regional,2807904087
Madrid,working,Full,connectors_sun,21,Afternoon,1632,244,1656,Dual1_regional,2807904088
Madrid,working,Full,connectors_sun,21,Afternoon,1632,244,1656,Dual1_regional,2807904094
Madrid,working,Full,connectors_sun,21,Afternoon,1632,244,1656,Dual1_regional,2807904111
Madrid,working,Full,connectors_sun,21,Afternoon,1632,244,1656,Dual1_regional,2807904115
Madrid,working,Full,connectors_sun,21,Afternoon,1632,244,1656,Dual1_regional,2807904126
Madrid,working,Full,connectors_sun,21,Afternoon,1632,244,1656,Dual1_regional,2807904128
Madrid,working,Full,connectors_sun,21,Afternoon,1632,244,1656,Dual1_regional,2807905007
Madrid,working,Full,connectors_sun,21,Afternoon,1632,244,1656,Dual1_regional,2807905026
Madrid,working,Full,connectors_sun,21,Afternoon,1632,244,1656,Dual1_regional,2807905027
Madrid,working,Full,connectors_sun,21,Afternoon,1632,244,1656,Dual1_regional,2807905028
Madrid,working,Full,connectors_sun,21,Afternoon,1632,244,1656,Dual1_regional,2807905033
Madrid,working,Full,connectors_sun,21,Afternoon,1632,244,1656,Dual1_regional,2807905034
Madrid,working,Full,connectors_sun,21,Afternoon,1632,244,1656,Dual1_regional,2807905039
Madrid,working,Full,connectors_sun,21,Afternoon,1632,244,1656,Dual1_regional,2807905061
Madrid,working,Full,connectors_sun,21,Afternoon,1632,244,1656,Dual1_regional,2807905062
Madrid,working,Full,connectors_sun,21,Afternoon,1632,244,1656,Dual1_regional,2807905067
Madrid,working,Full,connectors_sun,21,Afternoon,1632,244,1656,Dual1_regional,2807905079
Madrid,working,Full,connectors_sun,21,Afternoon,1632,244,1656,Dual1_regional,2807905087
Madrid,working,Full,connectors_sun,21,Afternoon,1632,244,1656,Dual1_regional,2807905095
Madrid,working,Full,connectors_sun,21,Afternoon,1632,244,1656,Dual1_regional,2807906010
Madrid,working,Full,connectors_sun,21,Afternoon,1632,244,1656,Dual1_regional,2807906035
Madrid,working,Full,connectors_sun,21,Afternoon,1632,244,1656,Dual1_regional,2807906041
Madrid,working,Full,connectors_sun,21,Afternoon,1632,244,1656,Dual1_regional,2807906042
Madrid,working,Full,connectors_sun,21,Afternoon,1632,244,1656,Dual1_regional,2807906056
Madrid,working,Full,connectors_sun,21,Afternoon,1632,244,1656,Dual1_regional,2807906066
Madrid,working,Full,connectors_sun,21,Afternoon,1632,244,1656,Dual1_regional,2807906072
Madrid,working,Full,connectors_sun,21,Afternoon,1632,244,1656,Dual1_regional,2807906081
Madrid,working,Full,connectors_sun,21,Afternoon,1632,244,1656,Dual1_regional,2807906116
Madrid,working,Full,connectors_sun,21,Afternoon,1632,244,1656,Dual1_regional,2807906122
Madrid,working,Full,connectors_sun,21,Afternoon,1632,244,1656,Dual1_regional,2807906125
Madrid,working,Full,connectors_sun,21,Afternoon,1632,244,1656,Dual1_regional,2807907006
Madrid,working,Full,connectors_sun,21,Afternoon,1632,244,1656,Dual1_regional,2807907008
Madrid,working,Full,connectors_sun,21,Afternoon,1632,244,1656,Dual1_regional,2807907012
Madrid,working,Full,connectors_sun,21,Afternoon,1632,244,1656,Dual1_regional,2807907018
Madrid,working,Full,connectors_sun,21,Afternoon,1632,244,1656,Dual1_regional,2807907021
Madrid,working,Full,connectors_sun,21,Afternoon,1632,244,1656,Dual1_regional,2807907026
Madrid,working,Full,connectors_sun,21,Afternoon,1632,244,1656,Dual1_regional,2807907048
Madrid,working,Full,connectors_sun,21,Afternoon,1632,244,1656,Dual1_regional,2807907094
Madrid,working,Full,connectors_sun,21,Afternoon,1632,244,1656,Dual1_regional,2807907106
Madrid,working,Full,connectors_sun,21,Afternoon,1632,244,1656,Dual1_regional,2807907114
Madrid,working,Full,connectors_sun,21,Afternoon,1632,244,1656,Dual1_regional,2807907118
Madrid,working,Full,connectors_sun,21,Afternoon,1632,244,1656,Dual1_regional,2807907119
Madrid,working,Full,connectors_sun,21,Afternoon,1632,244,1656,Dual1_regional,2807907120
Madrid,working,Full,connectors_sun,21,Afternoon,1632,244,1656,Dual1_regional,2807907121
Madrid,working,Full,connectors_sun,21,Afternoon,1632,244,1656,Dual1_regional,2807908030
Madrid,working,Full,connectors_sun,21,Afternoon,1632,244,1656,Dual1_regional,2807908031
Madrid,working,Full,connectors_sun,21,Afternoon,1632,244,1656,Dual1_regional,2807908034
Madrid,working,Full,connectors_sun,21,Afternoon,1632,244,1656,Dual1_regional,2807908035
Madrid,working,Full,connectors_sun,21,Afternoon,1632,244,1656,Dual1_regional,2807908036
Madrid,working,Full,connectors_sun,21,Afternoon,1632,244,1656,Dual1_regional,2807908043
Madrid,working,Full,connectors_sun,21,Afternoon,1632,244,1656,Dual1_regional,2807908044
Madrid,working,Full,connectors_sun,21,Afternoon,1632,244,1656,Dual1_regional,2807908050
Madrid,working,Full,connectors_sun,21,Afternoon,1632,244,1656,Dual1_regional,2807908056
Madrid,working,Full,connectors_sun,21,Afternoon,1632,244,1656,Dual1_regional,2807908090
Madrid,working,Full,connectors_sun,21,Afternoon,1632,244,1656,Dual1_regional,2807908095
Madrid,working,Full,connectors_sun,21,Afternoon,1632,244,1656,Dual1_regional,2807908096
Madrid,working,Full,connectors_sun,21,Afternoon,1632,244,1656,Dual1_regional,2807908099
Madrid,working,Full,connectors_sun,21,Afternoon,1632,244,1656,Dual1_regional,2807908137
Madrid,working,Full,connectors_sun,21,Afternoon,1632,244,1656,Dual1_regional,2807908143
Madrid,working,Full,connectors_sun,21,Afternoon,1632,244,1656,Dual1_regional,2807908144
Madrid,working,Full,connectors_sun,21,Afternoon,1632,244,1656,Dual1_regional,2807908148
Madrid,working,Full,connectors_sun,21,Afternoon,1632,244,1656,Dual1_regional,2807908182
Madrid,working,Full,connectors_sun,21,Afternoon,1632,244,1656,Dual1_regional,2807909014
Madrid,working,Full,connectors_sun,21,Afternoon,1632,244,1656,Dual1_regional,2807909019
Madrid,working,Full,connectors_sun,21,Afternoon,1632,244,1656,Dual1_regional,2807909028
Madrid,working,Full,connectors_sun,21,Afternoon,1632,244,1656,Dual1_regional,2807909037
Madrid,working,Full,connectors_sun,21,Afternoon,1632,244,1656,Dual1_regional,2807909038
Madrid,working,Full,connectors_sun,21,Afternoon,1632,244,1656,Dual1_regional,2807909051
Madrid,working,Full,connectors_sun,21,Afternoon,1632,244,1656,Dual1_regional,2807909052
Madrid,working,Full,connectors_sun,21,Afternoon,1632,244,1656,Dual1_regional,2807909060
Madrid,working,Full,connectors_sun,21,Afternoon,1632,244,1656,Dual1_regional,2807910060
Madrid,working,Full,connectors_sun,21,Afternoon,1632,244,1656,Dual1_regional,2807910081
Madrid,working,Full,connectors_sun,21,Afternoon,1632,244,1656,Dual1_regional,2807910106
Madrid,working,Full,connectors_sun,21,Afternoon,1632,244,1656,Dual1_regional,2807910107
Madrid,working,Full,connectors_sun,21,Afternoon,1632,244,1656,Dual1_regional,2807910117
Madrid,working,Full,connectors_sun,21,Afternoon,1632,244,1656,Dual1_regional,2807910119
Madrid,working,Full,connectors_sun,21,Afternoon,1632,244,1656,Dual1_regional,2807910129
Madrid,working,Full,connectors_sun,21,Afternoon,1632,244,1656,Dual1_regional,2807910130
Madrid,working,Full,connectors_sun,21,Afternoon,1632,244,1656,Dual1_regional,2807910133
Madrid,working,Full,connectors_sun,21,Afternoon,1632,244,1656,Dual1_regional,2807910142
Madrid,working,Full,connectors_sun,21,Afternoon,1632,244,1656,Dual1_regional,2807910173
Madrid,working,Full,connectors_sun,21,Afternoon,1632,244,1656,Dual1_regional,2807910192
Madrid,working,Full,connectors_sun,21,Afternoon,1632,244,1656,Dual1_regional,2807910198
Madrid,working,Full,connectors_sun,21,Afternoon,1632,244,1656,Dual1_regional,2807910199
Madrid,working,Full,connectors_sun,21,Afternoon,1632,244,1656,Dual1_regional,2807910203
Madrid,working,Full,connectors_sun,21,Afternoon,1632,244,1656,Dual1_regional,2807910209
Madrid,working,Full,connectors_sun,21,Afternoon,1632,244,1656,Dual1_regional,2807911002
Madrid,working,Full,connectors_sun,21,Afternoon,1632,244,1656,Dual1_regional,2807911003
Madrid,working,Full,connectors_sun,21,Afternoon,1632,244,1656,Dual1_regional,2807911004
Madrid,working,Full,connectors_sun,21,Afternoon,1632,244,1656,Dual1_regional,2807911044
Madrid,working,Full,connectors_sun,21,Afternoon,1632,244,1656,Dual1_regional,2807911049
Madrid,working,Full,connectors_sun,21,Afternoon,1632,244,1656,Dual1_regional,2807911063
Madrid,working,Full,connectors_sun,21,Afternoon,1632,244,1656,Dual1_regional,2807911069
Madrid,working,Full,connectors_sun,21,Afternoon,1632,244,1656,Dual1_regional,2807911094
Madrid,working,Full,connectors_sun,21,Afternoon,1632,244,1656,Dual1_regional,2807911095
Madrid,working,Full,connectors_sun,21,Afternoon,1632,244,1656,Dual1_regional,2807911096
Madrid,working,Full,connectors_sun,21,Afternoon,1632,244,1656,Dual1_regional,2807911098
Madrid,working,Full,connectors_sun,21,Afternoon,1632,244,1656,Dual1_regional,2807911100
Madrid,working,Full,connectors_sun,21,Afternoon,1632,244,1656,Dual1_regional,2807911137
Madrid,working,Full,connectors_sun,21,Afternoon,1632,244,1656,Dual1_regional,2807911163
Madrid,working,Full,connectors_sun,21,Afternoon,1632,244,1656,Dual1_regional,2807911165
Madrid,working,Full,connectors_sun,21,Afternoon,1632,244,1656,Dual1_regional,2807911169
Madrid,working,Full,connectors_sun,21,Afternoon,1632,244,1656,Dual1_regional,2807911177
Madrid,working,Full,connectors_sun,21,Afternoon,1632,244,1656,Dual1_regional,2807912008
Madrid,working,Full,connectors_sun,21,Afternoon,1632,244,1656,Dual1_regional,2807912018
Madrid,working,Full,connectors_sun,21,Afternoon,1632,244,1656,Dual1_regional,2807912022
Madrid,working,Full,connectors_sun,21,Afternoon,1632,244,1656,Dual1_regional,2807912032
Madrid,working,Full,connectors_sun,21,Afternoon,1632,244,1656,Dual1_regional,2807912043
Madrid,working,Full,connectors_sun,21,Afternoon,1632,244,1656,Dual1_regional,2807912053
Madrid,working,Full,connectors_sun,21,Afternoon,1632,244,1656,Dual1_regional,2807912059
Madrid,working,Full,connectors_sun,21,Afternoon,1632,244,1656,Dual1_regional,2807912061
Madrid,working,Full,connectors_sun,21,Afternoon,1632,244,1656,Dual1_regional,2807912086
Madrid,working,Full,connectors_sun,21,Afternoon,1632,244,1656,Dual1_regional,2807912107
Madrid,working,Full,connectors_sun,21,Afternoon,1632,244,1656,Dual1_regional,2807913030
Madrid,working,Full,connectors_sun,21,Afternoon,1632,244,1656,Dual1_regional,2807913032
Madrid,working,Full,connectors_sun,21,Afternoon,1632,244,1656,Dual1_regional,2807913035
Madrid,working,Full,connectors_sun,21,Afternoon,1632,244,1656,Dual1_regional,2807913074
Madrid,working,Full,connectors_sun,21,Afternoon,1632,244,1656,Dual1_regional,2807913077
Madrid,working,Full,connectors_sun,21,Afternoon,1632,244,1656,Dual1_regional,2807913078
Madrid,working,Full,connectors_sun,21,Afternoon,1632,244,1656,Dual1_regional,2807913092
Madrid,working,Full,connectors_sun,21,Afternoon,1632,244,1656,Dual1_regional,2807913109
Madrid,working,Full,connectors_sun,21,Afternoon,1632,244,1656,Dual1_regional,2807913115
Madrid,working,Full,connectors_sun,21,Afternoon,1632,244,1656,Dual1_regional,2807913137
Madrid,working,Full,connectors_sun,21,Afternoon,1632,244,1656,Dual1_regional,2807913158
Madrid,working,Full,connectors_sun,21,Afternoon,1632,244,1656,Dual1_regional,2807913160
Madrid,working,Full,connectors_sun,21,Afternoon,1632,244,1656,Dual1_regional,2807913166
Madrid,working,Full,connectors_sun,21,Afternoon,1632,244,1656,Dual1_regional,2807913181
Madrid,working,Full,connectors_sun,21,Afternoon,1632,244,1656,Dual1_regional,2807913182
Madrid,working,Full,connectors_sun,21,Afternoon,1632,244,1656,Dual1_regional,2807913184
Madrid,working,Full,connectors_sun,21,Afternoon,1632,244,1656,Dual1_regional,2807913186
Madrid,working,Full,connectors_sun,21,Afternoon,1632,244,1656,Dual1_regional,2807913191
Madrid,working,Full,connectors_sun,21,Afternoon,1632,244,1656,Dual1_regional,2807913199
Madrid,working,Full,connectors_sun,21,Afternoon,1632,244,1656,Dual1_regional,2807913202
Madrid,working,Full,connectors_sun,21,Afternoon,1632,244,1656,Dual1_regional,2807913206
Madrid,working,Full,connectors_sun,21,Afternoon,1632,244,1656,Dual1_regional,2807914018
Madrid,working,Full,connectors_sun,21,Afternoon,1632,244,1656,Dual1_regional,2807914024
Madrid,working,Full,connectors_sun,21,Afternoon,1632,244,1656,Dual1_regional,2807914030
Madrid,working,Full,connectors_sun,21,Afternoon,1632,244,1656,Dual1_regional,2807914040
Madrid,working,Full,connectors_sun,21,Afternoon,1632,244,1656,Dual1_regional,2807914041
Madrid,working,Full,connectors_sun,21,Afternoon,1632,244,1656,Dual1_regional,2807914064
Madrid,working,Full,connectors_sun,21,Afternoon,1632,244,1656,Dual1_regional,2807914083
Madrid,working,Full,connectors_sun,21,Afternoon,1632,244,1656,Dual1_regional,2807915030
Madrid,working,Full,connectors_sun,21,Afternoon,1632,244,1656,Dual1_regional,2807915062
Madrid,working,Full,connectors_sun,21,Afternoon,1632,244,1656,Dual1_regional,2807915067
Madrid,working,Full,connectors_sun,21,Afternoon,1632,244,1656,Dual1_regional,2807915070
Madrid,working,Full,connectors_sun,21,Afternoon,1632,244,1656,Dual1_regional,2807915074
Madrid,working,Full,connectors_sun,21,Afternoon,1632,244,1656,Dual1_regional,2807915075
Madrid,working,Full,connectors_sun,21,Afternoon,1632,244,1656,Dual1_regional,2807915082
Madrid,working,Full,connectors_sun,21,Afternoon,1632,244,1656,Dual1_regional,2807915090
Madrid,working,Full,connectors_sun,21,Afternoon,1632,244,1656,Dual1_regional,2807915092
Madrid,working,Full,connectors_sun,21,Afternoon,1632,244,1656,Dual1_regional,2807915115
Madrid,working,Full,connectors_sun,21,Afternoon,1632,244,1656,Dual1_regional,2807915127
Madrid,working,Full,connectors_sun,21,Afternoon,1632,244,1656,Dual1_regional,2807915132
Madrid,working,Full,connectors_sun,21,Afternoon,1632,244,1656,Dual1_regional,2807915133
Madrid,working,Full,connectors_sun,21,Afternoon,1632,244,1656,Dual1_regional,2807915135
Madrid,working,Full,connectors_sun,21,Afternoon,1632,244,1656,Dual1_regional,2807915142
Madrid,working,Full,connectors_sun,21,Afternoon,1632,244,1656,Dual1_regional,2807915170
Madrid,working,Full,connectors_sun,21,Afternoon,1632,244,1656,Dual1_regional,2807915179
Madrid,working,Full,connectors_sun,21,Afternoon,1632,244,1656,Dual1_regional,2807916021
Madrid,working,Full,connectors_sun,21,Afternoon,1632,244,1656,Dual1_regional,2807916022
Madrid,working,Full,connectors_sun,21,Afternoon,1632,244,1656,Dual1_regional,2807916024
Madrid,working,Full,connectors_sun,21,Afternoon,1632,244,1656,Dual1_regional,2807916030
Madrid,working,Full,connectors_sun,21,Afternoon,1632,244,1656,Dual1_regional,2807916031
Madrid,working,Full,connectors_sun,21,Afternoon,1632,244,1656,Dual1_regional,2807916035
Madrid,working,Full,connectors_sun,21,Afternoon,1632,244,1656,Dual1_regional,2807916042
Madrid,working,Full,connectors_sun,21,Afternoon,1632,244,1656,Dual1_regional,2807916046
Madrid,working,Full,connectors_sun,21,Afternoon,1632,244,1656,Dual1_regional,2807916048
Madrid,working,Full,connectors_sun,21,Afternoon,1632,244,1656,Dual1_regional,2807916059
Madrid,working,Full,connectors_sun,21,Afternoon,1632,244,1656,Dual1_regional,2807916060
Madrid,working,Full,connectors_sun,21,Afternoon,1632,244,1656,Dual1_regional,2807916061
Madrid,working,Full,connectors_sun,21,Afternoon,1632,244,1656,Dual1_regional,2807916070
Madrid,working,Full,connectors_sun,21,Afternoon,1632,244,1656,Dual1_regional,2807916079
Madrid,working,Full,connectors_sun,21,Afternoon,1632,244,1656,Dual1_regional,2807916086
Madrid,working,Full,connectors_sun,21,Afternoon,1632,244,1656,Dual1_regional,2807916088
Madrid,working,Full,connectors_sun,21,Afternoon,1632,244,1656,Dual1_regional,2807916090
Madrid,working,Full,connectors_sun,21,Afternoon,1632,244,1656,Dual1_regional,2807916097
Madrid,working,Full,connectors_sun,21,Afternoon,1632,244,1656,Dual1_regional,2807916098
Madrid,working,Full,connectors_sun,21,Afternoon,1632,244,1656,Dual1_regional,2807916099
Madrid,working,Full,connectors_sun,21,Afternoon,1632,244,1656,Dual1_regional,2807917004
Madrid,working,Full,connectors_sun,21,Afternoon,1632,244,1656,Dual1_regional,2807917023
Madrid,working,Full,connectors_sun,21,Afternoon,1632,244,1656,Dual1_regional,2807917055
Madrid,working,Full,connectors_sun,21,Afternoon,1632,244,1656,Dual1_regional,2807917070
Madrid,working,Full,connectors_sun,21,Afternoon,1632,244,1656,Dual1_regional,2807917071
Madrid,working,Full,connectors_sun,21,Afternoon,1632,244,1656,Dual1_regional,2807917075
Madrid,working,Full,connectors_sun,21,Afternoon,1632,244,1656,Dual1_regional,2807917076
Madrid,working,Full,connectors_sun,21,Afternoon,1632,244,1656,Dual1_regional,2807917078
Madrid,working,Full,connectors_sun,21,Afternoon,1632,244,1656,Dual1_regional,2807917087
Madrid,working,Full,connectors_sun,21,Afternoon,1632,244,1656,Dual1_regional,2807917101
Madrid,working,Full,connectors_sun,21,Afternoon,1632,244,1656,Dual1_regional,2807917102
Madrid,working,Full,connectors_sun,21,Afternoon,1632,244,1656,Dual1_regional,2807918019
Madrid,working,Full,connectors_sun,21,Afternoon,1632,244,1656,Dual1_regional,2807918028
Madrid,working,Full,connectors_sun,21,Afternoon,1632,244,1656,Dual1_regional,2807918033
Madrid,working,Full,connectors_sun,21,Afternoon,1632,244,1656,Dual1_regional,2807919002
Madrid,working,Full,connectors_sun,21,Afternoon,1632,244,1656,Dual1_regional,2807919011
Madrid,working,Full,connectors_sun,21,Afternoon,1632,244,1656,Dual1_regional,2807919020
Madrid,working,Full,connectors_sun,21,Afternoon,1632,244,1656,Dual1_regional,2807919021
Madrid,working,Full,connectors_sun,21,Afternoon,1632,244,1656,Dual1_regional,2807919036
Madrid,working,Full,connectors_sun,21,Afternoon,1632,244,1656,Dual1_regional,2807920063
Madrid,working,Full,connectors_sun,21,Afternoon,1632,244,1656,Dual1_regional,2807920066
Madrid,working,Full,connectors_sun,21,Afternoon,1632,244,1656,Dual1_regional,2807920085
Madrid,working,Full,connectors_sun,21,Afternoon,1632,244,1656,Dual1_regional,2807920086
Madrid,working,Full,connectors_sun,21,Afternoon,1632,244,1656,Dual1_regional,2807920088
Madrid,working,Full,connectors_sun,21,Afternoon,1632,244,1656,Dual1_regional,2807920090
Madrid,working,Full,connectors_sun,21,Afternoon,1632,244,1656,Dual1_regional,2807920092
Madrid,working,Full,connectors_sun,21,Afternoon,1632,244,1656,Dual1_regional,2807920102
Madrid,working,Full,connectors_sun,21,Afternoon,1632,244,1656,Dual1_regional,2807921002
Madrid,working,Full,connectors_sun,21,Afternoon,1632,244,1656,Dual1_regional,2807921013
Madrid,working,Full,connectors_sun,21,Afternoon,1632,244,1656,Dual1_regional,2807921020
Madrid,working,Full,connectors_sun,21,Afternoon,1632,244,1656,Dual1_uniform_area,2807901018
Madrid,working,Full,connectors_sun,21,Afternoon,1632,244,1656,Dual1_uniform_area,2807901057
Madrid,working,Full,connectors_sun,21,Afternoon,1632,244,1656,Dual1_uniform_area,2807902003
Madrid,working,Full,connectors_sun,21,Afternoon,1632,244,1656,Dual1_uniform_area,2807902006
Madrid,working,Full,connectors_sun,21,Afternoon,1632,244,1656,Dual1_uniform_area,2807902016
Madrid,working,Full,connectors_sun,21,Afternoon,1632,244,1656,Dual1_uniform_area,2807902018
Madrid,working,Full,connectors_sun,21,Afternoon,1632,244,1656,Dual1_uniform_area,2807902024
Madrid,working,Full,connectors_sun,21,Afternoon,1632,244,1656,Dual1_uniform_area,2807902031
Madrid,working,Full,connectors_sun,21,Afternoon,1632,244,1656,Dual1_uniform_area,2807902040
Madrid,working,Full,connectors_sun,21,Afternoon,1632,244,1656,Dual1_uniform_area,2807902042
Madrid,working,Full,connectors_sun,21,Afternoon,1632,244,1656,Dual1_uniform_area,2807902053
Madrid,working,Full,connectors_sun,21,Afternoon,1632,244,1656,Dual1_uniform_area,2807902064
Madrid,working,Full,connectors_sun,21,Afternoon,1632,244,1656,Dual1_uniform_area,2807902066
Madrid,working,Full,connectors_sun,21,Afternoon,1632,244,1656,Dual1_uniform_area,2807902074
Madrid,working,Full,connectors_sun,21,Afternoon,1632,244,1656,Dual1_uniform_area,2807902079
Madrid,working,Full,connectors_sun,21,Afternoon,1632,244,1656,Dual1_uniform_area,2807902087
Madrid,working,Full,connectors_sun,21,Afternoon,1632,244,1656,Dual1_uniform_area,2807902092
Madrid,working,Full,connectors_sun,21,Afternoon,1632,244,1656,Dual1_uniform_area,2807903001
Madrid,working,Full,connectors_sun,21,Afternoon,1632,244,1656,Dual1_uniform_area,2807903018
Madrid,working,Full,connectors_sun,21,Afternoon,1632,244,1656,Dual1_uniform_area,2807903019
Madrid,working,Full,connectors_sun,21,Afternoon,1632,244,1656,Dual1_uniform_area,2807903021
Madrid,working,Full,connectors_sun,21,Afternoon,1632,244,1656,Dual1_uniform_area,2807903028
Madrid,working,Full,connectors_sun,21,Afternoon,1632,244,1656,Dual1_uniform_area,2807903077
Madrid,working,Full,connectors_sun,21,Afternoon,1632,244,1656,Dual1_uniform_area,2807903078
Madrid,working,Full,connectors_sun,21,Afternoon,1632,244,1656,Dual1_uniform_area,2807903080
Madrid,working,Full,connectors_sun,21,Afternoon,1632,244,1656,Dual1_uniform_area,2807903089
Madrid,working,Full,connectors_sun,21,Afternoon,1632,244,1656,Dual1_uniform_area,2807903095
Madrid,working,Full,connectors_sun,21,Afternoon,1632,244,1656,Dual1_uniform_area,2807903096
Madrid,working,Full,connectors_sun,21,Afternoon,1632,244,1656,Dual1_uniform_area,2807904047
Madrid,working,Full,connectors_sun,21,Afternoon,1632,244,1656,Dual1_uniform_area,2807904055
Madrid,working,Full,connectors_sun,21,Afternoon,1632,244,1656,Dual1_uniform_area,2807904065
Madrid,working,Full,connectors_sun,21,Afternoon,1632,244,1656,Dual1_uniform_area,2807904073
Madrid,working,Full,connectors_sun,21,Afternoon,1632,244,1656,Dual1_uniform_area,2807904074
Madrid,working,Full,connectors_sun,21,Afternoon,1632,244,1656,Dual1_uniform_area,2807904077
Madrid,working,Full,connectors_sun,21,Afternoon,1632,244,1656,Dual1_uniform_area,2807904085
Madrid,working,Full,connectors_sun,21,Afternoon,1632,244,1656,Dual1_uniform_area,2807904086
Madrid,working,Full,connectors_sun,21,Afternoon,1632,244,1656,Dual1_uniform_area,2807904087
Madrid,working,Full,connectors_sun,21,Afternoon,1632,244,1656,Dual1_uniform_area,2807904088
Madrid,working,Full,connectors_sun,21,Afternoon,1632,244,1656,Dual1_uniform_area,2807904094
Madrid,working,Full,connectors_sun,21,Afternoon,1632,244,1656,Dual1_uniform_area,2807904115
Madrid,working,Full,connectors_sun,21,Afternoon,1632,244,1656,Dual1_uniform_area,2807904126
Madrid,working,Full,connectors_sun,21,Afternoon,1632,244,1656,Dual1_uniform_area,2807904128
Madrid,working,Full,connectors_sun,21,Afternoon,1632,244,1656,Dual1_uniform_area,2807905007
Madrid,working,Full,connectors_sun,21,Afternoon,1632,244,1656,Dual1_uniform_area,2807905026
Madrid,working,Full,connectors_sun,21,Afternoon,1632,244,1656,Dual1_uniform_area,2807905028
Madrid,working,Full,connectors_sun,21,Afternoon,1632,244,1656,Dual1_uniform_area,2807905033
Madrid,working,Full,connectors_sun,21,Afternoon,1632,244,1656,Dual1_uniform_area,2807905034
Madrid,working,Full,connectors_sun,21,Afternoon,1632,244,1656,Dual1_uniform_area,2807905039
Madrid,working,Full,connectors_sun,21,Afternoon,1632,244,1656,Dual1_uniform_area,2807905061
Madrid,working,Full,connectors_sun,21,Afternoon,1632,244,1656,Dual1_uniform_area,2807905062
Madrid,working,Full,connectors_sun,21,Afternoon,1632,244,1656,Dual1_uniform_area,2807905064
Madrid,working,Full,connectors_sun,21,Afternoon,1632,244,1656,Dual1_uniform_area,2807905067
Madrid,working,Full,connectors_sun,21,Afternoon,1632,244,1656,Dual1_uniform_area,2807905079
Madrid,working,Full,connectors_sun,21,Afternoon,1632,244,1656,Dual1_uniform_area,2807905087
Madrid,working,Full,connectors_sun,21,Afternoon,1632,244,1656,Dual1_uniform_area,2807905095
Madrid,working,Full,connectors_sun,21,Afternoon,1632,244,1656,Dual1_uniform_area,2807906010
Madrid,working,Full,connectors_sun,21,Afternoon,1632,244,1656,Dual1_uniform_area,2807906035
Madrid,working,Full,connectors_sun,21,Afternoon,1632,244,1656,Dual1_uniform_area,2807906041
Madrid,working,Full,connectors_sun,21,Afternoon,1632,244,1656,Dual1_uniform_area,2807906042
Madrid,working,Full,connectors_sun,21,Afternoon,1632,244,1656,Dual1_uniform_area,2807906056
Madrid,working,Full,connectors_sun,21,Afternoon,1632,244,1656,Dual1_uniform_area,2807906066
Madrid,working,Full,connectors_sun,21,Afternoon,1632,244,1656,Dual1_uniform_area,2807906072
Madrid,working,Full,connectors_sun,21,Afternoon,1632,244,1656,Dual1_uniform_area,2807906081
Madrid,working,Full,connectors_sun,21,Afternoon,1632,244,1656,Dual1_uniform_area,2807906116
Madrid,working,Full,connectors_sun,21,Afternoon,1632,244,1656,Dual1_uniform_area,2807906122
Madrid,working,Full,connectors_sun,21,Afternoon,1632,244,1656,Dual1_uniform_area,2807906125
Madrid,working,Full,connectors_sun,21,Afternoon,1632,244,1656,Dual1_uniform_area,2807907006
Madrid,working,Full,connectors_sun,21,Afternoon,1632,244,1656,Dual1_uniform_area,2807907008
Madrid,working,Full,connectors_sun,21,Afternoon,1632,244,1656,Dual1_uniform_area,2807907012
Madrid,working,Full,connectors_sun,21,Afternoon,1632,244,1656,Dual1_uniform_area,2807907018
Madrid,working,Full,connectors_sun,21,Afternoon,1632,244,1656,Dual1_uniform_area,2807907021
Madrid,working,Full,connectors_sun,21,Afternoon,1632,244,1656,Dual1_uniform_area,2807907026
Madrid,working,Full,connectors_sun,21,Afternoon,1632,244,1656,Dual1_uniform_area,2807907048
Madrid,working,Full,connectors_sun,21,Afternoon,1632,244,1656,Dual1_uniform_area,2807907094
Madrid,working,Full,connectors_sun,21,Afternoon,1632,244,1656,Dual1_uniform_area,2807907114
Madrid,working,Full,connectors_sun,21,Afternoon,1632,244,1656,Dual1_uniform_area,2807907118
Madrid,working,Full,connectors_sun,21,Afternoon,1632,244,1656,Dual1_uniform_area,2807907119
Madrid,working,Full,connectors_sun,21,Afternoon,1632,244,1656,Dual1_uniform_area,2807907120
Madrid,working,Full,connectors_sun,21,Afternoon,1632,244,1656,Dual1_uniform_area,2807907121
Madrid,working,Full,connectors_sun,21,Afternoon,1632,244,1656,Dual1_uniform_area,2807907127
Madrid,working,Full,connectors_sun,21,Afternoon,1632,244,1656,Dual1_uniform_area,2807908030
Madrid,working,Full,connectors_sun,21,Afternoon,1632,244,1656,Dual1_uniform_area,2807908031
Madrid,working,Full,connectors_sun,21,Afternoon,1632,244,1656,Dual1_uniform_area,2807908034
Madrid,working,Full,connectors_sun,21,Afternoon,1632,244,1656,Dual1_uniform_area,2807908035
Madrid,working,Full,connectors_sun,21,Afternoon,1632,244,1656,Dual1_uniform_area,2807908036
Madrid,working,Full,connectors_sun,21,Afternoon,1632,244,1656,Dual1_uniform_area,2807908043
Madrid,working,Full,connectors_sun,21,Afternoon,1632,244,1656,Dual1_uniform_area,2807908044
Madrid,working,Full,connectors_sun,21,Afternoon,1632,244,1656,Dual1_uniform_area,2807908050
Madrid,working,Full,connectors_sun,21,Afternoon,1632,244,1656,Dual1_uniform_area,2807908056
Madrid,working,Full,connectors_sun,21,Afternoon,1632,244,1656,Dual1_uniform_area,2807908090
Madrid,working,Full,connectors_sun,21,Afternoon,1632,244,1656,Dual1_uniform_area,2807908095
Madrid,working,Full,connectors_sun,21,Afternoon,1632,244,1656,Dual1_uniform_area,2807908096
Madrid,working,Full,connectors_sun,21,Afternoon,1632,244,1656,Dual1_uniform_area,2807908099
Madrid,working,Full,connectors_sun,21,Afternoon,1632,244,1656,Dual1_uniform_area,2807908137
Madrid,working,Full,connectors_sun,21,Afternoon,1632,244,1656,Dual1_uniform_area,2807908143
Madrid,working,Full,connectors_sun,21,Afternoon,1632,244,1656,Dual1_uniform_area,2807908144
Madrid,working,Full,connectors_sun,21,Afternoon,1632,244,1656,Dual1_uniform_area,2807908148
Madrid,working,Full,connectors_sun,21,Afternoon,1632,244,1656,Dual1_uniform_area,2807908182
Madrid,working,Full,connectors_sun,21,Afternoon,1632,244,1656,Dual1_uniform_area,2807909014
Madrid,working,Full,connectors_sun,21,Afternoon,1632,244,1656,Dual1_uniform_area,2807909019
Madrid,working,Full,connectors_sun,21,Afternoon,1632,244,1656,Dual1_uniform_area,2807909028
Madrid,working,Full,connectors_sun,21,Afternoon,1632,244,1656,Dual1_uniform_area,2807909037
Madrid,working,Full,connectors_sun,21,Afternoon,1632,244,1656,Dual1_uniform_area,2807909038
Madrid,working,Full,connectors_sun,21,Afternoon,1632,244,1656,Dual1_uniform_area,2807909051
Madrid,working,Full,connectors_sun,21,Afternoon,1632,244,1656,Dual1_uniform_area,2807909052
Madrid,working,Full,connectors_sun,21,Afternoon,1632,244,1656,Dual1_uniform_area,2807909060
Madrid,working,Full,connectors_sun,21,Afternoon,1632,244,1656,Dual1_uniform_area,2807910060
Madrid,working,Full,connectors_sun,21,Afternoon,1632,244,1656,Dual1_uniform_area,2807910081
Madrid,working,Full,connectors_sun,21,Afternoon,1632,244,1656,Dual1_uniform_area,2807910106
Madrid,working,Full,connectors_sun,21,Afternoon,1632,244,1656,Dual1_uniform_area,2807910107
Madrid,working,Full,connectors_sun,21,Afternoon,1632,244,1656,Dual1_uniform_area,2807910117
Madrid,working,Full,connectors_sun,21,Afternoon,1632,244,1656,Dual1_uniform_area,2807910119
Madrid,working,Full,connectors_sun,21,Afternoon,1632,244,1656,Dual1_uniform_area,2807910129
Madrid,working,Full,connectors_sun,21,Afternoon,1632,244,1656,Dual1_uniform_area,2807910130
Madrid,working,Full,connectors_sun,21,Afternoon,1632,244,1656,Dual1_uniform_area,2807910133
Madrid,working,Full,connectors_sun,21,Afternoon,1632,244,1656,Dual1_uniform_area,2807910142
Madrid,working,Full,connectors_sun,21,Afternoon,1632,244,1656,Dual1_uniform_area,2807910173
Madrid,working,Full,connectors_sun,21,Afternoon,1632,244,1656,Dual1_uniform_area,2807910192
Madrid,working,Full,connectors_sun,21,Afternoon,1632,244,1656,Dual1_uniform_area,2807910198
Madrid,working,Full,connectors_sun,21,Afternoon,1632,244,1656,Dual1_uniform_area,2807910199
Madrid,working,Full,connectors_sun,21,Afternoon,1632,244,1656,Dual1_uniform_area,2807910203
Madrid,working,Full,connectors_sun,21,Afternoon,1632,244,1656,Dual1_uniform_area,2807910209
Madrid,working,Full,connectors_sun,21,Afternoon,1632,244,1656,Dual1_uniform_area,2807911002
Madrid,working,Full,connectors_sun,21,Afternoon,1632,244,1656,Dual1_uniform_area,2807911003
Madrid,working,Full,connectors_sun,21,Afternoon,1632,244,1656,Dual1_uniform_area,2807911004
Madrid,working,Full,connectors_sun,21,Afternoon,1632,244,1656,Dual1_uniform_area,2807911044
Madrid,working,Full,connectors_sun,21,Afternoon,1632,244,1656,Dual1_uniform_area,2807911049
Madrid,working,Full,connectors_sun,21,Afternoon,1632,244,1656,Dual1_uniform_area,2807911063
Madrid,working,Full,connectors_sun,21,Afternoon,1632,244,1656,Dual1_uniform_area,2807911069
Madrid,working,Full,connectors_sun,21,Afternoon,1632,244,1656,Dual1_uniform_area,2807911094
Madrid,working,Full,connectors_sun,21,Afternoon,1632,244,1656,Dual1_uniform_area,2807911095
Madrid,working,Full,connectors_sun,21,Afternoon,1632,244,1656,Dual1_uniform_area,2807911096
Madrid,working,Full,connectors_sun,21,Afternoon,1632,244,1656,Dual1_uniform_area,2807911098
Madrid,working,Full,connectors_sun,21,Afternoon,1632,244,1656,Dual1_uniform_area,2807911100
Madrid,working,Full,connectors_sun,21,Afternoon,1632,244,1656,Dual1_uniform_area,2807911137
Madrid,working,Full,connectors_sun,21,Afternoon,1632,244,1656,Dual1_uniform_area,2807911163
Madrid,working,Full,connectors_sun,21,Afternoon,1632,244,1656,Dual1_uniform_area,2807911165
Madrid,working,Full,connectors_sun,21,Afternoon,1632,244,1656,Dual1_uniform_area,2807911169
Madrid,working,Full,connectors_sun,21,Afternoon,1632,244,1656,Dual1_uniform_area,2807911177
Madrid,working,Full,connectors_sun,21,Afternoon,1632,244,1656,Dual1_uniform_area,2807912008
Madrid,working,Full,connectors_sun,21,Afternoon,1632,244,1656,Dual1_uniform_area,2807912018
Madrid,working,Full,connectors_sun,21,Afternoon,1632,244,1656,Dual1_uniform_area,2807912022
Madrid,working,Full,connectors_sun,21,Afternoon,1632,244,1656,Dual1_uniform_area,2807912032
Madrid,working,Full,connectors_sun,21,Afternoon,1632,244,1656,Dual1_uniform_area,2807912043
Madrid,working,Full,connectors_sun,21,Afternoon,1632,244,1656,Dual1_uniform_area,2807912053
Madrid,working,Full,connectors_sun,21,Afternoon,1632,244,1656,Dual1_uniform_area,2807912059
Madrid,working,Full,connectors_sun,21,Afternoon,1632,244,1656,Dual1_uniform_area,2807912061
Madrid,working,Full,connectors_sun,21,Afternoon,1632,244,1656,Dual1_uniform_area,2807912086
Madrid,working,Full,connectors_sun,21,Afternoon,1632,244,1656,Dual1_uniform_area,2807912107
Madrid,working,Full,connectors_sun,21,Afternoon,1632,244,1656,Dual1_uniform_area,2807913030
Madrid,working,Full,connectors_sun,21,Afternoon,1632,244,1656,Dual1_uniform_area,2807913032
Madrid,working,Full,connectors_sun,21,Afternoon,1632,244,1656,Dual1_uniform_area,2807913035
Madrid,working,Full,connectors_sun,21,Afternoon,1632,244,1656,Dual1_uniform_area,2807913074
Madrid,working,Full,connectors_sun,21,Afternoon,1632,244,1656,Dual1_uniform_area,2807913077
Madrid,working,Full,connectors_sun,21,Afternoon,1632,244,1656,Dual1_uniform_area,2807913078
Madrid,working,Full,connectors_sun,21,Afternoon,1632,244,1656,Dual1_uniform_area,2807913092
Madrid,working,Full,connectors_sun,21,Afternoon,1632,244,1656,Dual1_uniform_area,2807913109
Madrid,working,Full,connectors_sun,21,Afternoon,1632,244,1656,Dual1_uniform_area,2807913115
Madrid,working,Full,connectors_sun,21,Afternoon,1632,244,1656,Dual1_uniform_area,2807913137
Madrid,working,Full,connectors_sun,21,Afternoon,1632,244,1656,Dual1_uniform_area,2807913158
Madrid,working,Full,connectors_sun,21,Afternoon,1632,244,1656,Dual1_uniform_area,2807913160
Madrid,working,Full,connectors_sun,21,Afternoon,1632,244,1656,Dual1_uniform_area,2807913166
Madrid,working,Full,connectors_sun,21,Afternoon,1632,244,1656,Dual1_uniform_area,2807913181
Madrid,working,Full,connectors_sun,21,Afternoon,1632,244,1656,Dual1_uniform_area,2807913182
Madrid,working,Full,connectors_sun,21,Afternoon,1632,244,1656,Dual1_uniform_area,2807913184
Madrid,working,Full,connectors_sun,21,Afternoon,1632,244,1656,Dual1_uniform_area,2807913186
Madrid,working,Full,connectors_sun,21,Afternoon,1632,244,1656,Dual1_uniform_area,2807913191
Madrid,working,Full,connectors_sun,21,Afternoon,1632,244,1656,Dual1_uniform_area,2807913199
Madrid,working,Full,connectors_sun,21,Afternoon,1632,244,1656,Dual1_uniform_area,2807913202
Madrid,working,Full,connectors_sun,21,Afternoon,1632,244,1656,Dual1_uniform_area,2807913206
Madrid,working,Full,connectors_sun,21,Afternoon,1632,244,1656,Dual1_uniform_area,2807914018
Madrid,working,Full,connectors_sun,21,Afternoon,1632,244,1656,Dual1_uniform_area,2807914024
Madrid,working,Full,connectors_sun,21,Afternoon,1632,244,1656,Dual1_uniform_area,2807914030
Madrid,working,Full,connectors_sun,21,Afternoon,1632,244,1656,Dual1_uniform_area,2807914040
Madrid,working,Full,connectors_sun,21,Afternoon,1632,244,1656,Dual1_uniform_area,2807914041
Madrid,working,Full,connectors_sun,21,Afternoon,1632,244,1656,Dual1_uniform_area,2807914064
Madrid,working,Full,connectors_sun,21,Afternoon,1632,244,1656,Dual1_uniform_area,2807914083
Madrid,working,Full,connectors_sun,21,Afternoon,1632,244,1656,Dual1_uniform_area,2807915030
Madrid,working,Full,connectors_sun,21,Afternoon,1632,244,1656,Dual1_uniform_area,2807915062
Madrid,working,Full,connectors_sun,21,Afternoon,1632,244,1656,Dual1_uniform_area,2807915067
Madrid,working,Full,connectors_sun,21,Afternoon,1632,244,1656,Dual1_uniform_area,2807915070
Madrid,working,Full,connectors_sun,21,Afternoon,1632,244,1656,Dual1_uniform_area,2807915074
Madrid,working,Full,connectors_sun,21,Afternoon,1632,244,1656,Dual1_uniform_area,2807915075
Madrid,working,Full,connectors_sun,21,Afternoon,1632,244,1656,Dual1_uniform_area,2807915082
Madrid,working,Full,connectors_sun,21,Afternoon,1632,244,1656,Dual1_uniform_area,2807915090
Madrid,working,Full,connectors_sun,21,Afternoon,1632,244,1656,Dual1_uniform_area,2807915092
Madrid,working,Full,connectors_sun,21,Afternoon,1632,244,1656,Dual1_uniform_area,2807915115
Madrid,working,Full,connectors_sun,21,Afternoon,1632,244,1656,Dual1_uniform_area,2807915127
Madrid,working,Full,connectors_sun,21,Afternoon,1632,244,1656,Dual1_uniform_area,2807915132
Madrid,working,Full,connectors_sun,21,Afternoon,1632,244,1656,Dual1_uniform_area,2807915133
Madrid,working,Full,connectors_sun,21,Afternoon,1632,244,1656,Dual1_uniform_area,2807915135
Madrid,working,Full,connectors_sun,21,Afternoon,1632,244,1656,Dual1_uniform_area,2807915142
Madrid,working,Full,connectors_sun,21,Afternoon,1632,244,1656,Dual1_uniform_area,2807915170
Madrid,working,Full,connectors_sun,21,Afternoon,1632,244,1656,Dual1_uniform_area,2807915179
Madrid,working,Full,connectors_sun,21,Afternoon,1632,244,1656,Dual1_uniform_area,2807916021
Madrid,working,Full,connectors_sun,21,Afternoon,1632,244,1656,Dual1_uniform_area,2807916022
Madrid,working,Full,connectors_sun,21,Afternoon,1632,244,1656,Dual1_uniform_area,2807916024
Madrid,working,Full,connectors_sun,21,Afternoon,1632,244,1656,Dual1_uniform_area,2807916030
Madrid,working,Full,connectors_sun,21,Afternoon,1632,244,1656,Dual1_uniform_area,2807916031
Madrid,working,Full,connectors_sun,21,Afternoon,1632,244,1656,Dual1_uniform_area,2807916035
Madrid,working,Full,connectors_sun,21,Afternoon,1632,244,1656,Dual1_uniform_area,2807916042
Madrid,working,Full,connectors_sun,21,Afternoon,1632,244,1656,Dual1_uniform_area,2807916046
Madrid,working,Full,connectors_sun,21,Afternoon,1632,244,1656,Dual1_uniform_area,2807916048
Madrid,working,Full,connectors_sun,21,Afternoon,1632,244,1656,Dual1_uniform_area,2807916059
Madrid,working,Full,connectors_sun,21,Afternoon,1632,244,1656,Dual1_uniform_area,2807916060
Madrid,working,Full,connectors_sun,21,Afternoon,1632,244,1656,Dual1_uniform_area,2807916061
Madrid,working,Full,connectors_sun,21,Afternoon,1632,244,1656,Dual1_uniform_area,2807916070
Madrid,working,Full,connectors_sun,21,Afternoon,1632,244,1656,Dual1_uniform_area,2807916079
Madrid,working,Full,connectors_sun,21,Afternoon,1632,244,1656,Dual1_uniform_area,2807916086
Madrid,working,Full,connectors_sun,21,Afternoon,1632,244,1656,Dual1_uniform_area,2807916088
Madrid,working,Full,connectors_sun,21,Afternoon,1632,244,1656,Dual1_uniform_area,2807916090
Madrid,working,Full,connectors_sun,21,Afternoon,1632,244,1656,Dual1_uniform_area,2807916097
Madrid,working,Full,connectors_sun,21,Afternoon,1632,244,1656,Dual1_uniform_area,2807916098
Madrid,working,Full,connectors_sun,21,Afternoon,1632,244,1656,Dual1_uniform_area,2807916099
Madrid,working,Full,connectors_sun,21,Afternoon,1632,244,1656,Dual1_uniform_area,2807917004
Madrid,working,Full,connectors_sun,21,Afternoon,1632,244,1656,Dual1_uniform_area,2807917023
Madrid,working,Full,connectors_sun,21,Afternoon,1632,244,1656,Dual1_uniform_area,2807917055
Madrid,working,Full,connectors_sun,21,Afternoon,1632,244,1656,Dual1_uniform_area,2807917070
Madrid,working,Full,connectors_sun,21,Afternoon,1632,244,1656,Dual1_uniform_area,2807917071
Madrid,working,Full,connectors_sun,21,Afternoon,1632,244,1656,Dual1_uniform_area,2807917076
Madrid,working,Full,connectors_sun,21,Afternoon,1632,244,1656,Dual1_uniform_area,2807917078
Madrid,working,Full,connectors_sun,21,Afternoon,1632,244,1656,Dual1_uniform_area,2807917087
Madrid,working,Full,connectors_sun,21,Afternoon,1632,244,1656,Dual1_uniform_area,2807917097
Madrid,working,Full,connectors_sun,21,Afternoon,1632,244,1656,Dual1_uniform_area,2807917101
Madrid,working,Full,connectors_sun,21,Afternoon,1632,244,1656,Dual1_uniform_area,2807917102
Madrid,working,Full,connectors_sun,21,Afternoon,1632,244,1656,Dual1_uniform_area,2807918019
Madrid,working,Full,connectors_sun,21,Afternoon,1632,244,1656,Dual1_uniform_area,2807918028
Madrid,working,Full,connectors_sun,21,Afternoon,1632,244,1656,Dual1_uniform_area,2807918033
Madrid,working,Full,connectors_sun,21,Afternoon,1632,244,1656,Dual1_uniform_area,2807919002
Madrid,working,Full,connectors_sun,21,Afternoon,1632,244,1656,Dual1_uniform_area,2807919011
Madrid,working,Full,connectors_sun,21,Afternoon,1632,244,1656,Dual1_uniform_area,2807919020
Madrid,working,Full,connectors_sun,21,Afternoon,1632,244,1656,Dual1_uniform_area,2807919021
Madrid,working,Full,connectors_sun,21,Afternoon,1632,244,1656,Dual1_uniform_area,2807919036
Madrid,working,Full,connectors_sun,21,Afternoon,1632,244,1656,Dual1_uniform_area,2807920063
Madrid,working,Full,connectors_sun,21,Afternoon,1632,244,1656,Dual1_uniform_area,2807920066
Madrid,working,Full,connectors_sun,21,Afternoon,1632,244,1656,Dual1_uniform_area,2807920085
Madrid,working,Full,connectors_sun,21,Afternoon,1632,244,1656,Dual1_uniform_area,2807920086
Madrid,working,Full,connectors_sun,21,Afternoon,1632,244,1656,Dual1_uniform_area,2807920088
Madrid,working,Full,connectors_sun,21,Afternoon,1632,244,1656,Dual1_uniform_area,2807920090
Madrid,working,Full,connectors_sun,21,Afternoon,1632,244,1656,Dual1_uniform_area,2807920092
Madrid,working,Full,connectors_sun,21,Afternoon,1632,244,1656,Dual1_uniform_area,2807920102
Madrid,working,Full,connectors_sun,21,Afternoon,1632,244,1656,Dual1_uniform_area,2807921002
Madrid,working,Full,connectors_sun,21,Afternoon,1632,244,1656,Dual1_uniform_area,2807921013
Madrid,working,Full,connectors_sun,21,Afternoon,1632,244,1656,Dual1_uniform_area,2807921020
Madrid,working,Full,network,21,Morning,1750,262,1655,Dual1_regional,2807901004
Madrid,working,Full,network,21,Morning,1750,262,1655,Dual1_regional,2807901022
Madrid,working,Full,network,21,Morning,1750,262,1655,Dual1_regional,2807901117
Madrid,working,Full,network,21,Morning,1750,262,1655,Dual1_regional,2807902011
Madrid,working,Full,network,21,Morning,1750,262,1655,Dual1_regional,2807902016
Madrid,working,Full,network,21,Morning,1750,262,1655,Dual1_regional,2807902018
Madrid,working,Full,network,21,Morning,1750,262,1655,Dual1_regional,2807902031
Madrid,working,Full,network,21,Morning,1750,262,1655,Dual1_regional,2807902063
Madrid,working,Full,network,21,Morning,1750,262,1655,Dual1_regional,2807902087
Madrid,working,Full,network,21,Morning,1750,262,1655,Dual1_regional,2807902092
Madrid,working,Full,network,21,Morning,1750,262,1655,Dual1_regional,2807903018
Madrid,working,Full,network,21,Morning,1750,262,1655,Dual1_regional,2807903045
Madrid,working,Full,network,21,Morning,1750,262,1655,Dual1_regional,2807903059
Madrid,working,Full,network,21,Morning,1750,262,1655,Dual1_regional,2807903078
Madrid,working,Full,network,21,Morning,1750,262,1655,Dual1_regional,2807903079
Madrid,working,Full,network,21,Morning,1750,262,1655,Dual1_regional,2807903089
Madrid,working,Full,network,21,Morning,1750,262,1655,Dual1_regional,2807904065
Madrid,working,Full,network,21,Morning,1750,262,1655,Dual1_regional,2807904069
Madrid,working,Full,network,21,Morning,1750,262,1655,Dual1_regional,2807904070
Madrid,working,Full,network,21,Morning,1750,262,1655,Dual1_regional,2807904072
Madrid,working,Full,network,21,Morning,1750,262,1655,Dual1_regional,2807904074
Madrid,working,Full,network,21,Morning,1750,262,1655,Dual1_regional,2807904077
Madrid,working,Full,network,21,Morning,1750,262,1655,Dual1_regional,2807904079
Madrid,working,Full,network,21,Morning,1750,262,1655,Dual1_regional,2807904081
Madrid,working,Full,network,21,Morning,1750,262,1655,Dual1_regional,2807904085
Madrid,working,Full,network,21,Morning,1750,262,1655,Dual1_regional,2807904131
Madrid,working,Full,network,21,Morning,1750,262,1655,Dual1_regional,2807905035
Madrid,working,Full,network,21,Morning,1750,262,1655,Dual1_regional,2807905038
Madrid,working,Full,network,21,Morning,1750,262,1655,Dual1_regional,2807905039
Madrid,working,Full,network,21,Morning,1750,262,1655,Dual1_regional,2807905044
Madrid,working,Full,network,21,Morning,1750,262,1655,Dual1_regional,2807905058
Madrid,working,Full,network,21,Morning,1750,262,1655,Dual1_regional,2807905061
Madrid,working,Full,network,21,Morning,1750,262,1655,Dual1_regional,2807905067
Madrid,working,Full,network,21,Morning,1750,262,1655,Dual1_regional,2807905068
Madrid,working,Full,network,21,Morning,1750,262,1655,Dual1_regional,2807905074
Madrid,working,Full,network,21,Morning,1750,262,1655,Dual1_regional,2807906001
Madrid,working,Full,network,21,Morning,1750,262,1655,Dual1_regional,2807906009
Madrid,working,Full,network,21,Morning,1750,262,1655,Dual1_regional,2807906033
Madrid,working,Full,network,21,Morning,1750,262,1655,Dual1_regional,2807906035
Madrid,working,Full,network,21,Morning,1750,262,1655,Dual1_regional,2807906046
Madrid,working,Full,network,21,Morning,1750,262,1655,Dual1_regional,2807906062
Madrid,working,Full,network,21,Morning,1750,262,1655,Dual1_regional,2807906066
Madrid,working,Full,network,21,Morning,1750,262,1655,Dual1_regional,2807906075
Madrid,working,Full,network,21,Morning,1750,262,1655,Dual1_regional,2807906081
Madrid,working,Full,network,21,Morning,1750,262,1655,Dual1_regional,2807906121
Madrid,working,Full,network,21,Morning,1750,262,1655,Dual1_regional,2807906122
Madrid,working,Full,network,21,Morning,1750,262,1655,Dual1_regional,2807907096
Madrid,working,Full,network,21,Morning,1750,262,1655,Dual1_regional,2807907115
Madrid,working,Full,network,21,Morning,1750,262,1655,Dual1_regional,2807907121
Madrid,working,Full,network,21,Morning,1750,262,1655,Dual1_regional,2807907122
Madrid,working,Full,network,21,Morning,1750,262,1655,Dual1_regional,2807908012
Madrid,working,Full,network,21,Morning,1750,262,1655,Dual1_regional,2807908013
Madrid,working,Full,network,21,Morning,1750,262,1655,Dual1_regional,2807908030
Madrid,working,Full,network,21,Morning,1750,262,1655,Dual1_regional,2807908034
Madrid,working,Full,network,21,Morning,1750,262,1655,Dual1_regional,2807908036
Madrid,working,Full,network,21,Morning,1750,262,1655,Dual1_regional,2807908044
Madrid,working,Full,network,21,Morning,1750,262,1655,Dual1_regional,2807908045
Madrid,working,Full,network,21,Morning,1750,262,1655,Dual1_regional,2807908051
Madrid,working,Full,network,21,Morning,1750,262,1655,Dual1_regional,2807908052
Madrid,working,Full,network,21,Morning,1750,262,1655,Dual1_regional,2807908060
Madrid,working,Full,network,21,Morning,1750,262,1655,Dual1_regional,2807908099
Madrid,working,Full,network,21,Morning,1750,262,1655,Dual1_regional,2807908111
Madrid,working,Full,network,21,Morning,1750,262,1655,Dual1_regional,2807908112
Madrid,working,Full,network,21,Morning,1750,262,1655,Dual1_regional,2807908116
Madrid,working,Full,network,21,Morning,1750,262,1655,Dual1_regional,2807908123
Madrid,working,Full,network,21,Morning,1750,262,1655,Dual1_regional,2807908124
Madrid,working,Full,network,21,Morning,1750,262,1655,Dual1_regional,2807908125
Madrid,working,Full,network,21,Morning,1750,262,1655,Dual1_regional,2807908137
Madrid,working,Full,network,21,Morning,1750,262,1655,Dual1_regional,2807908145
Madrid,working,Full,network,21,Morning,1750,262,1655,Dual1_regional,2807908148
Madrid,working,Full,network,21,Morning,1750,262,1655,Dual1_regional,2807908181
Madrid,working,Full,network,21,Morning,1750,262,1655,Dual1_regional,2807908182
Madrid,working,Full,network,21,Morning,1750,262,1655,Dual1_regional,2807909008
Madrid,working,Full,network,21,Morning,1750,262,1655,Dual1_regional,2807909019
Madrid,working,Full,network,21,Morning,1750,262,1655,Dual1_regional,2807909044
Madrid,working,Full,network,21,Morning,1750,262,1655,Dual1_regional,2807909051
Madrid,working,Full,network,21,Morning,1750,262,1655,Dual1_regional,2807909052
Madrid,working,Full,network,21,Morning,1750,262,1655,Dual1_regional,2807909063
Madrid,working,Full,network,21,Morning,1750,262,1655,Dual1_regional,2807909080
Madrid,working,Full,network,21,Morning,1750,262,1655,Dual1_regional,2807909087
Madrid,working,Full,network,21,Morning,1750,262,1655,Dual1_regional,2807910012
Madrid,working,Full,network,21,Morning,1750,262,1655,Dual1_regional,2807910039
Madrid,working,Full,network,21,Morning,1750,262,1655,Dual1_regional,2807910060
Madrid,working,Full,network,21,Morning,1750,262,1655,Dual1_regional,2807910106
Madrid,working,Full,network,21,Morning,1750,262,1655,Dual1_regional,2807910107
Madrid,working,Full,network,21,Morning,1750,262,1655,Dual1_regional,2807910115
Madrid,working,Full,network,21,Morning,1750,262,1655,Dual1_regional,2807910117
Madrid,working,Full,network,21,Morning,1750,262,1655,Dual1_regional,2807910118
Madrid,working,Full,network,21,Morning,1750,262,1655,Dual1_regional,2807910119
Madrid,working,Full,network,21,Morning,1750,262,1655,Dual1_regional,2807910130
Madrid,working,Full,network,21,Morning,1750,262,1655,Dual1_regional,2807910131
Madrid,working,Full,network,21,Morning,1750,262,1655,Dual1_regional,2807910132
Madrid,working,Full,network,21,Morning,1750,262,1655,Dual1_regional,2807910133
Madrid,working,Full,network,21,Morning,1750,262,1655,Dual1_regional,2807910138
Madrid,working,Full,network,21,Morning,1750,262,1655,Dual1_regional,2807910142
Madrid,working,Full,network,21,Morning,1750,262,1655,Dual1_regional,2807910152
Madrid,working,Full,network,21,Morning,1750,262,1655,Dual1_regional,2807910154
Madrid,working,Full,network,21,Morning,1750,262,1655,Dual1_regional,2807910164
Madrid,working,Full,network,21,Morning,1750,262,1655,Dual1_regional,2807910170
Madrid,working,Full,network,21,Morning,1750,262,1655,Dual1_regional,2807910181
Madrid,working,Full,network,21,Morning,1750,262,1655,Dual1_regional,2807910182
Madrid,working,Full,network,21,Morning,1750,262,1655,Dual1_regional,2807910183
Madrid,working,Full,network,21,Morning,1750,262,1655,Dual1_regional,2807910184
Madrid,working,Full,network,21,Morning,1750,262,1655,Dual1_regional,2807910191
Madrid,working,Full,network,21,Morning,1750,262,1655,Dual1_regional,2807910192
Madrid,working,Full,network,21,Morning,1750,262,1655,Dual1_regional,2807910198
Madrid,working,Full,network,21,Morning,1750,262,1655,Dual1_regional,2807910199
Madrid,working,Full,network,21,Morning,1750,262,1655,Dual1_regional,2807910202
Madrid,working,Full,network,21,Morning,1750,262,1655,Dual1_regional,2807910203
Madrid,working,Full,network,21,Morning,1750,262,1655,Dual1_regional,2807910205
Madrid,working,Full,network,21,Morning,1750,262,1655,Dual1_regional,2807910209
Madrid,working,Full,network,21,Morning,1750,262,1655,Dual1_regional,2807910210
Madrid,working,Full,network,21,Morning,1750,262,1655,Dual1_regional,2807911026
Madrid,working,Full,network,21,Morning,1750,262,1655,Dual1_regional,2807911028
Madrid,working,Full,network,21,Morning,1750,262,1655,Dual1_regional,2807911031
Madrid,working,Full,network,21,Morning,1750,262,1655,Dual1_regional,2807911040
Madrid,working,Full,network,21,Morning,1750,262,1655,Dual1_regional,2807911044
Madrid,working,Full,network,21,Morning,1750,262,1655,Dual1_regional,2807911049
Madrid,working,Full,network,21,Morning,1750,262,1655,Dual1_regional,2807911068
Madrid,working,Full,network,21,Morning,1750,262,1655,Dual1_regional,2807911069
Madrid,working,Full,network,21,Morning,1750,262,1655,Dual1_regional,2807911093
Madrid,working,Full,network,21,Morning,1750,262,1655,Dual1_regional,2807911094
Madrid,working,Full,network,21,Morning,1750,262,1655,Dual1_regional,2807911137
Madrid,working,Full,network,21,Morning,1750,262,1655,Dual1_regional,2807911163
Madrid,working,Full,network,21,Morning,1750,262,1655,Dual1_regional,2807911165
Madrid,working,Full,network,21,Morning,1750,262,1655,Dual1_regional,2807911167
Madrid,working,Full,network,21,Morning,1750,262,1655,Dual1_regional,2807911168
Madrid,working,Full,network,21,Morning,1750,262,1655,Dual1_regional,2807911169
Madrid,working,Full,network,21,Morning,1750,262,1655,Dual1_regional,2807911175
Madrid,working,Full,network,21,Morning,1750,262,1655,Dual1_regional,2807911176
Madrid,working,Full,network,21,Morning,1750,262,1655,Dual1_regional,2807911177
Madrid,working,Full,network,21,Morning,1750,262,1655,Dual1_regional,2807911181
Madrid,working,Full,network,21,Morning,1750,262,1655,Dual1_regional,2807912008
Madrid,working,Full,network,21,Morning,1750,262,1655,Dual1_regional,2807912018
Madrid,working,Full,network,21,Morning,1750,262,1655,Dual1_regional,2807912019
Madrid,working,Full,network,21,Morning,1750,262,1655,Dual1_regional,2807912020
Madrid,working,Full,network,21,Morning,1750,262,1655,Dual1_regional,2807912022
Madrid,working,Full,network,21,Morning,1750,262,1655,Dual1_regional,2807912023
Madrid,working,Full,network,21,Morning,1750,262,1655,Dual1_regional,2807912024
Madrid,working,Full,network,21,Morning,1750,262,1655,Dual1_regional,2807912028
Madrid,working,Full,network,21,Morning,1750,262,1655,Dual1_regional,2807912032
Madrid,working,Full,network,21,Morning,1750,262,1655,Dual1_regional,2807912034
Madrid,working,Full,network,21,Morning,1750,262,1655,Dual1_regional,2807912080
Madrid,working,Full,network,21,Morning,1750,262,1655,Dual1_regional,2807912091
Madrid,working,Full,network,21,Morning,1750,262,1655,Dual1_regional,2807912099
Madrid,working,Full,network,21,Morning,1750,262,1655,Dual1_regional,2807912100
Madrid,working,Full,network,21,Morning,1750,262,1655,Dual1_regional,2807912107
Madrid,working,Full,network,21,Morning,1750,262,1655,Dual1_regional,2807913013
Madrid,working,Full,network,21,Morning,1750,262,1655,Dual1_regional,2807913016
Madrid,working,Full,network,21,Morning,1750,262,1655,Dual1_regional,2807913021
Madrid,working,Full,network,21,Morning,1750,262,1655,Dual1_regional,2807913029
Madrid,working,Full,network,21,Morning,1750,262,1655,Dual1_regional,2807913030
Madrid,working,Full,network,21,Morning,1750,262,1655,Dual1_regional,2807913032
Madrid,working,Full,network,21,Morning,1750,262,1655,Dual1_regional,2807913035
Madrid,working,Full,network,21,Morning,1750,262,1655,Dual1_regional,2807913078
Madrid,working,Full,network,21,Morning,1750,262,1655,Dual1_regional,2807913137
Madrid,working,Full,network,21,Morning,1750,262,1655,Dual1_regional,2807913139
Madrid,working,Full,network,21,Morning,1750,262,1655,Dual1_regional,2807913144
Madrid,working,Full,network,21,Morning,1750,262,1655,Dual1_regional,2807913163
Madrid,working,Full,network,21,Morning,1750,262,1655,Dual1_regional,2807913164
Madrid,working,Full,network,21,Morning,1750,262,1655,Dual1_regional,2807913166
Madrid,working,Full,network,21,Morning,1750,262,1655,Dual1_regional,2807913169
Madrid,working,Full,network,21,Morning,1750,262,1655,Dual1_regional,2807913172
Madrid,working,Full,network,21,Morning,1750,262,1655,Dual1_regional,2807913178
Madrid,working,Full,network,21,Morning,1750,262,1655,Dual1_regional,2807913181
Madrid,working,Full,network,21,Morning,1750,262,1655,Dual1_regional,2807913182
Madrid,working,Full,network,21,Morning,1750,262,1655,Dual1_regional,2807913184
Madrid,working,Full,network,21,Morning,1750,262,1655,Dual1_regional,2807913186
Madrid,working,Full,network,21,Morning,1750,262,1655,Dual1_regional,2807913199
Madrid,working,Full,network,21,Morning,1750,262,1655,Dual1_regional,2807913201
Madrid,working,Full,network,21,Morning,1750,262,1655,Dual1_regional,2807913202
Madrid,working,Full,network,21,Morning,1750,262,1655,Dual1_regional,2807914018
Madrid,working,Full,network,21,Morning,1750,262,1655,Dual1_regional,2807914071
Madrid,working,Full,network,21,Morning,1750,262,1655,Dual1_regional,2807914079
Madrid,working,Full,network,21,Morning,1750,262,1655,Dual1_regional,2807914083
Madrid,working,Full,network,21,Morning,1750,262,1655,Dual1_regional,2807915027
Madrid,working,Full,network,21,Morning,1750,262,1655,Dual1_regional,2807915032
Madrid,working,Full,network,21,Morning,1750,262,1655,Dual1_regional,2807915062
Madrid,working,Full,network,21,Morning,1750,262,1655,Dual1_regional,2807915066
Madrid,working,Full,network,21,Morning,1750,262,1655,Dual1_regional,2807915067
Madrid,working,Full,network,21,Morning,1750,262,1655,Dual1_regional,2807915069
Madrid,working,Full,network,21,Morning,1750,262,1655,Dual1_regional,2807915070
Madrid,working,Full,network,21,Morning,1750,262,1655,Dual1_regional,2807915074
Madrid,working,Full,network,21,Morning,1750,262,1655,Dual1_regional,2807915075
Madrid,working,Full,network,21,Morning,1750,262,1655,Dual1_regional,2807915076
Madrid,working,Full,network,21,Morning,1750,262,1655,Dual1_regional,2807915105
Madrid,working,Full,network,21,Morning,1750,262,1655,Dual1_regional,2807915106
Madrid,working,Full,network,21,Morning,1750,262,1655,Dual1_regional,2807915119
Madrid,working,Full,network,21,Morning,1750,262,1655,Dual1_regional,2807915127
Madrid,working,Full,network,21,Morning,1750,262,1655,Dual1_regional,2807915133
Madrid,working,Full,network,21,Morning,1750,262,1655,Dual1_regional,2807915134
Madrid,working,Full,network,21,Morning,1750,262,1655,Dual1_regional,2807915135
Madrid,working,Full,network,21,Morning,1750,262,1655,Dual1_regional,2807915163
Madrid,working,Full,network,21,Morning,1750,262,1655,Dual1_regional,2807915171
Madrid,working,Full,network,21,Morning,1750,262,1655,Dual1_regional,2807916021
Madrid,working,Full,network,21,Morning,1750,262,1655,Dual1_regional,2807916022
Madrid,working,Full,network,21,Morning,1750,262,1655,Dual1_regional,2807916024
Madrid,working,Full,network,21,Morning,1750,262,1655,Dual1_regional,2807916026
Madrid,working,Full,network,21,Morning,1750,262,1655,Dual1_regional,2807916029
Madrid,working,Full,network,21,Morning,1750,262,1655,Dual1_regional,2807916030
Madrid,working,Full,network,21,Morning,1750,262,1655,Dual1_regional,2807916031
Madrid,working,Full,network,21,Morning,1750,262,1655,Dual1_regional,2807916032
Madrid,working,Full,network,21,Morning,1750,262,1655,Dual1_regional,2807916034
Madrid,working,Full,network,21,Morning,1750,262,1655,Dual1_regional,2807916035
Madrid,working,Full,network,21,Morning,1750,262,1655,Dual1_regional,2807916043
Madrid,working,Full,network,21,Morning,1750,262,1655,Dual1_regional,2807916044
Madrid,working,Full,network,21,Morning,1750,262,1655,Dual1_regional,2807916045
Madrid,working,Full,network,21,Morning,1750,262,1655,Dual1_regional,2807916048
Madrid,working,Full,network,21,Morning,1750,262,1655,Dual1_regional,2807916052
Madrid,working,Full,network,21,Morning,1750,262,1655,Dual1_regional,2807916053
Madrid,working,Full,network,21,Morning,1750,262,1655,Dual1_regional,2807916067
Madrid,working,Full,network,21,Morning,1750,262,1655,Dual1_regional,2807916069
Madrid,working,Full,network,21,Morning,1750,262,1655,Dual1_regional,2807916070
Madrid,working,Full,network,21,Morning,1750,262,1655,Dual1_regional,2807916073
Madrid,working,Full,network,21,Morning,1750,262,1655,Dual1_regional,2807916074
Madrid,working,Full,network,21,Morning,1750,262,1655,Dual1_regional,2807916076
Madrid,working,Full,network,21,Morning,1750,262,1655,Dual1_regional,2807916077
Madrid,working,Full,network,21,Morning,1750,262,1655,Dual1_regional,2807916079
Madrid,working,Full,network,21,Morning,1750,262,1655,Dual1_regional,2807916085
Madrid,working,Full,network,21,Morning,1750,262,1655,Dual1_regional,2807916086
Madrid,working,Full,network,21,Morning,1750,262,1655,Dual1_regional,2807916087
Madrid,working,Full,network,21,Morning,1750,262,1655,Dual1_regional,2807916088
Madrid,working,Full,network,21,Morning,1750,262,1655,Dual1_regional,2807916089
Madrid,working,Full,network,21,Morning,1750,262,1655,Dual1_regional,2807916090
Madrid,working,Full,network,21,Morning,1750,262,1655,Dual1_regional,2807916098
Madrid,working,Full,network,21,Morning,1750,262,1655,Dual1_regional,2807916099
Madrid,working,Full,network,21,Morning,1750,262,1655,Dual1_regional,2807916102
Madrid,working,Full,network,21,Morning,1750,262,1655,Dual1_regional,2807916115
Madrid,working,Full,network,21,Morning,1750,262,1655,Dual1_regional,2807916125
Madrid,working,Full,network,21,Morning,1750,262,1655,Dual1_regional,2807916133
Madrid,working,Full,network,21,Morning,1750,262,1655,Dual1_regional,2807917004
Madrid,working,Full,network,21,Morning,1750,262,1655,Dual1_regional,2807917026
Madrid,working,Full,network,21,Morning,1750,262,1655,Dual1_regional,2807917057
Madrid,working,Full,network,21,Morning,1750,262,1655,Dual1_regional,2807917068
Madrid,working,Full,network,21,Morning,1750,262,1655,Dual1_regional,2807917071
Madrid,working,Full,network,21,Morning,1750,262,1655,Dual1_regional,2807917087
Madrid,working,Full,network,21,Morning,1750,262,1655,Dual1_regional,2807917090
Madrid,working,Full,network,21,Morning,1750,262,1655,Dual1_regional,2807917094
Madrid,working,Full,network,21,Morning,1750,262,1655,Dual1_regional,2807917095
Madrid,working,Full,network,21,Morning,1750,262,1655,Dual1_regional,2807917101
Madrid,working,Full,network,21,Morning,1750,262,1655,Dual1_regional,2807917109
Madrid,working,Full,network,21,Morning,1750,262,1655,Dual1_regional,2807917118
Madrid,working,Full,network,21,Morning,1750,262,1655,Dual1_regional,2807918019
Madrid,working,Full,network,21,Morning,1750,262,1655,Dual1_regional,2807918020
Madrid,working,Full,network,21,Morning,1750,262,1655,Dual1_regional,2807918021
Madrid,working,Full,network,21,Morning,1750,262,1655,Dual1_regional,2807918043
Madrid,working,Full,network,21,Morning,1750,262,1655,Dual1_regional,2807919008
Madrid,working,Full,network,21,Morning,1750,262,1655,Dual1_regional,2807919019
Madrid,working,Full,network,21,Morning,1750,262,1655,Dual1_regional,2807919021
Madrid,working,Full,network,21,Morning,1750,262,1655,Dual1_regional,2807919023
Madrid,working,Full,network,21,Morning,1750,262,1655,Dual1_regional,2807919024
Madrid,working,Full,network,21,Morning,1750,262,1655,Dual1_regional,2807919036
Madrid,working,Full,network,21,Morning,1750,262,1655,Dual1_regional,2807920066
Madrid,working,Full,network,21,Morning,1750,262,1655,Dual1_regional,2807920078
Madrid,working,Full,network,21,Morning,1750,262,1655,Dual1_regional,2807920085
Madrid,working,Full,network,21,Morning,1750,262,1655,Dual1_regional,2807920086
Madrid,working,Full,network,21,Morning,1750,262,1655,Dual1_regional,2807920088
Madrid,working,Full,network,21,Morning,1750,262,1655,Dual1_regional,2807920090
Madrid,working,Full,network,21,Morning,1750,262,1655,Dual1_regional,2807920102
Madrid,working,Full,network,21,Morning,1750,262,1655,Dual1_regional,2807920112
Madrid,working,Full,network,21,Morning,1750,262,1655,Dual1_regional,2807921019
Madrid,working,Full,network,21,Morning,1750,262,1655,Dual1_regional,2807921020
Madrid,working,Full,network,21,Morning,1750,262,1655,Dual1_uniform_area,2807901004
Madrid,working,Full,network,21,Morning,1750,262,1655,Dual1_uniform_area,2807901022
Madrid,working,Full,network,21,Morning,1750,262,1655,Dual1_uniform_area,2807901117
Madrid,working,Full,network,21,Morning,1750,262,1655,Dual1_uniform_area,2807902011
Madrid,working,Full,network,21,Morning,1750,262,1655,Dual1_uniform_area,2807902016
Madrid,working,Full,network,21,Morning,1750,262,1655,Dual1_uniform_area,2807902018
Madrid,working,Full,network,21,Morning,1750,262,1655,Dual1_uniform_area,2807902031
Madrid,working,Full,network,21,Morning,1750,262,1655,Dual1_uniform_area,2807902063
Madrid,working,Full,network,21,Morning,1750,262,1655,Dual1_uniform_area,2807902087
Madrid,working,Full,network,21,Morning,1750,262,1655,Dual1_uniform_area,2807902092
Madrid,working,Full,network,21,Morning,1750,262,1655,Dual1_uniform_area,2807903018
Madrid,working,Full,network,21,Morning,1750,262,1655,Dual1_uniform_area,2807903031
Madrid,working,Full,network,21,Morning,1750,262,1655,Dual1_uniform_area,2807903045
Madrid,working,Full,network,21,Morning,1750,262,1655,Dual1_uniform_area,2807903059
Madrid,working,Full,network,21,Morning,1750,262,1655,Dual1_uniform_area,2807903078
Madrid,working,Full,network,21,Morning,1750,262,1655,Dual1_uniform_area,2807903079
Madrid,working,Full,network,21,Morning,1750,262,1655,Dual1_uniform_area,2807903089
Madrid,working,Full,network,21,Morning,1750,262,1655,Dual1_uniform_area,2807904065
Madrid,working,Full,network,21,Morning,1750,262,1655,Dual1_uniform_area,2807904069
Madrid,working,Full,network,21,Morning,1750,262,1655,Dual1_uniform_area,2807904070
Madrid,working,Full,network,21,Morning,1750,262,1655,Dual1_uniform_area,2807904072
Madrid,working,Full,network,21,Morning,1750,262,1655,Dual1_uniform_area,2807904074
Madrid,working,Full,network,21,Morning,1750,262,1655,Dual1_uniform_area,2807904077
Madrid,working,Full,network,21,Morning,1750,262,1655,Dual1_uniform_area,2807904079
Madrid,working,Full,network,21,Morning,1750,262,1655,Dual1_uniform_area,2807904081
Madrid,working,Full,network,21,Morning,1750,262,1655,Dual1_uniform_area,2807904085
Madrid,working,Full,network,21,Morning,1750,262,1655,Dual1_uniform_area,2807904131
Madrid,working,Full,network,21,Morning,1750,262,1655,Dual1_uniform_area,2807905035
Madrid,working,Full,network,21,Morning,1750,262,1655,Dual1_uniform_area,2807905038
Madrid,working,Full,network,21,Morning,1750,262,1655,Dual1_uniform_area,2807905039
Madrid,working,Full,network,21,Morning,1750,262,1655,Dual1_uniform_area,2807905044
Madrid,working,Full,network,21,Morning,1750,262,1655,Dual1_uniform_area,2807905058
Madrid,working,Full,network,21,Morning,1750,262,1655,Dual1_uniform_area,2807905061
Madrid,working,Full,network,21,Morning,1750,262,1655,Dual1_uniform_area,2807905067
Madrid,working,Full,network,21,Morning,1750,262,1655,Dual1_uniform_area,2807905068
Madrid,working,Full,network,21,Morning,1750,262,1655,Dual1_uniform_area,2807905074
Madrid,working,Full,network,21,Morning,1750,262,1655,Dual1_uniform_area,2807906001
Madrid,working,Full,network,21,Morning,1750,262,1655,Dual1_uniform_area,2807906009
Madrid,working,Full,network,21,Morning,1750,262,1655,Dual1_uniform_area,2807906033
Madrid,working,Full,network,21,Morning,1750,262,1655,Dual1_uniform_area,2807906035
Madrid,working,Full,network,21,Morning,1750,262,1655,Dual1_uniform_area,2807906046
Madrid,working,Full,network,21,Morning,1750,262,1655,Dual1_uniform_area,2807906062
Madrid,working,Full,network,21,Morning,1750,262,1655,Dual1_uniform_area,2807906066
Madrid,working,Full,network,21,Morning,1750,262,1655,Dual1_uniform_area,2807906075
Madrid,working,Full,network,21,Morning,1750,262,1655,Dual1_uniform_area,2807906081
Madrid,working,Full,network,21,Morning,1750,262,1655,Dual1_uniform_area,2807906121
Madrid,working,Full,network,21,Morning,1750,262,1655,Dual1_uniform_area,2807906122
Madrid,working,Full,network,21,Morning,1750,262,1655,Dual1_uniform_area,2807907096
Madrid,working,Full,network,21,Morning,1750,262,1655,Dual1_uniform_area,2807907115
Madrid,working,Full,network,21,Morning,1750,262,1655,Dual1_uniform_area,2807907121
Madrid,working,Full,network,21,Morning,1750,262,1655,Dual1_uniform_area,2807907122
Madrid,working,Full,network,21,Morning,1750,262,1655,Dual1_uniform_area,2807908012
Madrid,working,Full,network,21,Morning,1750,262,1655,Dual1_uniform_area,2807908013
Madrid,working,Full,network,21,Morning,1750,262,1655,Dual1_uniform_area,2807908030
Madrid,working,Full,network,21,Morning,1750,262,1655,Dual1_uniform_area,2807908031
Madrid,working,Full,network,21,Morning,1750,262,1655,Dual1_uniform_area,2807908034
Madrid,working,Full,network,21,Morning,1750,262,1655,Dual1_uniform_area,2807908036
Madrid,working,Full,network,21,Morning,1750,262,1655,Dual1_uniform_area,2807908044
Madrid,working,Full,network,21,Morning,1750,262,1655,Dual1_uniform_area,2807908051
Madrid,working,Full,network,21,Morning,1750,262,1655,Dual1_uniform_area,2807908052
Madrid,working,Full,network,21,Morning,1750,262,1655,Dual1_uniform_area,2807908060
Madrid,working,Full,network,21,Morning,1750,262,1655,Dual1_uniform_area,2807908095
Madrid,working,Full,network,21,Morning,1750,262,1655,Dual1_uniform_area,2807908099
Madrid,working,Full,network,21,Morning,1750,262,1655,Dual1_uniform_area,2807908111
Madrid,working,Full,network,21,Morning,1750,262,1655,Dual1_uniform_area,2807908112
Madrid,working,Full,network,21,Morning,1750,262,1655,Dual1_uniform_area,2807908116
Madrid,working,Full,network,21,Morning,1750,262,1655,Dual1_uniform_area,2807908123
Madrid,working,Full,network,21,Morning,1750,262,1655,Dual1_uniform_area,2807908124
Madrid,working,Full,network,21,Morning,1750,262,1655,Dual1_uniform_area,2807908125
Madrid,working,Full,network,21,Morning,1750,262,1655,Dual1_uniform_area,2807908137
Madrid,working,Full,network,21,Morning,1750,262,1655,Dual1_uniform_area,2807908143
Madrid,working,Full,network,21,Morning,1750,262,1655,Dual1_uniform_area,2807908145
Madrid,working,Full,network,21,Morning,1750,262,1655,Dual1_uniform_area,2807908148
Madrid,working,Full,network,21,Morning,1750,262,1655,Dual1_uniform_area,2807908181
Madrid,working,Full,network,21,Morning,1750,262,1655,Dual1_uniform_area,2807908182
Madrid,working,Full,network,21,Morning,1750,262,1655,Dual1_uniform_area,2807909008
Madrid,working,Full,network,21,Morning,1750,262,1655,Dual1_uniform_area,2807909019
Madrid,working,Full,network,21,Morning,1750,262,1655,Dual1_uniform_area,2807909041
Madrid,working,Full,network,21,Morning,1750,262,1655,Dual1_uniform_area,2807909044
Madrid,working,Full,network,21,Morning,1750,262,1655,Dual1_uniform_area,2807909051
Madrid,working,Full,network,21,Morning,1750,262,1655,Dual1_uniform_area,2807909052
Madrid,working,Full,network,21,Morning,1750,262,1655,Dual1_uniform_area,2807909063
Madrid,working,Full,network,21,Morning,1750,262,1655,Dual1_uniform_area,2807909080
Madrid,working,Full,network,21,Morning,1750,262,1655,Dual1_uniform_area,2807909087
Madrid,working,Full,network,21,Morning,1750,262,1655,Dual1_uniform_area,2807910012
Madrid,working,Full,network,21,Morning,1750,262,1655,Dual1_uniform_area,2807910039
Madrid,working,Full,network,21,Morning,1750,262,1655,Dual1_uniform_area,2807910060
Madrid,working,Full,network,21,Morning,1750,262,1655,Dual1_uniform_area,2807910106
Madrid,working,Full,network,21,Morning,1750,262,1655,Dual1_uniform_area,2807910107
Madrid,working,Full,network,21,Morning,1750,262,1655,Dual1_uniform_area,2807910115
Madrid,working,Full,network,21,Morning,1750,262,1655,Dual1_uniform_area,2807910117
Madrid,working,Full,network,21,Morning,1750,262,1655,Dual1_uniform_area,2807910118
Madrid,working,Full,network,21,Morning,1750,262,1655,Dual1_uniform_area,2807910119
Madrid,working,Full,network,21,Morning,1750,262,1655,Dual1_uniform_area,2807910130
Madrid,working,Full,network,21,Morning,1750,262,1655,Dual1_uniform_area,2807910131
Madrid,working,Full,network,21,Morning,1750,262,1655,Dual1_uniform_area,2807910132
Madrid,working,Full,network,21,Morning,1750,262,1655,Dual1_uniform_area,2807910133
Madrid,working,Full,network,21,Morning,1750,262,1655,Dual1_uniform_area,2807910138
Madrid,working,Full,network,21,Morning,1750,262,1655,Dual1_uniform_area,2807910142
Madrid,working,Full,network,21,Morning,1750,262,1655,Dual1_uniform_area,2807910152
Madrid,working,Full,network,21,Morning,1750,262,1655,Dual1_uniform_area,2807910154
Madrid,working,Full,network,21,Morning,1750,262,1655,Dual1_uniform_area,2807910164
Madrid,working,Full,network,21,Morning,1750,262,1655,Dual1_uniform_area,2807910170
Madrid,working,Full,network,21,Morning,1750,262,1655,Dual1_uniform_area,2807910181
Madrid,working,Full,network,21,Morning,1750,262,1655,Dual1_uniform_area,2807910182
Madrid,working,Full,network,21,Morning,1750,262,1655,Dual1_uniform_area,2807910183
Madrid,working,Full,network,21,Morning,1750,262,1655,Dual1_uniform_area,2807910184
Madrid,working,Full,network,21,Morning,1750,262,1655,Dual1_uniform_area,2807910191
Madrid,working,Full,network,21,Morning,1750,262,1655,Dual1_uniform_area,2807910192
Madrid,working,Full,network,21,Morning,1750,262,1655,Dual1_uniform_area,2807910198
Madrid,working,Full,network,21,Morning,1750,262,1655,Dual1_uniform_area,2807910199
Madrid,working,Full,network,21,Morning,1750,262,1655,Dual1_uniform_area,2807910202
Madrid,working,Full,network,21,Morning,1750,262,1655,Dual1_uniform_area,2807910203
Madrid,working,Full,network,21,Morning,1750,262,1655,Dual1_uniform_area,2807910205
Madrid,working,Full,network,21,Morning,1750,262,1655,Dual1_uniform_area,2807910209
Madrid,working,Full,network,21,Morning,1750,262,1655,Dual1_uniform_area,2807910210
Madrid,working,Full,network,21,Morning,1750,262,1655,Dual1_uniform_area,2807911026
Madrid,working,Full,network,21,Morning,1750,262,1655,Dual1_uniform_area,2807911028
Madrid,working,Full,network,21,Morning,1750,262,1655,Dual1_uniform_area,2807911031
Madrid,working,Full,network,21,Morning,1750,262,1655,Dual1_uniform_area,2807911040
Madrid,working,Full,network,21,Morning,1750,262,1655,Dual1_uniform_area,2807911044
Madrid,working,Full,network,21,Morning,1750,262,1655,Dual1_uniform_area,2807911049
Madrid,working,Full,network,21,Morning,1750,262,1655,Dual1_uniform_area,2807911068
Madrid,working,Full,network,21,Morning,1750,262,1655,Dual1_uniform_area,2807911069
Madrid,working,Full,network,21,Morning,1750,262,1655,Dual1_uniform_area,2807911093
Madrid,working,Full,network,21,Morning,1750,262,1655,Dual1_uniform_area,2807911094
Madrid,working,Full,network,21,Morning,1750,262,1655,Dual1_uniform_area,2807911137
Madrid,working,Full,network,21,Morning,1750,262,1655,Dual1_uniform_area,2807911163
Madrid,working,Full,network,21,Morning,1750,262,1655,Dual1_uniform_area,2807911165
Madrid,working,Full,network,21,Morning,1750,262,1655,Dual1_uniform_area,2807911167
Madrid,working,Full,network,21,Morning,1750,262,1655,Dual1_uniform_area,2807911168
Madrid,working,Full,network,21,Morning,1750,262,1655,Dual1_uniform_area,2807911169
Madrid,working,Full,network,21,Morning,1750,262,1655,Dual1_uniform_area,2807911175
Madrid,working,Full,network,21,Morning,1750,262,1655,Dual1_uniform_area,2807911176
Madrid,working,Full,network,21,Morning,1750,262,1655,Dual1_uniform_area,2807911177
Madrid,working,Full,network,21,Morning,1750,262,1655,Dual1_uniform_area,2807911181
Madrid,working,Full,network,21,Morning,1750,262,1655,Dual1_uniform_area,2807912008
Madrid,working,Full,network,21,Morning,1750,262,1655,Dual1_uniform_area,2807912018
Madrid,working,Full,network,21,Morning,1750,262,1655,Dual1_uniform_area,2807912019
Madrid,working,Full,network,21,Morning,1750,262,1655,Dual1_uniform_area,2807912020
Madrid,working,Full,network,21,Morning,1750,262,1655,Dual1_uniform_area,2807912022
Madrid,working,Full,network,21,Morning,1750,262,1655,Dual1_uniform_area,2807912023
Madrid,working,Full,network,21,Morning,1750,262,1655,Dual1_uniform_area,2807912024
Madrid,working,Full,network,21,Morning,1750,262,1655,Dual1_uniform_area,2807912028
Madrid,working,Full,network,21,Morning,1750,262,1655,Dual1_uniform_area,2807912032
Madrid,working,Full,network,21,Morning,1750,262,1655,Dual1_uniform_area,2807912034
Madrid,working,Full,network,21,Morning,1750,262,1655,Dual1_uniform_area,2807912080
Madrid,working,Full,network,21,Morning,1750,262,1655,Dual1_uniform_area,2807912091
Madrid,working,Full,network,21,Morning,1750,262,1655,Dual1_uniform_area,2807912099
Madrid,working,Full,network,21,Morning,1750,262,1655,Dual1_uniform_area,2807912100
Madrid,working,Full,network,21,Morning,1750,262,1655,Dual1_uniform_area,2807912107
Madrid,working,Full,network,21,Morning,1750,262,1655,Dual1_uniform_area,2807913013
Madrid,working,Full,network,21,Morning,1750,262,1655,Dual1_uniform_area,2807913016
Madrid,working,Full,network,21,Morning,1750,262,1655,Dual1_uniform_area,2807913021
Madrid,working,Full,network,21,Morning,1750,262,1655,Dual1_uniform_area,2807913029
Madrid,working,Full,network,21,Morning,1750,262,1655,Dual1_uniform_area,2807913030
Madrid,working,Full,network,21,Morning,1750,262,1655,Dual1_uniform_area,2807913032
Madrid,working,Full,network,21,Morning,1750,262,1655,Dual1_uniform_area,2807913035
Madrid,working,Full,network,21,Morning,1750,262,1655,Dual1_uniform_area,2807913078
Madrid,working,Full,network,21,Morning,1750,262,1655,Dual1_uniform_area,2807913137
Madrid,working,Full,network,21,Morning,1750,262,1655,Dual1_uniform_area,2807913139
Madrid,working,Full,network,21,Morning,1750,262,1655,Dual1_uniform_area,2807913144
Madrid,working,Full,network,21,Morning,1750,262,1655,Dual1_uniform_area,2807913163
Madrid,working,Full,network,21,Morning,1750,262,1655,Dual1_uniform_area,2807913164
Madrid,working,Full,network,21,Morning,1750,262,1655,Dual1_uniform_area,2807913166
Madrid,working,Full,network,21,Morning,1750,262,1655,Dual1_uniform_area,2807913169
Madrid,working,Full,network,21,Morning,1750,262,1655,Dual1_uniform_area,2807913172
Madrid,working,Full,network,21,Morning,1750,262,1655,Dual1_uniform_area,2807913178
Madrid,working,Full,network,21,Morning,1750,262,1655,Dual1_uniform_area,2807913182
Madrid,working,Full,network,21,Morning,1750,262,1655,Dual1_uniform_area,2807913184
Madrid,working,Full,network,21,Morning,1750,262,1655,Dual1_uniform_area,2807913186
Madrid,working,Full,network,21,Morning,1750,262,1655,Dual1_uniform_area,2807913199
Madrid,working,Full,network,21,Morning,1750,262,1655,Dual1_uniform_area,2807913201
Madrid,working,Full,network,21,Morning,1750,262,1655,Dual1_uniform_area,2807913202
Madrid,working,Full,network,21,Morning,1750,262,1655,Dual1_uniform_area,2807914018
Madrid,working,Full,network,21,Morning,1750,262,1655,Dual1_uniform_area,2807914071
Madrid,working,Full,network,21,Morning,1750,262,1655,Dual1_uniform_area,2807914079
Madrid,working,Full,network,21,Morning,1750,262,1655,Dual1_uniform_area,2807914083
Madrid,working,Full,network,21,Morning,1750,262,1655,Dual1_uniform_area,2807915027
Madrid,working,Full,network,21,Morning,1750,262,1655,Dual1_uniform_area,2807915032
Madrid,working,Full,network,21,Morning,1750,262,1655,Dual1_uniform_area,2807915062
Madrid,working,Full,network,21,Morning,1750,262,1655,Dual1_uniform_area,2807915066
Madrid,working,Full,network,21,Morning,1750,262,1655,Dual1_uniform_area,2807915067
Madrid,working,Full,network,21,Morning,1750,262,1655,Dual1_uniform_area,2807915069
Madrid,working,Full,network,21,Morning,1750,262,1655,Dual1_uniform_area,2807915070
Madrid,working,Full,network,21,Morning,1750,262,1655,Dual1_uniform_area,2807915074
Madrid,working,Full,network,21,Morning,1750,262,1655,Dual1_uniform_area,2807915075
Madrid,working,Full,network,21,Morning,1750,262,1655,Dual1_uniform_area,2807915076
Madrid,working,Full,network,21,Morning,1750,262,1655,Dual1_uniform_area,2807915105
Madrid,working,Full,network,21,Morning,1750,262,1655,Dual1_uniform_area,2807915106
Madrid,working,Full,network,21,Morning,1750,262,1655,Dual1_uniform_area,2807915119
Madrid,working,Full,network,21,Morning,1750,262,1655,Dual1_uniform_area,2807915133
Madrid,working,Full,network,21,Morning,1750,262,1655,Dual1_uniform_area,2807915134
Madrid,working,Full,network,21,Morning,1750,262,1655,Dual1_uniform_area,2807915135
Madrid,working,Full,network,21,Morning,1750,262,1655,Dual1_uniform_area,2807915163
Madrid,working,Full,network,21,Morning,1750,262,1655,Dual1_uniform_area,2807915171
Madrid,working,Full,network,21,Morning,1750,262,1655,Dual1_uniform_area,2807916021
Madrid,working,Full,network,21,Morning,1750,262,1655,Dual1_uniform_area,2807916022
Madrid,working,Full,network,21,Morning,1750,262,1655,Dual1_uniform_area,2807916024
Madrid,working,Full,network,21,Morning,1750,262,1655,Dual1_uniform_area,2807916026
Madrid,working,Full,network,21,Morning,1750,262,1655,Dual1_uniform_area,2807916029
Madrid,working,Full,network,21,Morning,1750,262,1655,Dual1_uniform_area,2807916030
Madrid,working,Full,network,21,Morning,1750,262,1655,Dual1_uniform_area,2807916031
Madrid,working,Full,network,21,Morning,1750,262,1655,Dual1_uniform_area,2807916032
Madrid,working,Full,network,21,Morning,1750,262,1655,Dual1_uniform_area,2807916034
Madrid,working,Full,network,21,Morning,1750,262,1655,Dual1_uniform_area,2807916035
Madrid,working,Full,network,21,Morning,1750,262,1655,Dual1_uniform_area,2807916043
Madrid,working,Full,network,21,Morning,1750,262,1655,Dual1_uniform_area,2807916044
Madrid,working,Full,network,21,Morning,1750,262,1655,Dual1_uniform_area,2807916045
Madrid,working,Full,network,21,Morning,1750,262,1655,Dual1_uniform_area,2807916048
Madrid,working,Full,network,21,Morning,1750,262,1655,Dual1_uniform_area,2807916052
Madrid,working,Full,network,21,Morning,1750,262,1655,Dual1_uniform_area,2807916053
Madrid,working,Full,network,21,Morning,1750,262,1655,Dual1_uniform_area,2807916067
Madrid,working,Full,network,21,Morning,1750,262,1655,Dual1_uniform_area,2807916069
Madrid,working,Full,network,21,Morning,1750,262,1655,Dual1_uniform_area,2807916070
Madrid,working,Full,network,21,Morning,1750,262,1655,Dual1_uniform_area,2807916073
Madrid,working,Full,network,21,Morning,1750,262,1655,Dual1_uniform_area,2807916076
Madrid,working,Full,network,21,Morning,1750,262,1655,Dual1_uniform_area,2807916077
Madrid,working,Full,network,21,Morning,1750,262,1655,Dual1_uniform_area,2807916079
Madrid,working,Full,network,21,Morning,1750,262,1655,Dual1_uniform_area,2807916085
Madrid,working,Full,network,21,Morning,1750,262,1655,Dual1_uniform_area,2807916086
Madrid,working,Full,network,21,Morning,1750,262,1655,Dual1_uniform_area,2807916087
Madrid,working,Full,network,21,Morning,1750,262,1655,Dual1_uniform_area,2807916088
Madrid,working,Full,network,21,Morning,1750,262,1655,Dual1_uniform_area,2807916089
Madrid,working,Full,network,21,Morning,1750,262,1655,Dual1_uniform_area,2807916090
Madrid,working,Full,network,21,Morning,1750,262,1655,Dual1_uniform_area,2807916098
Madrid,working,Full,network,21,Morning,1750,262,1655,Dual1_uniform_area,2807916099
Madrid,working,Full,network,21,Morning,1750,262,1655,Dual1_uniform_area,2807916102
Madrid,working,Full,network,21,Morning,1750,262,1655,Dual1_uniform_area,2807916106
Madrid,working,Full,network,21,Morning,1750,262,1655,Dual1_uniform_area,2807916125
Madrid,working,Full,network,21,Morning,1750,262,1655,Dual1_uniform_area,2807916133
Madrid,working,Full,network,21,Morning,1750,262,1655,Dual1_uniform_area,2807917004
Madrid,working,Full,network,21,Morning,1750,262,1655,Dual1_uniform_area,2807917026
Madrid,working,Full,network,21,Morning,1750,262,1655,Dual1_uniform_area,2807917057
Madrid,working,Full,network,21,Morning,1750,262,1655,Dual1_uniform_area,2807917068
Madrid,working,Full,network,21,Morning,1750,262,1655,Dual1_uniform_area,2807917071
Madrid,working,Full,network,21,Morning,1750,262,1655,Dual1_uniform_area,2807917090
Madrid,working,Full,network,21,Morning,1750,262,1655,Dual1_uniform_area,2807917094
Madrid,working,Full,network,21,Morning,1750,262,1655,Dual1_uniform_area,2807917095
Madrid,working,Full,network,21,Morning,1750,262,1655,Dual1_uniform_area,2807917101
Madrid,working,Full,network,21,Morning,1750,262,1655,Dual1_uniform_area,2807917109
Madrid,working,Full,network,21,Morning,1750,262,1655,Dual1_uniform_area,2807917118
Madrid,working,Full,network,21,Morning,1750,262,1655,Dual1_uniform_area,2807918019
Madrid,working,Full,network,21,Morning,1750,262,1655,Dual1_uniform_area,2807918020
Madrid,working,Full,network,21,Morning,1750,262,1655,Dual1_uniform_area,2807918021
Madrid,working,Full,network,21,Morning,1750,262,1655,Dual1_uniform_area,2807918043
Madrid,working,Full,network,21,Morning,1750,262,1655,Dual1_uniform_area,2807919008
Madrid,working,Full,network,21,Morning,1750,262,1655,Dual1_uniform_area,2807919019
Madrid,working,Full,network,21,Morning,1750,262,1655,Dual1_uniform_area,2807919021
Madrid,working,Full,network,21,Morning,1750,262,1655,Dual1_uniform_area,2807919023
Madrid,working,Full,network,21,Morning,1750,262,1655,Dual1_uniform_area,2807919024
Madrid,working,Full,network,21,Morning,1750,262,1655,Dual1_uniform_area,2807919036
Madrid,working,Full,network,21,Morning,1750,262,1655,Dual1_uniform_area,2807920066
Madrid,working,Full,network,21,Morning,1750,262,1655,Dual1_uniform_area,2807920078
Madrid,working,Full,network,21,Morning,1750,262,1655,Dual1_uniform_area,2807920085
Madrid,working,Full,network,21,Morning,1750,262,1655,Dual1_uniform_area,2807920086
Madrid,working,Full,network,21,Morning,1750,262,1655,Dual1_uniform_area,2807920088
Madrid,working,Full,network,21,Morning,1750,262,1655,Dual1_uniform_area,2807920090
Madrid,working,Full,network,21,Morning,1750,262,1655,Dual1_uniform_area,2807920102
Madrid,working,Full,network,21,Morning,1750,262,1655,Dual1_uniform_area,2807920112
Madrid,working,Full,network,21,Morning,1750,262,1655,Dual1_uniform_area,2807921019
Madrid,working,Full,network,21,Morning,1750,262,1655,Dual1_uniform_area,2807921020
Madrid,working,Full,network,21,Afternoon,1750,262,1656,Dual1_regional,2807901018
Madrid,working,Full,network,21,Afternoon,1750,262,1656,Dual1_regional,2807901021
Madrid,working,Full,network,21,Afternoon,1750,262,1656,Dual1_regional,2807901057
Madrid,working,Full,network,21,Afternoon,1750,262,1656,Dual1_regional,2807902003
Madrid,working,Full,network,21,Afternoon,1750,262,1656,Dual1_regional,2807902006
Madrid,working,Full,network,21,Afternoon,1750,262,1656,Dual1_regional,2807902016
Madrid,working,Full,network,21,Afternoon,1750,262,1656,Dual1_regional,2807902018
Madrid,working,Full,network,21,Afternoon,1750,262,1656,Dual1_regional,2807902024
Madrid,working,Full,network,21,Afternoon,1750,262,1656,Dual1_regional,2807902031
Madrid,working,Full,network,21,Afternoon,1750,262,1656,Dual1_regional,2807902040
Madrid,working,Full,network,21,Afternoon,1750,262,1656,Dual1_regional,2807902042
Madrid,working,Full,network,21,Afternoon,1750,262,1656,Dual1_regional,2807902051
Madrid,working,Full,network,21,Afternoon,1750,262,1656,Dual1_regional,2807902053
Madrid,working,Full,network,21,Afternoon,1750,262,1656,Dual1_regional,2807902064
Madrid,working,Full,network,21,Afternoon,1750,262,1656,Dual1_regional,2807902066
Madrid,working,Full,network,21,Afternoon,1750,262,1656,Dual1_regional,2807902074
Madrid,working,Full,network,21,Afternoon,1750,262,1656,Dual1_regional,2807902087
Madrid,working,Full,network,21,Afternoon,1750,262,1656,Dual1_regional,2807902092
Madrid,working,Full,network,21,Afternoon,1750,262,1656,Dual1_regional,2807903001
Madrid,working,Full,network,21,Afternoon,1750,262,1656,Dual1_regional,2807903018
Madrid,working,Full,network,21,Afternoon,1750,262,1656,Dual1_regional,2807903019
Madrid,working,Full,network,21,Afternoon,1750,262,1656,Dual1_regional,2807903021
Madrid,working,Full,network,21,Afternoon,1750,262,1656,Dual1_regional,2807903029
Madrid,working,Full,network,21,Afternoon,1750,262,1656,Dual1_regional,2807903049
Madrid,working,Full,network,21,Afternoon,1750,262,1656,Dual1_regional,2807903077
Madrid,working,Full,network,21,Afternoon,1750,262,1656,Dual1_regional,2807903078
Madrid,working,Full,network,21,Afternoon,1750,262,1656,Dual1_regional,2807903080
Madrid,working,Full,network,21,Afternoon,1750,262,1656,Dual1_regional,2807903089
Madrid,working,Full,network,21,Afternoon,1750,262,1656,Dual1_regional,2807903095
Madrid,working,Full,network,21,Afternoon,1750,262,1656,Dual1_regional,2807903096
Madrid,working,Full,network,21,Afternoon,1750,262,1656,Dual1_regional,2807904055
Madrid,working,Full,network,21,Afternoon,1750,262,1656,Dual1_regional,2807904065
Madrid,working,Full,network,21,Afternoon,1750,262,1656,Dual1_regional,2807904069
Madrid,working,Full,network,21,Afternoon,1750,262,1656,Dual1_regional,2807904073
Madrid,working,Full,network,21,Afternoon,1750,262,1656,Dual1_regional,2807904074
Madrid,working,Full,network,21,Afternoon,1750,262,1656,Dual1_regional,2807904077
Madrid,working,Full,network,21,Afternoon,1750,262,1656,Dual1_regional,2807904085
Madrid,working,Full,network,21,Afternoon,1750,262,1656,Dual1_regional,2807904086
Madrid,working,Full,network,21,Afternoon,1750,262,1656,Dual1_regional,2807904087
Madrid,working,Full,network,21,Afternoon,1750,262,1656,Dual1_regional,2807904088
Madrid,working,Full,network,21,Afternoon,1750,262,1656,Dual1_regional,2807904094
Madrid,working,Full,network,21,Afternoon,1750,262,1656,Dual1_regional,2807904098
Madrid,working,Full,network,21,Afternoon,1750,262,1656,Dual1_regional,2807904109
Madrid,working,Full,network,21,Afternoon,1750,262,1656,Dual1_regional,2807904111
Madrid,working,Full,network,21,Afternoon,1750,262,1656,Dual1_regional,2807904115
Madrid,working,Full,network,21,Afternoon,1750,262,1656,Dual1_regional,2807905007
Madrid,working,Full,network,21,Afternoon,1750,262,1656,Dual1_regional,2807905026
Madrid,working,Full,network,21,Afternoon,1750,262,1656,Dual1_regional,2807905027
Madrid,working,Full,network,21,Afternoon,1750,262,1656,Dual1_regional,2807905028
Madrid,working,Full,network,21,Afternoon,1750,262,1656,Dual1_regional,2807905033
Madrid,working,Full,network,21,Afternoon,1750,262,1656,Dual1_regional,2807905034
Madrid,working,Full,network,21,Afternoon,1750,262,1656,Dual1_regional,2807905036
Madrid,working,Full,network,21,Afternoon,1750,262,1656,Dual1_regional,2807905039
Madrid,working,Full,network,21,Afternoon,1750,262,1656,Dual1_regional,2807905058
Madrid,working,Full,network,21,Afternoon,1750,262,1656,Dual1_regional,2807905061
Madrid,working,Full,network,21,Afternoon,1750,262,1656,Dual1_regional,2807905062
Madrid,working,Full,network,21,Afternoon,1750,262,1656,Dual1_regional,2807905067
Madrid,working,Full,network,21,Afternoon,1750,262,1656,Dual1_regional,2807905087
Madrid,working,Full,network,21,Afternoon,1750,262,1656,Dual1_regional,2807905095
Madrid,working,Full,network,21,Afternoon,1750,262,1656,Dual1_regional,2807906010
Madrid,working,Full,network,21,Afternoon,1750,262,1656,Dual1_regional,2807906041
Madrid,working,Full,network,21,Afternoon,1750,262,1656,Dual1_regional,2807906042
Madrid,working,Full,network,21,Afternoon,1750,262,1656,Dual1_regional,2807906046
Madrid,working,Full,network,21,Afternoon,1750,262,1656,Dual1_regional,2807906056
Madrid,working,Full,network,21,Afternoon,1750,262,1656,Dual1_regional,2807906062
Madrid,working,Full,network,21,Afternoon,1750,262,1656,Dual1_regional,2807906066
Madrid,working,Full,network,21,Afternoon,1750,262,1656,Dual1_regional,2807906072
Madrid,working,Full,network,21,Afternoon,1750,262,1656,Dual1_regional,2807906081
Madrid,working,Full,network,21,Afternoon,1750,262,1656,Dual1_regional,2807906116
Madrid,working,Full,network,21,Afternoon,1750,262,1656,Dual1_regional,2807906122
Madrid,working,Full,network,21,Afternoon,1750,262,1656,Dual1_regional,2807906125
Madrid,working,Full,network,21,Afternoon,1750,262,1656,Dual1_regional,2807907006
Madrid,working,Full,network,21,Afternoon,1750,262,1656,Dual1_regional,2807907008
Madrid,working,Full,network,21,Afternoon,1750,262,1656,Dual1_regional,2807907012
Madrid,working,Full,network,21,Afternoon,1750,262,1656,Dual1_regional,2807907018
Madrid,working,Full,network,21,Afternoon,1750,262,1656,Dual1_regional,2807907021
Madrid,working,Full,network,21,Afternoon,1750,262,1656,Dual1_regional,2807907026
Madrid,working,Full,network,21,Afternoon,1750,262,1656,Dual1_regional,2807907048
Madrid,working,Full,network,21,Afternoon,1750,262,1656,Dual1_regional,2807907094
Madrid,working,Full,network,21,Afternoon,1750,262,1656,Dual1_regional,2807907114
Madrid,working,Full,network,21,Afternoon,1750,262,1656,Dual1_regional,2807907115
Madrid,working,Full,network,21,Afternoon,1750,262,1656,Dual1_regional,2807907120
Madrid,working,Full,network,21,Afternoon,1750,262,1656,Dual1_regional,2807907121
Madrid,working,Full,network,21,Afternoon,1750,262,1656,Dual1_regional,2807907127
Madrid,working,Full,network,21,Afternoon,1750,262,1656,Dual1_regional,2807908030
Madrid,working,Full,network,21,Afternoon,1750,262,1656,Dual1_regional,2807908031
Madrid,working,Full,network,21,Afternoon,1750,262,1656,Dual1_regional,2807908034
Madrid,working,Full,network,21,Afternoon,1750,262,1656,Dual1_regional,2807908035
Madrid,working,Full,network,21,Afternoon,1750,262,1656,Dual1_regional,2807908036
Madrid,working,Full,network,21,Afternoon,1750,262,1656,Dual1_regional,2807908040
Madrid,working,Full,network,21,Afternoon,1750,262,1656,Dual1_regional,2807908043
Madrid,working,Full,network,21,Afternoon,1750,262,1656,Dual1_regional,2807908044
Madrid,working,Full,network,21,Afternoon,1750,262,1656,Dual1_regional,2807908050
Madrid,working,Full,network,21,Afternoon,1750,262,1656,Dual1_regional,2807908056
Madrid,working,Full,network,21,Afternoon,1750,262,1656,Dual1_regional,2807908060
Madrid,working,Full,network,21,Afternoon,1750,262,1656,Dual1_regional,2807908090
Madrid,working,Full,network,21,Afternoon,1750,262,1656,Dual1_regional,2807908095
Madrid,working,Full,network,21,Afternoon,1750,262,1656,Dual1_regional,2807908096
Madrid,working,Full,network,21,Afternoon,1750,262,1656,Dual1_regional,2807908099
Madrid,working,Full,network,21,Afternoon,1750,262,1656,Dual1_regional,2807908111
Madrid,working,Full,network,21,Afternoon,1750,262,1656,Dual1_regional,2807908137
Madrid,working,Full,network,21,Afternoon,1750,262,1656,Dual1_regional,2807908143
Madrid,working,Full,network,21,Afternoon,1750,262,1656,Dual1_regional,2807908144
Madrid,working,Full,network,21,Afternoon,1750,262,1656,Dual1_regional,2807908148
Madrid,working,Full,network,21,Afternoon,1750,262,1656,Dual1_regional,2807908182
Madrid,working,Full,network,21,Afternoon,1750,262,1656,Dual1_regional,2807909014
Madrid,working,Full,network,21,Afternoon,1750,262,1656,Dual1_regional,2807909015
Madrid,working,Full,network,21,Afternoon,1750,262,1656,Dual1_regional,2807909019
Madrid,working,Full,network,21,Afternoon,1750,262,1656,Dual1_regional,2807909028
Madrid,working,Full,network,21,Afternoon,1750,262,1656,Dual1_regional,2807909037
Madrid,working,Full,network,21,Afternoon,1750,262,1656,Dual1_regional,2807909038
Madrid,working,Full,network,21,Afternoon,1750,262,1656,Dual1_regional,2807909051
Madrid,working,Full,network,21,Afternoon,1750,262,1656,Dual1_regional,2807909052
Madrid,working,Full,network,21,Afternoon,1750,262,1656,Dual1_regional,2807909087
Madrid,working,Full,network,21,Afternoon,1750,262,1656,Dual1_regional,2807910060
Madrid,working,Full,network,21,Afternoon,1750,262,1656,Dual1_regional,2807910081
Madrid,working,Full,network,21,Afternoon,1750,262,1656,Dual1_regional,2807910106
Madrid,working,Full,network,21,Afternoon,1750,262,1656,Dual1_regional,2807910107
Madrid,working,Full,network,21,Afternoon,1750,262,1656,Dual1_regional,2807910117
Madrid,working,Full,network,21,Afternoon,1750,262,1656,Dual1_regional,2807910119
Madrid,working,Full,network,21,Afternoon,1750,262,1656,Dual1_regional,2807910129
Madrid,working,Full,network,21,Afternoon,1750,262,1656,Dual1_regional,2807910130
Madrid,working,Full,network,21,Afternoon,1750,262,1656,Dual1_regional,2807910133
Madrid,working,Full,network,21,Afternoon,1750,262,1656,Dual1_regional,2807910142
Madrid,working,Full,network,21,Afternoon,1750,262,1656,Dual1_regional,2807910173
Madrid,working,Full,network,21,Afternoon,1750,262,1656,Dual1_regional,2807910191
Madrid,working,Full,network,21,Afternoon,1750,262,1656,Dual1_regional,2807910192
Madrid,working,Full,network,21,Afternoon,1750,262,1656,Dual1_regional,2807910198
Madrid,working,Full,network,21,Afternoon,1750,262,1656,Dual1_regional,2807910199
Madrid,working,Full,network,21,Afternoon,1750,262,1656,Dual1_regional,2807910203
Madrid,working,Full,network,21,Afternoon,1750,262,1656,Dual1_regional,2807910205
Madrid,working,Full,network,21,Afternoon,1750,262,1656,Dual1_regional,2807910209
Madrid,working,Full,network,21,Afternoon,1750,262,1656,Dual1_regional,2807911002
Madrid,working,Full,network,21,Afternoon,1750,262,1656,Dual1_regional,2807911003
Madrid,working,Full,network,21,Afternoon,1750,262,1656,Dual1_regional,2807911004
Madrid,working,Full,network,21,Afternoon,1750,262,1656,Dual1_regional,2807911007
Madrid,working,Full,network,21,Afternoon,1750,262,1656,Dual1_regional,2807911026
Madrid,working,Full,network,21,Afternoon,1750,262,1656,Dual1_regional,2807911044
Madrid,working,Full,network,21,Afternoon,1750,262,1656,Dual1_regional,2807911049
Madrid,working,Full,network,21,Afternoon,1750,262,1656,Dual1_regional,2807911063
Madrid,working,Full,network,21,Afternoon,1750,262,1656,Dual1_regional,2807911069
Madrid,working,Full,network,21,Afternoon,1750,262,1656,Dual1_regional,2807911093
Madrid,working,Full,network,21,Afternoon,1750,262,1656,Dual1_regional,2807911094
Madrid,working,Full,network,21,Afternoon,1750,262,1656,Dual1_regional,2807911095
Madrid,working,Full,network,21,Afternoon,1750,262,1656,Dual1_regional,2807911098
Madrid,working,Full,network,21,Afternoon,1750,262,1656,Dual1_regional,2807911100
Madrid,working,Full,network,21,Afternoon,1750,262,1656,Dual1_regional,2807911137
Madrid,working,Full,network,21,Afternoon,1750,262,1656,Dual1_regional,2807911163
Madrid,working,Full,network,21,Afternoon,1750,262,1656,Dual1_regional,2807911165
Madrid,working,Full,network,21,Afternoon,1750,262,1656,Dual1_regional,2807911169
Madrid,working,Full,network,21,Afternoon,1750,262,1656,Dual1_regional,2807911177
Madrid,working,Full,network,21,Afternoon,1750,262,1656,Dual1_regional,2807912008
Madrid,working,Full,network,21,Afternoon,1750,262,1656,Dual1_regional,2807912018
Madrid,working,Full,network,21,Afternoon,1750,262,1656,Dual1_regional,2807912022
Madrid,working,Full,network,21,Afternoon,1750,262,1656,Dual1_regional,2807912032
Madrid,working,Full,network,21,Afternoon,1750,262,1656,Dual1_regional,2807912034
Madrid,working,Full,network,21,Afternoon,1750,262,1656,Dual1_regional,2807912053
Madrid,working,Full,network,21,Afternoon,1750,262,1656,Dual1_regional,2807912059
Madrid,working,Full,network,21,Afternoon,1750,262,1656,Dual1_regional,2807912061
Madrid,working,Full,network,21,Afternoon,1750,262,1656,Dual1_regional,2807912091
Madrid,working,Full,network,21,Afternoon,1750,262,1656,Dual1_regional,2807912107
Madrid,working,Full,network,21,Afternoon,1750,262,1656,Dual1_regional,2807913030
Madrid,working,Full,network,21,Afternoon,1750,262,1656,Dual1_regional,2807913032
Madrid,working,Full,network,21,Afternoon,1750,262,1656,Dual1_regional,2807913035
Madrid,working,Full,network,21,Afternoon,1750,262,1656,Dual1_regional,2807913074
Madrid,working,Full,network,21,Afternoon,1750,262,1656,Dual1_regional,2807913077
Madrid,working,Full,network,21,Afternoon,1750,262,1656,Dual1_regional,2807913078
Madrid,working,Full,network,21,Afternoon,1750,262,1656,Dual1_regional,2807913092
Madrid,working,Full,network,21,Afternoon,1750,262,1656,Dual1_regional,2807913109
Madrid,working,Full,network,21,Afternoon,1750,262,1656,Dual1_regional,2807913115
Madrid,working,Full,network,21,Afternoon,1750,262,1656,Dual1_regional,2807913137
Madrid,working,Full,network,21,Afternoon,1750,262,1656,Dual1_regional,2807913155
Madrid,working,Full,network,21,Afternoon,1750,262,1656,Dual1_regional,2807913158
Madrid,working,Full,network,21,Afternoon,1750,262,1656,Dual1_regional,2807913160
Madrid,working,Full,network,21,Afternoon,1750,262,1656,Dual1_regional,2807913166
Madrid,working,Full,network,21,Afternoon,1750,262,1656,Dual1_regional,2807913182
Madrid,working,Full,network,21,Afternoon,1750,262,1656,Dual1_regional,2807913184
Madrid,working,Full,network,21,Afternoon,1750,262,1656,Dual1_regional,2807913186
Madrid,working,Full,network,21,Afternoon,1750,262,1656,Dual1_regional,2807913191
Madrid,working,Full,network,21,Afternoon,1750,262,1656,Dual1_regional,2807913199
Madrid,working,Full,network,21,Afternoon,1750,262,1656,Dual1_regional,2807913202
Madrid,working,Full,network,21,Afternoon,1750,262,1656,Dual1_regional,2807913206
Madrid,working,Full,network,21,Afternoon,1750,262,1656,Dual1_regional,2807914018
Madrid,working,Full,network,21,Afternoon,1750,262,1656,Dual1_regional,2807914020
Madrid,working,Full,network,21,Afternoon,1750,262,1656,Dual1_regional,2807914024
Madrid,working,Full,network,21,Afternoon,1750,262,1656,Dual1_regional,2807914030
Madrid,working,Full,network,21,Afternoon,1750,262,1656,Dual1_regional,2807914040
Madrid,working,Full,network,21,Afternoon,1750,262,1656,Dual1_regional,2807914041
Madrid,working,Full,network,21,Afternoon,1750,262,1656,Dual1_regional,2807914064
Madrid,working,Full,network,21,Afternoon,1750,262,1656,Dual1_regional,2807914079
Madrid,working,Full,network,21,Afternoon,1750,262,1656,Dual1_regional,2807914083
Madrid,working,Full,network,21,Afternoon,1750,262,1656,Dual1_regional,2807915030
Madrid,working,Full,network,21,Afternoon,1750,262,1656,Dual1_regional,2807915039
Madrid,working,Full,network,21,Afternoon,1750,262,1656,Dual1_regional,2807915062
Madrid,working,Full,network,21,Afternoon,1750,262,1656,Dual1_regional,2807915067
Madrid,working,Full,network,21,Afternoon,1750,262,1656,Dual1_regional,2807915070
Madrid,working,Full,network,21,Afternoon,1750,262,1656,Dual1_regional,2807915074
Madrid,working,Full,network,21,Afternoon,1750,262,1656,Dual1_regional,2807915075
Madrid,working,Full,network,21,Afternoon,1750,262,1656,Dual1_regional,2807915082
Madrid,working,Full,network,21,Afternoon,1750,262,1656,Dual1_regional,2807915090
Madrid,working,Full,network,21,Afternoon,1750,262,1656,Dual1_regional,2807915115
Madrid,working,Full,network,21,Afternoon,1750,262,1656,Dual1_regional,2807915132
Madrid,working,Full,network,21,Afternoon,1750,262,1656,Dual1_regional,2807915133
Madrid,working,Full,network,21,Afternoon,1750,262,1656,Dual1_regional,2807915135
Madrid,working,Full,network,21,Afternoon,1750,262,1656,Dual1_regional,2807915142
Madrid,working,Full,network,21,Afternoon,1750,262,1656,Dual1_regional,2807915147
Madrid,working,Full,network,21,Afternoon,1750,262,1656,Dual1_regional,2807915151
Madrid,working,Full,network,21,Afternoon,1750,262,1656,Dual1_regional,2807915170
Madrid,working,Full,network,21,Afternoon,1750,262,1656,Dual1_regional,2807915179
Madrid,working,Full,network,21,Afternoon,1750,262,1656,Dual1_regional,2807916007
Madrid,working,Full,network,21,Afternoon,1750,262,1656,Dual1_regional,2807916022
Madrid,working,Full,network,21,Afternoon,1750,262,1656,Dual1_regional,2807916024
Madrid,working,Full,network,21,Afternoon,1750,262,1656,Dual1_regional,2807916029
Madrid,working,Full,network,21,Afternoon,1750,262,1656,Dual1_regional,2807916030
Madrid,working,Full,network,21,Afternoon,1750,262,1656,Dual1_regional,2807916031
Madrid,working,Full,network,21,Afternoon,1750,262,1656,Dual1_regional,2807916035
Madrid,working,Full,network,21,Afternoon,1750,262,1656,Dual1_regional,2807916046
Madrid,working,Full,network,21,Afternoon,1750,262,1656,Dual1_regional,2807916048
Madrid,working,Full,network,21,Afternoon,1750,262,1656,Dual1_regional,2807916059
Madrid,working,Full,network,21,Afternoon,1750,262,1656,Dual1_regional,2807916060
Madrid,working,Full,network,21,Afternoon,1750,262,1656,Dual1_regional,2807916061
Madrid,working,Full,network,21,Afternoon,1750,262,1656,Dual1_regional,2807916067
Madrid,working,Full,network,21,Afternoon,1750,262,1656,Dual1_regional,2807916069
Madrid,working,Full,network,21,Afternoon,1750,262,1656,Dual1_regional,2807916070
Madrid,working,Full,network,21,Afternoon,1750,262,1656,Dual1_regional,2807916079
Madrid,working,Full,network,21,Afternoon,1750,262,1656,Dual1_regional,2807916086
Madrid,working,Full,network,21,Afternoon,1750,262,1656,Dual1_regional,2807916088
Madrid,working,Full,network,21,Afternoon,1750,262,1656,Dual1_regional,2807916090
Madrid,working,Full,network,21,Afternoon,1750,262,1656,Dual1_regional,2807916097
Madrid,working,Full,network,21,Afternoon,1750,262,1656,Dual1_regional,2807916098
Madrid,working,Full,network,21,Afternoon,1750,262,1656,Dual1_regional,2807916099
Madrid,working,Full,network,21,Afternoon,1750,262,1656,Dual1_regional,2807917004
Madrid,working,Full,network,21,Afternoon,1750,262,1656,Dual1_regional,2807917023
Madrid,working,Full,network,21,Afternoon,1750,262,1656,Dual1_regional,2807917055
Madrid,working,Full,network,21,Afternoon,1750,262,1656,Dual1_regional,2807917070
Madrid,working,Full,network,21,Afternoon,1750,262,1656,Dual1_regional,2807917071
Madrid,working,Full,network,21,Afternoon,1750,262,1656,Dual1_regional,2807917075
Madrid,working,Full,network,21,Afternoon,1750,262,1656,Dual1_regional,2807917076
Madrid,working,Full,network,21,Afternoon,1750,262,1656,Dual1_regional,2807917078
Madrid,working,Full,network,21,Afternoon,1750,262,1656,Dual1_regional,2807917087
Madrid,working,Full,network,21,Afternoon,1750,262,1656,Dual1_regional,2807917097
Madrid,working,Full,network,21,Afternoon,1750,262,1656,Dual1_regional,2807917101
Madrid,working,Full,network,21,Afternoon,1750,262,1656,Dual1_regional,2807917102
Madrid,working,Full,network,21,Afternoon,1750,262,1656,Dual1_regional,2807918021
Madrid,working,Full,network,21,Afternoon,1750,262,1656,Dual1_regional,2807918028
Madrid,working,Full,network,21,Afternoon,1750,262,1656,Dual1_regional,2807918032
Madrid,working,Full,network,21,Afternoon,1750,262,1656,Dual1_regional,2807918033
Madrid,working,Full,network,21,Afternoon,1750,262,1656,Dual1_regional,2807919002
Madrid,working,Full,network,21,Afternoon,1750,262,1656,Dual1_regional,2807919019
Madrid,working,Full,network,21,Afternoon,1750,262,1656,Dual1_regional,2807919021
Madrid,working,Full,network,21,Afternoon,1750,262,1656,Dual1_regional,2807919036
Madrid,working,Full,network,21,Afternoon,1750,262,1656,Dual1_regional,2807920063
Madrid,working,Full,network,21,Afternoon,1750,262,1656,Dual1_regional,2807920066
Madrid,working,Full,network,21,Afternoon,1750,262,1656,Dual1_regional,2807920085
Madrid,working,Full,network,21,Afternoon,1750,262,1656,Dual1_regional,2807920086
Madrid,working,Full,network,21,Afternoon,1750,262,1656,Dual1_regional,2807920088
Madrid,working,Full,network,21,Afternoon,1750,262,1656,Dual1_regional,2807920090
Madrid,working,Full,network,21,Afternoon,1750,262,1656,Dual1_regional,2807920092
Madrid,working,Full,network,21,Afternoon,1750,262,1656,Dual1_regional,2807920102
Madrid,working,Full,network,21,Afternoon,1750,262,1656,Dual1_regional,2807921002
Madrid,working,Full,network,21,Afternoon,1750,262,1656,Dual1_regional,2807921013
Madrid,working,Full,network,21,Afternoon,1750,262,1656,Dual1_regional,2807921020
Madrid,working,Full,network,21,Afternoon,1750,262,1656,Dual1_uniform_area,2807901018
Madrid,working,Full,network,21,Afternoon,1750,262,1656,Dual1_uniform_area,2807901021
Madrid,working,Full,network,21,Afternoon,1750,262,1656,Dual1_uniform_area,2807901057
Madrid,working,Full,network,21,Afternoon,1750,262,1656,Dual1_uniform_area,2807902003
Madrid,working,Full,network,21,Afternoon,1750,262,1656,Dual1_uniform_area,2807902006
Madrid,working,Full,network,21,Afternoon,1750,262,1656,Dual1_uniform_area,2807902016
Madrid,working,Full,network,21,Afternoon,1750,262,1656,Dual1_uniform_area,2807902018
Madrid,working,Full,network,21,Afternoon,1750,262,1656,Dual1_uniform_area,2807902024
Madrid,working,Full,network,21,Afternoon,1750,262,1656,Dual1_uniform_area,2807902031
Madrid,working,Full,network,21,Afternoon,1750,262,1656,Dual1_uniform_area,2807902040
Madrid,working,Full,network,21,Afternoon,1750,262,1656,Dual1_uniform_area,2807902042
Madrid,working,Full,network,21,Afternoon,1750,262,1656,Dual1_uniform_area,2807902051
Madrid,working,Full,network,21,Afternoon,1750,262,1656,Dual1_uniform_area,2807902053
Madrid,working,Full,network,21,Afternoon,1750,262,1656,Dual1_uniform_area,2807902064
Madrid,working,Full,network,21,Afternoon,1750,262,1656,Dual1_uniform_area,2807902066
Madrid,working,Full,network,21,Afternoon,1750,262,1656,Dual1_uniform_area,2807902074
Madrid,working,Full,network,21,Afternoon,1750,262,1656,Dual1_uniform_area,2807902087
Madrid,working,Full,network,21,Afternoon,1750,262,1656,Dual1_uniform_area,2807902092
Madrid,working,Full,network,21,Afternoon,1750,262,1656,Dual1_uniform_area,2807903001
Madrid,working,Full,network,21,Afternoon,1750,262,1656,Dual1_uniform_area,2807903018
Madrid,working,Full,network,21,Afternoon,1750,262,1656,Dual1_uniform_area,2807903019
Madrid,working,Full,network,21,Afternoon,1750,262,1656,Dual1_uniform_area,2807903021
Madrid,working,Full,network,21,Afternoon,1750,262,1656,Dual1_uniform_area,2807903029
Madrid,working,Full,network,21,Afternoon,1750,262,1656,Dual1_uniform_area,2807903049
Madrid,working,Full,network,21,Afternoon,1750,262,1656,Dual1_uniform_area,2807903077
Madrid,working,Full,network,21,Afternoon,1750,262,1656,Dual1_uniform_area,2807903078
Madrid,working,Full,network,21,Afternoon,1750,262,1656,Dual1_uniform_area,2807903080
Madrid,working,Full,network,21,Afternoon,1750,262,1656,Dual1_uniform_area,2807903089
Madrid,working,Full,network,21,Afternoon,1750,262,1656,Dual1_uniform_area,2807903095
Madrid,working,Full,network,21,Afternoon,1750,262,1656,Dual1_uniform_area,2807903096
Madrid,working,Full,network,21,Afternoon,1750,262,1656,Dual1_uniform_area,2807904055
Madrid,working,Full,network,21,Afternoon,1750,262,1656,Dual1_uniform_area,2807904065
Madrid,working,Full,network,21,Afternoon,1750,262,1656,Dual1_uniform_area,2807904069
Madrid,working,Full,network,21,Afternoon,1750,262,1656,Dual1_uniform_area,2807904073
Madrid,working,Full,network,21,Afternoon,1750,262,1656,Dual1_uniform_area,2807904074
Madrid,working,Full,network,21,Afternoon,1750,262,1656,Dual1_uniform_area,2807904077
Madrid,working,Full,network,21,Afternoon,1750,262,1656,Dual1_uniform_area,2807904085
Madrid,working,Full,network,21,Afternoon,1750,262,1656,Dual1_uniform_area,2807904086
Madrid,working,Full,network,21,Afternoon,1750,262,1656,Dual1_uniform_area,2807904087
Madrid,working,Full,network,21,Afternoon,1750,262,1656,Dual1_uniform_area,2807904088
Madrid,working,Full,network,21,Afternoon,1750,262,1656,Dual1_uniform_area,2807904094
Madrid,working,Full,network,21,Afternoon,1750,262,1656,Dual1_uniform_area,2807904098
Madrid,working,Full,network,21,Afternoon,1750,262,1656,Dual1_uniform_area,2807904109
Madrid,working,Full,network,21,Afternoon,1750,262,1656,Dual1_uniform_area,2807904111
Madrid,working,Full,network,21,Afternoon,1750,262,1656,Dual1_uniform_area,2807904115
Madrid,working,Full,network,21,Afternoon,1750,262,1656,Dual1_uniform_area,2807905007
Madrid,working,Full,network,21,Afternoon,1750,262,1656,Dual1_uniform_area,2807905026
Madrid,working,Full,network,21,Afternoon,1750,262,1656,Dual1_uniform_area,2807905028
Madrid,working,Full,network,21,Afternoon,1750,262,1656,Dual1_uniform_area,2807905033
Madrid,working,Full,network,21,Afternoon,1750,262,1656,Dual1_uniform_area,2807905034
Madrid,working,Full,network,21,Afternoon,1750,262,1656,Dual1_uniform_area,2807905036
Madrid,working,Full,network,21,Afternoon,1750,262,1656,Dual1_uniform_area,2807905039
Madrid,working,Full,network,21,Afternoon,1750,262,1656,Dual1_uniform_area,2807905058
Madrid,working,Full,network,21,Afternoon,1750,262,1656,Dual1_uniform_area,2807905061
Madrid,working,Full,network,21,Afternoon,1750,262,1656,Dual1_uniform_area,2807905062
Madrid,working,Full,network,21,Afternoon,1750,262,1656,Dual1_uniform_area,2807905064
Madrid,working,Full,network,21,Afternoon,1750,262,1656,Dual1_uniform_area,2807905067
Madrid,working,Full,network,21,Afternoon,1750,262,1656,Dual1_uniform_area,2807905087
Madrid,working,Full,network,21,Afternoon,1750,262,1656,Dual1_uniform_area,2807905095
Madrid,working,Full,network,21,Afternoon,1750,262,1656,Dual1_uniform_area,2807906010
Madrid,working,Full,network,21,Afternoon,1750,262,1656,Dual1_uniform_area,2807906041
Madrid,working,Full,network,21,Afternoon,1750,262,1656,Dual1_uniform_area,2807906042
Madrid,working,Full,network,21,Afternoon,1750,262,1656,Dual1_uniform_area,2807906046
Madrid,working,Full,network,21,Afternoon,1750,262,1656,Dual1_uniform_area,2807906056
Madrid,working,Full,network,21,Afternoon,1750,262,1656,Dual1_uniform_area,2807906062
Madrid,working,Full,network,21,Afternoon,1750,262,1656,Dual1_uniform_area,2807906066
Madrid,working,Full,network,21,Afternoon,1750,262,1656,Dual1_uniform_area,2807906072
Madrid,working,Full,network,21,Afternoon,1750,262,1656,Dual1_uniform_area,2807906081
Madrid,working,Full,network,21,Afternoon,1750,262,1656,Dual1_uniform_area,2807906116
Madrid,working,Full,network,21,Afternoon,1750,262,1656,Dual1_uniform_area,2807906122
Madrid,working,Full,network,21,Afternoon,1750,262,1656,Dual1_uniform_area,2807906125
Madrid,working,Full,network,21,Afternoon,1750,262,1656,Dual1_uniform_area,2807907006
Madrid,working,Full,network,21,Afternoon,1750,262,1656,Dual1_uniform_area,2807907008
Madrid,working,Full,network,21,Afternoon,1750,262,1656,Dual1_uniform_area,2807907018
Madrid,working,Full,network,21,Afternoon,1750,262,1656,Dual1_uniform_area,2807907021
Madrid,working,Full,network,21,Afternoon,1750,262,1656,Dual1_uniform_area,2807907026
Madrid,working,Full,network,21,Afternoon,1750,262,1656,Dual1_uniform_area,2807907048
Madrid,working,Full,network,21,Afternoon,1750,262,1656,Dual1_uniform_area,2807907094
Madrid,working,Full,network,21,Afternoon,1750,262,1656,Dual1_uniform_area,2807907114
Madrid,working,Full,network,21,Afternoon,1750,262,1656,Dual1_uniform_area,2807907115
Madrid,working,Full,network,21,Afternoon,1750,262,1656,Dual1_uniform_area,2807907120
Madrid,working,Full,network,21,Afternoon,1750,262,1656,Dual1_uniform_area,2807907121
Madrid,working,Full,network,21,Afternoon,1750,262,1656,Dual1_uniform_area,2807907127
Madrid,working,Full,network,21,Afternoon,1750,262,1656,Dual1_uniform_area,2807908030
Madrid,working,Full,network,21,Afternoon,1750,262,1656,Dual1_uniform_area,2807908031
Madrid,working,Full,network,21,Afternoon,1750,262,1656,Dual1_uniform_area,2807908034
Madrid,working,Full,network,21,Afternoon,1750,262,1656,Dual1_uniform_area,2807908035
Madrid,working,Full,network,21,Afternoon,1750,262,1656,Dual1_uniform_area,2807908036
Madrid,working,Full,network,21,Afternoon,1750,262,1656,Dual1_uniform_area,2807908040
Madrid,working,Full,network,21,Afternoon,1750,262,1656,Dual1_uniform_area,2807908043
Madrid,working,Full,network,21,Afternoon,1750,262,1656,Dual1_uniform_area,2807908044
Madrid,working,Full,network,21,Afternoon,1750,262,1656,Dual1_uniform_area,2807908050
Madrid,working,Full,network,21,Afternoon,1750,262,1656,Dual1_uniform_area,2807908056
Madrid,working,Full,network,21,Afternoon,1750,262,1656,Dual1_uniform_area,2807908060
Madrid,working,Full,network,21,Afternoon,1750,262,1656,Dual1_uniform_area,2807908090
Madrid,working,Full,network,21,Afternoon,1750,262,1656,Dual1_uniform_area,2807908095
Madrid,working,Full,network,21,Afternoon,1750,262,1656,Dual1_uniform_area,2807908096
Madrid,working,Full,network,21,Afternoon,1750,262,1656,Dual1_uniform_area,2807908099
Madrid,working,Full,network,21,Afternoon,1750,262,1656,Dual1_uniform_area,2807908111
Madrid,working,Full,network,21,Afternoon,1750,262,1656,Dual1_uniform_area,2807908137
Madrid,working,Full,network,21,Afternoon,1750,262,1656,Dual1_uniform_area,2807908143
Madrid,working,Full,network,21,Afternoon,1750,262,1656,Dual1_uniform_area,2807908144
Madrid,working,Full,network,21,Afternoon,1750,262,1656,Dual1_uniform_area,2807908148
Madrid,working,Full,network,21,Afternoon,1750,262,1656,Dual1_uniform_area,2807908182
Madrid,working,Full,network,21,Afternoon,1750,262,1656,Dual1_uniform_area,2807909014
Madrid,working,Full,network,21,Afternoon,1750,262,1656,Dual1_uniform_area,2807909015
Madrid,working,Full,network,21,Afternoon,1750,262,1656,Dual1_uniform_area,2807909019
Madrid,working,Full,network,21,Afternoon,1750,262,1656,Dual1_uniform_area,2807909028
Madrid,working,Full,network,21,Afternoon,1750,262,1656,Dual1_uniform_area,2807909037
Madrid,working,Full,network,21,Afternoon,1750,262,1656,Dual1_uniform_area,2807909038
Madrid,working,Full,network,21,Afternoon,1750,262,1656,Dual1_uniform_area,2807909051
Madrid,working,Full,network,21,Afternoon,1750,262,1656,Dual1_uniform_area,2807909052
Madrid,working,Full,network,21,Afternoon,1750,262,1656,Dual1_uniform_area,2807909087
Madrid,working,Full,network,21,Afternoon,1750,262,1656,Dual1_uniform_area,2807910054
Madrid,working,Full,network,21,Afternoon,1750,262,1656,Dual1_uniform_area,2807910060
Madrid,working,Full,network,21,Afternoon,1750,262,1656,Dual1_uniform_area,2807910081
Madrid,working,Full,network,21,Afternoon,1750,262,1656,Dual1_uniform_area,2807910106
Madrid,working,Full,network,21,Afternoon,1750,262,1656,Dual1_uniform_area,2807910117
Madrid,working,Full,network,21,Afternoon,1750,262,1656,Dual1_uniform_area,2807910119
Madrid,working,Full,network,21,Afternoon,1750,262,1656,Dual1_uniform_area,2807910129
Madrid,working,Full,network,21,Afternoon,1750,262,1656,Dual1_uniform_area,2807910130
Madrid,working,Full,network,21,Afternoon,1750,262,1656,Dual1_uniform_area,2807910133
Madrid,working,Full,network,21,Afternoon,1750,262,1656,Dual1_uniform_area,2807910142
Madrid,working,Full,network,21,Afternoon,1750,262,1656,Dual1_uniform_area,2807910173
Madrid,working,Full,network,21,Afternoon,1750,262,1656,Dual1_uniform_area,2807910191
Madrid,working,Full,network,21,Afternoon,1750,262,1656,Dual1_uniform_area,2807910192
Madrid,working,Full,network,21,Afternoon,1750,262,1656,Dual1_uniform_area,2807910198
Madrid,working,Full,network,21,Afternoon,1750,262,1656,Dual1_uniform_area,2807910199
Madrid,working,Full,network,21,Afternoon,1750,262,1656,Dual1_uniform_area,2807910203
Madrid,working,Full,network,21,Afternoon,1750,262,1656,Dual1_uniform_area,2807910205
Madrid,working,Full,network,21,Afternoon,1750,262,1656,Dual1_uniform_area,2807910209
Madrid,working,Full,network,21,Afternoon,1750,262,1656,Dual1_uniform_area,2807911002
Madrid,working,Full,network,21,Afternoon,1750,262,1656,Dual1_uniform_area,2807911003
Madrid,working,Full,network,21,Afternoon,1750,262,1656,Dual1_uniform_area,2807911004
Madrid,working,Full,network,21,Afternoon,1750,262,1656,Dual1_uniform_area,2807911007
Madrid,working,Full,network,21,Afternoon,1750,262,1656,Dual1_uniform_area,2807911026
Madrid,working,Full,network,21,Afternoon,1750,262,1656,Dual1_uniform_area,2807911044
Madrid,working,Full,network,21,Afternoon,1750,262,1656,Dual1_uniform_area,2807911049
Madrid,working,Full,network,21,Afternoon,1750,262,1656,Dual1_uniform_area,2807911063
Madrid,working,Full,network,21,Afternoon,1750,262,1656,Dual1_uniform_area,2807911069
Madrid,working,Full,network,21,Afternoon,1750,262,1656,Dual1_uniform_area,2807911093
Madrid,working,Full,network,21,Afternoon,1750,262,1656,Dual1_uniform_area,2807911094
Madrid,working,Full,network,21,Afternoon,1750,262,1656,Dual1_uniform_area,2807911095
Madrid,working,Full,network,21,Afternoon,1750,262,1656,Dual1_uniform_area,2807911098
Madrid,working,Full,network,21,Afternoon,1750,262,1656,Dual1_uniform_area,2807911100
Madrid,working,Full,network,21,Afternoon,1750,262,1656,Dual1_uniform_area,2807911137
Madrid,working,Full,network,21,Afternoon,1750,262,1656,Dual1_uniform_area,2807911163
Madrid,working,Full,network,21,Afternoon,1750,262,1656,Dual1_uniform_area,2807911165
Madrid,working,Full,network,21,Afternoon,1750,262,1656,Dual1_uniform_area,2807911169
Madrid,working,Full,network,21,Afternoon,1750,262,1656,Dual1_uniform_area,2807911177
Madrid,working,Full,network,21,Afternoon,1750,262,1656,Dual1_uniform_area,2807912008
Madrid,working,Full,network,21,Afternoon,1750,262,1656,Dual1_uniform_area,2807912018
Madrid,working,Full,network,21,Afternoon,1750,262,1656,Dual1_uniform_area,2807912022
Madrid,working,Full,network,21,Afternoon,1750,262,1656,Dual1_uniform_area,2807912032
Madrid,working,Full,network,21,Afternoon,1750,262,1656,Dual1_uniform_area,2807912034
Madrid,working,Full,network,21,Afternoon,1750,262,1656,Dual1_uniform_area,2807912053
Madrid,working,Full,network,21,Afternoon,1750,262,1656,Dual1_uniform_area,2807912059
Madrid,working,Full,network,21,Afternoon,1750,262,1656,Dual1_uniform_area,2807912061
Madrid,working,Full,network,21,Afternoon,1750,262,1656,Dual1_uniform_area,2807912091
Madrid,working,Full,network,21,Afternoon,1750,262,1656,Dual1_uniform_area,2807912107
Madrid,working,Full,network,21,Afternoon,1750,262,1656,Dual1_uniform_area,2807913030
Madrid,working,Full,network,21,Afternoon,1750,262,1656,Dual1_uniform_area,2807913032
Madrid,working,Full,network,21,Afternoon,1750,262,1656,Dual1_uniform_area,2807913035
Madrid,working,Full,network,21,Afternoon,1750,262,1656,Dual1_uniform_area,2807913074
Madrid,working,Full,network,21,Afternoon,1750,262,1656,Dual1_uniform_area,2807913077
Madrid,working,Full,network,21,Afternoon,1750,262,1656,Dual1_uniform_area,2807913078
Madrid,working,Full,network,21,Afternoon,1750,262,1656,Dual1_uniform_area,2807913092
Madrid,working,Full,network,21,Afternoon,1750,262,1656,Dual1_uniform_area,2807913109
Madrid,working,Full,network,21,Afternoon,1750,262,1656,Dual1_uniform_area,2807913115
Madrid,working,Full,network,21,Afternoon,1750,262,1656,Dual1_uniform_area,2807913137
Madrid,working,Full,network,21,Afternoon,1750,262,1656,Dual1_uniform_area,2807913155
Madrid,working,Full,network,21,Afternoon,1750,262,1656,Dual1_uniform_area,2807913158
Madrid,working,Full,network,21,Afternoon,1750,262,1656,Dual1_uniform_area,2807913160
Madrid,working,Full,network,21,Afternoon,1750,262,1656,Dual1_uniform_area,2807913166
Madrid,working,Full,network,21,Afternoon,1750,262,1656,Dual1_uniform_area,2807913182
Madrid,working,Full,network,21,Afternoon,1750,262,1656,Dual1_uniform_area,2807913184
Madrid,working,Full,network,21,Afternoon,1750,262,1656,Dual1_uniform_area,2807913186
Madrid,working,Full,network,21,Afternoon,1750,262,1656,Dual1_uniform_area,2807913191
Madrid,working,Full,network,21,Afternoon,1750,262,1656,Dual1_uniform_area,2807913199
Madrid,working,Full,network,21,Afternoon,1750,262,1656,Dual1_uniform_area,2807913202
Madrid,working,Full,network,21,Afternoon,1750,262,1656,Dual1_uniform_area,2807913206
Madrid,working,Full,network,21,Afternoon,1750,262,1656,Dual1_uniform_area,2807914018
Madrid,working,Full,network,21,Afternoon,1750,262,1656,Dual1_uniform_area,2807914020
Madrid,working,Full,network,21,Afternoon,1750,262,1656,Dual1_uniform_area,2807914024
Madrid,working,Full,network,21,Afternoon,1750,262,1656,Dual1_uniform_area,2807914030
Madrid,working,Full,network,21,Afternoon,1750,262,1656,Dual1_uniform_area,2807914032
Madrid,working,Full,network,21,Afternoon,1750,262,1656,Dual1_uniform_area,2807914040
Madrid,working,Full,network,21,Afternoon,1750,262,1656,Dual1_uniform_area,2807914041
Madrid,working,Full,network,21,Afternoon,1750,262,1656,Dual1_uniform_area,2807914064
Madrid,working,Full,network,21,Afternoon,1750,262,1656,Dual1_uniform_area,2807914079
Madrid,working,Full,network,21,Afternoon,1750,262,1656,Dual1_uniform_area,2807915030
Madrid,working,Full,network,21,Afternoon,1750,262,1656,Dual1_uniform_area,2807915039
Madrid,working,Full,network,21,Afternoon,1750,262,1656,Dual1_uniform_area,2807915062
Madrid,working,Full,network,21,Afternoon,1750,262,1656,Dual1_uniform_area,2807915067
Madrid,working,Full,network,21,Afternoon,1750,262,1656,Dual1_uniform_area,2807915070
Madrid,working,Full,network,21,Afternoon,1750,262,1656,Dual1_uniform_area,2807915074
Madrid,working,Full,network,21,Afternoon,1750,262,1656,Dual1_uniform_area,2807915075
Madrid,working,Full,network,21,Afternoon,1750,262,1656,Dual1_uniform_area,2807915082
Madrid,working,Full,network,21,Afternoon,1750,262,1656,Dual1_uniform_area,2807915090
Madrid,working,Full,network,21,Afternoon,1750,262,1656,Dual1_uniform_area,2807915115
Madrid,working,Full,network,21,Afternoon,1750,262,1656,Dual1_uniform_area,2807915132
Madrid,working,Full,network,21,Afternoon,1750,262,1656,Dual1_uniform_area,2807915133
Madrid,working,Full,network,21,Afternoon,1750,262,1656,Dual1_uniform_area,2807915135
Madrid,working,Full,network,21,Afternoon,1750,262,1656,Dual1_uniform_area,2807915142
Madrid,working,Full,network,21,Afternoon,1750,262,1656,Dual1_uniform_area,2807915147
Madrid,working,Full,network,21,Afternoon,1750,262,1656,Dual1_uniform_area,2807915151
Madrid,working,Full,network,21,Afternoon,1750,262,1656,Dual1_uniform_area,2807915170
Madrid,working,Full,network,21,Afternoon,1750,262,1656,Dual1_uniform_area,2807915179
Madrid,working,Full,network,21,Afternoon,1750,262,1656,Dual1_uniform_area,2807916007
Madrid,working,Full,network,21,Afternoon,1750,262,1656,Dual1_uniform_area,2807916021
Madrid,working,Full,network,21,Afternoon,1750,262,1656,Dual1_uniform_area,2807916022
Madrid,working,Full,network,21,Afternoon,1750,262,1656,Dual1_uniform_area,2807916024
Madrid,working,Full,network,21,Afternoon,1750,262,1656,Dual1_uniform_area,2807916029
Madrid,working,Full,network,21,Afternoon,1750,262,1656,Dual1_uniform_area,2807916030
Madrid,working,Full,network,21,Afternoon,1750,262,1656,Dual1_uniform_area,2807916031
Madrid,working,Full,network,21,Afternoon,1750,262,1656,Dual1_uniform_area,2807916034
Madrid,working,Full,network,21,Afternoon,1750,262,1656,Dual1_uniform_area,2807916035
Madrid,working,Full,network,21,Afternoon,1750,262,1656,Dual1_uniform_area,2807916046
Madrid,working,Full,network,21,Afternoon,1750,262,1656,Dual1_uniform_area,2807916048
Madrid,working,Full,network,21,Afternoon,1750,262,1656,Dual1_uniform_area,2807916059
Madrid,working,Full,network,21,Afternoon,1750,262,1656,Dual1_uniform_area,2807916060
Madrid,working,Full,network,21,Afternoon,1750,262,1656,Dual1_uniform_area,2807916061
Madrid,working,Full,network,21,Afternoon,1750,262,1656,Dual1_uniform_area,2807916067
Madrid,working,Full,network,21,Afternoon,1750,262,1656,Dual1_uniform_area,2807916070
Madrid,working,Full,network,21,Afternoon,1750,262,1656,Dual1_uniform_area,2807916079
Madrid,working,Full,network,21,Afternoon,1750,262,1656,Dual1_uniform_area,2807916086
Madrid,working,Full,network,21,Afternoon,1750,262,1656,Dual1_uniform_area,2807916088
Madrid,working,Full,network,21,Afternoon,1750,262,1656,Dual1_uniform_area,2807916090
Madrid,working,Full,network,21,Afternoon,1750,262,1656,Dual1_uniform_area,2807916097
Madrid,working,Full,network,21,Afternoon,1750,262,1656,Dual1_uniform_area,2807916098
Madrid,working,Full,network,21,Afternoon,1750,262,1656,Dual1_uniform_area,2807916099
Madrid,working,Full,network,21,Afternoon,1750,262,1656,Dual1_uniform_area,2807917004
Madrid,working,Full,network,21,Afternoon,1750,262,1656,Dual1_uniform_area,2807917023
Madrid,working,Full,network,21,Afternoon,1750,262,1656,Dual1_uniform_area,2807917055
Madrid,working,Full,network,21,Afternoon,1750,262,1656,Dual1_uniform_area,2807917070
Madrid,working,Full,network,21,Afternoon,1750,262,1656,Dual1_uniform_area,2807917071
Madrid,working,Full,network,21,Afternoon,1750,262,1656,Dual1_uniform_area,2807917075
Madrid,working,Full,network,21,Afternoon,1750,262,1656,Dual1_uniform_area,2807917076
Madrid,working,Full,network,21,Afternoon,1750,262,1656,Dual1_uniform_area,2807917078
Madrid,working,Full,network,21,Afternoon,1750,262,1656,Dual1_uniform_area,2807917087
Madrid,working,Full,network,21,Afternoon,1750,262,1656,Dual1_uniform_area,2807917097
Madrid,working,Full,network,21,Afternoon,1750,262,1656,Dual1_uniform_area,2807917101
Madrid,working,Full,network,21,Afternoon,1750,262,1656,Dual1_uniform_area,2807917102
Madrid,working,Full,network,21,Afternoon,1750,262,1656,Dual1_uniform_area,2807918021
Madrid,working,Full,network,21,Afternoon,1750,262,1656,Dual1_uniform_area,2807918028
Madrid,working,Full,network,21,Afternoon,1750,262,1656,Dual1_uniform_area,2807918032
Madrid,working,Full,network,21,Afternoon,1750,262,1656,Dual1_uniform_area,2807918033
Madrid,working,Full,network,21,Afternoon,1750,262,1656,Dual1_uniform_area,2807919002
Madrid,working,Full,network,21,Afternoon,1750,262,1656,Dual1_uniform_area,2807919019
Madrid,working,Full,network,21,Afternoon,1750,262,1656,Dual1_uniform_area,2807919021
Madrid,working,Full,network,21,Afternoon,1750,262,1656,Dual1_uniform_area,2807919036
Madrid,working,Full,network,21,Afternoon,1750,262,1656,Dual1_uniform_area,2807920063
Madrid,working,Full,network,21,Afternoon,1750,262,1656,Dual1_uniform_area,2807920066
Madrid,working,Full,network,21,Afternoon,1750,262,1656,Dual1_uniform_area,2807920085
Madrid,working,Full,network,21,Afternoon,1750,262,1656,Dual1_uniform_area,2807920086
Madrid,working,Full,network,21,Afternoon,1750,262,1656,Dual1_uniform_area,2807920088
Madrid,working,Full,network,21,Afternoon,1750,262,1656,Dual1_uniform_area,2807920090
Madrid,working,Full,network,21,Afternoon,1750,262,1656,Dual1_uniform_area,2807920092
Madrid,working,Full,network,21,Afternoon,1750,262,1656,Dual1_uniform_area,2807920102
Madrid,working,Full,network,21,Afternoon,1750,262,1656,Dual1_uniform_area,2807921002
Madrid,working,Full,network,21,Afternoon,1750,262,1656,Dual1_uniform_area,2807921013
Madrid,working,Full,network,21,Afternoon,1750,262,1656,Dual1_uniform_area,2807921020
