city,mode,window,threshold,phi,reachable,quota,stage,minimum_common_loss_percent,local_total,population_total,local_score_saturation,population_rho,max_swaps,replaceable_slot_share,observed_exchanges,actual_local_loss_percent,dual_TV,best_feasible_baseline_TV,dual_TV_gain_over_baseline,best_feasible_baseline,pooled_feasible,population_min_capture,uniform_min_capture,local_top_TV,joint_pass_frequency_population_weighted,solar_failure_population_share,solar_failure_local_top_score_share,shared_thermal_failure_population_share,shared_thermal_failure_local_top_score_share,local_only_failure_population_share,local_only_failure_local_top_score_share,regional_only_failure_population_share,regional_only_failure_local_top_score_share,joint_pass_population_share,joint_pass_local_top_score_share,solar_failure_exchange_loss_percent,shared_thermal_failure_exchange_loss_percent,local_only_failure_exchange_loss_percent,shared_local_top_score_share
Valencia,connectors_shade,Morning,28,0.1,398,59,Uniform sufficient,0.0225111569442333,95079.56940807453,117290.589,0.810632551330052,0.8172629980675054,14,0.23728813559322035,1,0.0381221875804681,0.1330553935113777,0.24552425493042984,0.11246886141905213,Uniform,True,89.65257883479202,99.97748884305577,0.2532442690229501,0.1759393029620715,0.6721429007286641,0.9621746902252969,0.10239222193586031,0.02529694001805682,0.03609742866552761,0.012528369756646255,0.013428145707876515,0.002016295176247377,0.1759393029620715,0.048723382186794124,-0.18219118368940623,0.12370536889485614,0.09660800237503052,0.9874716302433537
Valencia,connectors_shade,Morning,28,0.2,398,59,Uniform sufficient,0.0522626851821996,78353.24464534162,117290.589,0.6680266960322078,0.7844915180479745,12,0.2033898305084746,2,0.0624068946422538,0.2190130472026595,0.31809264317511665,0.09907959597245716,Uniform,True,85.7682484114974,99.84651852168506,0.32070796245689687,0.30300190202405525,0.4110868542877316,0.875233546574235,0.19905439493927204,0.08956139960771263,0.05788544680520411,0.03520505381805215,0.0289714019437369,0.008851979982211391,0.30300190202405525,0.1610531360698422,-1.6097580172066221,1.2971824943214612,0.37498241752740075,0.9647949461819476
Valencia,connectors_shade,Morning,28,0.3,398,59,Uniform sufficient,0.0848366943447871,67917.65163354037,117290.589,0.5790545704697618,0.8031673111094063,12,0.2033898305084746,4,0.2117311391762649,0.2163977279208794,0.3231302312970939,0.10673250337621448,Local,True,86.23149705413269,99.86608713332718,0.3231302312970939,0.3774788797822517,0.24081027095354857,0.7266372014239212,0.2697994226335293,0.2073011941214893,0.06844487688268394,0.06606160445458924,0.04346654974798644,0.024793803206000768,0.3774788797822517,0.31717499696214513,-1.4505613450190213,1.1863059943931848,0.47598648980208985,0.9339383955454105
Valencia,connectors_shade,Morning,28,0.4,398,59,Uniform sufficient,0.1497475474365615,61042.122069565215,117290.589,0.5204349521133806,0.8648863940965034,13,0.22033898305084745,7,0.93785879071021,0.1255528059401427,0.23540634807741462,0.10985354213727191,Regional,True,90.35013512496246,99.71085485429465,0.23900561325122488,0.4256322376622649,0.12908549244622405,0.514306414280925,0.31682311878030556,0.3825783120861659,0.07452634088685103,0.10311527363290904,0.053932810224354415,0.05182754299329415,0.4256322376622649,0.5400251577951687,0.4860737872690228,-0.17412953728443295,0.6259145407256248,0.8968847263670909
Valencia,connectors_shade,Morning,28,0.5,398,59,Uniform sufficient,0.2465198259235137,56799.563274534165,117290.589,0.4842636034041415,0.9218221808185927,15,0.2542372881355932,7,1.241368300589917,0.1107867903903618,0.18003355866507947,0.06924676827471768,Uniform,True,94.24678302501113,99.5116374813377,0.21393186374982523,0.4536988770144602,0.0596700682995269,0.28053627666180797,0.34714464252064575,0.5817184988008594,0.07744889258396877,0.13774522453733262,0.06203751958139831,0.09049748792777997,0.4536988770144602,0.7605893691330466,2.1785111328666424,-1.3444300463824193,0.4072872141056954,0.8622547754626673
Valencia,connectors_shade,Morning,28,0.6,398,59,Other common selection,0.3740657435783276,54608.901246583846,117290.589,0.46558638431412297,0.9541377915760986,11,0.1864406779661017,8,1.1960794134603792,0.1151380779838256,0.2039095628449233,0.08877148486109769,Pooled,True,96.30897738111352,98.95331876807363,0.22085871538729612,0.46844756842468466,0.027125803473112643,0.11956581833734123,0.3598408810751017,0.7166636955871777,0.0786196997659086,0.16377048607548103,0.0659660472611923,0.11366226311478857,0.46844756842468466,0.9215315002057555,0.0,0.4105916979550567,0.785487715505311,0.8362295139245189
Valencia,connectors_shade,Morning,28,0.7,398,59,Other common selection,0.4077377441193448,53520.983939751546,117290.589,0.45631098279974996,0.968577141144881,11,0.1864406779661017,12,2.176672358545004,0.1282605701089907,0.20712716967269698,0.07886659956370629,Pooled,True,98.86537757165307,98.81108298551975,0.24671821131390095,0.4754996398079325,0.007925383219266715,0.015831269715734148,0.3690297803593978,0.805612539598617,0.07935581922108545,0.17855619068564887,0.06818937739231747,0.13057345581207652,0.4754996398079325,1.0149715543376816,0.5616817936954697,0.46980796628525756,1.1451825985642994,0.8214438093143511
Valencia,connectors_shade,Morning,28,1.0,398,59,Population sufficient,0.3762881667633877,52997.03235465838,117290.589,0.4518438589702911,0.9808445925030834,12,0.2033898305084746,12,1.9297242777113468,0.1277790793136546,0.19306058501260964,0.06528150569895505,Population,True,99.12997193551159,99.12997193551159,0.25598454580650437,0.47874268065777054,0.0,0.0,0.37229609232802807,0.8193741599651879,0.07954776664226308,0.18062584003481216,0.06941346037193823,0.1336661805539605,0.47874268065777054,1.0330946692627874,0.0,0.7515409029617767,1.1781833747495916,0.8193741599651879
Valencia,connectors_shade,Morning,30,0.1,398,59,Uniform sufficient,0.0004636639275759,83510.57299813666,117290.589,0.7119972174249773,0.622788504690291,12,0.2033898305084746,1,0.0004636639275698,0.185542836342326,0.3017646352987393,0.11622179895641332,Local,True,80.93126048706822,99.99953633607244,0.3017646352987393,0.27464016861892193,0.6721429007286641,0.9953274208778167,0.02898456560781436,0.003157988651705229,0.010869751088498806,0.0015145904704781748,0.013362613956100802,0.0011597050862895521,0.27464016861892193,0.04095729415604352,-0.07018089807777733,0.04495563036704586,0.025688931638311922,0.9984854095295219
Valencia,connectors_shade,Morning,30,0.2,398,59,Uniform sufficient,0.0039224877634751,57470.88774968944,117290.589,0.48998720391530676,0.4756872978596943,10,0.1694915254237288,1,0.0059326934573372,0.2529113522874053,0.35460626754164265,0.10169491525423735,Uniform,True,67.67696313242402,99.99607751223652,0.35460626754164265,0.48168427132950353,0.4110868542877316,0.984074650320502,0.059142108974090765,0.010705656534205694,0.019758240653484412,0.005219693145292273,0.028328524755189582,0.0036039059623916778,0.48168427132950353,0.1480753037261254,-0.07870158075384104,0.05821293968026869,0.02642133453090152,0.9947803068547078
Valencia,connectors_shade,Morning,30,0.3,398,59,Uniform sufficient,0.0196865315368057,40917.09220745342,117290.589,0.34885230397686395,0.4511247955428744,9,0.15254237288135594,2,0.0414354101361367,0.2868096573721511,0.37155542008401554,0.08474576271186446,Local,True,59.60077988674704,99.95856458986388,0.37155542008401554,0.6085925193052834,0.24081027095354857,0.9479406181939241,0.08308826414874418,0.036926343162745866,0.0249537688745712,0.015133038643330179,0.04255517671785265,0.013492298213832334,0.6085925193052834,0.3708929011029762,-0.13618187650698257,0.08714723893124668,0.09047004771187962,0.98486696135667
Valencia,connectors_shade,Morning,30,0.4,398,59,Uniform sufficient,0.0302232394306116,30085.36471490683,117290.589,0.2565028018991944,0.5624954645053204,8,0.13559322033898305,2,0.1779901423726493,0.2553336211276023,0.3546062675416426,0.09927264641404032,Uniform,True,59.28048863493418,99.96977676056936,0.37155542008401543,0.6907651817800746,0.12908549244622405,0.8764100487042948,0.09915939493889898,0.0898610722842098,0.028257914514071378,0.03372887901149541,0.052732016320730976,0.03537498583916005,0.6907651817800746,0.790183542171017,0.6022699637175065,-0.40680870404955627,-0.017471117295295376,0.9662711209885047
Valencia,connectors_shade,Morning,30,0.5,398,59,Uniform sufficient,0.2759447547120288,23368.101018633537,117290.589,0.19923253193513707,0.6842018983100344,10,0.1694915254237288,8,1.1305954443843131,0.2359621997450324,0.3376571149992698,0.1016949152542374,Pooled,True,66.16728230675456,99.26486697592946,0.36232628163416286,0.7405397547754488,0.0596700682995269,0.7332632045473882,0.10966901052693624,0.20097054560498326,0.029893453108673952,0.06576624984762836,0.06022771328941411,0.0879735804332299,0.7405397547754488,1.4863320033995147,4.116383283359394,-2.6645767193733794,-0.32121111960171417,0.9342337501523715
Valencia,connectors_shade,Morning,30,0.6,398,59,Other common selection,0.5995178321952181,20151.371426708072,117290.589,0.1718072319229983,0.7620537091079213,14,0.23728813559322035,12,3.0167871106625537,0.1717050744969308,0.23718707007722828,0.06548199558029749,Pooled,True,75.43763778356166,98.41654173985826,0.25269789967143425,0.7645704839173689,0.027125803473112643,0.4661496871801821,0.11417095480187013,0.41061692276478895,0.03051047364801553,0.12323339005502906,0.06362228415963275,0.18112393116275236,0.7645704839173689,2.7252895905582997,3.1226815784267337,-0.9796240655051273,0.8737295977409526,0.8767666099449711
Valencia,connectors_shade,Morning,30,0.7,398,59,Incompatible,1.0200978557955125,18338.838583850928,117290.589,0.1563538792004099,0.8257848029652638,13,0.22033898305084745,15,4.349509248294612,,,,,False,90.11480811875582,96.4632535829043,0.2353059358714562,0.7777130071216614,0.007925383219266715,0.17312951790410372,0.11742757316820304,0.6426403501389553,0.031000922812940195,0.18423013195694093,0.06593311367792858,0.2970780242737324,0.7777130071216614,4.049717873424808,2.248066690403934,0.25356970321635947,1.84787285467434,0.815769868043059
Valencia,connectors_shade,Morning,30,1.0,398,59,Incompatible,1.2479065977881874,17568.92755279503,117290.589,0.149789746155977,0.8971002670166179,13,0.22033898305084745,17,6.367248604742625,,,,,False,95.66470788235776,95.66470788235776,0.325565095538563,0.7832937223625044,0.0,0.0,0.1186417174145826,0.7776666247118273,0.03114802874139442,0.22233337528817265,0.0669165314815185,0.3536864909554287,0.7832937223625044,4.783096892323108,0.0,3.0384452840053666,3.3288033207372516,0.7776666247118273
Valencia,connectors_shade,Morning,32,0.1,398,59,Uniform sufficient,1.4210854715202004e-14,80127.6715757764,117290.589,0.6831551641008163,0.5742527039399911,11,0.1864406779661017,0,1.555950787672383e-14,0.2000697200445019,0.31871378784111215,0.11864406779661024,Uniform,True,77.57357615585077,100.0,0.31871378784111215,0.3125950440260653,0.6721429007286641,0.9991940842672403,0.008743967742442443,0.0006871658538243581,0.0022682956297097514,0.00011874987893532669,0.004249791873118361,0.00026418265308007674,0.3125950440260653,0.04187371611648469,0.0,0.0,0.0,0.9998812501210647
Valencia,connectors_shade,Morning,32,0.2,398,59,Uniform sufficient,1.4210854715202004e-14,50948.47099378882,117290.589,0.4343781664681453,0.38317001111169474,11,0.1864406779661017,0,0.0,0.2529113522874053,0.37155542008401554,0.11864406779661024,Uniform,True,60.52890112366748,100.0,0.37155542008401554,0.556313426769559,0.4110868542877316,0.9968875738961535,0.018370819104401477,0.0025744058650057264,0.0049204930760122665,0.0005380202388407928,0.009308406762295671,0.0007486630239107054,0.556313426769559,0.15595478356448994,0.0,0.0,0.0,0.9994619797611591
Valencia,connectors_shade,Morning,32,0.3,398,59,Uniform sufficient,0.0018905806227706,32129.893377639753,117290.589,0.2739341122896037,0.33266578782559775,8,0.13559322033898305,1,0.002701743531602,0.3143170902148662,0.40283840588698105,0.08852131567211485,Uniform,True,47.75150911112623,99.99810941937724,0.40283840588698105,0.7116983236146998,0.24081027095354857,0.9883300923718272,0.02640841501403659,0.009126222941988053,0.006715426322018487,0.002543684686184953,0.014367564095696568,0.0033342741813332777,0.7116983236146998,0.38740895554890753,0.0176346046934632,-0.014532902724744695,-0.00039995843710439425,0.9974563153138153
Valencia,connectors_shade,Morning,32,0.4,398,59,Uniform sufficient,1.4210854715202004e-14,19797.510795031056,117290.589,0.1687902751944664,0.4569926609331515,9,0.15254237288135594,0,1.705093342762623e-14,0.288247980320318,0.3715554200840155,0.08330743976369748,Uniform,True,41.872531893699005,99.98374411423968,0.38850457262638843,0.8131870040648619,0.12908549244622405,0.9659256794507347,0.031775814490244636,0.025988940361845035,0.007928968257997725,0.008085380187420138,0.018022720740671707,0.010655287013780589,0.8131870040648619,0.9096180550654116,0.0,0.0,0.0,0.9919146198125798
Valencia,connectors_shade,Morning,32,0.5,398,59,Uniform sufficient,0.0289695628101753,12143.066426708076,117290.589,0.10352975912422159,0.6119311074001816,7,0.11864406779661017,1,0.0916515546982009,0.2959679944128381,0.3560445904898095,0.06007659607697141,Regional,True,40.27902138834671,99.97103043718981,0.3637646045823298,0.8757432932832111,0.0596700682995269,0.9243340602421665,0.03533335647710477,0.05830563298539554,0.008526334347589912,0.017360306772438026,0.020726947592567276,0.02718121347207279,0.8757432932832111,1.7303071422475553,0.18068978109139777,-0.09700719532337054,0.007968968930194794,0.9826396932275621
Valencia,connectors_shade,Morning,32,0.6,398,59,Uniform sufficient,0.2218598298226624,8529.830446583852,117290.589,0.0727239117759384,0.7135353246571935,15,0.2542372881355932,7,0.6383195018652239,0.185036320781435,0.2727616604735382,0.08772533969210322,Pooled,True,44.65579246730397,99.3967545608598,0.31560087607768594,0.9053084667034573,0.027125803473112643,0.7903594791386457,0.0368559611064397,0.16455559005199796,0.00874214719638606,0.045084930809356265,0.021967621520604223,0.07563032799473397,0.9053084667034573,4.1299717584127595,0.0,0.19256426913929287,0.44575523272591905,0.9549150691906436
Valencia,connectors_shade,Morning,32,0.7,398,59,Other common selection,0.7599978378369769,6433.6126614906825,117290.589,0.05485190854903697,0.7894052938032196,14,0.23728813559322035,14,2.612355303892375,0.1729569708533977,0.22757998144076688,0.05462301058736918,Pooled,True,66.91093462958598,97.70885568029394,0.2614523835991361,0.9223377164810842,0.007925383219266715,0.44045689358034124,0.03797088430592814,0.4435388150741289,0.008955641023842128,0.1160042913455298,0.022810374969878873,0.21881617216079732,0.9223377164810842,10.300220245415945,0.0,1.0720345769476727,1.5403207269447003,0.8839957086544701
Valencia,connectors_shade,Morning,32,1.0,398,59,Incompatible,1.199556429906906,5554.975764596273,117290.589,0.04736079690584785,0.8969880603652759,12,0.2033898305084746,18,6.311218912015628,,,,,False,95.4949757131818,95.4949757131818,0.34251424808093583,0.9294361941440018,0.0,0.0,0.03836255911937134,0.7906156450875157,0.008998237786476529,0.209384354912484,0.02320300895015033,0.38520392132813064,0.9294361941440018,17.850071079451574,0.0,2.650328004619225,3.660890907396379,0.7906156450875157
Valencia,connectors_shade,Afternoon,28,0.1,398,59,Uniform sufficient,0.0764703554314536,92377.54183354038,117290.589,0.787595514875796,0.8718153213661791,13,0.22033898305084745,3,0.1715325006460135,0.1086036533977698,0.1989492864005555,0.09034563300278571,Uniform,True,91.82038911422374,99.8774576674742,0.2158984389429284,0.18103586809832525,0.4702243397130587,0.8248869837739927,0.2593120886115981,0.14138186634696037,0.05805908655113917,0.03373114987904678,0.03136861702587874,0.014201763101682642,0.18103586809832525,0.0857463737831407,-0.9623859728083486,0.8027216821210097,0.33119679133332713,0.9662688501209531
Valencia,connectors_shade,Afternoon,28,0.2,398,59,Uniform sufficient,0.2180670803704174,79711.81330000001,117290.589,0.6796096257987075,0.8760496710960386,13,0.22033898305084745,7,0.798363626977127,0.1257086653966727,0.21795790655709077,0.09224924116041808,Uniform,True,92.10587855501855,99.31287680587157,0.24447222260134485,0.2700963013498865,0.22430768412988253,0.5658631498469903,0.3759941200503497,0.35262866237811585,0.07930782161847517,0.08150818777489405,0.05029407285140593,0.03741215712445542,0.2700963013498865,0.24522167282102653,-2.023115891678278,1.9811987816664525,0.8402807369889594,0.9184918122251061
Valencia,connectors_shade,Afternoon,28,0.3,398,59,Uniform sufficient,0.2156554429337092,73524.51562608696,117290.589,0.6268577577531557,0.9092940559930233,14,0.23728813559322035,9,1.339192371469684,0.1240442152421675,0.18614808885520087,0.06210387361303338,Uniform,True,93.98806956264652,99.53664660452466,0.20762443961773716,0.31311324174906485,0.10300363116894312,0.3353220314648909,0.4347404239161064,0.544708497995644,0.08911370266810617,0.1199694705394652,0.060029000497779386,0.061825036076753125,0.31311324174906485,0.37865835372544243,-3.7759656308017853,3.68088245055106,1.4342755517204386,0.880030529460535
Valencia,connectors_shade,Afternoon,28,0.4,398,59,Other common selection,0.4176482084621824,70347.48126086956,117290.589,0.5997708926235298,0.9428923819725701,12,0.2033898305084746,9,1.7469952834680362,0.135779491876123,0.20719579554933507,0.07141630367321206,Shared,True,96.80652777006203,98.571877945298,0.23008785383714875,0.33533504767938704,0.04390351809806675,0.1674770060970274,0.4621104267720101,0.684623573458943,0.09375694775345293,0.1478994204440294,0.06489405969708319,0.079613321874688,0.33533504767938704,0.47971543122803956,-0.9824064982029225,1.4965354468201837,1.2328663348507523,0.8521005795559704
Valencia,connectors_shade,Afternoon,28,0.5,398,59,Other common selection,0.5153859842260005,68692.04551242237,117290.589,0.5856569235271072,0.9601585016500527,11,0.1864406779661017,10,1.8630282417426844,0.1452097226513636,0.20731359626439702,0.06210387361303343,Pooled,True,98.37792241223941,98.53089815818518,0.2299554853632281,0.3468064714517723,0.011687900248738847,0.022291390210320474,0.47774563352074295,0.8063466694350097,0.09622338975762536,0.17136194035466978,0.06753660502112047,0.09557926078647698,0.3468064714517723,0.5650445778188312,0.22389791007464468,0.4486560091700759,1.19047432249796,0.8286380596453301
Valencia,connectors_shade,Afternoon,28,0.6,398,59,Other common selection,0.5565825517902567,68115.54605652174,117290.589,0.5807417853151179,0.9701729690750769,11,0.1864406779661017,11,2.162920321374399,0.1507465997512918,0.19944435162292753,0.04869775187163575,Pooled,True,98.64858843311939,98.64858843311939,0.25598454580650437,0.35071058817771494,0.0008987922894532784,0.0,0.4828772808614382,0.8248600493502513,0.09696571216422642,0.17513995064974885,0.06854762650716707,0.09830873197640769,0.35071058817771494,0.5793041943871572,0.0,0.7478206950986271,1.4150996262757896,0.8248600493502513
Valencia,connectors_shade,Afternoon,28,0.7,398,59,Other common selection,0.5565825517902567,68096.31466645963,117290.589,0.5805778216908744,0.9706080910512731,11,0.1864406779661017,11,2.162920321374399,0.1507465997512918,0.19944435162292753,0.04869775187163575,Pooled,True,98.64858843311939,98.64858843311939,0.25598454580650437,0.35085241416356744,0.00046797927851987593,0.0,0.4831036771076735,0.8248600493502513,0.09700616530468092,0.17513995064974885,0.06856976414555818,0.09830873197640769,0.35085241416356744,0.5793041943871572,0.0,0.7478206950986271,1.4150996262757896,0.8248600493502513
Valencia,connectors_shade,Afternoon,28,1.0,398,59,Other common selection,0.5565825517902567,68068.55622919256,117290.589,0.5803411578843086,0.9711541824553441,11,0.1864406779661017,11,2.162920321374399,0.1507465997512918,0.19944435162292753,0.04869775187163575,Pooled,True,98.64858843311939,98.64858843311939,0.25598454580650437,0.3510396058749754,0.0,0.0,0.4833122621575281,0.8248600493502513,0.09702889572678046,0.17513995064974885,0.068619236240716,0.09830873197640769,0.3510396058749754,0.5793041943871572,0.0,0.7478206950986271,1.4150996262757896,0.8248600493502513
Valencia,connectors_shade,Afternoon,30,0.1,398,59,Uniform sufficient,0.0999354629084194,68606.53283850932,117290.589,0.5849278567311936,0.5772937040505322,13,0.22033898305084745,3,0.2285320136924029,0.1550770288215319,0.26413057728826683,0.10905354846673493,Pooled,True,76.06399875508737,99.8686319108852,0.2810797298306398,0.371080148288847,0.4702243397130587,0.9641765067914143,0.09245298251433491,0.029247236076066607,0.022250534503800025,0.006576257132519069,0.043991994979959315,0.011676807956095128,0.371080148288847,0.11089251738281966,0.6609669978969195,-0.3987326630235177,-0.03370232118099505,0.9934237428674809
Valencia,connectors_shade,Afternoon,30,0.2,398,59,Uniform sufficient,0.0090539119920265,45923.7990689441,117290.589,0.39153865165553986,0.5400328159248938,9,0.15254237288135594,1,0.0108272521045326,0.2381583413788911,0.35274876694555424,0.11459042556666313,Uniform,True,65.45989980798812,99.98917274789547,0.35274876694555424,0.5416280106566767,0.22430768412988253,0.8988071281643216,0.1350038044219234,0.08093480500737646,0.03222716310373396,0.02025806682830187,0.0668333376877835,0.03631309163095204,0.5416280106566767,0.3343102327951332,-0.10425612428084377,0.07258712013947455,0.04249625624590049,0.9797419331716981
Valencia,connectors_shade,Afternoon,30,0.3,398,59,Uniform sufficient,0.1344546414431846,34897.9568552795,117290.589,0.2975341598402196,0.6332754011375896,10,0.1694915254237288,6,0.8377711234081308,0.2536691709730971,0.3229041040907556,0.06923493311765849,Regional,True,65.3834608470645,99.58157500056645,0.35536408622733445,0.6242939437117222,0.10300363116894312,0.782115857516678,0.1571607377903575,0.1721655229683214,0.03736979088091896,0.045718619515000725,0.07817189644805818,0.07135192230651775,0.6242939437117222,0.6646428656533908,2.254373067157794,-1.35080906771498,-0.06579287603466151,0.9542813804849994
Valencia,connectors_shade,Afternoon,30,0.4,398,59,Other common selection,0.515990657194962,29456.91374968944,117290.589,0.2511447337832828,0.7204224718421033,13,0.22033898305084745,12,3.5288882899572678,0.1804285499692143,0.2501917614873314,0.0697632115181171,Pooled,True,77.4580770103247,98.68853207304275,0.30136222030596077,0.6652760609995403,0.04390351809806675,0.4909445129841588,0.16738705481041993,0.4023341980882386,0.039854160874796096,0.10672128892760244,0.08357920521717675,0.15813467997810451,0.6652760609995403,1.495213170242562,2.3626611270272444,-0.047352468802902864,1.2135796317329484,0.8932787110723974
Valencia,connectors_shade,Afternoon,30,0.5,398,59,Incompatible,1.0089319383396145,26555.863060248448,117290.589,0.22641085944455822,0.7909487776636632,11,0.1864406779661017,14,5.62372096294611,,,,,False,88.17831987056488,95.02298156991282,0.26596315398374243,0.6870922101153325,0.011687900248738847,0.16462215971573016,0.17343539167372704,0.6603400963964752,0.04128756752209231,0.17503774388779458,0.08649693044010907,0.25639681112945756,0.6870922101153325,2.4087497327957603,0.0,2.6888831792539722,2.9348377836921347,0.8249622561122053
Valencia,connectors_shade,Afternoon,30,0.6,398,59,Incompatible,1.4387575519119622,25569.674713043474,117290.589,0.21800278207353424,0.8289269698869809,13,0.22033898305084745,15,7.020110473351044,,,,,False,93.68800522819802,93.82903230461454,0.3032654924879619,0.6944356226544884,0.0008987922894532784,0.013157816587028049,0.17538075671217976,0.7790270457059073,0.04172323307190125,0.20781513770706472,0.08756159527197713,0.29821893523305937,0.6944356226544884,2.8277268798097492,0.0,3.5275270645967307,3.492583408754314,0.7921848622929354
Valencia,connectors_shade,Afternoon,30,0.7,398,59,Incompatible,1.4428816316809474,25531.03370310559,117290.589,0.21767333526738097,0.8327416153484622,13,0.22033898305084745,15,6.857015706379888,,,,,False,93.98794533827234,93.80927608581884,0.3032654924879619,0.694718567924644,0.00046797927851987593,0.008619364491941117,0.17546614095133523,0.7827277948698719,0.041739215037525874,0.208652840638187,0.0876080968079749,0.29988785257996997,0.694718567924644,2.839267088208556,0.8619364491941117,2.7869408537825913,3.2081384034031952,0.791347159361813
Valencia,connectors_shade,Afternoon,30,1.0,398,59,Incompatible,1.5005888666135831,25486.965223602485,117290.589,0.21729761476091217,0.8359104301602351,13,0.22033898305084745,15,6.825071516075653,,,,,False,94.02017931525901,94.02017931525901,0.30880236958789015,0.695046153419608,0.0,0.0,0.1755410176358984,0.7893182483554241,0.04175659712501376,0.2106817516445761,0.0876562318194798,0.3014208824293911,0.695046153419608,2.8602325226854566,0.0,3.420097682522153,3.4049738335535116,0.7893182483554241
Valencia,connectors_shade,Afternoon,32,0.1,398,59,Uniform sufficient,0.0029049583390445,59164.841560869565,117290.589,0.5044295715905184,0.4576870288111757,11,0.1864406779661017,1,0.0388203383059721,0.1769625457362054,0.27865746099044275,0.10169491525423735,Shared,True,67.30032871119471,99.98715719824021,0.27865746099044275,0.4686722863050474,0.4702243397130587,0.9900743507124896,0.02886347051905396,0.007964281934989211,0.0053417613584057005,0.001961367352521055,0.026898142104434166,0.005673994736108924,0.4686722863050474,0.10930297038577828,0.09486604744008532,-0.04889093775529844,-0.007154771378824162,0.9980386326474788
Valencia,connectors_shade,Afternoon,32,0.2,398,59,Uniform sufficient,0.0653172191052675,32072.874678881988,117290.589,0.27344798037361706,0.4054972313080164,9,0.15254237288135594,2,0.1233117757902597,0.2834689219060816,0.3553640862273345,0.07189516432125292,Regional,True,48.314889061551234,99.84540170608017,0.37231323876970734,0.6853588696331994,0.22430768412988253,0.9760116260549094,0.04182594649071872,0.019609701193081603,0.007314349753015818,0.004378672752008918,0.0411931499931835,0.014834094568580264,0.6853588696331994,0.32003471846342524,0.419596216477558,-0.25635205417383816,-0.0399323865134597,0.995621327247991
Valencia,connectors_shade,Afternoon,32,0.3,398,59,Uniform sufficient,0.01182855891129,18743.27440372671,117290.589,0.15980203154855596,0.500236952086666,7,0.11864406779661017,2,0.115191790059817,0.3045166286002158,0.3892623913120802,0.0847457627118644,Uniform,True,38.98278895206751,99.95382272444675,0.3892623913120802,0.7914442246475991,0.10300363116894312,0.9356987525582936,0.04842978884166992,0.05289832393424198,0.008368611537942874,0.011402923507464791,0.04875374380384495,0.044692005628268736,0.7914442246475991,0.8430350049526385,0.10819301732353351,-0.019858806515702928,0.026857579251993134,0.9885970764925356
Valencia,connectors_shade,Afternoon,32,0.4,398,59,Uniform sufficient,0.2595294027452723,12220.28625714286,117290.589,0.10418812251972627,0.6306192726962822,12,0.2033898305084746,7,1.1082719075161256,0.1859419469244567,0.2890057990060098,0.10306385208155311,Pooled,True,47.81445269684191,99.39854572760508,0.3229041040907556,0.8435016346531578,0.04390351809806675,0.8339013746078114,0.051447127797603014,0.13920922634682611,0.008837476624056486,0.026889399045362396,0.05231024282711604,0.12265787624376676,0.8435016346531578,2.180659125969867,2.4225670100470125,-1.2463971669668872,-0.06789793556401219,0.9731106009546375
Valencia,connectors_shade,Afternoon,32,0.5,398,59,Other common selection,0.6838022962938481,8682.17123478261,117290.589,0.07402274392860803,0.7430037035332777,14,0.23728813559322035,12,3.426897337503163,0.1905940260584008,0.24879063458191525,0.05819660852351444,Pooled,True,64.84618462374794,96.57310266249684,0.2844502638063387,0.8716141169127913,0.011687900248738847,0.46048300480041354,0.05321537481494462,0.4545295409916396,0.009119468864924547,0.08498745420794677,0.054363139158600714,0.3901791535622238,0.8716141169127913,6.861533123222166,0.0,2.1436801233528113,1.2832172141503506,0.9150125457920532
Valencia,connectors_shade,Afternoon,32,0.6,398,59,Incompatible,1.3670726906792936,7491.521596894412,117290.589,0.06387146369342908,0.8056233900332235,12,0.2033898305084746,15,6.889320969068175,,,,,False,89.85077679327534,93.35192606452635,0.32556509553856294,0.881038783747942,0.0008987922894532784,0.054515435015357536,0.05377867620798233,0.7931822364244762,0.00919399519599345,0.15230232856016623,0.05508975255862887,0.6640038203831572,0.881038783747942,11.78191915676369,1.1046048322367836,3.2504657992413697,2.534250337590038,0.8476976714398337
Valencia,connectors_shade,Afternoon,32,0.7,398,59,Incompatible,1.3981950660115388,7445.347686335405,117290.589,0.06347779263292305,0.813291320396767,12,0.2033898305084746,15,6.556976401324752,,,,,False,91.4782000633705,93.44302359867524,0.32556509553856294,0.8814055428199563,0.00046797927851987593,0.028898981843122305,0.053810703177441924,0.8149960569012574,0.00919911017696123,0.15610496125562012,0.05511666454712069,0.6823656820036935,0.8814055428199563,12.100946251643643,0.0,3.8971894853785005,2.659786915946253,0.8438950387443798
Valencia,connectors_shade,Afternoon,32,1.0,398,59,Incompatible,1.5007328600400172,7393.124185714287,117290.589,0.0630325437765027,0.8184141869179139,12,0.2033898305084746,15,6.510603332385038,,,,,False,93.48939666761497,93.48939666761497,0.3425142480809358,0.8818187016687067,0.0,0.0,0.053830759432235635,0.8387619972900967,0.00920178434426706,0.16123800270990296,0.055148754554790624,0.7012139453369577,0.8818187016687067,12.444377026923133,0.0,3.823824316799783,2.6867790155852216,0.8387619972900967
Valencia,connectors_sun,Morning,28,0.1,398,59,Uniform sufficient,-1.4210854715202004e-14,112036.1582236025,117290.589,0.9552015995384122,0.9301648229181001,12,0.2033898305084746,0,-1.3509651841498456e-14,0.0820520254172354,0.20110698432990046,0.11905495891266506,Uniform,True,95.81689383541425,100.00000000000001,0.20110698432990046,0.041931555144813185,0.9245035504582426,0.996263126784381,0.02203789760731127,0.0020871467841484716,0.00866015147285811,0.0016497264314705258,0.0028668453167747113,0.00010344027650581052,0.041931555144813185,0.005536280693222782,0.0,0.0,0.0,0.9983502735685295
Valencia,connectors_sun,Morning,28,0.2,398,59,Uniform sufficient,0.0069675346556152,96484.733689441,117290.589,0.8226127476386106,0.8067758161070991,12,0.2033898305084746,1,0.0069675346556338,0.131834497084496,0.24247032285813527,0.11063582577363928,Uniform,True,90.02365461180189,99.93490992220394,0.24247032285813527,0.16482221920470916,0.69163984140205,0.9673242813211811,0.09727958842651564,0.02298314334516603,0.03369331781004482,0.009692575333652899,0.012565033156680222,0.0020370809992029306,0.16482221920470916,0.042138541051108425,-0.5159783020438982,0.40787218070206405,0.11507365599744755,0.9903074246663471
Valencia,connectors_sun,Morning,28,0.3,398,59,Uniform sufficient,0.0941127575767524,81326.8349726708,117290.589,0.6933790312253508,0.7517897032267319,11,0.1864406779661017,4,0.2636568687743953,0.1919110931614673,0.32313023129709384,0.13121913813562655,Uniform,True,85.34829039625608,99.80180770136043,0.32313023129709384,0.27984426510645877,0.4530063918734561,0.8945880193043971,0.18656756074606085,0.0741197948876903,0.05380507860583397,0.031292185807912626,0.026776703668190266,0.006716429972164184,0.27984426510645877,0.14335581230053268,-2.196174189458479,1.8328605074027218,0.6269705508301403,0.9687078141920874
Valencia,connectors_sun,Morning,28,0.4,398,59,Uniform sufficient,0.044751118379736,70488.91488571429,117290.589,0.6009767321205479,0.7697487632166999,13,0.22033898305084745,4,0.2487088312054086,0.146577032489591,0.25595476579359777,0.10937773330400677,Pooled,True,86.33817787949006,99.92408307141366,0.27290391833597066,0.35887558835094374,0.2809308642276523,0.7713034459899952,0.25452019356410555,0.17160615926673767,0.06552567432879003,0.05709039474326727,0.040147679528508354,0.018720316498496654,0.35887558835094374,0.27360341352808354,-1.9456727445633988,1.5342452346501336,0.6601363411186681,0.942909605256733
Valencia,connectors_sun,Morning,28,0.5,398,59,Uniform sufficient,0.1732219235700114,62552.62101614907,117290.589,0.5333132142097868,0.8324661903705289,13,0.22033898305084745,7,0.768985178786662,0.1580127880767215,0.23838446858522944,0.08037168050850793,Regional,True,89.62544307210307,99.79164354339757,0.28262237704166193,0.41474428556146303,0.15260660185422195,0.5532116342678336,0.3074272152892047,0.3501610090173583,0.0732793970663602,0.09662735671480815,0.05194250022875009,0.04625545261651434,0.41474428556146303,0.49998009329224946,-1.0985202036543122,1.051511296806403,0.8159940856345616,0.9033726432851918
Valencia,connectors_sun,Morning,28,0.6,398,59,Uniform sufficient,0.2132043381621713,58457.75565279503,117290.589,0.49840107506660253,0.8919281970699036,14,0.23728813559322035,5,0.6499174958711962,0.1246038032478144,0.21861590045228235,0.09401209720446796,Regional,True,93.20105720618479,99.71043797251681,0.24082560220422766,0.4427792844715854,0.08596609841195517,0.39779078650701705,0.33615212085829255,0.4826641712813248,0.07628285579635483,0.11954504221165817,0.058819640461812005,0.07170293831747837,0.4427792844715854,0.6518683429952323,0.9764751723205264,-0.6440434118632133,0.31748573541389424,0.8804549577883418
Valencia,connectors_sun,Morning,28,0.7,398,59,Uniform sufficient,0.3124610214505452,56090.78941304347,117290.589,0.47822071567091773,0.9321333915335952,13,0.22033898305084745,6,0.9699081415640256,0.0959089144636882,0.16991438377500495,0.07400546931131675,Uniform,True,96.16073786591153,99.4004934335154,0.19240041341730602,0.45840167051714925,0.04763888919230176,0.24517064787159407,0.3527421975636195,0.613288423257615,0.07783962891499645,0.14154092887079073,0.06337761381193294,0.09683263544031039,0.45840167051714925,0.7965132302976489,1.3160760904413604,-0.734428315088555,0.3882603662112136,0.858459071129209
Valencia,connectors_sun,Morning,28,1.0,398,59,Population sufficient,0.3762881667633877,52997.03235465838,117290.589,0.4518438589702911,0.9808445925030834,12,0.2033898305084746,12,1.9297242777113468,0.1277790793136546,0.19306058501260964,0.06528150569895505,Population,True,99.12997193551159,99.12997193551159,0.25598454580650437,0.47874268065777054,0.0,0.0,0.37229609232802807,0.8193741599651879,0.07954776664226308,0.18062584003481216,0.06941346037193823,0.1336661805539605,0.47874268065777054,1.0330946692627874,0.0,0.7515409029617767,1.1781833747495916,0.8193741599651879
Valencia,connectors_sun,Morning,30,0.1,398,59,Uniform sufficient,1.4210854715202004e-14,109425.39343354038,117290.589,0.9329426543636878,0.8645636150833915,12,0.2033898305084746,0,0.0,0.0820520254172354,0.20110698432990046,0.11905495891266506,Uniform,True,93.68706465458727,99.99999999999999,0.20110698432990046,0.06435821227075261,0.9245035504582426,0.9992554563290033,0.006047187273847326,0.00046634885584356236,0.0023919166315978357,0.00027819481515315006,0.0026991333655594896,0.0001865338836325994,0.06435821227075261,0.008473679732467624,0.0,0.0,0.0,0.9997218051848468
Valencia,connectors_sun,Morning,30,0.2,398,59,Uniform sufficient,1.4210854715202004e-14,85626.65975776398,117290.589,0.7300386202149941,0.6205151541554274,11,0.1864406779661017,0,0.0,0.1580127880767215,0.26622634501016373,0.10821355693344223,Uniform,True,82.57860166956146,99.99999999999999,0.26622634501016373,0.2574882249946442,0.69163984140205,0.9939106633229847,0.027886609817290884,0.004266127910821772,0.010512168995653196,0.0018232087661934596,0.01247315479036165,0.0015855108309422688,0.2574882249946442,0.04579083236652417,0.0,0.0,0.0,0.9981767912338065
Valencia,connectors_sun,Morning,30,0.3,398,59,Uniform sufficient,0.0021200563639069,61860.443089440996,117290.589,0.527411820648637,0.44782807085883386,10,0.1694915254237288,1,0.0021200563639276,0.1881581556241062,0.32313023129709384,0.13497207567298763,Uniform,True,69.1935790509693,99.97598516978012,0.32313023129709384,0.44610434162874874,0.4530063918734561,0.984475615045862,0.055923730807301494,0.01049809837088441,0.018481697967879337,0.005026286583253554,0.0264838377226142,0.0034737431983104445,0.44610434162874874,0.1427375067226983,0.03796728678690644,-0.0372711249282786,0.0014238945052976067,0.9949737134167465
Valencia,connectors_sun,Morning,30,0.4,398,59,Uniform sufficient,0.0042364449481624,44922.67721614907,117290.589,0.3830032537064766,0.43771224628056166,11,0.1864406779661017,2,0.0542477567360162,0.2020638946602867,0.2874308020381465,0.08536690737785982,Uniform,True,62.05087843753562,99.96444239598999,0.28743080203814664,0.5774008636634843,0.2809308642276523,0.9637149873139664,0.07828789301441579,0.025691498226278902,0.023784496464408427,0.01059351445975464,0.03959588263003926,0.00924784476490076,0.5774008636634843,0.2646786855151283,0.34071054617694735,-0.23132261864837714,-0.05514017079253241,0.9894064855402454
Valencia,connectors_sun,Morning,30,0.5,398,59,Uniform sufficient,0.0738574693886988,32428.17580248447,117290.589,0.2764772184960591,0.5118878854742214,10,0.1694915254237288,2,0.2721496985501708,0.2214353160428565,0.32313023129709384,0.10169491525423735,Pooled,True,58.952238241592866,99.87229178504467,0.3400793838394667,0.6729073546943666,0.15260660185422195,0.9140957498690501,0.09621265365245177,0.061189328491116135,0.027657962989385425,0.02471492163983407,0.05061542680957434,0.021604235509282334,0.6729073546943666,0.5798977221818694,0.6807268252133316,-0.3864057444141438,-0.022171382249003026,0.9752850783601662
Valencia,connectors_sun,Morning,30,0.6,398,59,Uniform sufficient,0.0744042729796063,25974.388329813664,117290.589,0.22145330287167084,0.6340281088606287,8,0.13559322033898305,2,0.2934092832415435,0.2466668571858028,0.34692344949187326,0.10025659230607045,Pooled,True,63.66607855358546,99.80560616316322,0.34692344949187326,0.721250184040635,0.08596609841195517,0.8248452418679733,0.1061681392345206,0.13052790065772674,0.02931906522519506,0.044626857474299904,0.05729651308769421,0.05539914996465505,0.721250184040635,1.0365884246904602,0.9883003078997262,-0.6090713926936197,-0.08581963196458661,0.9553731425256999
Valencia,connectors_sun,Morning,30,0.7,398,59,Uniform sufficient,0.4356196829883458,22260.01255652174,117290.589,0.18978515451501174,0.7257531919056851,13,0.22033898305084745,10,2.0917947147565705,0.1338329416976671,0.21409731476872687,0.08026437307105977,Pooled,True,73.98019501769815,99.11448665674268,0.22935265057434637,0.7486479052064399,0.04763888919230176,0.6518755091477403,0.11195748939869472,0.26648305477741424,0.03018877592401527,0.08164143607484566,0.061566940278548324,0.11854661086570922,0.7486479052064399,1.8233187385402976,2.9533237597264503,-1.2763925491237824,0.41486350415392464,0.9183585639251546
Valencia,connectors_sun,Morning,30,1.0,398,59,Incompatible,1.2479065977881874,17568.92755279503,117290.589,0.149789746155977,0.8971002670166179,13,0.22033898305084745,17,6.367248604742625,,,,,False,95.66470788235776,95.66470788235776,0.325565095538563,0.7832937223625044,0.0,0.0,0.1186417174145826,0.7776666247118273,0.03114802874139442,0.22233337528817265,0.0669165314815185,0.3536864909554287,0.7832937223625044,4.783096892323108,0.0,3.0384452840053666,3.3288033207372516,0.7776666247118273
Valencia,connectors_sun,Morning,32,0.1,398,59,Uniform sufficient,0.0,108699.19741987577,117290.589,0.9267512282667091,0.8485442352140844,12,0.2033898305084746,0,0.0,0.0820520254172354,0.20110698432990046,0.11905495891266506,Uniform,True,92.93126009632776,100.0,0.20110698432990046,0.07245912083252959,0.9245035504582426,0.9998500356511961,0.0017718423400279678,0.0001150993657267726,0.0004758354684385501,3.4864983076978726e-05,0.0007896509007611718,0.0,0.07245912083252959,0.009260388979003028,0.0,0.0,0.0,0.9999651350169229
Valencia,connectors_sun,Morning,32,0.2,398,59,Uniform sufficient,2.8421709430404014e-14,82379.41255217392,117290.589,0.7023531321185019,0.5774007714659348,12,0.2033898305084746,0,0.0,0.1645314297559265,0.27048164949577364,0.10595021973984714,Uniform,True,79.77720940785704,99.99999999999999,0.27048164949577364,0.293702882426547,0.69163984140205,0.9984769159821321,0.008427375573333482,0.0011558586210976079,0.002285915143118368,0.00036722539677042613,0.003943985454950981,0.0004425281047811514,0.293702882426547,0.0499405045564972,0.0,0.0,0.0,0.9996327746032296
Valencia,connectors_sun,Morning,32,0.3,398,59,Uniform sufficient,1.4210854715202004e-14,55718.14137453416,117290.589,0.47504358064511176,0.36867165550064596,12,0.2033898305084746,0,0.0,0.1875370109581108,0.32313023129709384,0.13559322033898305,Uniform,True,62.82073378689318,100.0,0.32313023129709384,0.5161714432019491,0.4530063918734561,0.9968459438607259,0.01741638675076009,0.0025789604894595032,0.004620802020895554,0.0005750956498145301,0.008784976152939198,0.0007796512752953813,0.5161714432019491,0.14971658062217452,0.0,0.0,0.0,0.9994249043501854
Valencia,connectors_sun,Morning,32,0.4,398,59,Uniform sufficient,1.4210854715202004e-14,36609.840574534166,117290.589,0.3121293949213109,0.3270591669289029,10,0.1694915254237288,0,0.0,0.2026850393262821,0.3043799545805195,0.10169491525423738,Uniform,True,51.4011425092677,99.99999999999999,0.3043799545805195,0.6744884780163262,0.2809308642276523,0.9934255119846869,0.024814875955394736,0.005231081131978928,0.006383654738263804,0.0013434068833341284,0.01338212706236296,0.0018851693423593016,0.6744884780163262,0.2397764370676924,0.0,0.0,0.0,0.9986565931166658
Valencia,connectors_sun,Morning,32,0.5,398,59,Uniform sufficient,0.0106458289378963,22417.471978260874,117290.589,0.191127627283557,0.4045635082746699,12,0.2033898305084746,1,0.0256887066323834,0.2214353160428565,0.34692344949187315,0.12548813344901666,Uniform,True,43.17175086576536,99.98935417106212,0.34692344949187315,0.7915815997248673,0.15260660185422195,0.9805531570305775,0.03079516218628695,0.014874198593776538,0.007725863243048076,0.004572644375646047,0.01729077299157569,0.005055999355266345,0.7915815997248673,0.6064572172572692,0.08085770126274935,-0.043021342035344336,-0.012147652595034511,0.9954273556243541
Valencia,connectors_sun,Morning,32,0.6,398,59,Uniform sufficient,0.0254923376935067,15065.037034782608,117290.589,0.12844199320017574,0.5685685186490268,8,0.13559322033898305,1,0.0399133018564429,0.2698605048297782,0.3390954379474367,0.06923493311765849,Uniform,True,42.7910516140212,99.96008669814354,0.3390954379474367,0.8518564786332538,0.08596609841195517,0.9539035910863547,0.03413025584840506,0.03553061931695,0.008345638939815521,0.010565789596695333,0.019701528166570486,0.015961918893563434,0.8518564786332538,1.1631197016212775,0.056017983094507506,-0.035227794098597505,0.01912311286055965,0.9894342104033047
Valencia,connectors_sun,Morning,32,0.7,398,59,Uniform sufficient,0.0657136915965281,10839.717744720496,117290.589,0.09241762563508395,0.6653197744427422,8,0.13559322033898305,2,0.1690739352909566,0.2192822133931111,0.3169324094966463,0.0976501961035352,Local,True,49.39063611364813,99.88292609190572,0.3169324094966463,0.8863477161948974,0.04763888919230176,0.911651729975375,0.03610059636737031,0.06956630179065301,0.008678140075411893,0.018781968233971862,0.021234658170018697,0.03386309631149327,0.8863477161948974,1.9277312235577395,0.6706915801727291,-0.4315345427879598,-0.07008310209382458,0.9812180317660281
Valencia,connectors_sun,Morning,32,1.0,398,59,Incompatible,1.199556429906906,5554.975764596273,117290.589,0.04736079690584785,0.8969880603652759,12,0.2033898305084746,18,6.311218912015628,,,,,False,95.4949757131818,95.4949757131818,0.34251424808093583,0.9294361941440018,0.0,0.0,0.03836255911937134,0.7906156450875157,0.008998237786476529,0.209384354912484,0.02320300895015033,0.38520392132813064,0.9294361941440018,17.850071079451574,0.0,2.650328004619225,3.660890907396379,0.7906156450875157
Valencia,connectors_sun,Afternoon,28,0.1,398,59,Uniform sufficient,0.0529499882356248,110004.70407701863,117290.589,0.9378817602921119,0.9308159388834458,12,0.2033898305084746,1,0.0616053903619876,0.0936574073694546,0.20949972929258456,0.11584232192312996,Uniform,True,95.94193333007343,99.94705001176438,0.20949972929258456,0.053663567382093685,0.8433045927977407,0.956486134889964,0.07619190250941829,0.03489218594775975,0.018385264984952982,0.008621679162276377,0.00845467232579427,0.0034932795552831534,0.053663567382093685,0.02201192242856178,-0.7512780791747105,0.6426859931024484,0.17019747643424524,0.9913783208377238
Valencia,connectors_sun,Afternoon,28,0.2,398,59,Uniform sufficient,0.041232458347423,93960.26568136647,117290.589,0.8010895544344693,0.8485800743162076,12,0.2033898305084746,1,0.0412324583474212,0.1059883341159896,0.19269980729916092,0.08671147318317132,Local,True,91.60709937345469,99.95876754165259,0.19269980729916092,0.16944206785740218,0.5083165364052878,0.8567440756474257,0.2394157649560242,0.1154478198959605,0.053357253073157224,0.02780810445661397,0.029468377708128567,0.01166811285100201,0.16944206785740218,0.07506590489015354,-1.2371293980382956,1.0510781701368006,0.2272836862489195,0.9721918955433863
Valencia,connectors_sun,Afternoon,28,0.3,398,59,Uniform sufficient,0.1064347449245843,82521.8989273292,117290.589,0.7035679471890894,0.8435840707859333,12,0.2033898305084746,5,0.4309711894620653,0.1164316649422063,0.20117742765407073,0.08474576271186443,Regional,True,91.41399032840704,99.70663394318655,0.21956490314461052,0.25056227017232763,0.2797974452179668,0.6209251442686646,0.3492749646760975,0.30810325727383364,0.07449553729502517,0.07097159845750149,0.04586978263858294,0.034138494626752225,0.25056227017232763,0.2196051665282196,-4.17593076973643,3.62379802573912,0.9831039334593766,0.9290284015424983
Valencia,connectors_sun,Afternoon,28,0.4,398,59,Uniform sufficient,0.1551592689944527,74610.02768944099,117290.589,0.6361126525627814,0.8907514072108343,16,0.2711864406779661,7,0.8100870665981712,0.0953839582480722,0.18324432921966782,0.08786037097159562,Uniform,True,94.89136679134901,99.64816209463221,0.2108958863597621,0.30551934071182274,0.1256492990883994,0.3644822523515125,0.42335733014827814,0.5223825270936906,0.08710602332610384,0.11313522055479665,0.05836800672539584,0.062988506745648,0.30551934071182274,0.3648946155254896,-4.329232145007405,3.830939095660153,1.3083801159453976,0.8868647794452031
Valencia,connectors_sun,Afternoon,28,0.5,398,59,Other common selection,0.4560628652081249,71268.29956459627,117290.589,0.6076216359063238,0.9319814033892414,12,0.2033898305084746,9,1.6704069385158191,0.1274629328920521,0.19996510171265347,0.07250216882060137,Shared,True,96.31324288773342,98.55412966491595,0.22085871538729618,0.32900870033526053,0.060837259214885746,0.19762107416317318,0.454326766434265,0.6594024267646198,0.09245761025717308,0.14297649907220725,0.06336966375841561,0.07650805414134448,0.32900870033526053,0.4618666374364934,-0.32697552872564606,0.8748565906840189,1.122525876557461,0.857023500927793
Valencia,connectors_sun,Afternoon,28,0.6,398,59,Other common selection,0.4168170331347482,69355.50240496894,117290.589,0.5913134463411122,0.9566689604472516,10,0.1694915254237288,8,1.5693140285088862,0.1507465997512918,0.2165799307570005,0.0658333310057087,Pooled,True,97.00352857064277,98.4306859714911,0.22227266731345868,0.3422590529613792,0.023631742759252342,0.09284614949308292,0.47242757912595995,0.7482938171545531,0.09525412445589987,0.1588600333523636,0.0664275006975086,0.08829505971934577,0.3422590529613792,0.5221468524771796,0.0,0.5394544023042721,1.0298596262046187,0.841139966647636
Valencia,connectors_sun,Afternoon,28,0.7,398,59,Other common selection,0.5526209569025298,68485.08706645964,117290.589,0.5838924303335167,0.9645679660859926,11,0.1864406779661017,11,1.9844112694411455,0.1507465997512918,0.21639350416530043,0.06564690441400864,Pooled,True,98.65820739285377,98.65820739285377,0.25598454580650437,0.348256249663498,0.006337018716514205,0.01085171746630468,0.4808263273767045,0.8155693463133996,0.09672908424029786,0.17357893622029563,0.0678513200029854,0.09586296183419205,0.348256249663498,0.5698091971243405,-0.4021475198544718,0.9662079567154631,1.4203508325801464,0.8264210637797043
Valencia,connectors_sun,Afternoon,28,1.0,398,59,Other common selection,0.5565825517902567,68068.55622919256,117290.589,0.5803411578843086,0.9711541824553441,11,0.1864406779661017,11,2.162920321374399,0.1507465997512918,0.19944435162292753,0.04869775187163575,Pooled,True,98.64858843311939,98.64858843311939,0.25598454580650437,0.3510396058749754,0.0,0.0,0.4833122621575281,0.8248600493502513,0.09702889572678046,0.17513995064974885,0.068619236240716,0.09830873197640769,0.3510396058749754,0.5793041943871572,0.0,0.7478206950986271,1.4150996262757896,0.8248600493502513
Valencia,connectors_sun,Afternoon,30,0.1,398,59,Uniform sufficient,0.0267568822508934,102903.93967329193,117290.589,0.8773418272568477,0.7933547966225901,13,0.22033898305084745,1,0.0411642012618235,0.1182893779615969,0.21229255208681977,0.09400317412522287,Uniform,True,90.96985766797958,99.97324311774913,0.21229255208681977,0.11060939506641315,0.8433045927977407,0.9946592355460083,0.02710127475155632,0.004428923896593196,0.006935959707550636,0.00091184055739847,0.012048777676739118,0.002424714817789091,0.11060939506641315,0.01705519038299161,0.16496439782637068,-0.11409037722616348,-0.009709819338396892,0.9990881594426015
Valencia,connectors_sun,Afternoon,30,0.2,398,59,Uniform sufficient,0.0580995318950812,72210.17296024846,117290.589,0.6156518913912902,0.5270709966886671,13,0.22033898305084745,1,0.1820581696291567,0.1149395069929802,0.2269235363571082,0.11198402936412802,Regional,True,76.57566926536242,99.9419004681049,0.2438726888994811,0.3440845969194452,0.5083165364052878,0.9727930749771758,0.0861131990766341,0.022027860209752156,0.021222155909368202,0.0051790648130723045,0.04026351168926465,0.009055050079238939,0.3440845969194452,0.08857527030709475,0.4248316793456439,-0.22232286374931293,-0.020450645967167634,0.9948209351869279
Valencia,connectors_sun,Afternoon,30,0.3,398,59,Uniform sufficient,0.1235368111551764,51165.11713354038,117290.589,0.4362252553232585,0.4647949727994046,12,0.2033898305084746,3,0.3350198212354138,0.1384483162525684,0.2619846363384256,0.12353632008585722,Regional,True,66.93784971599564,99.87646318884484,0.27955493354679395,0.5029429639504606,0.2797974452179668,0.928166989499352,0.12593195027026433,0.057513844910499996,0.03049585983502735,0.01431916559014787,0.06083178072628101,0.02629611834515678,0.5029429639504606,0.2524881369181444,0.8109398763561508,-0.4770934916049962,0.0011734364842587886,0.985680834409852
Valencia,connectors_sun,Afternoon,30,0.4,398,59,Uniform sufficient,0.0815542635157129,36966.274677018635,117290.589,0.3151682926327417,0.5640415179837336,9,0.15254237288135594,2,0.1314172165222956,0.1812925158565082,0.26603827856837264,0.08474576271186443,Uniform,True,67.90428033693767,99.83494123936343,0.2660382785683727,0.6089565151176826,0.1256492990883994,0.8270346590826283,0.15302828189199547,0.13827387457857468,0.0364907116523468,0.03469146633879701,0.07587519224957591,0.06668862392135545,0.6089565151176826,0.5632318601254598,-0.6658376388251326,0.5292519849199018,0.26800287042753773,0.965308533661203
Valencia,connectors_sun,Afternoon,30,0.5,398,59,Other common selection,0.4050338468591974,31042.199784472054,117290.589,0.2646606181206239,0.6918963813925976,11,0.1864406779661017,8,1.6584611598895385,0.1370845707906493,0.23877948604488664,0.10169491525423732,Pooled,True,73.9912483927222,98.50916814462765,0.23877948604488664,0.6534928443131117,0.060837259214885746,0.6101945199750484,0.16462933570529512,0.3103535523586754,0.03919402320044302,0.07945192766627622,0.08184653756626427,0.12846883924740315,0.6534928443131117,1.1755995734640807,0.8211242344315205,0.020023221304950066,0.8173137041530698,0.9205480723337238
Valencia,connectors_sun,Afternoon,30,0.6,398,59,Other common selection,0.7502491999768637,27680.948267701864,117290.589,0.23600314828073599,0.7780815584371344,13,0.22033898305084745,12,4.219308261028292,0.1582420413737383,,,,False,82.87483014530271,96.07168174186877,0.23560125079239114,0.6786970460189626,0.023631742759252342,0.30772597878225605,0.17158573109369543,0.5502655366070319,0.04078567442778819,0.1420084846107121,0.08529980570030143,0.2227808864942804,0.6786970460189626,2.0333573173720962,-0.6873594192949088,2.724608834135163,2.1820588461880552,0.857991515389288
Valencia,connectors_sun,Afternoon,30,0.7,398,59,Incompatible,1.0839567645347188,26116.894179503106,117290.589,0.22266828397888858,0.8115743397378532,12,0.2033898305084746,13,6.366666403749068,,,,,False,92.29111552517854,94.22690353822097,0.2577684853690715,0.6904046284767162,0.006337018716514205,0.08796807839591571,0.17471996050458705,0.7225292625844049,0.041611304757787335,0.1895026590196793,0.08692708754439492,0.28933166750681805,0.6904046284767162,2.6450818985249,0.0,3.308365332541962,3.058301071207105,0.8104973409803206
Valencia,connectors_sun,Afternoon,30,1.0,398,59,Incompatible,1.5005888666135831,25486.965223602485,117290.589,0.21729761476091217,0.8359104301602351,13,0.22033898305084745,15,6.825071516075653,,,,,False,94.02017931525901,94.02017931525901,0.30880236958789015,0.695046153419608,0.0,0.0,0.1755410176358984,0.7893182483554241,0.04175659712501376,0.2106817516445761,0.0876562318194798,0.3014208824293911,0.695046153419608,2.8602325226854566,0.0,3.420097682522153,3.4049738335535116,0.7893182483554241
Valencia,connectors_sun,Afternoon,32,0.1,398,59,Uniform sufficient,1.4210854715202004e-14,100120.29542857144,117290.589,0.8536089406846736,0.7476700345951482,13,0.22033898305084745,0,0.0,0.1119548636447301,0.21229255208681977,0.10033768844208966,Uniform,True,88.594737259858,100.0,0.21229255208681977,0.13916921504337906,0.8433045927977407,0.9985745245358855,0.008542555910310197,0.001202392670872026,0.0017617919766226115,0.0002230827932424892,0.007221844271947354,0.0010527877909951614,0.13916921504337906,0.01544237834702782,0.0,0.0,0.0,0.9997769172067575
Valencia,connectors_sun,Afternoon,32,0.2,398,59,Uniform sufficient,2.8421709430404014e-14,63345.98128012422,117290.589,0.5400772715032083,0.4177629695875725,13,0.22033898305084745,0,0.0,0.1123331107904451,0.2283618593052751,0.11602874851483001,Uniform,True,68.46618746344136,99.99999999999999,0.2283618593052751,0.4350839482921117,0.5083165364052878,0.9933337252415707,0.026806703422218917,0.005516503331402303,0.004954031675701636,0.0011497714270268208,0.024838780204679913,0.004041827624835154,0.4350839482921117,0.08594982381301226,0.0,0.0,0.0,0.998850228572973
Valencia,connectors_sun,Afternoon,32,0.3,398,59,Uniform sufficient,-1.4210854715202004e-14,38194.228129813666,117290.589,0.32563761897225757,0.330382634674035,10,0.1694915254237288,0,0.0,0.1804753375743368,0.2789337888807985,0.09845845130646169,Uniform,True,51.12069332774342,99.98076101076418,0.2789337888807985,0.6365982879840195,0.2797974452179668,0.9828533964767926,0.03894955068914273,0.01403031650296642,0.006890623065148038,0.0031162870202410798,0.03776409304372295,0.012206725459541056,0.6365982879840195,0.25143799772204845,0.0,0.0,0.0,0.996883712979759
Valencia,connectors_sun,Afternoon,32,0.4,398,59,Uniform sufficient,0.083485886309063,21221.318484472053,117290.589,0.18092942209090665,0.44695373455189735,8,0.13559322033898305,2,0.2682696898448703,0.2082171007754979,0.2760137109449894,0.06779661016949148,Uniform,True,44.47854175105282,99.86178288061613,0.29296286348736233,0.7717428063689573,0.1256492990883994,0.9484570136346125,0.04712601087962756,0.04284246213347603,0.008154112122879666,0.008700524231911517,0.0473277715401361,0.03847736819847676,0.7717428063689573,0.7142374270551611,0.4279693997211755,-0.15871335977658793,-0.0009863500997114652,0.9912994757680885
Valencia,connectors_sun,Afternoon,32,0.5,398,59,Uniform sufficient,0.1482205627458483,14096.8852068323,117290.589,0.12018769218417258,0.5805812923151251,8,0.13559322033898305,3,0.2696661093734178,0.2409908647877646,0.3087874749572561,0.06779661016949151,Regional,True,44.39362098351533,99.72335008422043,0.3400793838394668,0.828572964185198,0.060837259214885746,0.9050838046377961,0.05063346140926312,0.08009500751351717,0.0087169715600237,0.014821187848686574,0.05123934363062954,0.07666689805683291,0.828572964185198,1.3283935739449915,1.462894205026646,-1.0243875424939255,-0.16884055315930102,0.9851788121513133
Valencia,connectors_sun,Afternoon,32,0.6,398,59,Other common selection,0.3574891773809838,10012.64322546584,117290.589,0.08536612622403865,0.7192238878158097,17,0.288135593220339,7,1.6025722583936113,0.1294172946123103,0.18452005672503888,0.055102762112728576,Shared,True,54.70474650665079,98.68241172673665,0.23109666799511722,0.860989002296368,0.023631742759252342,0.658437368765775,0.05269213531664098,0.2878789397824767,0.009042248148145322,0.05368369145174818,0.05364487147959336,0.2580279253282367,0.860989002296368,4.419618435082558,0.0,1.0061481617790922,0.5964240966145051,0.9463163085482517
Valencia,connectors_sun,Afternoon,32,0.7,398,59,Other common selection,0.7454443738782714,8106.89627515528,117290.589,0.06911804556762248,0.7763432594661759,12,0.2033898305084746,11,4.607087770811832,0.1621588751937365,0.19587784067726652,0.03371896548353001,Pooled,True,77.96458032291963,95.91030948915788,0.20710745433365288,0.8761551351660977,0.006337018716514205,0.30327873911618886,0.053604230458370684,0.5882098145636432,0.009176796392737586,0.10851144632016782,0.05472681926627983,0.5185296259987434,0.8761551351660977,8.921151703321163,0.0,2.887856086486837,1.7192316843249953,0.891488553679832
Valencia,connectors_sun,Afternoon,32,1.0,398,59,Incompatible,1.5007328600400172,7393.124185714287,117290.589,0.0630325437765027,0.8184141869179139,12,0.2033898305084746,15,6.510603332385038,,,,,False,93.48939666761497,93.48939666761497,0.3425142480809358,0.8818187016687067,0.0,0.0,0.053830759432235635,0.8387619972900967,0.00920178434426706,0.16123800270990296,0.055148754554790624,0.7012139453369577,0.8818187016687067,12.444377026923133,0.0,3.823824316799783,2.6867790155852216,0.8387619972900967
Valencia,network,Morning,28,0.1,442,66,Uniform sufficient,0.0109736456585807,108297.16782546585,129963.16799999999,0.8332912277535883,0.8257160991553567,14,0.21212121212121213,2,0.074670169082465,0.1096900294649075,0.2244746736804132,0.11478464421550572,Uniform,True,90.60246371110904,99.9890263543414,0.23144191689196683,0.1553369443824183,0.711537895526357,0.9659156466034212,0.08929426150905993,0.022716148076007445,0.032459070718171217,0.01136820532057133,0.011371827863993586,0.0018896696354547707,0.1553369443824183,0.04370897259094144,-0.46612284849496904,0.3820599940482246,0.15873302352920876,0.9886317946794286
Valencia,network,Morning,28,0.2,442,66,Uniform sufficient,0.0718114299928061,90611.12743975155,129963.16799999999,0.6972062072213534,0.7722454954107569,13,0.19696969696969696,4,0.285780902589164,0.1374661920997633,0.2586783133118846,0.12121212121212133,Regional,True,86.45111695276142,99.92818857000721,0.27382982846339976,0.27778291823084234,0.4656556453093748,0.8916034819945184,0.17754714560206197,0.07673580784580941,0.05400341630991658,0.03166071015967206,0.02501087454780442,0.007029983110257901,0.27778291823084234,0.14630024409871994,-1.9553667978316687,1.6758000472328243,0.5653476531880018,0.9683392898403278
Valencia,network,Morning,28,0.3,442,66,Uniform sufficient,0.0805693066997434,78613.80064720497,129963.16799999999,0.6048929235643515,0.7862713885281248,13,0.19696969696969696,4,0.2202846021915036,0.1818336883094307,0.2738298284633997,0.09199614015396901,Local,True,86.20603258647147,99.86600183614877,0.2738298284633997,0.35621550895698856,0.2903726684943279,0.7681650252010427,0.2486529867164781,0.17301640276988886,0.06586726835354552,0.05881857202906861,0.03889156747865997,0.01837337657495865,0.35621550895698856,0.2724865585306228,-0.7109925609620931,0.6032462824037575,0.3280308807498686,0.9411814279709315
Valencia,network,Morning,28,0.4,442,66,Uniform sufficient,0.120807145796931,70642.61637453416,129963.16799999999,0.5435587440784313,0.8308714175934093,13,0.19696969696969696,5,0.3638481101615877,0.1119272458374164,0.23032388194504744,0.11839663610763104,Regional,True,88.73448914303357,99.77468212694073,0.2585392025699298,0.40704071101186556,0.17265611872893305,0.589144936928616,0.2983585873770633,0.32060269389644613,0.07254403797243492,0.09025236917493783,0.04940054490970323,0.041426569839472696,0.40704071101186556,0.46380787040541627,-0.5855131982319449,0.5345301450730576,0.4148311633204809,0.9097476308250622
Valencia,network,Morning,28,0.5,442,66,Uniform sufficient,0.1780108924073005,65262.13704285714,129963.16799999999,0.5021587119425801,0.8824646249329394,16,0.24242424242424243,5,0.5479175228561164,0.0848612900149455,0.17482361897823517,0.08996232896328968,Uniform,True,92.98721389467806,99.6409065002317,0.20210913910624279,0.44013655180724626,0.0946139993394463,0.39218244874250013,0.33141945963150893,0.4866139073500133,0.07612525297162492,0.12120364390748663,0.05770473625017373,0.0738210718033581,0.44013655180724626,0.665805183202287,1.3194201091460587,-1.0017366598878628,0.23023407359792983,0.8787963560925134
Valencia,network,Morning,28,0.6,442,66,Uniform sufficient,0.3579621702506159,62075.17271242236,129963.16799999999,0.47763665404357,0.9287003839945874,15,0.22727272727272727,9,1.16628507760073,0.0724725429340662,0.1534689260435835,0.0809963831095173,Uniform,True,95.87302909265506,99.05868852500187,0.1917994873747615,0.45892213406721244,0.04835928820151883,0.20922757241564804,0.35157040711604487,0.6421041866209403,0.07770695872600626,0.14866824096341139,0.06344121188921763,0.1017161501833248,0.45892213406721244,0.8383381257989545,-0.5574173799372711,0.9181105634830986,0.8055918940548943,0.8513317590365883
Valencia,network,Morning,28,0.7,442,66,Other common selection,0.4525623778406498,60288.582418012425,129963.16799999999,0.46388975696569995,0.9561533544989522,13,0.19696969696969696,13,2.0791024323733063,0.1053033278698553,0.17523210604071793,0.06992877817086263,Pooled,True,96.96625300948104,98.647681727879,0.2217471435655314,0.46939021981714224,0.022371060311220003,0.10790983110674558,0.36277312264233924,0.7259572525830686,0.07874557401214068,0.16613291631018592,0.06672002321715798,0.11356330131290018,0.46939021981714224,0.9267786192046541,0.9877390294757626,0.008481111619854728,1.082882291277711,0.8338670836898142
Valencia,network,Morning,28,1.0,442,66,Population sufficient,0.4157711448492023,58683.86462360249,129963.16799999999,0.4515422756053661,0.9792700180544593,15,0.22727272727272727,14,1.7463229930964186,0.1199573412284708,0.1891933343061404,0.0692359930776696,Population,True,99.0913708307718,99.0913708307718,0.2815663525670456,0.47870210962887716,0.0,0.0,0.3721406869379259,0.8185603202593986,0.07940158866744014,0.18143967974060127,0.0697556147657569,0.13204516977914216,0.47870210962887716,1.0301301819748645,0.0,0.5761699592685173,1.1701530338278718,0.8185603202593986
Valencia,network,Morning,30,0.1,442,66,Uniform sufficient,0.0113737204328145,96994.42514906832,129963.16799999999,0.7463224130475823,0.6363980532026757,13,0.19696969696969696,1,0.0150009729637463,0.1407679632320555,0.22832461480722963,0.08755665157517412,Pooled,True,83.15493862472056,99.98499902703625,0.22832461480722963,0.24237026809154374,0.711537895526357,0.9947417569805413,0.02510636649059645,0.003441130096840357,0.009678151030628782,0.0018171129226182293,0.01130731886087404,0.0011783060280127137,0.24237026809154374,0.04684154313249538,-0.09574765406597809,0.0685586738755372,0.04218995315417674,0.9981828870773817
Valencia,network,Morning,30,0.2,442,66,Uniform sufficient,0.0010740289279169,69651.97428322982,129963.16799999999,0.5359362606737151,0.4742322496874013,12,0.18181818181818182,1,0.0063105547337179,0.198072252705824,0.30413285876643,0.106060606060606,Uniform,True,70.931204742424,99.99892597107208,0.30413285876643,0.4395596914702128,0.4656556453093748,0.9884338684885989,0.05221433001771225,0.007804132775180496,0.01806628534662799,0.0037619987362203402,0.02450404785607225,0.003091202175037862,0.4395596914702128,0.11647885355953186,-0.022301959862374307,0.01569073381075724,0.012921780785329491,0.9962380012637795
Valencia,network,Morning,30,0.3,442,66,Uniform sufficient,0.0089314514984835,50654.71406770186,129963.16799999999,0.38976207526506174,0.4370985175211123,12,0.18181818181818182,1,0.0181592100296709,0.2435267981603694,0.36473891937249064,0.12121212121212124,Uniform,True,61.933304604830965,99.98184078997032,0.3798904345240058,0.5721490467264183,0.2903726684943279,0.9597339301195472,0.07580190822156055,0.02803683551508499,0.023587498549173278,0.012229234365367676,0.038088878008520045,0.010118250632393095,0.5721490467264183,0.30876672949852324,-0.12202192069956232,0.09401304053544404,0.04616809019379611,0.9877707656346322
Valencia,network,Morning,30,0.4,442,66,Uniform sufficient,0.0266525156581707,38039.17205962733,129963.16799999999,0.29269194222494893,0.4867278204973094,11,0.16666666666666666,2,0.1625978190656766,0.2726036684765668,0.3507491515526223,0.07814548307605551,Regional,True,58.04564466413729,99.8935976327179,0.36590066670413746,0.6589927649959281,0.17265611872893305,0.9197965478157222,0.09297875832173282,0.05773753034842131,0.02705706517428306,0.02246592183585666,0.04831529277912309,0.021133465584694297,0.6589927649959281,0.5376042785126797,0.1246592874665808,-0.06740530058687806,0.10534383218596467,0.9775340781641435
Valencia,network,Morning,30,0.5,442,66,Uniform sufficient,0.1270598564043723,29632.877973291925,129963.16799999999,0.22800981562169928,0.5993835561017518,12,0.18181818181818182,5,0.3719320108225321,0.2610998896101226,0.3495874042209755,0.08848751461085291,Regional,True,61.02076552731062,99.72023535164978,0.3939549004306429,0.715940775940572,0.0946139993394463,0.8431303989994008,0.10431254556083008,0.11614106349607822,0.029083270721422888,0.04072853750452113,0.05604940843772882,0.04931614108410262,0.715940775940572,0.9960870219028782,1.7316596854707855,-1.2335543982684336,-0.12617327637982106,0.959271462495479
Valencia,network,Morning,30,0.6,442,66,Uniform sufficient,0.441353564872557,24679.3215,129963.16799999999,0.1898947361763296,0.7007936740378087,14,0.21212121212121213,12,2.199759474886318,0.1701907987010317,0.2738298284633997,0.103639029762368,Pooled,True,70.36353261393435,99.32723295879015,0.3054673858197899,0.7487548064625942,0.04835928820151883,0.6809148696747205,0.11143224287393669,0.244327620376328,0.030103205100874074,0.0747575099489514,0.06135045736107641,0.11382905275049561,0.7487548064625942,1.7707055344082336,5.335106685161861,-3.0729823106279914,-0.062364899647565336,0.9252424900510485
Valencia,network,Morning,30,0.7,442,66,Other common selection,0.7387669107275912,21878.173035403728,129963.16799999999,0.1683413337185173,0.7798520116348729,17,0.25757575757575757,14,2.9939403382028518,0.1189643563964494,0.17038918008188011,0.05142482368543072,Pooled,True,79.88242738613145,98.19835430267297,0.17721096250061472,0.767191235809994,0.022371060311220003,0.41078317547604715,0.11530117355110855,0.45604197838707466,0.030669099856188743,0.13317484613687808,0.06446743047148874,0.2087604056938549,0.767191235809994,2.9533159791514647,3.0090313393835664,-0.8748313368890609,0.8597403357083251,0.8668251538631218
Valencia,network,Morning,30,1.0,442,66,Incompatible,1.4654150738776792,19445.56141863354,129963.16799999999,0.14962363351002295,0.8913762648358156,14,0.21212121212121213,21,6.885537180684464,,,,,False,95.08470367861557,95.08470367861557,0.3547645304608708,0.7832804920793393,0.0,0.0,0.11852919173997215,0.7760962149457192,0.0310944417700508,0.223903785054281,0.06709587441063798,0.3478628137136669,0.7832804920793393,4.752534010920908,0.0,3.280356759797719,3.6051804208867715,0.7760962149457192
Valencia,network,Morning,32,0.1,442,66,Uniform sufficient,1.4210854715202004e-14,93707.36847453416,129963.16799999999,0.7210301958362093,0.5868157911001687,13,0.19696969696969696,0,0.0,0.1536540882945319,0.2434761299587448,0.0898220416642129,Uniform,True,80.31754459557573,100.0,0.2434761299587448,0.2754133545519662,0.711537895526357,0.9991116140715952,0.007529895877741042,0.0007418403896492166,0.0019624044321111802,0.0001465455387554884,0.0035564496118245846,0.0002062537895372106,0.2754133545519662,0.04280108201702713,0.0,0.0,0.0,0.9998534544612444
Valencia,network,Morning,32,0.2,442,66,Uniform sufficient,0.006172501710651,63175.18798447205,129963.16799999999,0.4861007080442365,0.3891719274101668,12,0.18181818181818182,1,0.0139221537021358,0.198072252705824,0.30413285876643,0.106060606060606,Uniform,True,64.73664663260666,99.99382749828933,0.30413285876643,0.5058696330741705,0.4656556453093748,0.9980991561477648,0.016096816242124636,0.0015535218382266007,0.004348246492737033,0.00034732201400839574,0.00802965888159313,0.0003805324662210199,0.5058696330741705,0.11509201371656003,0.0398125931276897,-0.021659862280647986,-0.004230577144911068,0.9996526779859913
Valencia,network,Morning,32,0.3,442,66,Uniform sufficient,0.0075363299738171,41652.244848447204,129963.16799999999,0.3204926864236428,0.3230977047632098,11,0.16666666666666666,1,0.007536329973821,0.2586783133118845,0.36473891937249064,0.10606060606060613,Local,True,51.44145115959106,99.99246367002618,0.36473891937249064,0.6666880519085903,0.2903726684943279,0.9909648021567701,0.02392282162369485,0.007053389148057688,0.006197196305620015,0.001981808695172104,0.012819261667767095,0.0022488144583151484,0.6666880519085903,0.32770665388842946,-0.029872693742661872,0.02079669468615418,0.016612329030317938,0.9980181913048277
Valencia,network,Morning,32,0.4,442,66,Uniform sufficient,0.0135726914849101,27266.78613975155,129963.16799999999,0.20980395106828692,0.3706552637365364,10,0.15151515151515152,1,0.0219116079401227,0.290929942551108,0.3962036970071678,0.1052737544560598,Uniform,True,42.671231939829205,99.9780883920599,0.4113552121586829,0.7737154273027025,0.17265611872893305,0.9801265808383162,0.029657959363375196,0.015245773089986476,0.0074898729759786745,0.004627646071697259,0.016480621629010525,0.006237684453851701,0.7737154273027025,0.5945626732663584,-0.014980385020283182,0.0090010074599483,0.02789098550045015,0.9953723539283026
Valencia,network,Morning,32,0.5,442,66,Uniform sufficient,0.0125201861174275,17722.744638509317,129963.16799999999,0.1363674409545735,0.5182531965646016,9,0.13636363636363635,2,0.0789461725209539,0.2889813436149148,0.3798904345240058,0.090909090909091,Uniform,True,38.69308266785515,99.98747981388257,0.3798904345240058,0.8444188489652298,0.0946139993394463,0.955276015434884,0.0334905941287929,0.03417825027695034,0.008262847486334319,0.010545734288165826,0.01921371008019673,0.014566302346971965,0.8444188489652298,1.1700210759482155,0.1508337706608823,-0.08681573604219553,0.014928137902253329,0.9894542657118344
Valencia,network,Morning,32,0.6,442,66,Uniform sufficient,0.0,12075.267742857142,129963.16799999999,0.09291299934191465,0.6378750810491012,6,0.09090909090909091,0,0.0,0.3184975223133988,0.39425509807097453,0.07575757575757575,Uniform,True,41.56671001706381,100.0,0.39425509807097453,0.8859504771000278,0.04835928820151883,0.9206179191819752,0.035902023023087905,0.06260292543276935,0.008651688117307913,0.016779155385255397,0.021136523558057632,0.03343597371009895,0.8859504771000278,1.8908205826132245,0.0,0.0,0.0,0.9832208446147446
Valencia,network,Morning,32,0.7,442,66,Uniform sufficient,0.3075385261814887,8900.149623602483,129963.16799999999,0.06848209196933767,0.744344212178108,18,0.2727272727272727,11,1.2219841440679615,0.0862540370598761,0.17234070012541067,0.08608666306553457,Shared,True,51.1335311068586,99.25026301072188,0.22252607474422015,0.9092468373913943,0.022371060311220003,0.7326048719213122,0.0372452670303735,0.2112356790035174,0.008865764627744186,0.05615944907517023,0.02227107063926801,0.10284818034678614,0.9092468373913943,5.090909928441326,0.4567965723806182,0.10513285841806883,0.6600547132692653,0.9438405509248295
Valencia,network,Morning,32,1.0,442,66,Incompatible,1.3819240683404246,6153.055333540371,129963.16799999999,0.047344608693598265,0.8914041280416498,13,0.19696969696969696,20,6.471278985779834,,,,,False,94.93167161024861,94.93167161024861,0.35476453046087086,0.9294064219144982,0.0,0.0,0.03833579523772774,0.7902485085781502,0.009008813455870533,0.20975149142184982,0.023248969391903657,0.3830051119664404,0.9294064219144982,17.79446145122062,0.0,2.8471630067171523,3.624115979062671,0.7902485085781502
Valencia,network,Afternoon,28,0.1,442,66,Uniform sufficient,0.0905620232488786,103783.49222173914,129963.16799999999,0.7985608062565784,0.8597726494424156,15,0.22727272727272727,6,0.2861173187155477,0.0837897045918844,0.1860003695256742,0.1022106649337898,Uniform,True,91.66697044936596,99.856990442971,0.18749085615059521,0.17168251710872884,0.4981217094566286,0.8258542977130428,0.24536938549346612,0.13975519562003313,0.05506971130648359,0.03439050666692402,0.029756676634692943,0.013373138151722235,0.17168251710872884,0.08563911057066906,-1.8905565893032823,1.5924670004022121,0.584206907616617,0.9656094933330759
Valencia,network,Afternoon,28,0.2,442,66,Uniform sufficient,0.2097649178360683,90133.64454658385,129963.16799999999,0.6935322209642031,0.8639437922010795,16,0.24242424242424243,9,0.7764668873752052,0.1000203569564067,0.17166314731990417,0.07164279036349748,Pooled,True,91.33641228340745,99.4161088476699,0.21225473526608574,0.2584805169115251,0.2566383448622261,0.6076330201132688,0.3604101430601367,0.31760547904158526,0.07648373304184038,0.07476150084514592,0.04798726212427179,0.03219911962890444,0.2584805169115251,0.21815853929302864,-4.20478309929389,3.7210641046953077,1.260185881973795,0.9252384991548541
Valencia,network,Afternoon,28,0.3,442,66,Uniform sufficient,0.2495873859735979,82565.37173354038,129963.16799999999,0.635298238755925,0.8926851406669825,17,0.25757575757575757,10,1.145968279442989,0.0852722791849345,0.16564755695034517,0.08037527776541066,Pooled,True,94.21109259542988,99.42359406812442,0.19386287757522752,0.30605590058288457,0.12336037967177045,0.3557882040453613,0.4246728559365221,0.5276989182643089,0.08726500314763236,0.11651287769032988,0.058645860661190624,0.05976310029978771,0.30605590058288457,0.3673714663030651,-3.85003879646656,3.5581027076972185,1.4379043682123476,0.8834871223096703
Valencia,network,Afternoon,28,0.4,442,66,Other common selection,0.3496733096775273,78814.75143540374,129963.16799999999,0.6064391369361183,0.9315543128056252,12,0.18181818181818182,11,1.748842459401015,0.1383642689232747,0.195794996317726,0.05743072739445132,Shared,True,95.56342008140552,98.68393629099238,0.2419605425158891,0.32930484556749084,0.058561962868076134,0.1831708123957385,0.4556493659708093,0.6709783475006238,0.09222780809723277,0.14585084010363775,0.06425601749639107,0.0760180265694646,0.32930484556749084,0.46207242784490443,-1.4704716677520477,1.8883937128894073,1.3309204142636848,0.8541491598963623
Valencia,network,Afternoon,28,0.5,442,66,Other common selection,0.5208551005526232,76812.21422360248,129963.16799999999,0.5910306389545882,0.9537262677663165,13,0.19696969696969696,13,2.095879176216102,0.1459895678079556,0.20553513634374823,0.059545568535792626,Pooled,True,97.36904433013869,98.50975728382107,0.25205017386856166,0.34193738333350093,0.02410542228366373,0.08610527837201576,0.47193985656934273,0.7513128690967654,0.0949853601015817,0.16258185253121876,0.067031977711911,0.08568649702419424,0.34193738333350093,0.5200058754163913,-0.7402496119669979,1.3224056955004058,1.513723092682688,0.8374181474687812
Valencia,network,Afternoon,28,0.6,442,66,Other common selection,0.5790987797778797,75725.99819130436,129963.16799999999,0.5826727630347113,0.9660206120323449,13,0.19696969696969696,14,2.438975895502565,0.1459895678079556,0.2034264850680268,0.05743691726007119,Pooled,True,98.33312839730698,98.618839819885,0.26641483741553046,0.3487927199755091,0.006214593943802496,0.015732564239805125,0.4801521748757625,0.8103275235145765,0.09630599421514612,0.1739399122456185,0.06853451698977987,0.09409487658731128,0.3487927199755091,0.5663363576776514,0.0,0.8291704617093041,1.6098054337932595,0.8260600877543816
Valencia,network,Afternoon,28,0.7,442,66,Other common selection,0.6132942447332681,75345.5460720497,129963.16799999999,0.5797453788757266,0.9686002168118785,14,0.21212121212121213,14,2.2069110971157984,0.1493420071418724,0.20342648506802677,0.05408447792615437,Pooled,True,98.54553741519082,98.54553741519082,0.28156635256704565,0.35113783353551126,0.0002968198818754021,0.0,0.4827689195900746,0.8233593106445536,0.09667963940377648,0.1766406893554464,0.06911678758876233,0.0961129370329296,0.35113783353551126,0.5756915726529492,0.0,0.6329074505406234,1.5740036465751768,0.8233593106445536
Valencia,network,Afternoon,28,1.0,442,66,Other common selection,0.6132942447332681,75323.72327453416,129963.16799999999,0.5795774636282656,0.9686860994114072,14,0.21212121212121213,14,2.2069110971157984,0.1493420071418724,0.20342648506802677,0.05408447792615437,Pooled,True,98.54553741519082,98.54553741519082,0.28156635256704565,0.35125995371548285,0.0,0.0,0.4828901917132408,0.8233593106445536,0.09668727191502471,0.1766406893554464,0.06916258265625168,0.0961129370329296,0.35125995371548285,0.5756915726529492,0.0,0.6329074505406234,1.5740036465751768,0.8233593106445536
Valencia,network,Afternoon,30,0.1,442,66,Uniform sufficient,0.0804811028450984,78833.32915900621,129963.16799999999,0.6065820830022104,0.5546122482275366,14,0.21212121212121213,3,0.196500180423059,0.1443957651979451,0.26318631011182825,0.11879054491388316,Regional,True,76.40516900130056,99.9195188971549,0.28075940156158147,0.3518000143621007,0.4981217094566286,0.9662934190516507,0.0873354304639537,0.027627891666971723,0.02112494308162813,0.006078689281377652,0.041617902635688986,0.011254609812596619,0.3518000143621007,0.10554972440281782,0.4484064358848856,-0.2590374011300476,0.007131145668210262,0.9939213107186224
Valencia,network,Afternoon,30,0.2,442,66,Uniform sufficient,0.124388751491935,54151.042120496895,129963.16799999999,0.4166645285262429,0.5068784770597078,10,0.15151515151515152,3,0.2371572966418433,0.2126392700878004,0.28839684584537617,0.07575757575757577,Pooled,True,65.32325878539477,99.84314021895146,0.3035483609968913,0.5195066001386768,0.2566383448622261,0.9191626892932709,0.12915804121762228,0.06417974877804344,0.03086814244639447,0.016657561928685772,0.06382887133508033,0.025242630667742984,0.5195066001386768,0.2602084177953581,0.9406823009928301,-0.6493720734660359,-0.05415293088491964,0.9833424380713144
Valencia,network,Afternoon,30,0.3,442,66,Uniform sufficient,0.0542722487470967,40666.71829813665,129963.16799999999,0.3129095644862755,0.5931326786452774,9,0.13636363636363635,3,0.572113519115904,0.2410683995414063,0.316825975298982,0.07575757575757569,Local,True,64.1484654497005,99.62918066737859,0.316825975298982,0.6105968558168346,0.12336037967177045,0.8093319977355691,0.15314456443459906,0.15152827909723274,0.03640462037990593,0.03913972316719821,0.07649357969689015,0.06738712023058403,0.6105968558168346,0.600845620591056,-0.7232724811874152,0.8538127021503549,0.44157329815299207,0.9608602768328018
Valencia,network,Afternoon,30,0.4,442,66,Other common selection,0.5370580285378281,34064.110129192544,129963.16799999999,0.2621058770219617,0.6810964720421776,13,0.19696969696969696,11,1.9639746876035733,0.2038006204398408,0.2682566221727179,0.0644560017328771,Pooled,True,72.38524481787002,98.47540289730296,0.32167894746078435,0.6549643809431774,0.058561962868076134,0.5727223110024694,0.16459914040142487,0.3367605715650762,0.03894477375246073,0.09051711743245418,0.08292974203486093,0.13227901838689957,0.6549643809431774,1.2460964084444783,1.2346321511992322,-0.18637760239923384,0.9157201388035744,0.9094828825675456
Valencia,network,Afternoon,30,0.5,442,66,Other common selection,0.7497947195909802,30629.886989440995,129963.16799999999,0.2356812892514362,0.7680976298938749,15,0.22727272727272727,15,4.763284977954033,0.1767034536766881,0.2169582161225025,0.040254762445814385,Pooled,True,84.33522682176373,96.31983154009177,0.2726454243629172,0.6784099307943591,0.02410542228366373,0.3194176806271122,0.1709761340787498,0.5391863842430992,0.04059973288902268,0.14139593512978862,0.08590877995420484,0.21629139388776533,0.6784099307943591,1.9842157599195067,1.4429859049688458,1.3518249560556481,1.96847411692952,0.8586040648702113
Valencia,network,Afternoon,30,0.6,442,66,Incompatible,1.3939649472022495,28816.058253416148,129963.16799999999,0.2217248063190961,0.8044548054806065,15,0.22727272727272727,18,7.40565102114323,,,,,False,91.43409234703317,93.30177555057239,0.31315992613314175,0.6908387867102213,0.006214593943802496,0.0647638379665017,0.1741160245804201,0.7373487258252773,0.04139418779487351,0.19788743620822077,0.0874364069706827,0.28108330006426074,0.6908387867102213,2.671653982267764,-0.4455884035081669,4.039892473723146,3.811346950928244,0.802112563791779
Valencia,network,Afternoon,30,0.7,442,66,Incompatible,1.697052673336913,28206.26936273292,129963.16799999999,0.21703279318901278,0.8225011299016399,13,0.19696969696969696,19,7.804216762027949,,,,,False,93.2790877574939,93.2790877574939,0.3396130153093556,0.6949504554583491,0.0002968198818754021,0.0,0.17511289405429162,0.7873827171207805,0.041623079252845745,0.2126172828792193,0.08801675135263819,0.2961130736834983,0.6949504554583491,2.840793336465962,0.0,3.929133599661673,3.875083162366273,0.7873827171207805
Valencia,network,Afternoon,30,1.0,442,66,Incompatible,1.697052673336913,28173.31473416149,129963.16799999999,0.2167792242042106,0.8258344309247722,13,0.19696969696969696,19,7.804216762027949,,,,,False,93.2790877574939,93.2790877574939,0.3396130153093556,0.6951616216028834,0.0,0.0,0.17515105661053273,0.7873827171207805,0.0416281675936779,0.2126172828792193,0.0880591541929061,0.2961130736834983,0.6951616216028834,2.840793336465962,0.0,3.929133599661673,3.875083162366273,0.7873827171207805
Valencia,network,Afternoon,32,0.1,442,66,Uniform sufficient,1.4210854715202004e-14,68936.35642670808,129963.16799999999,0.5304299478657529,0.44407793790320027,14,0.21212121212121213,0,0.0,0.1574595706713123,0.2636592874738732,0.10619971680256088,Shared,True,68.01565214993886,100.0,0.2656078864100664,0.44421034148126554,0.4981217094566286,0.9901563323084142,0.02723784371743086,0.00777279100247198,0.005070394691693397,0.002070876689113736,0.02535971065298166,0.005459933045368771,0.44421034148126554,0.11051121800197758,0.0,0.0,0.0,0.9979291233108861
Valencia,network,Afternoon,32,0.2,442,66,Uniform sufficient,0.0046494255257556,39479.25246770187,129963.16799999999,0.30377262323816134,0.35963414985381215,8,0.12121212121212122,1,0.0046494255257561,0.2429423003908307,0.3186998761484065,0.0757575757575758,Pooled,True,49.202993259256594,99.9907207747675,0.33385139129992164,0.657008793053339,0.2566383448622261,0.976483242131639,0.04005930718914404,0.019006747056072006,0.007074971186791164,0.004510010812289035,0.03921858370849974,0.013840422662525387,0.657008793053339,0.3038622170661174,0.052566528011021726,-0.03875715758429004,-0.00915994490097564,0.9954899891877109
Valencia,network,Afternoon,32,0.3,442,66,Uniform sufficient,0.0183723952210215,23231.84885341615,129963.16799999999,0.17875717567469696,0.44364456430023863,9,0.13636363636363635,1,0.0183723952209996,0.2555035543888586,0.3304742785418879,0.0749707241530293,Uniform,True,39.01542702353137,99.93913289874565,0.34470742930377435,0.7737273633648276,0.12336037967177045,0.9455154969508743,0.047208430450385384,0.04496618332544191,0.00818836555254109,0.00951831972368388,0.04751546096047557,0.039777790859241054,0.7737273633648276,0.7358982320650632,0.08851268429258827,-0.06263175689493714,-0.007508532176620669,0.9904816802763162
Valencia,network,Afternoon,32,0.4,442,66,Uniform sufficient,0.0885567475742874,15323.535327950312,129963.16799999999,0.11790675438098211,0.5754141116853904,6,0.09090909090909091,2,0.1111158444743554,0.3311336233914575,0.4059728347594045,0.07483921136794697,Uniform,True,39.77317287310148,99.87930863418465,0.40597283475940454,0.830401253271507,0.058561962868076134,0.8907832810255292,0.05061821482485605,0.09018584322738292,0.008726576688049902,0.019030875747087846,0.05169199234751099,0.08147816519020207,0.830401253271507,1.4346590850805345,0.17017593476328813,-0.05797601497669764,-0.0010840753122263163,0.980969124252912
Valencia,network,Afternoon,32,0.5,442,66,Other common selection,0.3440373765863143,11125.787121739131,129963.16799999999,0.08560723236401202,0.7068543729547117,19,0.2878787878787879,7,1.4747558504512372,0.089887486080252,0.15556256957075998,0.06567508349050798,Shared,True,58.51755159729952,98.6504502813882,0.20975929118625364,0.8605722925698743,0.02410542228366373,0.6614562793184015,0.05245926642770529,0.28429688574473694,0.009042543652643004,0.05424683493686151,0.053820475066113684,0.2530620979557043,0.8605722925698743,4.360621536629556,0.0,0.8655071529237186,0.6092486975275189,0.9457531650631383
Valencia,network,Afternoon,32,0.6,442,66,Other common selection,0.8964944081748882,8934.700249689442,129963.16799999999,0.0687479413374214,0.7552933403220686,14,0.21212121212121213,16,5.614232296293322,0.2032971875959083,,,,False,75.67110286776139,95.05458496472795,0.26575678174240314,0.8763618143045131,0.006214593943802496,0.3026141578539349,0.05336105887328179,0.5873085484454909,0.009172288520337111,0.1100772937005738,0.05489024435806554,0.5098202561401245,0.8763618143045131,8.869550388649303,0.783928425217554,2.926543734319038,1.90376013675671,0.8899227062994257
Valencia,network,Afternoon,32,0.7,442,66,Incompatible,1.580391984693108,8206.951314906833,129963.16799999999,0.06314828609677192,0.796680971052878,13,0.19696969696969696,18,7.093465884800124,,,,,False,91.88916894383225,92.51825525828802,0.35476453046087086,0.8815680616048758,0.0002968198818754021,0.018435795014260927,0.053643212306454996,0.8213477851592229,0.009208253908441514,0.16021641982651574,0.05528365229835232,0.684967424521805,0.8815680616048758,12.179756702611224,0.0,4.10981349864394,2.9836523861561606,0.8397835801734839
Valencia,network,Afternoon,32,1.0,442,66,Incompatible,1.6452414986874118,8169.5880403726715,129963.16799999999,0.06286079483975546,0.8076757503844524,13,0.19696969696969696,19,7.656990843045659,,,,,False,92.7227898652356,92.7227898652356,0.369916045612386,0.8818301111577316,0.0,0.0,0.05365254093131394,0.8362741777405976,0.009208253908441514,0.16372582225940202,0.05530909400251307,0.6948990672377665,0.8818301111577316,12.37999049680182,0.0,4.488583648441073,3.1684071946045846,0.8362741777405976
Madrid,connectors_shade,Morning,28,0.1,1632,244,Uniform sufficient,0.0062046643990498,348476.7326453172,453599.51399999997,0.7682475882135034,0.7476591092630196,45,0.18442622950819673,5,0.0328173487705852,0.1127108795547003,0.21373977135662464,0.10102889180192434,Shared,True,90.8037324708973,99.98856384876741,0.23013321397957548,0.21919065193872603,0.6520455841723077,0.9687806425948761,0.10237254644723419,0.025202795981522932,0.013829457593961472,0.006016561423600905,0.012561759847770769,0.0030813867677435608,0.21919065193872603,0.07716015854406916,-0.08932134844521313,0.06324497103057547,0.058893726185210916,0.993983438576399
Madrid,connectors_shade,Morning,28,0.2,1632,244,Uniform sufficient,0.0634981306271811,281233.7086259819,453599.51399999997,0.6200044311025913,0.7025477107149583,50,0.20491803278688525,8,0.1720368940302026,0.1265762427711023,0.23441511203524484,0.10783886926414255,Regional,True,86.28571483790158,99.87878424327047,0.24529555841183556,0.35671588371015994,0.40797419145644037,0.9134104838559738,0.18931808825031562,0.07237550567679214,0.022712151395835312,0.014214010467234167,0.02327968518724882,0.00899213481130517,0.35671588371015994,0.17717784910415516,-0.32988011399880435,0.2761772559132492,0.22573975211575556,0.985785989532766
Madrid,connectors_shade,Morning,28,0.3,1632,244,Uniform sufficient,0.1383618157725834,238973.38445921452,453599.51399999997,0.5268378317954162,0.7518847239601416,50,0.20491803278688525,16,0.572768807742112,0.1633283452970814,0.26310363662540875,0.09977529132832735,Regional,True,86.72396860973234,99.70157011937434,0.2958905218713104,0.44240544084912947,0.2471553712688286,0.7871070104253565,0.25163745374573493,0.1809163497889394,0.028045006780852616,0.031976639785704114,0.03075672735545447,0.018505622515517996,0.44240544084912947,0.380684889621432,0.26156598751066856,-0.18819405049858284,0.4993968707300149,0.9680233602142958
Madrid,connectors_shade,Morning,28,0.4,1632,244,Uniform sufficient,0.2572289820447793,211874.35241208458,453599.51399999997,0.4670956336432155,0.8149321382340439,48,0.19672131147540983,25,0.8978107167507418,0.1425390522527518,0.2203361647651553,0.07779711251240351,Regional,True,89.14260614523752,99.22624100034166,0.26959181543350685,0.4974449273204474,0.13984305411553322,0.5796161521825611,0.29548767596269443,0.3632291575195216,0.03176490356498783,0.05715469029791733,0.035459439036337165,0.03337579979092208,0.4974449273204474,0.667012286119875,1.0396407037502295,-0.903864421275956,0.7620344342764791,0.9428453097020828
Madrid,connectors_shade,Morning,28,0.5,1632,244,Uniform sufficient,0.3218198783731907,195957.01603625377,453599.51399999997,0.4320044664691898,0.8730173947701866,52,0.21311475409836064,30,1.1234343486738398,0.1282642499176697,0.20563565030844286,0.07737140039077317,Uniform,True,92.8099229026323,99.18630582325949,0.2512434496654563,0.5297497919732442,0.07365049638115453,0.33328481269705074,0.32452785794009387,0.58760954157233,0.033826112147941394,0.07910564573061925,0.03824574155756607,0.054677459103483365,0.5297497919732442,0.9759527308845728,0.6408615268706851,-0.5243902358919841,1.0069630576951403,0.9208943542693808
Madrid,connectors_shade,Morning,28,0.6,1632,244,Other common selection,0.3710822310606403,186467.10748217523,453599.51399999997,0.4110831288989768,0.9125959219916874,51,0.20901639344262296,36,1.2818826942874024,0.1077724466389811,0.18090886452005808,0.07313641788107698,Pooled,True,96.07820016337587,98.99861972721331,0.2356243363409328,0.5488797683033404,0.03387301704269011,0.15052723896518322,0.34229861146150325,0.753079396298934,0.03491150039478348,0.09639336473588296,0.04003710279768285,0.06993229026482661,0.5488797683033404,1.2030142244550168,0.41575160789076665,-0.4368882359069668,1.3030193223036128,0.9036066352641172
Madrid,connectors_shade,Morning,28,0.7,1632,244,Other common selection,0.4271910290471226,181803.73745981872,453599.51399999997,0.40080231977457265,0.9431350219495646,53,0.21721311475409835,35,1.3940069129328183,0.1046858706312097,0.18397863202686435,0.07929276139565465,Shared,True,97.56733975317567,98.88403550400366,0.2309739407853185,0.5583244601750789,0.013763835004642832,0.06249361821549098,0.3516128053886835,0.8344982831814685,0.03542567938124637,0.10300809860304065,0.04087322005034858,0.07685054463552987,0.5583244601750789,1.304941647219758,0.06469924560399097,-0.057091143555889734,1.386398810884726,0.8969919013969594
Madrid,connectors_shade,Morning,28,1.0,1632,244,Other common selection,0.4469120346084594,178536.12814561932,453599.51399999997,0.3935985878186354,0.9617237037087926,55,0.22540983606557377,37,1.594840659846137,0.092387625170712,0.17768087796814222,0.08529325279743022,Pooled,True,98.82763868310198,98.82763868310198,0.21960313184341107,0.565089022145832,0.0,0.0,0.35777224754358805,0.8917701756811466,0.03582634027504739,0.1082298243188535,0.04131239003553269,0.08218709081020874,0.565089022145832,1.3849788913052838,0.0,0.046026119085403217,1.5488145407607248,0.8917701756811466
Madrid,connectors_shade,Morning,30,0.1,1632,244,Uniform sufficient,0.0116909163718617,320374.3426096677,453599.51399999997,0.7062933991804667,0.6116378223368408,42,0.1721311475409836,2,0.0133629066784577,0.116809240210438,0.22193649266810006,0.10512725245766207,Pooled,True,85.44772514479163,99.98663709332153,0.22603485332383777,0.2853742185430889,0.6520455841723077,0.9910668888981417,0.042882463795046954,0.005608654735527875,0.01136535121311208,0.0033244563663303137,0.008332382276444419,0.001263585654594132,0.2853742185430889,0.08107369600504166,-0.1066453018717019,0.08050637245118449,0.03950183609897379,0.9966755436336695
Madrid,connectors_shade,Morning,30,0.2,1632,244,Uniform sufficient,0.0335146803249131,232799.0156688822,453599.51399999997,0.5132258930702519,0.5004282173383947,45,0.18442622950819673,4,0.0729686590391962,0.1520424447570733,0.23709883710036012,0.08505639234328682,Uniform,True,74.74746959512275,99.92703134096081,0.24529555841183556,0.4698774243574183,0.40797419145644037,0.9823895275554348,0.0854511044812189,0.011451352278841791,0.019800597132592558,0.006159120165723154,0.01689668257232998,0.0026469747477662325,0.4698774243574183,0.15340824163263692,-0.007995179519562457,0.007713055862883045,0.07325078269586711,0.9938408798342766
Madrid,connectors_shade,Morning,30,0.3,1632,244,Uniform sufficient,0.0247368274009716,176975.14989305136,453599.51399999997,0.3901572740508963,0.5406554694629202,41,0.1680327868852459,5,0.1868417164169962,0.2024254635630906,0.30818560383852356,0.10576014027543296,Regional,True,71.42891417017444,99.93041455983278,0.31228396449426127,0.5863119817376613,0.2471553712688286,0.9447609957078419,0.11780953238375133,0.038960852231254194,0.025192370398316368,0.01627815206090391,0.02353074421144239,0.007299662923090177,0.5863119817376613,0.35946808602665,0.26173617712732894,-0.13913568299276202,0.06424122228243058,0.9837218479390961
Madrid,connectors_shade,Morning,30,0.4,1632,244,Uniform sufficient,0.2024678208911154,140843.1132187311,453599.51399999997,0.3105010231971525,0.6299090834982759,43,0.1762295081967213,17,0.879556920298838,0.2262183907237694,0.3122839644942612,0.08606557377049182,Regional,True,72.27421944203104,99.6311729885225,0.32867740711721205,0.6614595085728759,0.13984305411553322,0.8404653531236992,0.14152851416080528,0.11576002432279674,0.029129454920814056,0.04377462255350402,0.028039468229971554,0.01776326133336493,0.6614595085728759,0.7695237952116741,-0.923670468635564,0.7429528680532052,1.0602745208811941,0.9562253774464959
Madrid,connectors_shade,Morning,30,0.5,1632,244,Other common selection,0.6372583920608008,119239.30795226587,453599.51399999997,0.2628735355132366,0.7195420437023498,46,0.1885245901639344,37,2.478154747796729,0.2142587068086861,0.29479579533192196,0.08053708852323585,Pooled,True,78.02471939120744,98.52955067221708,0.33070634700611373,0.7061543531667851,0.07365049638115453,0.6507388072394863,0.1577542214448933,0.2659508189786855,0.0314688176871888,0.08331037378182812,0.030972111319978343,0.03817448289032626,0.7061543531667851,1.3765205256320872,-0.21322426941145775,0.3726970173712755,2.318681999836914,0.9166896262181718
Madrid,connectors_shade,Morning,30,0.6,1632,244,Other common selection,0.8564671483945006,106356.18067432025,453599.51399999997,0.23447154900240977,0.7960710294975853,51,0.20901639344262296,44,3.296240801249883,0.2076475629362062,0.2637710116429371,0.05612344870673089,Pooled,True,86.35841868779922,98.60130200560309,0.3095636422580643,0.7325913458910752,0.03387301704269011,0.3752583662592976,0.16780222503738293,0.4925858219355309,0.03279630692233672,0.1321558118051715,0.032937105106515124,0.07087792974266309,0.7325913458910752,2.2264285821801746,-0.23285222894992777,0.2309743432095938,3.2981186869902226,0.8678441881948284
Madrid,connectors_shade,Morning,30,0.7,1632,244,Incompatible,1.0343153636082576,99968.76052265862,453599.51399999997,0.22038991982398515,0.8616105012097309,53,0.21721311475409835,54,3.913644665106684,,,,,False,93.04422910002606,97.91221660145418,0.27858577843387644,0.745696407251543,0.013763835004642832,0.15862056242323608,0.17316310981804398,0.6708111672281564,0.033462975001298356,0.1705682703486076,0.03391367292447203,0.0952393294227523,0.745696407251543,2.8595879013844887,0.1994035641664685,-0.08457997100426456,3.7988210719444786,0.8294317296513924
Madrid,connectors_shade,Morning,30,1.0,1632,244,Incompatible,1.0803369409722592,95564.0331365559,453599.51399999997,0.21067931112588428,0.9226087468351563,59,0.24180327868852458,58,4.671335938238361,,,,,False,97.57131302433987,97.57131302433987,0.2613380500667821,0.7549072586352555,0.0,0.0,0.1766874001475628,0.8015361915024707,0.03399191097832148,0.19846380849752934,0.03441343023886031,0.11423616380242842,0.7549072586352555,3.3569739583185214,0.0,0.1088118611348361,4.562524077103517,0.8015361915024707
Madrid,connectors_shade,Morning,32,0.1,1632,244,Uniform sufficient,0.0001287915477234,303508.04428700905,453599.51399999997,0.6691101619809254,0.537638119977379,41,0.1680327868852459,1,0.0001287915477239,0.1194774762746574,0.22582290867038018,0.10634543239572279,Uniform,True,82.30012668742704,99.99987120845228,0.2299212693261179,0.32708962366059374,0.6520455841723077,0.9987591447061833,0.01355543845682451,0.0006793005380217365,0.003509139351793314,0.0005615547557948915,0.003800214358480814,0.00016927529439780736,0.32708962366059374,0.07999087773051787,-0.010349412167992077,0.0023660460003201373,0.008112157715383327,0.9994384452442051
Madrid,connectors_shade,Morning,32,0.2,1632,244,Uniform sufficient,1.4210854715202004e-14,201113.14940725075,453599.51399999997,0.4433716157095591,0.3586457781211977,44,0.18032786885245902,0,1.8475338171093688e-14,0.1609514944403968,0.2531629522750196,0.09221145783462281,Uniform,True,66.79473262827854,99.99764141663536,0.2563370399054516,0.5477464238983482,0.40797419145644037,0.9973500484981221,0.028107760005107986,0.001976137228630116,0.007289664248010738,0.000673814273247565,0.008881960392092802,0.0006843401534757639,0.5477464238983482,0.151353237960863,0.0,0.0,0.0,0.9993261857267522
Madrid,connectors_shade,Morning,32,0.3,1632,244,Uniform sufficient,0.0058335854521942,134627.89253232628,453599.51399999997,0.2967990228762156,0.3553110045948737,41,0.1680327868852459,4,0.0454578012871293,0.2112550726923369,0.30961572843004176,0.09836065573770486,Uniform,True,58.0276537240932,99.99221742734612,0.31148314486762774,0.6899177716762861,0.2471553712688286,0.9886228477719521,0.03976888523541438,0.008133604804106343,0.00987476637197264,0.0032435474239417695,0.013283205447498414,0.002629716469400977,0.6899177716762861,0.3741898625235479,-0.020509969138314,0.016159714392373337,0.04980805603307974,0.9967564525760584
Madrid,connectors_shade,Morning,32,0.4,1632,244,Uniform sufficient,0.0223288692560572,90971.48589365558,453599.51399999997,0.20055463704411197,0.4286261320604424,38,0.1557377049180328,5,0.1417118251479249,0.2508085546581957,0.3409724890844252,0.0901639344262295,Local,True,51.54590053605331,99.97232060959195,0.3409724890844252,0.7829402821368058,0.13984305411553322,0.9704775643720979,0.04860866071549001,0.020205232898389106,0.012102922213088741,0.009317202729512959,0.016505080819082328,0.006316434902638419,0.7829402821368058,0.7511455050135534,-0.1403639124407848,0.09726427608183796,0.18481146150687427,0.990682797270487
Madrid,connectors_shade,Morning,32,0.5,1632,244,Uniform sufficient,0.197507272707412,64501.21325558913,453599.51399999997,0.14219859427712953,0.5294053014753797,38,0.1557377049180328,13,0.3987463195826977,0.2689235070801996,0.3418967621097308,0.07297325502953123,Pooled,True,50.63866653020024,99.6325476744438,0.35605926051452985,0.8391891546087331,0.07365049638115453,0.9174088342770006,0.05492531610303808,0.05445801397643667,0.013622781792936906,0.028133151746562952,0.01861225111413751,0.01723955584048789,0.8391891546087331,1.418558044688107,-1.2864918488979955,0.506629553006518,1.1786086154741693,0.9718668482534373
Madrid,connectors_shade,Morning,32,0.6,1632,244,Incompatible,1.0143790095114582,48658.53969969788,453599.51399999997,0.10727202785252077,0.6389540019839215,44,0.18032786885245902,43,4.723184726690608,,,,,False,59.15227611276552,97.67569156842424,0.35918292694282006,0.8726701484808749,0.03387301704269011,0.731304518435519,0.05887778317423998,0.18227096580782232,0.014521227635590701,0.08642451575665869,0.020057823666604472,0.04746057864620424,0.8726701484808749,3.129136318446316,-0.6947153321668919,0.07633980489217482,5.341560253965332,0.9135754842433413
Madrid,connectors_shade,Morning,32,0.7,1632,244,Incompatible,1.8028650456761568,40731.795133534746,453599.51399999997,0.08979682269574643,0.7242901638755168,51,0.20901639344262296,62,7.86768781085776,,,,,False,74.78632137651844,96.75227701285482,0.3308526823105003,0.8894030779298712,0.013763835004642832,0.4369510897004907,0.061057995098996155,0.3961010891973698,0.014974992592107439,0.1669478211021397,0.020800099374382493,0.09468754339850337,0.8894030779298712,5.8676937233313735,-0.002636293731686515,-0.6608407836666748,8.531164888256129,0.8330521788978604
Madrid,connectors_shade,Morning,32,1.0,1632,244,Incompatible,2.7428172350901434,35319.90296797583,453599.51399999997,0.0778658307115731,0.8492267405081777,59,0.24180327868852458,89,12.413686193298275,,,,,False,93.93647462245357,93.93647462245357,0.31272756984638495,0.9009565772263034,0.0,0.0,0.062467306677601385,0.7137930033290621,0.015398524033971715,0.28620699667093763,0.02117759206212352,0.16805744663852157,0.9009565772263034,10.01669100886218,0.0,-0.8957678928787524,13.309454086177016,0.7137930033290621
Madrid,connectors_shade,Afternoon,28,0.1,1632,244,Population sufficient,0.001307064257503,421983.51741304353,453599.51399999997,0.9302997564786711,0.9829259795854061,45,0.18442622950819673,2,0.0095154236428422,0.0652185588324151,0.16204476985497612,0.09682621102256102,Population,True,99.2344986103056,99.99087828926294,0.19226773916028406,0.05908244743541073,0.5686924763976275,0.7202012052793836,0.3530860211508139,0.27328564045933434,0.008521258930229564,0.006513154261281947,0.010617796085918363,0.00843651229033906,0.05908244743541073,0.04648218410786542,-0.015608883574694967,0.01708227476511279,0.008042032452417549,0.9934868457387179
Madrid,connectors_shade,Afternoon,28,0.2,1632,244,Population sufficient,0.0076646376617475,402960.14560567634,453599.51399999997,0.8883610611753794,0.9832814501176877,45,0.18442622950819673,4,0.0167170753521041,0.0673234306195399,0.16204476985497612,0.09472133923543623,Population,True,99.31547365663265,99.98624750720289,0.19147050238653662,0.09478430413365715,0.3307273586305129,0.47502082846011945,0.544165559557556,0.5122999256696298,0.013468142987310543,0.012679245870250598,0.016854634690963537,0.015623447753179578,0.09478430413365715,0.08997303716921798,0.05145697768782014,-0.05068105817380316,0.01594115583807436,0.9873207541297493
Madrid,connectors_shade,Afternoon,28,0.3,1632,244,Population sufficient,0.0045909287758689,390846.443593599,453599.51399999997,0.8616553402956226,0.9876493587629549,49,0.20081967213114754,3,0.0100534691587787,0.0591267093080645,0.16204476985497612,0.10291806054691163,Population,True,99.51573690908545,99.9895923453039,0.18407101784880864,0.11755129439146324,0.18317085535367508,0.29411253852598335,0.6619641967352657,0.6885158714249761,0.016520288206681857,0.01737159004904042,0.020793365312914158,0.021288013340735774,0.11755129439146324,0.12440439236800911,-0.1727571083653196,0.16297688015751965,0.019833697366564967,0.9826284099509595
Madrid,connectors_shade,Afternoon,28,0.4,1632,244,Population sufficient,0.0084618650222125,383716.3097131642,453599.51399999997,0.8459363334175977,0.9922270565999277,50,0.20491803278688525,6,0.0400013413070289,0.0591267093080645,0.16204476985497612,0.10291806054691163,Population,True,99.73027019850325,99.9632590309919,0.17065983111000352,0.13107671805193438,0.09770391102749512,0.16019372958666966,0.7298822113349269,0.8186961583633077,0.018350211055175692,0.021110112050022542,0.02298694853046797,0.024843671660438525,0.13107671805193438,0.1493364576402296,0.1286921837535857,-0.1236907594274695,0.03499991698090932,0.9788898879499773
Madrid,connectors_shade,Afternoon,28,0.5,1632,244,Population sufficient,0.0124698357742261,379415.0121727053,453599.51399999997,0.8364537449056997,0.9956132550233909,50,0.20491803278688525,5,0.0363394891803698,0.0576965847165463,0.15937653379075667,0.10167994907421038,Pooled,True,99.86860594177803,99.96908562492564,0.16347489444649438,0.13922723030078027,0.04822136419290529,0.08885861552135219,0.7688176611194646,0.888020866745365,0.019414719593329802,0.02312051773328279,0.024319024793520144,0.026995809875192258,0.13922723030078027,0.1632467702792759,0.1731767128405523,-0.16885749255314655,0.032020268892937485,0.9768794822667172
Madrid,connectors_shade,Afternoon,28,0.6,1632,244,Population sufficient,0.0120651906414934,377088.3051431159,453599.51399999997,0.8313243147414747,0.9975178240096663,50,0.20491803278688525,5,0.0417749386341673,0.0527644141496017,0.16204476985497612,0.10928035570537442,Population,True,99.91567855794506,99.97494441182609,0.17024149116645154,0.14368167229303092,0.021499648303721797,0.03894763310183198,0.7898241820363807,0.936539549172132,0.020000484401372295,0.02451281772603606,0.024994012965494427,0.028565871883637742,0.14368167229303092,0.17305161140817774,0.0,0.0030143672933678504,0.038760571340804725,0.975487182273964
Madrid,connectors_shade,Afternoon,28,0.7,1632,244,Population sufficient,0.0137688109059581,375961.8963357488,453599.51399999997,0.8288410475143252,0.9983200217576055,49,0.20081967213114754,5,0.0391790931723513,0.0474627999711657,0.1593765337907567,0.111913733819591,Regional,True,99.96022192869435,99.9795104556518,0.1675732551022321,0.14585187830944144,0.00870177722520632,0.01663568633903991,0.7998198382715557,0.9582206316666514,0.0203194320175632,0.025143681994308678,0.025307074176233468,0.02923187284551094,0.14585187830944144,0.17766059891085378,0.0,-0.005679722480834707,0.044858815653174455,0.9748563180056913
Madrid,connectors_shade,Afternoon,28,1.0,1632,244,Population sufficient,0.0144446107019433,375190.1262735507,453599.51399999997,0.8271396125736384,0.9989058667233707,50,0.20491803278688525,5,0.0418634009995643,0.0445446752056929,0.15527817313501896,0.11073349792932606,Regional,True,99.98175447775802,99.98175447775802,0.16347489444649438,0.1473583551466981,0.0,0.0,0.806584736525804,0.9743452229604438,0.02055487604783461,0.025654777039556136,0.025502032279663408,0.02979614748650852,0.1473583551466981,0.1809896151954381,0.0,-0.001096445659462377,0.04295984665901588,0.9743452229604438
Madrid,connectors_shade,Afternoon,30,0.1,1632,244,Uniform sufficient,0.0009927606613473,404540.6646147343,453599.51399999997,0.8918454542584328,0.956738140465263,51,0.20901639344262296,2,0.0019470258625423,0.0703287041361191,0.1867797178409343,0.11645101370481521,Pooled,True,98.22685326982005,99.99644092749094,0.19087807849667202,0.09924746343788945,0.5686924763976275,0.7872166171925226,0.3148511621603832,0.20718208735646051,0.008301815700421994,0.005601295451016969,0.008907082303677866,0.00634228948612251,0.09924746343788945,0.06484924480319786,0.32976703955866393,-0.3213370602376166,-0.006482953458509833,0.994398704548983
Madrid,connectors_shade,Afternoon,30,0.2,1632,244,Uniform sufficient,0.014179687215801,375594.60574879224,453599.51399999997,0.8280313231305452,0.9579823701794378,52,0.21311475409836064,6,0.0403251896693375,0.0754550935482154,0.18611083125313357,0.11065573770491817,Regional,True,98.31293059745492,99.96958845587659,0.20250427387608438,0.1577884518799559,0.3307273586305129,0.543429985887609,0.4849620276718076,0.4445607240028301,0.012341936828224754,0.01200929010956087,0.014180224989498873,0.013073209966911161,0.1577884518799559,0.14429638397534506,-0.0576971380079036,0.039321522776100966,0.05870080490114899,0.9879907098904391
Madrid,connectors_shade,Afternoon,30,0.3,1632,244,Uniform sufficient,0.0057614424163716,357271.7034836957,453599.51399999997,0.7876368745044461,0.9697028556583678,47,0.19262295081967212,3,0.0121924246367476,0.0666835413739363,0.17272266214676188,0.10603912077282558,Pooled,True,98.65699300594731,99.97580284465704,0.17272266214676188,0.1947967623245798,0.18317085535367508,0.36366800855182496,0.589756773992025,0.6201436284949483,0.014709245158745938,0.016188362953226943,0.01756636317097432,0.018459730292096677,0.1947967623245798,0.20651141993192731,0.3123461887237146,-0.3180819154367231,0.017928151349773058,0.9838116370467733
Madrid,connectors_shade,Afternoon,30,0.4,1632,244,Population sufficient,0.0186071862819403,346572.674548913,453599.51399999997,0.7640499247733168,0.9814285340347406,49,0.20081967213114754,7,0.059357242891231,0.0644525971557845,0.16204476985497612,0.09759217269919163,Population,True,99.19878066533188,99.97837285780962,0.17825114739401784,0.21651547276660144,0.09770391102749512,0.19544359914009513,0.6502467734293224,0.7843949051326387,0.016099240316499397,0.020161495727266235,0.019434602460081846,0.022750836654734444,0.21651547276660144,0.26373399307874934,-0.2305628178386628,0.2332510737343923,0.056668986995505356,0.9798385042727338
Madrid,connectors_shade,Afternoon,30,0.5,1632,244,Population sufficient,0.0134926308778631,340179.7764679952,453599.51399999997,0.749956219018337,0.9898554388041202,49,0.20081967213114754,6,0.0579258205657664,0.0632250699638022,0.16204476985497612,0.09881969989117392,Population,True,99.61066035980254,99.9652761530359,0.17475819176574123,0.22950489363302182,0.04822136419290529,0.1081636678531244,0.6848688692731685,0.8693796197240499,0.01686598555226336,0.02245671242282576,0.020538887348641306,0.024950625346867,0.22950489363302182,0.29428426793954393,-0.09402317203217593,0.09243321542653449,0.059515777171405285,0.9775432875771742
Madrid,connectors_shade,Afternoon,30,0.6,1632,244,Population sufficient,0.0206781435016409,336740.51339070045,453599.51399999997,0.7423740612532942,0.9949916740337277,50,0.20491803278688525,7,0.0640060620644544,0.0556595212826411,0.16204476985497612,0.10638524857233503,Population,True,99.78378193938163,99.9549537689631,0.17433985182218925,0.23653705170605605,0.021499648303721797,0.04853135824348843,0.7035563197032211,0.9272472541182983,0.017318093246351432,0.024221387638213396,0.021088887040649724,0.02628821376387812,0.23653705170605605,0.31438683389934197,0.09441523226114493,-0.108375183353307,0.0779660131566335,0.9757786123617868
Madrid,connectors_shade,Afternoon,30,0.7,1632,244,Population sufficient,0.0185881481411058,335076.73182306765,453599.51399999997,0.7387061085410855,0.997109708098442,49,0.20081967213114754,6,0.074220397451222,0.0498369008574306,0.15937653379075667,0.10953963293332607,Regional,True,99.9099112244105,99.9730765246721,0.1675732551022321,0.2399536194082767,0.00870177722520632,0.018652415746151653,0.7124472309912151,0.9566343153786169,0.01755710032466417,0.02471326887523143,0.021340272050637824,0.02749502259804961,0.2399536194082767,0.32570794632733746,0.0,-0.0008275693231882079,0.07504796677440902,0.9752867311247685
Madrid,connectors_shade,Afternoon,30,1.0,1632,244,Population sufficient,0.0179997372537457,333945.69854528987,453599.51399999997,0.736212646262425,0.9987172149156487,50,0.20491803278688525,7,0.0703095498445328,0.0429925439130654,0.155278173135019,0.11228562922195359,Regional,True,99.97612627661739,99.97612627661739,0.1593765337907567,0.24229729273666006,0.0,0.0,0.718461837078176,0.9746797126915581,0.017750809184249094,0.025320287308442095,0.021490061000915026,0.027923561400891535,0.24229729273666006,0.33228102180825175,0.0,-0.004936049288797076,0.07524559913333702,0.9746797126915581
Madrid,connectors_shade,Afternoon,32,0.1,1632,244,Uniform sufficient,0.010678633655587,379324.1127258454,453599.51399999997,0.8362533490850377,0.8976472280599873,48,0.19672131147540983,3,0.0417235705803453,0.0948873123402312,0.2038215402460962,0.10893422790586499,Local,True,95.84259347092419,99.97870899706302,0.2038215402460962,0.14556967182135108,0.5686924763976275,0.8604217992881572,0.2520076750419737,0.13181867646818574,0.015553197645436504,0.007759524243656914,0.01817697909361129,0.010447644702356705,0.14556967182135108,0.07642781502158967,0.4195724020833641,-0.39172444614730356,0.013875614644283538,0.992240475756343
Madrid,connectors_shade,Afternoon,32,0.2,1632,244,Uniform sufficient,0.0382928595008991,336329.36976449273,453599.51399999997,0.7414676589898038,0.8995508211349142,52,0.21311475409836064,8,0.1267716669254238,0.0983572503360743,0.20901298804099244,0.11065573770491814,Local,True,95.41539757957034,99.93012543738274,0.20901298804099244,0.2298956908403336,0.3307273586305129,0.6682364251597304,0.3866977277053546,0.31237980524748526,0.024042572653936455,0.01938376959278444,0.02863665016986258,0.02377767397189849,0.2298956908403336,0.18568624211262857,-0.7061356919320938,0.6386446774069905,0.1942626814505334,0.9806162304072157
Madrid,connectors_shade,Afternoon,32,0.3,1632,244,Uniform sufficient,0.0657407506382696,309185.8095682367,453599.51399999997,0.6816272946188313,0.9242414168966163,47,0.19262295081967212,9,0.155428921546622,0.0771766033472685,0.16928675548888145,0.09211015214161294,Pooled,True,96.26046813922585,99.87357458366112,0.18060714322864696,0.28321265546864555,0.18317085535367508,0.4568722429498567,0.4692158123996132,0.5097169758580893,0.02924062686554312,0.03341078119205426,0.035160049912523125,0.037181822590114884,0.28321265546864555,0.31145386796814756,-0.34188836343673995,0.239384801091496,0.2579324838919008,0.9665892188079459
Madrid,connectors_shade,Afternoon,32,0.4,1632,244,Uniform sufficient,0.0446863996425861,293398.24920531403,453599.51399999997,0.6468222300725702,0.950990263525728,54,0.22131147540983606,13,0.2090112509032654,0.0699846652559266,0.17836954030572877,0.10838487504980217,Pooled,True,97.69038554134308,99.79278223254029,0.18132688038918873,0.3144173436130239,0.09770391102749512,0.2656423192628286,0.5167338768431344,0.689257179902044,0.032384442201940616,0.04510050083512724,0.03876042631440593,0.05016394311986469,0.3144173436130239,0.4233307829312531,0.09063932213696546,-0.11421850388809236,0.23259043265440144,0.9548994991648727
Madrid,connectors_shade,Afternoon,32,0.5,1632,244,Uniform sufficient,0.0771418180288634,284047.50576871977,453599.51399999997,0.626207694236462,0.9703081967654105,53,0.21721311475409835,17,0.3379043725569114,0.0714217912752776,0.17194474999544837,0.10052295872017077,Local,True,98.83324130714922,99.79077300509684,0.17194474999544837,0.33304191750811535,0.04822136419290529,0.14437899541260782,0.5438970056789545,0.802477473479358,0.034089324364602346,0.05314353110803398,0.04075038825542264,0.057381928313174485,0.33304191750811535,0.4961614106896959,-0.6374452056409892,0.654167378974286,0.32118219922358626,0.9468564688919658
Madrid,connectors_shade,Afternoon,32,0.6,1632,244,Population sufficient,0.0939264066271761,279012.8788242754,453599.51399999997,0.6151084165938401,0.982372982939804,52,0.21311475409836064,15,0.3146616470832508,0.0612534029736022,0.15765502399170359,0.09640162101810139,Shared,True,99.30210046594895,99.8101232675965,0.1692667969390039,0.3431070574055563,0.021499648303721797,0.06456795161550834,0.5585002218110119,0.8762015499249565,0.03510854647910642,0.05923049845953504,0.04178452600060371,0.06208807803965188,0.3431070574055563,0.5434234505535055,-0.1668859433163398,0.11779904487590873,0.36374854552366437,0.9407695015404648
Madrid,connectors_shade,Afternoon,32,0.7,1632,244,Population sufficient,0.1200408841791613,276591.53297524154,453599.51399999997,0.6097703468333997,0.9880501339435566,51,0.20901639344262296,18,0.4711200068129697,0.0550283486523268,0.14628421504979616,0.09125586639746935,Regional,True,99.64327150588015,99.81166772477903,0.1681257763667262,0.34797462260922796,0.00870177722520632,0.022569140401716436,0.5654216966621141,0.9151927186493113,0.03564687294607938,0.06223814094897238,0.042255030557372314,0.06461677264992116,0.34797462260922796,0.5692576749585992,0.0,0.025346156652972223,0.44577385015998794,0.9377618590510277
Madrid,connectors_shade,Afternoon,32,1.0,1632,244,Population sufficient,0.12728579973367,274940.4246600242,453599.51399999997,0.6061303334201196,0.9923134309658513,51,0.20901639344262296,19,0.5077788540143184,0.0470909045688031,0.13808749373832072,0.09099658916951761,Regional,True,99.78906905956732,99.78906905956732,0.1691004705941738,0.3513335462340718,0.0,0.0,0.5700833771817186,0.9358283743001397,0.036046956238400804,0.06417162569986046,0.042536120345808726,0.06607632756180479,0.3513335462340718,0.5835149443890093,0.0,0.026220845215510578,0.4815580087988151,0.9358283743001397
Madrid,connectors_sun,Morning,28,0.1,1632,244,Uniform sufficient,0.0071718859889244,428790.80044712994,453599.51399999997,0.945307010287339,0.9330479861485024,51,0.20901639344262296,2,0.0084989455656309,0.0566034975773877,0.1814652188039537,0.124861721226566,Shared,True,97.83270268206608,99.98801542300261,0.1896619401154291,0.05224062015550389,0.9229553741770384,0.9948360424778123,0.01914204071292381,0.004073423444099357,0.003209595397376698,0.0010905340780883643,0.002452369557157252,0.0005837714538786642,0.05224062015550389,0.01567267226791446,-0.024033961302341145,0.011969172090064983,0.020563734777899793,0.9989094659219117
Madrid,connectors_sun,Morning,28,0.2,1632,244,Uniform sufficient,0.0186558749808227,351849.53505498497,453599.51399999997,0.7756832275948713,0.7529001774921167,47,0.19262295081967212,2,0.0754769879849008,0.0877023756767221,0.2057575979193681,0.118055222242646,Uniform,True,90.34957763558059,99.94547954561682,0.2057575979193681,0.21138428394758163,0.6627988283699942,0.967080255655552,0.09963223737751228,0.0273266470613931,0.013252161847364542,0.005593097283054857,0.012932488457547329,0.002965443643770695,0.21138428394758163,0.0686960634454749,0.05276200528243764,-0.009893615712367444,0.0326085984148384,0.9944069027169451
Madrid,connectors_sun,Morning,28,0.3,1632,244,Uniform sufficient,0.0570808793199404,285124.52391963743,453599.51399999997,0.6285820754200311,0.6983847199867882,46,0.1885245901639344,10,0.1622727175957432,0.1019896616895622,0.20380610028824594,0.10181643859868375,Pooled,True,85.32279064109517,99.86823783841939,0.22227890400224035,0.34807827184044454,0.4213720531380823,0.9177735537384087,0.18537256795014517,0.06834029716869272,0.02183745433180364,0.013886149092898566,0.023339652739524402,0.007213540485641814,0.34807827184044454,0.1672716363471485,-0.680416969860337,0.5812572481029183,0.2614324393531613,0.9861138509071015
Madrid,connectors_sun,Morning,28,0.4,1632,244,Uniform sufficient,0.1517257832817051,243690.8924441088,453599.51399999997,0.5372379928169606,0.7368134213302797,48,0.19672131147540983,16,0.5854190590295373,0.1135986807451675,0.2017117779240527,0.0881130971788852,Regional,True,85.96812743488412,99.59413012071722,0.22755554233207592,0.43235735365014133,0.26345989914680634,0.8036914924483903,0.24645036431797926,0.16686249261181454,0.027327729352174947,0.029446014939795023,0.030404653532898247,0.015627150583403936,0.43235735365014133,0.3424963694916942,0.35713270469557185,-0.1837357068911162,0.4120220612250962,0.9705539850602048
Madrid,connectors_sun,Morning,28,0.5,1632,244,Uniform sufficient,0.2695662480819862,216562.19504229608,453599.51399999997,0.4774303947827777,0.8015047418338407,48,0.19672131147540983,26,0.9192185080523438,0.117740526517754,0.187878606967545,0.07013808044979099,Regional,True,88.40773292216033,99.30233459724676,0.2510874609043451,0.48771653267320814,0.15739487746023992,0.6360034032175512,0.2890481483054625,0.31432629257994427,0.030987369017075245,0.04967030420250443,0.03485307254401424,0.028591599197358267,0.48771653267320814,0.5779440147391122,1.0896279584590853,-0.9754876468681866,0.8050781964614326,0.9503296957974955
Madrid,connectors_sun,Morning,28,0.6,1632,244,Uniform sufficient,0.2731655102656418,199405.36003746226,453599.51399999997,0.43960664392921345,0.8567788938744286,52,0.21311475409836064,27,1.0244456775789932,0.1094226537949227,0.18014119392639705,0.07071854013147434,Uniform,True,91.8196495173602,99.3084592547943,0.22852070216861603,0.5225059711169027,0.087211590373219,0.4129158976571357,0.3192432751934754,0.5174930361313549,0.033151778362518966,0.06959106621150932,0.03788738495388399,0.04818782673176796,0.5225059711169027,0.8685929720281361,0.9281327428198626,-0.6878410665013457,0.7841540012604651,0.9304089337884907
Madrid,connectors_sun,Morning,28,0.7,1632,244,Uniform sufficient,0.3083199764838014,189404.42405679758,453599.51399999997,0.4175587014777921,0.8978194274103398,51,0.20901639344262296,32,1.2482201356315876,0.103711176403762,0.1753803792728021,0.07166920286904009,Uniform,True,94.2858512467096,99.21083158040393,0.23443166709895347,0.5426687659140019,0.04543642303116276,0.2528823118651071,0.3377928742373101,0.6615531360088042,0.03432940420931932,0.0855645521260886,0.03977253260820606,0.06160726423437058,0.5426687659140019,1.0626309469572708,0.9606384820263432,-0.8893013572206244,1.1768830108258685,0.9144354478739113
Madrid,connectors_sun,Morning,28,1.0,1632,244,Other common selection,0.4469120346084594,178536.12814561932,453599.51399999997,0.3935985878186354,0.9617237037087926,55,0.22540983606557377,37,1.594840659846137,0.092387625170712,0.17768087796814222,0.08529325279743022,Pooled,True,98.82763868310198,98.82763868310198,0.21960313184341107,0.565089022145832,0.0,0.0,0.35777224754358805,0.8917701756811466,0.03582634027504739,0.1082298243188535,0.04131239003553269,0.08218709081020874,0.565089022145832,1.3849788913052838,0.0,0.046026119085403217,1.5488145407607248,0.8917701756811466
Madrid,connectors_sun,Morning,30,0.1,1632,244,Uniform sufficient,0.0040257764082127,422708.1700761329,453599.51399999997,0.9318973169714043,0.8978831573818427,50,0.20491803278688525,1,0.0040257764082294,0.0568627748053394,0.17736685814821598,0.12050408334287659,Uniform,True,96.79073073802589,99.99597422359179,0.1814652188039537,0.06671418412248134,0.9229553741770384,0.999044330689164,0.006654235493962014,0.0005318691800779324,0.0022877073004039026,0.00042380013075801824,0.001388498906114395,0.0002390523909540477,0.06671418412248134,0.015129757352355765,-0.00954769412542464,0.0029507544638375186,0.010622716069815068,0.999576199869242
Madrid,connectors_sun,Morning,30,0.2,1632,244,Uniform sufficient,0.0002076228560099,324489.60052567977,453599.51399999997,0.7153658469873929,0.6144820811864696,44,0.18032786885245902,1,0.0009163632127488,0.0945589231428656,0.19903693910100237,0.10447801595813677,Shared,True,84.7083982859454,99.99508169661625,0.2022110267314344,0.27594132704045726,0.6627988283699942,0.9906505652960464,0.04180989560115695,0.006551297195873931,0.010757123016241677,0.0027981375080794856,0.00869282597214991,0.0012437854345852442,0.27594132704045726,0.0658496774691844,-0.000975894929584661,-0.00043798334530378326,0.0023302414876356626,0.9972018624919203
Madrid,connectors_sun,Morning,30,0.3,1632,244,Uniform sufficient,0.0080613740531703,237699.58796012084,453599.51399999997,0.5240296354464808,0.49394745924372324,44,0.18032786885245902,3,0.035056535783798,0.1066774250462219,0.21200282159972136,0.10532539655349947,Uniform,True,74.00516000998941,99.98200773458474,0.2204114875646544,0.45885406582464927,0.4213720531380823,0.9795851107130872,0.08364124473851668,0.014031008926989844,0.019016337569881765,0.006383880359922951,0.017116298728870025,0.0030158871573181074,0.45885406582464927,0.15688101520767583,-0.11725217012258234,0.07842410051849831,0.0738846053878859,0.993616119640077
Madrid,connectors_sun,Morning,30,0.4,1632,244,Uniform sufficient,0.0076494954292485,182979.94770574017,453599.51399999997,0.4033953786505604,0.526170762712223,42,0.1721311475409836,4,0.0225235071131831,0.1286019010405628,0.24269538448142977,0.11409348344086698,Uniform,True,70.92054652489364,99.98250062797567,0.2454035228096119,0.5732870117954547,0.26345989914680634,0.9507026635762056,0.1154432422386108,0.03472204752620695,0.024492237265143307,0.014575288897587474,0.023317609553984896,0.006737110589604714,0.5732870117954547,0.31078084829162267,-0.027381594065183014,0.016649297473324054,0.03325580370504697,0.9854247111024126
Madrid,connectors_sun,Morning,30,0.5,1632,244,Uniform sufficient,0.2284849771657633,146970.84424531722,453599.51399999997,0.32401014487268,0.611266316214555,43,0.1762295081967213,18,0.8080197406176558,0.1449953436635136,0.23851347269098255,0.09351812902746895,Uniform,True,71.93192650031321,99.51530672408447,0.2567743317515193,0.6484473416570096,0.15739487746023992,0.8690331119746958,0.13827091875595848,0.0955150700435784,0.02834434865648156,0.035451817981725815,0.027542513470310514,0.015314382548595068,0.6484473416570096,0.6467963376222398,-0.9228217812806573,0.7076912443903945,1.023150277507925,0.9645481820182742
Madrid,connectors_sun,Morning,30,0.6,1632,244,Other common selection,0.5169165756583283,123908.3538592145,453599.51399999997,0.2731668576241343,0.7004976251338809,47,0.19262295081967212,32,2.238106448060028,0.1716330310063331,0.26589532608830047,0.09426229508196737,Pooled,True,76.54631075343023,98.80857126457855,0.278469314301663,0.6962665286570239,0.087211590373219,0.716369578079348,0.15508008138791896,0.21604406414779212,0.030875185862996327,0.0675863577728599,0.030566613718841968,0.03149914971677645,0.6962665286570239,1.1452458375026648,-1.489478842925986,1.5923560497865286,2.1352292411994753,0.9324136422271401
Madrid,connectors_sun,Morning,30,0.7,1632,244,Other common selection,0.666337805996065,110304.6179365559,453599.51399999997,0.2431762260145541,0.7782420553705639,50,0.20491803278688525,39,2.720048233080572,0.1620597441568788,0.23080760227911423,0.06874785812223544,Pooled,True,82.46389699004293,98.72064062630857,0.28185534658555256,0.7242000002501456,0.04543642303116276,0.4844460184599486,0.16546191842631872,0.40485226646445843,0.032277884557072645,0.11070171507559286,0.032623773735300454,0.058480315296174014,0.7242000002501456,1.8489111456820275,0.32029425908547854,-0.2902380911842415,2.6899920651793296,0.8892982849244071
Madrid,connectors_sun,Morning,30,1.0,1632,244,Incompatible,1.0803369409722592,95564.0331365559,453599.51399999997,0.21067931112588428,0.9226087468351563,59,0.24180327868852458,58,4.671335938238361,,,,,False,97.57131302433987,97.57131302433987,0.2613380500667821,0.7549072586352555,0.0,0.0,0.1766874001475628,0.8015361915024707,0.03399191097832148,0.19846380849752934,0.03441343023886031,0.11423616380242842,0.7549072586352555,3.3569739583185214,0.0,0.1088118611348361,4.562524077103517,0.8015361915024707
Madrid,connectors_sun,Morning,32,0.1,1632,244,Uniform sufficient,-1.4210854715202004e-14,419703.72714924475,453599.51399999997,0.9252737584486141,0.8804888516369892,50,0.20491803278688525,0,0.0,0.0568627748053394,0.18045343415598744,0.12359065935064804,Uniform,True,96.28441935626053,100.0,0.18045343415598744,0.07427156711111321,0.9229553741770384,0.9999397552825677,0.0018441256670844028,5.1841121106878046e-05,0.0004742586044912581,8.403596325514058e-06,0.00045467444027277263,3.909010748116678e-05,0.07427156711111321,0.014185634601050197,0.0,0.0,0.0,0.9999915964036746
Madrid,connectors_sun,Morning,32,0.2,1632,244,Uniform sufficient,0.0,308084.09957643505,453599.51399999997,0.6791984781016214,0.5388054276520244,43,0.1762295081967213,0,0.0,0.0967898673610174,0.1990369391010024,0.102247071739985,Uniform,True,81.2441607739006,100.0,0.1990369391010024,0.31674711989909654,0.6627988283699942,0.9981199366599723,0.013051232732964116,0.0013468903354949934,0.0033484169986629226,0.0005331730045326066,0.004054401999282224,0.00034097903318405456,0.31674711989909654,0.0660717077541262,0.0,0.0,0.0,0.9994668269954673
Madrid,connectors_sun,Morning,32,0.3,1632,244,Uniform sufficient,0.0010247163844212,206719.5569752266,453599.51399999997,0.45573143399626,0.3522754843524808,42,0.1721311475409836,1,0.0041777400455103,0.111573022475707,0.2138702380373073,0.10229721556160029,Uniform,True,66.0931733288218,99.99582225995448,0.21796859869304497,0.5352193773064917,0.4213720531380823,0.9962906436081342,0.027405526043530595,0.002749432943355003,0.006953854814647031,0.000959923448510874,0.00904918869724839,0.0007729678465271345,0.5352193773064917,0.15359221189124264,-0.003950815192035146,0.0029262798855183604,0.00520227535203264,0.9990400765514893
Madrid,connectors_sun,Morning,32,0.4,1632,244,Uniform sufficient,0.0172825611745111,141499.9959220544,453599.51399999997,0.31194917885660345,0.34190936780734055,39,0.1598360655737705,3,0.0553852679679234,0.1552395883833824,0.26179696543256276,0.10655737704918036,Uniform,True,57.94153507077223,99.94461473203206,0.2658953260883004,0.6748088578728464,0.26345989914680634,0.9892071072451023,0.03889729534820672,0.007009157843835814,0.009591984361590367,0.0037837349110617867,0.013241963270550359,0.001918208017278438,0.6748088578728464,0.3049031230281769,-0.07071309295229172,0.04612232139674921,0.07997603952347221,0.9962162650889381
Madrid,connectors_sun,Morning,32,0.5,1632,244,Uniform sufficient,0.0339131912744363,98233.72954441087,453599.51399999997,0.21656489152325434,0.41940911731635855,40,0.16393442622950818,4,0.0920910702297591,0.1623661300310193,0.2699936867440381,0.10762755671301882,Pooled,True,53.16795007490021,99.93210034920797,0.2699936867440381,0.7672417430979172,0.15739487746023992,0.9780693489279149,0.0474170702589717,0.015144892800537524,0.011752943804042704,0.006785758271547605,0.01619336537882849,0.005153619428415968,0.7672417430979172,0.6112975769504196,-0.07604203577418486,0.04186382522606698,0.12626928077787125,0.9932142417284524
Madrid,connectors_sun,Morning,32,0.6,1632,244,Uniform sufficient,0.1476777077405415,70099.93586404834,453599.51399999997,0.15454147039506824,0.5147630078177995,38,0.1557377049180328,12,0.4039753816357301,0.221610595648933,0.30278057198993974,0.08116997634100673,Regional,True,51.971345880700916,99.70781653143361,0.31097729330141516,0.8270601181421603,0.087211590373219,0.9348408270747588,0.053923896205458635,0.04378497399772534,0.013405983816390613,0.021374198927516037,0.018398411462771533,0.01340504895788212,0.8270601181421603,1.1319892253671695,-1.078210046166862,0.47105042621872883,1.0111350015838587,0.9786258010724841
Madrid,connectors_sun,Morning,32,0.7,1632,244,Other common selection,0.7201254330288549,53406.64610090634,453599.51399999997,0.11773964577242987,0.6126007169326358,44,0.18032786885245902,40,3.528101866118675,0.2261679695216275,,,,False,57.035859987815385,98.39402915388554,0.32639604169691844,0.8624037141314324,0.04543642303116276,0.8070750843560662,0.05799748532201252,0.12820743411644114,0.014305737419254597,0.06471748152749268,0.019856640096137686,0.03416963866811422,0.8624037141314324,2.2992713843137613,-0.46588807167296803,-0.10694917749746041,4.10093911528909,0.9352825184725073
Madrid,connectors_sun,Morning,32,1.0,1632,244,Incompatible,2.7428172350901434,35319.90296797583,453599.51399999997,0.0778658307115731,0.8492267405081777,59,0.24180327868852458,89,12.413686193298275,,,,,False,93.93647462245357,93.93647462245357,0.31272756984638495,0.9009565772263034,0.0,0.0,0.062467306677601385,0.7137930033290621,0.015398524033971715,0.28620699667093763,0.02117759206212352,0.16805744663852157,0.9009565772263034,10.01669100886218,0.0,-0.8957678928787524,13.309454086177016,0.7137930033290621
Madrid,connectors_sun,Afternoon,28,0.1,1632,244,Population sufficient,0.0,445781.32032246375,453599.51399999997,0.9827641048188244,0.9943635501278075,50,0.20491803278688525,0,0.0,0.048666053493864,0.1549641533150927,0.1062980998212287,Uniform,True,99.70650801437205,100.00000000000001,0.1549641533150927,0.014498348256224295,0.8912065329448111,0.9438044418953774,0.0895438589823154,0.054929607668416126,0.0020137128916978115,0.0012659504362064265,0.00273754692495139,0.0016936129005269526,0.014498348256224295,0.00905536851907737,0.0,0.0,0.0,0.9987340495637935
Madrid,connectors_sun,Afternoon,28,0.2,1632,244,Population sufficient,0.0033273360231476,423215.52493478265,453599.51399999997,0.9330158253537782,0.9833746103113173,48,0.19672131147540983,2,0.0059689615225198,0.0568627748053394,0.16204476985497612,0.10518199504963673,Population,True,99.2732054405783,99.98654040865885,0.17955431724951892,0.05653968780359032,0.5905412693048502,0.7189406895068615,0.334611312667658,0.27452979875059086,0.00786324338126987,0.00652951174254765,0.01044448684263163,0.008514447021826403,0.05653968780359032,0.04689133765630773,0.1325077678292656,-0.13350711286481756,0.006968306558091102,0.9934704882574523
Madrid,connectors_sun,Afternoon,28,0.3,1632,244,Population sufficient,0.0056567909839202,404138.3980368357,453599.51399999997,0.8909586222282323,0.9824748573177925,51,0.20901639344262296,3,0.0162471738216376,0.0611201981766774,0.16204476985497612,0.10092457167829871,Population,True,99.32018365762096,99.9864004914977,0.17917542041932352,0.09240006093102661,0.34835097083561645,0.49648164394800554,0.529677587985059,0.491429155606027,0.012930063407556924,0.012089200445967521,0.016641316840741133,0.015238263427769825,0.09240006093102661,0.08724610119039412,0.08225770310884409,-0.07835559585721161,0.012345066570003536,0.9879107995540326
Madrid,connectors_sun,Afternoon,28,0.4,1632,244,Population sufficient,0.0149275668510142,391728.98558393726,453599.51399999997,0.8636009816887442,0.9863870733383396,51,0.20901639344262296,4,0.0375874347054001,0.0550283486523268,0.16204476985497612,0.10701642120264931,Population,True,99.51129551267444,99.97083747538974,0.1867392539130281,0.11584638994462468,0.19675116854547473,0.3032713774459281,0.6506564594472469,0.6795103852432044,0.016193353696022466,0.01721823731086754,0.0205526283666313,0.020805667768497443,0.11584638994462468,0.12291482584942538,-0.03799641141820644,0.042589212457933415,0.032994633665673935,0.9827817626891324
Madrid,connectors_sun,Afternoon,28,0.5,1632,244,Population sufficient,0.0084170694443344,384904.0149317633,453599.51399999997,0.8485547339712611,0.9910697679174733,51,0.20901639344262296,6,0.0405541274598247,0.0530566816621268,0.16204476985497612,0.10898808819284933,Population,True,99.69134064602683,99.95797062977182,0.16246310979852813,0.1287951470887158,0.11388304961928361,0.19161016559065908,0.716705609581403,0.7881309467163229,0.01796607477057458,0.020258887693018,0.022650118940023195,0.02403734181463617,0.1287951470887158,0.14350256959709357,0.12800641086570858,-0.11819676514305942,0.030744481737178662,0.9797411123069819
Madrid,connectors_sun,Afternoon,28,0.6,1632,244,Population sufficient,0.0128236182261787,380514.6096884058,453599.51399999997,0.8388779042836582,0.9942628615063267,50,0.20491803278688525,6,0.0505618921507422,0.0576965847165463,0.16204476985497612,0.10434818513842983,Population,True,99.84173851583769,99.97720181024394,0.17024149116645151,0.1371054742264239,0.06140039158553573,0.11151045353501945,0.7583988378166817,0.8659589899642104,0.019078674881440695,0.022530556500770283,0.024016621489918073,0.02621567207737296,0.1371054742264239,0.1586367432656893,0.216213755521869,-0.2014021764769785,0.03575031310583627,0.9774694434992298
Madrid,connectors_sun,Afternoon,28,0.7,1632,244,Population sufficient,0.0120370183346381,377825.608281401,453599.51399999997,0.8329497643187532,0.9962901344352944,49,0.20081967213114754,5,0.0416773938523001,0.0538575012887603,0.16204476985497612,0.10818726856621583,Population,True,99.89188672516336,99.9750021584798,0.17024149116645154,0.14228489400038455,0.030787493128332268,0.05272417081759032,0.782346559448764,0.9231234938838602,0.019815711741657003,0.024152335298549564,0.02476534168086232,0.028176019926251707,0.14228489400038455,0.17036439380884333,0.0,0.0030073287240793565,0.03867006512822602,0.9758476647014505
Madrid,connectors_sun,Afternoon,28,1.0,1632,244,Population sufficient,0.0144446107019433,375190.1262735507,453599.51399999997,0.8271396125736384,0.9989058667233707,50,0.20491803278688525,5,0.0418634009995643,0.0445446752056929,0.15527817313501896,0.11073349792932606,Regional,True,99.98175447775802,99.98175447775802,0.16347489444649438,0.1473583551466981,0.0,0.0,0.806584736525804,0.9743452229604438,0.02055487604783461,0.025654777039556136,0.025502032279663408,0.02979614748650852,0.1473583551466981,0.1809896151954381,0.0,-0.001096445659462377,0.04295984665901588,0.9743452229604438
Madrid,connectors_sun,Afternoon,30,0.1,1632,244,Population sufficient,0.0,441410.5497252415,453599.51399999997,0.9731283568466115,0.9860324102369127,50,0.20491803278688525,0,0.0,0.0509299879965891,0.16204476985497612,0.11111478185838702,Population,True,99.32526385543815,100.0,0.1623636378528207,0.02451619785679712,0.8912065329448111,0.9571755870223732,0.07981415403251205,0.0416427756869366,0.002107669869288358,0.001181637290690193,0.002355445296591389,0.0012477735753622272,0.02451619785679712,0.013024471042125244,0.0,0.0,0.0,0.9988183627093098
Madrid,connectors_sun,Afternoon,30,0.2,1632,244,Uniform sufficient,0.0013263087627848,406618.2692258454,453599.51399999997,0.8964257162450254,0.9584170468914597,51,0.20901639344262296,2,0.0045919110543962,0.0642622593430674,0.1945580992088577,0.1302958398657903,Uniform,True,98.26585315622255,99.99643064757237,0.19455809920885772,0.09468319516539504,0.5905412693048502,0.7777979829855258,0.2982426297596154,0.21620363752680008,0.00764181718055973,0.0059983794876740494,0.008891088589579599,0.006587651084949449,0.09468319516539504,0.06742101636266869,-0.1253039994850379,0.12160677242541276,0.008289138114026129,0.9940016205123259
Madrid,connectors_sun,Afternoon,30,0.3,1632,244,Uniform sufficient,0.0130128552298742,377473.29212077294,453599.51399999997,0.8321730523740661,0.9563244755245875,52,0.21311475409836064,4,0.0291660993670862,0.0699916666837594,0.18201247059739586,0.11202080391363646,Regional,True,98.18774026104342,99.97519475628069,0.19430755256460897,0.15372205153453883,0.34835097083561645,0.5642198619800569,0.47196100448660816,0.4243524624940027,0.011861077051841558,0.011427675525940442,0.014104896091395052,0.012715833148705254,0.15372205153453883,0.13840548621715495,-0.2737244175571397,0.2596469715632925,0.04324354536094073,0.9885723244740596
Madrid,connectors_sun,Afternoon,30,0.4,1632,244,Uniform sufficient,0.0159823918678228,358714.9912554348,453599.51399999997,0.7908187292622073,0.9668475640512186,50,0.20491803278688525,7,0.0655383910647906,0.0621668407746465,0.16764960726357656,0.10548276648893005,Regional,True,98.56723914284743,99.95362167431313,0.17584632857505197,0.19177680437077801,0.19675116854547473,0.3774051373225147,0.5796628984135708,0.6065062527739121,0.014404662303161795,0.01608860990357321,0.017404466367014773,0.017870398264001067,0.19177680437077801,0.201633462190149,-0.0006922327979067002,0.009228438537778078,0.05700218532491573,0.9839113900964268
Madrid,connectors_sun,Afternoon,30,0.5,1632,244,Population sufficient,0.0170385723637593,348417.32955615944,453599.51399999997,0.7681166288819248,0.9785341397165953,52,0.21311475409836064,4,0.0322246386063118,0.0572676604922753,0.16204476985497612,0.10477710936270082,Population,True,99.049039796964,99.97473034559489,0.17415278673828014,0.21271253056259534,0.11388304961928361,0.24082754852856092,0.6384753527192811,0.7401239153142604,0.015758226543360114,0.01904853615717882,0.01917084055547996,0.02168359257875342,0.21271253056259534,0.24881319973255092,-0.00016591716592808693,-0.003885833000760322,0.03627638877301475,0.9809514638428213
Madrid,connectors_sun,Afternoon,30,0.6,1632,244,Population sufficient,0.0141095358191307,341856.8220217391,453599.51399999997,0.7536534133538316,0.9865422004516968,51,0.20901639344262296,6,0.0582321723410208,0.0594986047104271,0.16204476985497612,0.10254616514454902,Population,True,99.53327008499919,99.96366093438054,0.17742642782996068,0.22604069360463433,0.06140039158553573,0.13619267631249238,0.6756405802164932,0.8419274462901094,0.016612441551802914,0.021879877397398183,0.020305893041534094,0.02405366100200365,0.22604069360463433,0.28382236443964637,-0.2482929832145894,0.24427357982377323,0.062251575731828955,0.9781201226026017
Madrid,connectors_sun,Afternoon,30,0.7,1632,244,Population sufficient,0.0205913454289259,337868.19722765696,453599.51399999997,0.7448601393952485,0.991762459301788,50,0.20491803278688525,7,0.0637373917735308,0.0542293966911229,0.1579464091992384,0.10371701250811552,Shared,True,99.7202413523251,99.95514285392798,0.16614313051071383,0.23424162024976233,0.030787493128332268,0.06771222753675236,0.696890060093954,0.9084956705270274,0.017182586172962346,0.023792101936220285,0.02089824035498914,0.02580521763100824,0.23424162024976233,0.3078927843785167,0.09401891717625038,-0.10792027031689852,0.07763874491417876,0.9762078980637797
Madrid,connectors_sun,Afternoon,30,1.0,1632,244,Population sufficient,0.0179997372537457,333945.69854528987,453599.51399999997,0.736212646262425,0.9987172149156487,50,0.20491803278688525,7,0.0703095498445328,0.0429925439130654,0.155278173135019,0.11228562922195359,Regional,True,99.97612627661739,99.97612627661739,0.1593765337907567,0.24229729273666006,0.0,0.0,0.718461837078176,0.9746797126915581,0.017750809184249094,0.025320287308442095,0.021490061000915026,0.027923561400891535,0.24229729273666006,0.33228102180825175,0.0,-0.004936049288797076,0.07524559913333702,0.9746797126915581
Madrid,connectors_sun,Afternoon,32,0.1,1632,244,Uniform sufficient,0.0021941194526959,434926.50464734295,453599.51399999997,0.9588337095249687,0.9664249169521179,48,0.19672131147540983,1,0.002194119452687,0.0544903891065311,0.17056035916429607,0.11606997005776498,Uniform,True,98.59738291361987,99.99780588054732,0.17056035916429607,0.0363390357164655,0.8912065329448111,0.976053777765406,0.06399924587414622,0.02256951006702097,0.0036279307060114348,0.0013767121675730485,0.004827254758565755,0.0017089621672824063,0.0363390357164655,0.012744935011285773,-0.1871651514342117,0.16582461864810027,0.023534652238800524,0.998623287832427
Madrid,connectors_sun,Afternoon,32,0.2,1632,244,Uniform sufficient,0.0108768481372578,382482.1866545894,453599.51399999997,0.8432156006555805,0.9010816395408382,52,0.21311475409836064,2,0.0237453607567624,0.0822867486509725,0.2124376223156732,0.13015087366470068,Uniform,True,95.96149241259523,99.98341572235873,0.2147180533521052,0.13880965553648075,0.5905412693048502,0.8526771047306696,0.23838961248255286,0.13865758149606458,0.01428471886817737,0.008665313773265765,0.017974743807938814,0.010862389903193234,0.13880965553648075,0.07995216332571844,-0.09567724815241929,0.07334567570057601,0.0460769332085907,0.9913346862267342
Madrid,connectors_sun,Afternoon,32,0.3,1632,244,Uniform sufficient,0.0512786248876153,339083.29406642506,453599.51399999997,0.7475389271832974,0.8939630288257061,51,0.20901639344262296,9,0.131102063242419,0.0928603208191325,0.2117583834709948,0.1188980626518623,Pooled,True,95.30365976500205,99.90925519909565,0.2158567441267325,0.22409783100669678,0.34835097083561645,0.6839365547752803,0.37613216647813963,0.2967939035466776,0.023055789869541495,0.019269541678042474,0.02836324181000576,0.02219013993589785,0.22409783100669678,0.17731452734385308,-0.38453513796808564,0.3182106492309607,0.19742655197955516,0.9807304583219578
Madrid,connectors_sun,Afternoon,32,0.4,1632,244,Uniform sufficient,0.0665513499861276,311363.17317391303,453599.51399999997,0.6864274840777564,0.916046762463864,52,0.21311475409836064,13,0.1828666148158215,0.0730782426915308,0.18065950537166048,0.10758126268012967,Regional,True,95.88664883653308,99.88050535346095,0.19607825376716367,0.2787632071848313,0.19675116854547473,0.4927371793272937,0.46103602081518297,0.4756122273752601,0.028640294717098738,0.031650593297446176,0.03480930873741232,0.034660569026366224,0.2787632071848313,0.29065749848177364,0.23794350685850515,-0.34980308451253644,0.29472619246985604,0.9683494067025538
Madrid,connectors_sun,Afternoon,32,0.5,1632,244,Uniform sufficient,0.0443792041129995,296153.937111715,453599.51399999997,0.6528973862871357,0.943886167248824,51,0.20901639344262296,10,0.2161612396623293,0.0625851807181986,0.16307268003341835,0.10048749931521975,Regional,True,97.13376518362065,99.84229796343031,0.1835644833121069,0.30891466804009615,0.11388304961928361,0.3254754158886134,0.5073209808076485,0.6331125052749493,0.03169335586020357,0.041412078836437057,0.03818794567276826,0.04650269238373916,0.30891466804009615,0.38869148522428,0.000816465554826989,0.02030210652968926,0.19504266757778868,0.9585879211635627
Madrid,connectors_sun,Afternoon,32,0.6,1632,244,Uniform sufficient,0.070605542657816,286472.29844142514,453599.51399999997,0.6315533628226621,0.9622068115743733,54,0.22131147540983606,13,0.2781405175785265,0.0657236590317024,0.158386481952238,0.09266282292053561,Shared,True,98.41719962236313,99.83662308082208,0.16112646231803504,0.32814307740677773,0.06140039158553573,0.19039547952060676,0.5365921660718024,0.7589696389531512,0.033560805165323906,0.050634881526242105,0.04030355977056037,0.05444062261008291,0.32814307740677773,0.46750269257347776,-0.04032889740181769,0.0665428130641252,0.25192660191621863,0.9493651184737579
Madrid,connectors_sun,Afternoon,32,0.7,1632,244,Population sufficient,0.0934221358598819,280671.8441666667,453599.51399999997,0.6187657515141577,0.975084669937444,54,0.22131147540983606,14,0.2851190446919072,0.0531692998365376,0.14882541486245734,0.09565611502591975,Pooled,True,99.05510125489943,99.7825413212131,0.1579464091992384,0.3398128988127961,0.030787493128332268,0.09509574003383962,0.5531838548219415,0.8474945935570687,0.03479440356388386,0.05740966640909151,0.04142134967304633,0.06023259957359334,0.3398128988127961,0.5252872891686942,0.01640080991967984,-0.06608550916079867,0.33480374393300727,0.9425903335909083
Madrid,connectors_sun,Afternoon,32,1.0,1632,244,Population sufficient,0.12728579973367,274940.4246600242,453599.51399999997,0.6061303334201196,0.9923134309658513,51,0.20901639344262296,19,0.5077788540143184,0.0470909045688031,0.13808749373832072,0.09099658916951761,Regional,True,99.78906905956732,99.78906905956732,0.1691004705941738,0.3513335462340718,0.0,0.0,0.5700833771817186,0.9358283743001397,0.036046956238400804,0.06417162569986046,0.042536120345808726,0.06607632756180479,0.3513335462340718,0.5835149443890093,0.0,0.026220845215510578,0.4815580087988151,0.9358283743001397
Madrid,network,Morning,28,0.1,1750,262,Uniform sufficient,0.0133258317219429,380404.90729063447,486745.07499999995,0.7815280047582084,0.7667268648257052,48,0.183206106870229,4,0.0530946665843886,0.1052223896596486,0.22354300034667152,0.11832061068702292,Regional,True,91.45533553935081,99.98653689055045,0.23117658813293104,0.2066231613498623,0.6736273115295672,0.9733078441869599,0.09489906768698403,0.021492337877177668,0.013001625541657036,0.005199817935862483,0.011848833891929424,0.0027202146437718157,0.2066231613498623,0.06743513291088847,-0.19504798499752757,0.16567803353026284,0.08246461805166522,0.9948001820641376
Madrid,network,Morning,28,0.2,1750,262,Uniform sufficient,0.0798470794654235,310199.7657468278,486745.07499999995,0.6372941025583625,0.7043538346643625,58,0.22137404580152673,11,0.2318883452718328,0.106303719168688,0.2177165123599958,0.11141279319130781,Regional,True,86.28458012474748,99.81378239328208,0.2399816681474768,0.3404714147096764,0.43715668457444506,0.9235461522412605,0.17843537981088134,0.06327339143574442,0.021702038173036085,0.013180456322995282,0.02223448273196125,0.0072670038799913066,0.3404714147096764,0.1578007833413834,-0.34663159345970507,0.2743499330704221,0.3041700056611243,0.9868195436770049
Madrid,network,Morning,28,0.3,1750,262,Uniform sufficient,0.1289920897739307,265199.9216332326,486745.07499999995,0.5448435644330508,0.739130136061758,49,0.18702290076335878,14,0.4826306671409713,0.1285944570731851,0.21818781641475363,0.08959335934156853,Uniform,True,85.18929295640665,99.69690022062215,0.23727178588040249,0.4258523691944441,0.2791488567193001,0.8217901283326859,0.23854250628749596,0.15005566000887788,0.02715220142625473,0.028154211658436266,0.029304066372505218,0.01484673200339753,0.4258523691944441,0.3317603726083944,-0.585978712655725,0.5811943836545178,0.48741499614219186,0.9718457883415639
Madrid,network,Morning,28,0.4,1750,262,Uniform sufficient,0.274267743153473,236425.53768821753,486745.07499999995,0.48572764231506105,0.7918213787418942,55,0.2099236641221374,29,0.9028371304606696,0.1386971542037499,0.21725924690927326,0.07856209270552336,Regional,True,87.90932741654812,99.30189670344389,0.27821155759915117,0.48009335685445587,0.17281364094657756,0.6653604953235603,0.2821665834754543,0.2865367323685504,0.030747417893029105,0.048102772307889334,0.034179000830483204,0.026015470440432037,0.48009335685445587,0.5443826124158414,0.9455169449893488,-0.8456513754859097,0.802971560957218,0.9518972276921107
Madrid,network,Morning,28,0.5,1750,262,Uniform sufficient,0.2762886751835225,217134.87361993958,486745.07499999995,0.44609567671524897,0.8455102105681893,51,0.1946564885496183,31,1.1353633155767708,0.1407671650643694,0.21823880302394746,0.07747163795957807,Uniform,True,91.63723707003739,99.23273763123625,0.2662583911715032,0.5167609719091725,0.10098668605397064,0.43881315406962346,0.31199246350781634,0.4897805354263929,0.033116527153461923,0.07140631050398372,0.0371433513755787,0.043424572484622316,0.5167609719091725,0.8444326839937483,0.7025785705977332,-0.5897113519484934,1.0224960969275347,0.9285936894960163
Madrid,network,Morning,28,0.6,1750,262,Uniform sufficient,0.3325939275690359,205338.4618120846,486745.07499999995,0.4218603789921955,0.886907825879136,57,0.21755725190839695,38,1.4104962911762795,0.1291415159572575,0.1944430524909552,0.06530153653369769,Uniform,True,94.5026213459743,99.00174678559122,0.27527975879302874,0.5389497980078545,0.05462425952081995,0.2571427544402263,0.33270321919923507,0.6551221110208182,0.034532900272140434,0.08773513453895546,0.039189822999950094,0.059367094392545526,0.5389497980078545,1.0673775179895393,0.9974817331245306,-0.8979230985619007,1.3109376566136368,0.9122648654610445
Madrid,network,Morning,28,0.7,1750,262,Uniform sufficient,0.3741636351182933,198785.26964954683,486745.07499999995,0.4083970847564238,0.9201023358775976,56,0.21374045801526717,40,1.294612241601914,0.1130363174930488,0.1921884491573677,0.07915213166431892,Uniform,True,96.43744355472226,99.03326824913088,0.2468206532816583,0.5512884086428208,0.02856865038132652,0.13134080444489601,0.3445610091394341,0.7696570857747588,0.035267425235663105,0.09900210978034517,0.04031450660075567,0.07086572261097361,0.5512884086428208,1.2219955017740038,0.42173445878205357,-0.4874427268711271,1.360320509690994,0.9009978902196548
Madrid,network,Morning,28,1.0,1750,262,Other common selection,0.4514282199706088,191628.90346283987,486745.07499999995,0.3936945914919424,0.9616988251679511,58,0.22137404580152673,40,1.7103077680347938,0.0987588909893474,0.18282110547221558,0.08406221448286819,Pooled,True,98.79217874891961,98.79217874891961,0.23098985741040245,0.565058813251782,0.0,0.0,0.35760125854188346,0.8904204689513211,0.036093332950058996,0.1095795310486789,0.041246595256275734,0.08183213212308191,0.565058813251782,1.3846198134074403,0.0,0.07351667251686331,1.636791095517937,0.8904204689513211
Madrid,network,Morning,30,0.1,1750,262,Uniform sufficient,0.0044797723835046,352222.86225135956,486745.07499999995,0.7236290213133838,0.6402814225665654,45,0.1717557251908397,1,0.005483232734428,0.106109734064898,0.21909059888224414,0.11298086481734614,Shared,True,86.5713849059457,99.99451676726558,0.2229073927753739,0.26863559571318024,0.6736273115295672,0.9923081388051156,0.039401862574733916,0.004998053157222821,0.010599847209082525,0.002693808037661552,0.007735382973436173,0.0011297195078675132,0.26863559571318024,0.07055521604871821,-0.043835427664462134,0.02545484201992161,0.023863818378959165,0.9973061919623384
Madrid,network,Morning,30,0.2,1750,262,Uniform sufficient,0.0051791824866427,260851.13606948638,486745.07499999995,0.5359091431371676,0.5052084837123927,48,0.183206106870229,4,0.0216402091114653,0.1326766811132842,0.23680048182564462,0.10412380071236041,Uniform,True,75.1844115433804,99.98686234855064,0.24443406961190414,0.44814576999632627,0.43715668457444506,0.9841639468499671,0.0799543176368928,0.010246435895802812,0.018798140925829862,0.0055896172542302764,0.015945086866506118,0.0022528683134326304,0.44814576999632627,0.13989227483631902,-0.11094179155841126,0.05912362379590109,0.07345837687398016,0.9944103827457699
Madrid,network,Morning,30,0.3,1750,262,Uniform sufficient,0.0228010198882202,201627.32206404835,486745.07499999995,0.4142359777632026,0.5232729452305084,46,0.17557251908396945,6,0.1184022863861582,0.1562497793034711,0.2525389614529216,0.09628918214945051,Uniform,True,70.0966825880434,99.94568762270573,0.2639893431323109,0.5635706203575168,0.2791488567193001,0.9543763696501456,0.11085765575036949,0.03143139459918886,0.024229465293532915,0.014192235750665316,0.022193401879280754,0.005719748752813445,0.5635706203575168,0.3114577353512396,-0.08320627317651628,0.05008316299414857,0.15152539656850847,0.9858077642493345
Madrid,network,Morning,30,0.4,1750,262,Uniform sufficient,0.130484404254588,163156.5209691843,486745.07499999995,0.33519912033867894,0.592820034778388,44,0.16793893129770993,13,0.3782425873810797,0.2095542623362025,0.30085160124884763,0.09129733891264513,Shared,True,70.74325012864048,99.72299988177639,0.31611877682136674,0.6379931725574869,0.17281364094657756,0.8879387365143249,0.1343667768726881,0.08012319994100368,0.028018702519413272,0.03193806354467142,0.02680770710383426,0.013384887106272655,0.6379931725574869,0.5877213653406386,-1.3450967461732797,0.9405408919270662,0.7827984416272773,0.9680619364553286
Madrid,network,Morning,30,0.5,1750,262,Other common selection,0.406856000622966,137332.74830574018,486745.07499999995,0.28214512145960635,0.6725849158391479,47,0.17938931297709923,27,1.8584625328055535,0.2013182283801345,0.2899918323273687,0.0886736039472342,Pooled,True,75.71701702789392,98.84107504651318,0.31963883906715745,0.6880951008283314,0.10098668605397064,0.754506591162147,0.15054605996690737,0.18164407157695958,0.030612375438728304,0.0638493372608936,0.029759777712062296,0.02710370102099225,0.6880951008283314,1.0630132262036456,-0.5945142670737141,0.5388730408128188,1.9141037590664594,0.9361506627391066
Madrid,network,Morning,30,0.6,1750,262,Other common selection,0.7742846173476039,121311.3434610272,486745.07499999995,0.24922972967117787,0.7463144273562279,52,0.1984732824427481,48,3.270883336791478,0.227684089785148,0.29256958596835414,0.06488549618320613,Pooled,True,81.65035852157746,98.44076701165194,0.336542446186895,0.7188475720523839,0.05462425952081995,0.5281554667106202,0.16230841464438964,0.3644638095841312,0.03229705550596834,0.10738072370524858,0.03192269827643839,0.049152114330201724,0.7188475720523839,1.732992293341546,-0.5755151253398948,0.5540815858630496,3.292316876268321,0.8926192762947514
Madrid,network,Morning,30,0.7,1750,262,Other common selection,0.8400688334940298,112350.50570876132,486745.07499999995,0.2308200154028499,0.811939433665851,56,0.21374045801526717,49,3.24809592423451,0.1897498781037588,0.23221296065580466,0.04246308255204587,Pooled,True,87.96042083259992,98.50167911081738,0.3044263301028009,0.7359844605593113,0.02856865038132652,0.3280181578750902,0.16905207734058397,0.5282162552409159,0.03319928768093943,0.14376558688399388,0.03319552403783898,0.0733920956777701,0.7359844605593113,2.3441692197601247,0.5546560842021904,-0.5925242768504593,3.2859641168827802,0.856234413116006
Madrid,network,Morning,30,1.0,1750,262,Incompatible,1.1170621391216002,102586.80004773414,486745.07499999995,0.21076083830480288,0.9217955799237485,62,0.2366412213740458,63,4.86674152477104,,,,,False,97.48894798104398,97.48894798104398,0.27062619683061495,0.7549264301350952,0.0,0.0,0.1765240417485093,0.798859897490572,0.0342367965562936,0.20114010250942804,0.03431273156010205,0.11111580712057294,0.7549264301350952,3.3439570029826466,0.0,0.15160562894370105,4.715135895827346,0.798859897490572
Madrid,network,Morning,32,0.1,1750,262,Uniform sufficient,0.0,335476.24065498495,486745.07499999995,0.6892236981647631,0.5714938482518769,43,0.16412213740458015,0,0.0,0.1099265279580278,0.21909059888224414,0.10916407092421633,Shared,True,83.7684125007846,99.99999999999997,0.2229073927753739,0.30728841492972736,0.6736273115295672,0.9990313962313409,0.012372227748298922,0.0006312480992178032,0.0032241588868968047,0.0003373556694411535,0.0034878869055098246,0.00018223895777616145,0.30728841492972736,0.07087441656094375,0.0,0.0,0.0,0.9996626443305586
Madrid,network,Morning,32,0.2,1750,262,Uniform sufficient,0.0019950337514273,228816.86511117828,486745.07499999995,0.4700959020718973,0.36793339927731356,46,0.17557251908396945,1,0.0019950337514354,0.1433291247582785,0.243564734790698,0.10023561003241951,Local,True,67.61745898121919,99.99800496624857,0.243564734790698,0.5216128706670046,0.43715668457444506,0.9975628737379841,0.026117069901603535,0.0018110474513846175,0.006822147595848644,0.0006260788106313045,0.008291227261098261,0.0006627047619897769,0.5216128706670046,0.14026637347998558,-0.005282681722677543,0.0026883998106232688,0.004589315663493205,0.9993739211893687
Madrid,network,Morning,32,0.3,1750,262,Uniform sufficient,0.0037562404306612,158585.12626827793,486745.07499999995,0.3258073566913398,0.34146302749386126,43,0.16412213740458015,2,0.005350948168854,0.1714989452919469,0.26661307809772183,0.09511413280577494,Uniform,True,57.6052946686985,99.99464905183115,0.2742466658839814,0.6617535934925948,0.2791488567193001,0.9922378417903955,0.037200916353480946,0.005212422301945212,0.009457583618558729,0.002549735907659214,0.01243904981606552,0.0015774124747008728,0.6617535934925948,0.3072812785557167,-0.021123034131777914,-0.006066816951361996,0.03254079925199603,0.9974502640923407
Madrid,network,Morning,32,0.4,1750,262,Uniform sufficient,0.0153694798735415,112056.58583323263,486745.07499999995,0.23021616774085005,0.3868831458175433,35,0.13358778625954199,4,0.106228436821369,0.2334549919872726,0.3237523646076263,0.0902973726203537,Regional,True,52.61741535968702,99.97982678445742,0.3352027462870156,0.7541257005700237,0.17281364094657756,0.9807702815394326,0.04585839498746417,0.013314290869472854,0.011544131806808326,0.005915427591094542,0.01565813168912636,0.004672485319851391,0.7541257005700237,0.5600839382243908,-0.025832530000466678,0.018341330395223805,0.11371963642659726,0.9940845724089055
Madrid,network,Morning,32,0.5,1750,262,Uniform sufficient,0.032352573900269,80863.99450090635,486745.07499999995,0.1661321267624667,0.4699188477973809,37,0.14122137404580154,5,0.1077642321622629,0.2483128140254106,0.32375236460762624,0.07543955058221563,Uniform,True,51.18131934617787,99.92922314552585,0.3313859523938858,0.8161565992609854,0.10098668605397064,0.9586317562605867,0.05202873861467233,0.03024804239328956,0.013116702093823707,0.01112020134612362,0.017711273976548043,0.010727805870213311,0.8161565992609854,1.0146827004172527,-0.08100859612436934,0.031881928208458685,0.15689090007816062,0.9888797986538763
Madrid,network,Morning,32,0.6,1750,262,Other common selection,0.5569346741017966,61083.251838670694,486745.07499999995,0.12549331256956364,0.5575536622239505,39,0.14885496183206107,24,1.946127678277948,0.2706229646262789,0.33932525470261476,0.06870229007633588,Pooled,True,53.98134097832266,98.75131476080956,0.3545924302751339,0.8551714857387027,0.05462425952081995,0.8660515987504583,0.05663174281388109,0.08953626898774866,0.014237310234862606,0.04441213226179291,0.019335201691733774,0.026746699319218588,0.8551714857387027,1.8845137625915624,-1.622183272810976,0.8219333542746431,2.7463775968142627,0.955587867738207
Madrid,network,Morning,32,0.7,1750,262,Incompatible,1.2423826242281848,49991.71607915408,486745.07499999995,0.10270615697375897,0.6551534904659546,52,0.1984732824427481,56,5.630273767536465,,,,,False,63.067241503133886,97.75863248982527,0.3421159193064802,0.8770299208012399,0.02856865038132652,0.6722407708170979,0.05932103881111971,0.22243865204568947,0.014816467781312737,0.10532057713721271,0.02026392222500129,0.05545881993111582,0.8770299208012399,3.6551347554845277,-0.5610212784080406,-0.04354655457260416,6.234841600517124,0.8946794228627873
Madrid,network,Morning,32,1.0,1750,262,Incompatible,2.8366459646789224,37923.26324169184,486745.07499999995,0.07791196087950525,0.8477097225296012,62,0.2366412213740458,96,13.277501236857129,,,,,False,93.87873912891519,93.87873912891519,0.3257161766732031,0.900964077682237,0.0,0.0,0.062349505314426415,0.7088486997798621,0.015562455565078827,0.29115130022013797,0.02112396143825787,0.1652414298459152,0.900964077682237,9.994646973633008,0.0,-0.780957782742697,14.058459019599821,0.7088486997798621
Madrid,network,Afternoon,28,0.1,1750,262,Population sufficient,0.0020079170554367,454490.3099969807,486745.07499999995,0.933733761963551,0.9836527086756437,50,0.19083969465648856,1,0.0057506498317012,0.0648830366453485,0.17242407728788567,0.10754104064253717,Population,True,99.20026613099638,99.99126296851686,0.18933229272612728,0.05612264492637936,0.590726273651949,0.7265297956550357,0.3349305727463349,0.2670385050900075,0.008076915565266976,0.0064316992549567995,0.010143593110069857,0.008296323465809486,0.05612264492637936,0.04555847092321677,-0.2475829750603017,0.24129859053218097,0.012035034359807297,0.9935683007450432
Madrid,network,Afternoon,28,0.2,1750,262,Population sufficient,0.0038848593039375,434788.7735271739,486745.07499999995,0.8932576740035304,0.9827760341419732,51,0.1946564885496183,2,0.0068610002713743,0.0744226528052164,0.17242407728788567,0.09800142448266927,Population,True,99.2963693923952,99.97681227194853,0.19694787092834345,0.09057628507510107,0.36005004547335423,0.4963841448612819,0.520377614266897,0.49152443870077517,0.01283001426327923,0.012091416437942936,0.01616604092136862,0.01517120845295574,0.09057628507510107,0.0864168061489883,-0.15671281230682454,0.15096650921065322,0.012607303367549508,0.9879085835620571
Madrid,network,Afternoon,28,0.3,1750,262,Population sufficient,0.004353699097038,421654.55910688406,486745.07499999995,0.8662739096166183,0.9864351137232111,51,0.1946564885496183,2,0.0043536990970403,0.0652473953663425,0.17242407728788567,0.10717668192154317,Population,True,99.4363725285546,99.9954869335913,0.18081136053461824,0.11362450907846725,0.20946596574504991,0.31162460762278676,0.6407854296102848,0.6713718450380611,0.016022514261283694,0.017003547339152155,0.020101581304914542,0.020749653529970817,0.11362450907846725,0.12105759039444378,-0.16443998244501024,0.15204237145477675,0.016751310087281222,0.9829964526608479
Madrid,network,Afternoon,28,0.4,1750,262,Population sufficient,0.0107342455010552,413936.0808182367,486745.07499999995,0.8504165775446967,0.990812840579636,54,0.20610687022900764,5,0.0391054195283306,0.0624894273768813,0.17242407728788567,0.10993464991100438,Population,True,99.65569207183925,99.96938263721506,0.1759927040793682,0.1272398704844263,0.12421514604890486,0.19062158028285495,0.7083313591514494,0.7889364799202869,0.0178700723443425,0.020441939796858082,0.022343551970876993,0.02431881495469694,0.1272398704844263,0.14421483851763786,-0.24270183396510106,0.24424100818708414,0.03756624530633807,0.9795580602031418
Madrid,network,Afternoon,28,0.5,1750,262,Population sufficient,0.0104144354950648,408866.2383496377,486745.07499999995,0.8400007711421379,0.9942597264940386,53,0.20229007633587787,4,0.0208880798791963,0.0596725997760431,0.16760731710246438,0.10793471732642128,Pooled,True,99.83357437388467,99.97846876898384,0.1714241109955941,0.1362002803845961,0.06735543102534106,0.10312453190169837,0.7535998082077418,0.8739350411062933,0.019045531909055113,0.022940426992008357,0.023798948473266142,0.026526011922430186,0.1362002803845961,0.16076387528005573,0.08055990891153005,-0.0831747169214778,0.023502887889150843,0.9770595730079916
Madrid,network,Afternoon,28,0.6,1750,262,Population sufficient,0.0121453571435239,405874.4983176328,486745.07499999995,0.8338543503858419,0.9965851853733251,52,0.1984732824427481,6,0.0672515232952874,0.0587852553707937,0.17242407728788564,0.11363882191709193,Local,True,99.91580149870224,99.95941536209219,0.17242407728788564,0.14150118442886242,0.03495231208680631,0.05735359946229911,0.7791479293533248,0.9184174424687226,0.019754108945710783,0.02422895806897828,0.0246444651852958,0.027984707480522814,0.14150118442886242,0.16934429948298305,0.0,0.022662823347819726,0.044588699947462854,0.9757710419310217
Madrid,network,Afternoon,28,0.7,1750,262,Population sufficient,0.0182566102608348,404256.6900585749,486745.07499999995,0.8305306223356753,0.9978341418739662,53,0.20229007633587787,7,0.0707980144382545,0.0537970136869532,0.1693653187996339,0.11556830511268071,Regional,True,99.93163381154692,99.96592355661946,0.17242407728788567,0.14440641284476044,0.01861262548210043,0.034563149292302225,0.7917684334042825,0.940446934767218,0.020149563449292213,0.024989915940479796,0.025062964819564444,0.028621927346542512,0.14440641284476044,0.17442392587274622,0.0,0.02045276900962733,0.05034524542862763,0.9750100840595202
Madrid,network,Afternoon,28,1.0,1750,262,Population sufficient,0.0189969537607055,402534.5872512078,486745.07499999995,0.8269926249406999,0.9989082282984479,54,0.20610687022900764,7,0.066933819360861,0.0467626206153723,0.16173173101337435,0.11496911039800205,Regional,True,99.97460810390207,99.97460810390207,0.1686072833947559,0.14750981676326463,0.0,0.0,0.8063781053305736,0.9739242492714073,0.020614519610126118,0.02607575072859269,0.025497558296035706,0.029559773024933338,0.14750981676326463,0.1813034668941529,0.0,0.007430798572097537,0.05950302078874988,0.9739242492714073
Madrid,network,Afternoon,30,0.1,1750,262,Uniform sufficient,0.0016855499907251,436719.85856582125,486745.07499999995,0.8972250177689447,0.9587208061865744,52,0.1984732824427481,1,0.002524284270524,0.0718810168603105,0.19401842144046322,0.12213740458015272,Pooled,True,98.17002714436984,99.99715469867198,0.19401842144046322,0.09426968166021515,0.590726273651949,0.7883165258852398,0.29858432535504986,0.2059925351736472,0.00791441876194584,0.005690938941112917,0.008505300570840306,0.006318260575581534,0.09426968166021515,0.06445257841781593,-0.11685529977943764,0.11264211193425021,0.006737472115693471,0.9943090610588871
Madrid,network,Afternoon,30,0.2,1750,262,Uniform sufficient,0.010035051770231,406747.33263405797,486745.07499999995,0.8356475566477134,0.9568724400377403,56,0.21374045801526717,5,0.0499732923524917,0.0810562742991844,0.21310239090611202,0.1320461166069276,Regional,True,98.20889235561022,99.98466819636192,0.21846085445185623,0.1507154258339599,0.36005004547335423,0.5756665147248841,0.4637523369786169,0.41320748521480943,0.011845174195742375,0.011126000060306498,0.013637017518326817,0.01233851863052495,0.1507154258339599,0.1341145455430758,-0.051685627647369566,0.05135535290333863,0.050303567096516295,0.9888739999396935
Madrid,network,Afternoon,30,0.3,1750,262,Uniform sufficient,0.0045020719938548,386817.69470652175,486745.07499999995,0.7947028425639885,0.9665245838948017,51,0.1946564885496183,4,0.0222273700805502,0.0690641892594723,0.18256803976107383,0.11350385050160153,Regional,True,98.57681103423079,99.98923096601904,0.18638483365420358,0.1882813498545181,0.20946596574504991,0.37952313379605174,0.5708660506233246,0.6045210097996591,0.014370826195614072,0.01595585640428902,0.017015807581493483,0.018191742922189787,0.1882813498545181,0.20122711359708031,-0.15720238322198846,0.14634546052733613,0.03308429277518674,0.9840441435957108
Madrid,network,Afternoon,30,0.4,1750,262,Population sufficient,0.0089060876687909,375239.235080314,486745.07499999995,0.7709153196471767,0.9775348958675867,54,0.20610687022900764,4,0.0293646143576147,0.0667890650189569,0.17242407728788567,0.10563501226892877,Population,True,99.06357023888363,99.98805831666282,0.17875124586794405,0.2101629613093349,0.12421514604890486,0.23664681509790003,0.6309470912655007,0.7440664761602991,0.015753082332771205,0.019286708741800874,0.018921719043488407,0.022187520429627707,0.2101629613093349,0.2504735709357404,-0.06583696271802109,0.06970373916221581,0.02549783791339834,0.9807132912581991
Madrid,network,Afternoon,30,0.5,1750,262,Population sufficient,0.0166470380738701,367643.90521195653,486745.07499999995,0.7553109915122542,0.9863185702438791,53,0.20229007633587787,9,0.064328729709771,0.0612142694286576,0.17242407728788567,0.11120980785922807,Population,True,99.56047671266785,99.94953630133678,0.17406322088377946,0.2245405053872722,0.06735543102534106,0.13003954754587285,0.6713007855649928,0.8477049849998516,0.0166547749219204,0.022255467454275486,0.02014850310047365,0.02439742705504808,0.2245405053872722,0.28707404413625026,-0.0467986717404632,0.04911868588457269,0.06200871556566509,0.9777445325457245
Madrid,network,Afternoon,30,0.6,1750,262,Population sufficient,0.0163214587706335,363209.64508635266,486745.07499999995,0.746200965847169,0.9923698054868172,52,0.1984732824427481,6,0.074405367282135,0.0626020492639235,0.17242407728788567,0.10982202802396217,Population,True,99.79099305998791,99.96480964147068,0.18005766507414517,0.23296798966120313,0.03495231208680631,0.0681962507667763,0.6940469803815142,0.9077697925376976,0.017201673378848353,0.02403395669552603,0.020831044491627978,0.025938746765049453,0.23296798966120313,0.30748764698432496,0.08837881640235506,-0.07590190330380032,0.06192845418355665,0.9759660433044739
Madrid,network,Afternoon,30,0.7,1750,262,Population sufficient,0.0239052700670328,360838.01374275365,486745.07499999995,0.7413285357694758,0.9956976345682746,53,0.20229007633587787,8,0.0958540919028926,0.0549684614776639,0.1693653187996339,0.11439685732197,Regional,True,99.8592682326145,99.95817051383852,0.18005766507414517,0.23748841570956541,0.01861262548210043,0.04082171428362116,0.7052109374292713,0.9342250744348929,0.017504972858104054,0.024953211281485883,0.02118304852095895,0.026537575043827002,0.23748841570956541,0.3179887488741179,0.1271664141794557,-0.12127533264703685,0.08996301037049229,0.975046788718514
Madrid,network,Afternoon,30,1.0,1750,262,Population sufficient,0.0235603102527193,358289.22776932374,486745.07499999995,0.7360921479674423,0.9987265604124279,54,0.20610687022900764,8,0.0995604161573815,0.0458752762101229,0.16173173101337435,0.11585645480325145,Regional,True,99.96620782999787,99.96620782999787,0.1686072833947559,0.242396214922561,0.0,0.0,0.7182355014553577,0.9741470140863189,0.01785664651208427,0.02585298591368119,0.02151163710999698,0.02782923567381141,0.242396214922561,0.3325745005454901,0.0,0.009792150991480541,0.08976826516590072,0.9741470140863189
Madrid,network,Afternoon,32,0.1,1750,262,Uniform sufficient,0.0117275950566693,410971.86755072465,486745.07499999995,0.8443267095218676,0.9021138649016109,53,0.20229007633587787,6,0.0701126843919135,0.0916005938972569,0.21938829414354713,0.12778770024629021,Regional,True,95.92291137685258,99.98008050067413,0.2207359786923716,0.13832674447652973,0.590726273651949,0.859471551023949,0.2388552479879011,0.13262299208782302,0.014745187882017584,0.007905456888227745,0.017346546001602715,0.01050086247983147,0.13832674447652973,0.07733715245300195,0.2885848862723778,-0.25757536761295496,0.039103165732481154,0.992094543111772
Madrid,network,Afternoon,32,0.2,1750,262,Uniform sufficient,0.0365168302375735,366428.06177536235,486745.07499999995,0.7528130855260577,0.89675531215045,54,0.20610687022900764,9,0.1027772120631916,0.1032449606804362,0.22702188192980668,0.12377692124937048,Shared,True,95.14736042804726,99.91837184414102,0.22702188192980668,0.21965080588622984,0.36005004547335423,0.6973890138417014,0.3697497465169785,0.2849192676764313,0.023013293535725003,0.017691718481867416,0.027536108587712577,0.022869881201599006,0.21965080588622984,0.17040046743123155,-0.7851391368885068,0.6950860122583408,0.19283033669335292,0.9823082815181327
Madrid,network,Afternoon,32,0.3,1750,262,Uniform sufficient,0.0622690667527194,336839.1119921498,486745.07499999995,0.6920236676090659,0.9166205955141843,57,0.21755725190839695,14,0.1967385400367927,0.0721005840811165,0.17647612162742873,0.10437553754631224,Shared,True,96.07360093335096,99.87543623716499,0.19761888328903782,0.27385699094835214,0.20946596574504991,0.48668078951359744,0.4540884220147339,0.48165324629202405,0.028469279849282058,0.03166596419437852,0.034119341442582225,0.036080250814032634,0.27385699094835214,0.29486820145421594,-0.023411470619327076,-0.05291376812287159,0.2730637787789953,0.9683340358056215
Madrid,network,Afternoon,32,0.4,1750,262,Uniform sufficient,0.0735789227399124,319806.8813152174,486745.07499999995,0.657031571023533,0.9406595644652402,54,0.20610687022900764,14,0.2718005764443587,0.0726646511080469,0.17338969720020064,0.10072504609215374,Regional,True,97.26959053123169,99.86848497757815,0.17961749556715093,0.3052347690944446,0.12421514604890486,0.3146804802154478,0.5012441834214302,0.6424802292904266,0.03157224155319799,0.04283929049412558,0.03773365988202247,0.04769657042787384,0.3052347690944446,0.3962675981872092,-0.36832035583831874,0.3045877640470208,0.33553316823566287,0.9571607095058744
Madrid,network,Afternoon,32,0.5,1750,262,Uniform sufficient,0.0641069242440295,308550.4791938405,486745.07499999995,0.6339057035016544,0.9610021347418007,57,0.21755725190839695,13,0.2723882244046207,0.0630733533186813,0.16721516361508507,0.10414181029640376,Local,True,98.56636288899637,99.83838881402522,0.16721516361508507,0.32601209508055884,0.06735543102534106,0.18059884314501212,0.5329656126816481,0.7682377017192354,0.03358465979466534,0.05116345513575237,0.04008220141778672,0.05578353134858119,0.32601209508055884,0.47572070434682406,-0.05055384676111929,0.10069271346285974,0.22224935770287355,0.9488365448642475
Madrid,network,Afternoon,32,0.6,1750,262,Population sufficient,0.077746412515566,302054.5546582126,486745.07499999995,0.6205600635162309,0.9758759218425483,57,0.21755725190839695,14,0.3581421241165656,0.0673061875623027,0.17242407728788567,0.10511788972558297,Population,True,99.28441178620156,99.84115053536829,0.17253727297404248,0.33810341633212865,0.03495231208680631,0.09484440845940034,0.5508067376709754,0.8474772783801809,0.03480101375844916,0.0576783131604184,0.04133652015164053,0.06060395553583189,0.33810341633212865,0.526411034543999,0.07435905436108242,-0.0006292128810529629,0.28441228263651025,0.9423216868395813
Madrid,network,Afternoon,32,0.7,1750,262,Population sufficient,0.1081759959534736,298638.3681280193,486745.07499999995,0.6135416329133261,0.9842398208117921,56,0.21374045801526717,18,0.4255866152818048,0.0593844500854724,0.16086239619216822,0.10147794610669582,Regional,True,99.4524856530355,99.78397855578578,0.17556545122760786,0.3445084214334248,0.01861262548210043,0.055275786927936284,0.5594854340733586,0.8838977120594531,0.03544357335786705,0.060826501012610425,0.04194994565324923,0.06256679808921652,0.3445084214334248,0.5503840664153958,-0.13206182089969543,0.17032985103762757,0.3873185851438613,0.9391734989873894
Madrid,network,Afternoon,32,1.0,1750,262,Population sufficient,0.1318133736502744,294910.3760295894,486745.07499999995,0.6058826091452274,0.9923710067466953,55,0.2099236641221374,21,0.5703795724094791,0.0494757380586975,0.14559522061964913,0.09611948256095162,Regional,True,99.77084642628698,99.77084642628698,0.17241454138567827,0.3515359413786982,0.0,0.0,0.569646581543251,0.9348406843709967,0.03623602760197643,0.06515931562900314,0.04258144947607448,0.06579879467891421,0.3515359413786982,0.5841443022936281,0.0,0.06078812722026077,0.5095914451892155,0.9348406843709967
