city,mode,window,threshold,phi,reachable,quota,tolerance,optimum,mandatory,possible,max_swaps,exchanged,loss_percent,minimum_loss_same_swaps_percent,population_of_excluded,uniform_loss_percent,population_loss_percent,solver_key,minimum_status,minimum_common_loss_percent,balance_status,incumbent_feasible,local_capture,regional_capture,selected_population,district_TV,represented_districts,swaps_from_local,mip_gap,objective_bound,local_top_TV,dominance_cuts
Valencia,connectors_shade,Morning,28,0.1,398,59,0.01,24013.40364658385,0,370,14,1,0.038122187580468155,0.0005496930045515782,0.0,0.0005795314127048465,8.854966096633676,8b1546603414bccbff0b9db199fe35ff3271c66cfc430a3e9946bf53604999c8,optimal,0.022511156944233335,optimal,True,99.46885361724695,99.0367555023392,25679.773,0.1330553935113777,17.0,8.0,0.0,15.70053643434257,0.2532442690229501,
Valencia,connectors_shade,Morning,28,0.2,398,59,0.01,20901.85918881988,3,388,12,2,0.06240689464225381,0.02960341431476618,0.0,0.0742662634621982,12.872134756345405,6f52508cb4b08fee0a5051fe66f45994d852427248e329f77c0517d909a9a6ce,optimal,0.052262685182199675,optimal,True,99.07721139343218,99.00218344245849,24136.644,0.21901304720265954,17.0,7.0,0.0,25.84353956991273,0.32070796245689687,
Valencia,connectors_shade,Morning,28,0.3,398,59,0.01,18155.699295652175,2,393,12,4,0.21173113917626496,0.08775561713862667,0.0,0.13391286667280897,13.321730064850774,e9ad4fdd43db0b01f4e16b4f7763bc667bde315d7038d49e0f44ad436bb7f1b8,optimal,0.08483669434478713,optimal,True,99.09405530609703,99.03425675620656,24986.923000000003,0.2163977279208794,17.0,8.0,0.0,25.534931894662815,0.32313023129709384,
Valencia,connectors_shade,Morning,28,0.4,398,59,0.01,15715.502437888199,3,394,13,7,0.93785879071021,0.23136827537158744,0.0,0.28914514570535577,9.649864875037537,4d15cbd7cc779e39d8072a8919f833d190704f4feefeb58849dc3200a1f76d66,optimal,0.1497475474365615,optimal,True,99.0103461445723,99.01349099045095,25402.938,0.1255528059401427,17.0,7.0,0.0,14.815231100935087,0.23900561325122488,
Valencia,connectors_shade,Morning,28,0.5,398,59,0.01,14065.020720496896,2,392,15,7,1.241368300589917,0.16273127963048825,0.0,0.48836251866229186,5.75321697498887,40c194161532e87dbe7abdc44d997b2a9a9c17c130bbe6306d2cc515317f3e04,optimal,0.24651982592351374,optimal,True,99.00396099422429,99.07961613829609,26000.524999999998,0.11078679039036189,16.0,7.0,0.0,13.072841266062571,0.2139318637498252,
Valencia,connectors_shade,Morning,28,0.6,398,59,0.01,13172.025427329194,1,393,11,8,1.1960794134603792,0.4884969341098339,0.0,1.0466812319263585,3.6910226188864814,072ca3b5940b34e391a5c0e560a72867474b5ab89f45f13c4a4f7c68a0998749,optimal,0.37406574357832767,optimal,True,99.01352497601324,99.54120122734774,26839.066000000006,0.11513807798382568,16.0,7.0,0.0,13.586293202091431,0.2208587153872961,
Valencia,connectors_shade,Morning,28,0.7,398,59,0.01,12582.989344099378,0,392,11,12,2.176672358545004,1.0512057248928197,0.0,1.1889170144802443,1.1346224283469386,54284f77f8df83050d4f8909738eb7df26d62f0a4b63d82cddb6cb1bd6b59b04,optimal,0.4077377441193448,optimal,True,99.01080466099458,99.2750904086886,27204.064000000006,0.12826057010899078,16.0,7.0,0.0,15.13474727286064,0.24671821131390093,
Valencia,connectors_shade,Morning,28,1.0,398,59,0.01,12501.175661490683,0,394,12,12,1.9297242777113468,0.9837064758075506,0.0,0.8700280644883984,0.8700280644883984,28db4939c21cb9a0e9dc1d335bde3212232ee84f076ffe786ac2aab60bcea19e,optimal,0.3762881667633877,optimal,True,99.0108991197507,99.07370702331572,27233.772000000004,0.12777907931365465,17.0,8.0,0.0,15.077931359009595,0.2559845458065043,
Valencia,connectors_shade,Morning,30,0.1,398,59,0.01,23455.358676397515,0,336,12,1,0.00046366392756988707,0.0004636639275805503,0.0,0.00046366392756988707,19.068739512931785,6cb417c62f91c94bc8e9f2f29b6a5a57e40bee84a175c51b60685e4f4de0c037,optimal,0.000463663927575908,optimal,True,99.04123478571204,99.00236926438556,24732.754000000004,0.18554283634232607,17.0,7.0,0.0,21.894054688394448,0.30176463529873926,
Valencia,connectors_shade,Morning,30,0.2,398,59,0.01,19611.026933540375,5,319,10,1,0.005932693457337276,0.0006878878082787587,0.0,0.0,32.323036867575986,21a23f989628f13e523188e2fef2a16511214aca75c96e8877aec7de4f10922d,optimal,0.0039224877634751465,optimal,True,99.04134879208024,99.05083302157377,22562.0,0.25291135228740536,18.0,6.0,1.1904464852359868e-16,29.843539569913826,0.3546062675416426,
Valencia,connectors_shade,Morning,30,0.3,398,59,0.01,15570.06099937888,10,387,9,2,0.041435410136136726,0.026635035691338765,0.0,0.04143541013612505,40.39922011325295,ad8b8dfd794b52e8e03e603397fba1b30f9753339af4fb8e9a173c781c241fbb,optimal,0.019686531536805774,optimal,True,99.22173505477659,99.13650786744002,21941.063000000002,0.2868096573721511,17.0,5.0,0.0,33.84353856991383,0.37155542008401554,
Valencia,connectors_shade,Morning,30,0.4,398,59,0.01,11642.5196310559,12,398,8,2,0.17799014237264932,0.03548095386169303,0.0,0.0302232394306418,40.71951136506581,3d570aef2271148df1bf506ff4341bdef921df96b7671eee3e6a1ceed1655d3f,optimal,0.03022323943061167,optimal,True,99.00015419524078,99.00633749452359,21454.967,0.25533362112760233,18.0,7.0,0.0,30.129367293057076,0.3715554200840155,
Valencia,connectors_shade,Morning,30,0.5,398,59,0.01,8170.358302484473,10,398,10,8,1.1305954443843131,0.5979901274340426,0.0,0.5636876868998831,33.83271769324544,c9d88078159254119904b7f82e474d5801874edb0a8def1eea45054cbcba900a,optimal,0.27594475471202884,optimal,True,99.04329282200439,99.05311521319449,22308.235999999997,0.23596219974503246,17.0,8.0,0.0,27.843539569913787,0.36232628163416286,
Valencia,connectors_shade,Morning,30,0.6,398,59,0.01,6036.21349068323,8,398,14,12,3.0167871106625537,0.708092101077078,0.0,1.5834582601417302,24.56236221643834,4ceb8e0055cc0f38d8fb56ae6198b89abeb7af0d391b124974a44c28f4a949ea,optimal,0.5995178321952181,optimal,True,99.06804150591005,99.0058135410648,24415.565,0.17170507449693087,16.0,7.0,0.0,20.261198790634797,0.2526978996714342,
Valencia,connectors_shade,Morning,30,0.7,398,59,0.01,4657.431567701863,2,389,13,15,4.349509248294612,1.2817947974146575,0.0,3.5367464170956966,9.885191881244188,ac4c5d13480cf3d5a5c95471e39d3e32201cc017493aa97fd6a1d012eac38866,optimal,1.0200978557955125,infeasible_by_minimum_loss,,,,,,,,,,0.23530593587145618,
Valencia,connectors_shade,Morning,30,1.0,398,59,0.01,4311.458356521739,0,391,13,17,6.367248604742625,1.6857747803549996,0.0,4.335292117642242,4.335292117642242,d01c2bba3f9d40df1733cb86a1977db40eae45f5acba2b04874079bfc0fbe9df,optimal,1.2479065977881874,infeasible_by_minimum_loss,,,,,,,,,,0.32556509553856294,
Valencia,connectors_shade,Morning,32,0.1,398,59,0.01,23381.066007453417,0,322,11,0,1.555950787672383e-14,0.0,0.0,0.0,22.426423844149216,36e9b5fbce61059bdaa1ca11a7b0dd6a6b054ce3d36ed4c73856399e42108606,optimal,1.4210854715202004e-14,optimal,True,99.01155543411133,99.01842240275016,24660.784,0.20006972004450196,17.0,7.0,0.0,23.608226965251134,0.3187137878411122,
Valencia,connectors_shade,Morning,32,0.2,398,59,0.01,19375.6593931677,5,276,11,0,0.0,0.0,0.0,0.0,39.47109887633251,a0f5f8f5e69b5e2cba9c8f373f8a6c41ddf6a63025d6068af362685009e77cab,optimal,1.4210854715202004e-14,optimal,True,99.00891224881752,99.00644655679768,22289.725000000002,0.2529113522874053,18.0,7.0,0.0,29.84353956991383,0.3715554200840155,
Valencia,connectors_shade,Morning,32,0.3,398,59,0.01,15036.344993788818,14,253,8,1,0.002701743531602044,0.00270174353161433,0.0,-1.2097284308768127e-14,52.24849088887377,2b155062089e876f6038562330c8d10b3c3a02172a07f952f2ba81acbe0f7424,optimal,0.001890580622770699,optimal,True,99.01750979902302,99.04196186931277,21342.667,0.3143170902148662,17.0,6.0,0.0,37.08941664535421,0.40283840588698105,
Valencia,connectors_shade,Morning,32,0.4,398,59,0.01,10667.975517391305,15,398,9,0,1.705093342762623e-14,0.0,0.0,0.0162558857603036,58.127468106300995,7d673cac6d804a64072faa365b85617feb74db79600412ade702f8c35e144a5a,optimal,1.4210854715202004e-14,optimal,True,99.0027205638641,99.01589938704352,20504.572,0.288247980320318,18.0,6.0,0.0,34.01326167779752,0.38850457262638843,
Valencia,connectors_shade,Morning,32,0.5,398,59,0.01,6844.701977018633,12,398,7,1,0.09165155469820098,0.03635537967407943,0.0,-1.3287571976495015e-14,59.72097861165329,33119f7d78162e35ad5af23409d86d70cfdf56e075a2b4bb263eab4fddb898f4,optimal,0.028969562810175375,optimal,True,99.07227433194228,99.1775650929863,18966.909000000003,0.29596799441283816,15.0,4.0,0.0,34.92422334071491,0.3637646045823298,
Valencia,connectors_shade,Morning,32,0.6,398,59,0.01,4025.51187204969,22,398,15,7,0.6383195018652239,0.1827145900772836,0.0,0.6032454391401955,55.34420753269603,8f94715f70e0a34298f350b60a64b235835c76c4c2c34a26a583a1eab235bcce,optimal,0.2218598298226624,optimal,True,99.03274573168999,99.04754881931011,21277.122000000003,0.18503632078143506,16.0,8.0,0.0,21.834285852209334,0.31560087607768594,
Valencia,connectors_shade,Morning,32,0.7,398,59,0.01,2084.2712124223603,15,398,14,14,2.612355303892375,0.8708476420868243,0.0,2.291144319706058,33.08906537041402,80d09839b21c49fe7288d00a92e4e0898224a41b7e02e05221d70a59c5a2ab10,optimal,0.7599978378369769,optimal,True,99.00388042512743,99.00023905621603,24411.294,0.17295697085339773,15.0,7.0,0.0,20.408922560700972,0.26145238359913603,
Valencia,connectors_shade,Morning,32,1.0,398,59,0.01,1371.4252590062113,0,390,12,18,6.311218912015628,2.1552436113741753,0.0,4.505024286818198,4.505024286818198,bc585db4c4c808c993344719ccfa009425f8c2958ef27d8a0b52522e2d419f00,optimal,1.199556429906906,infeasible_by_minimum_loss,,,,,,,,,,0.34251424808093583,
Valencia,connectors_shade,Afternoon,28,0.1,398,59,0.01,23344.9470378882,0,386,13,3,0.17153250064601358,0.02552971367625336,0.0,0.046251486780598865,6.977906671308292,b90d6f0e4882c9b1f0b5be922c1c587643141e9a4bbab9971dd12f55822c665a,optimal,0.07647035543145364,optimal,True,99.19187508974876,99.00086956419668,25734.709000000003,0.1086036533977698,18.0,7.0,0.0,12.81523110093671,0.2158984389429284,
Valencia,connectors_shade,Afternoon,28,0.2,398,59,0.01,20047.777783229812,2,390,13,7,0.798363626977127,0.2234739560475293,0.0,0.687123194128439,7.672254108607675,35778f710a6b30ef7dd2e42b4d587ff944cba4638fd2d5b4364e76f53827c7f2,optimal,0.21806708037041744,optimal,True,99.0034079714978,99.042999278268,25856.433,0.12570866539667275,17.0,8.0,0.0,14.833622516807381,0.2444722226013448,
Valencia,connectors_shade,Afternoon,28,0.3,398,59,0.01,18138.79992298136,2,394,14,9,1.339192371469684,0.35720870015485157,0.0,0.4633533954753435,6.011930437353478,fb5d2465e8dda3e14a5a013a3187f3d5a609ad184ec732322f17d7b0df131e1a,optimal,0.2156554429337092,optimal,True,99.00179000234571,99.01184798647547,26091.262,0.12404421524216756,18.0,6.0,0.0,14.637217398575773,0.20762443961773713,
Valencia,connectors_shade,Afternoon,28,0.4,398,59,0.01,17032.455758385095,2,391,12,9,1.7469952834680362,0.6021150062239341,0.0,1.4281220547019995,3.1934722299379685,14b45ab3f07cb68010c2aa39a92879b2df5e5ba25440f60f1dd98cedc9876166,optimal,0.4176482084621824,optimal,True,99.02479452552215,99.22988162403496,26854.339,0.13577949187612307,17.0,7.0,0.0,16.02198004138252,0.23008785383714875,
Valencia,connectors_shade,Afternoon,28,0.5,398,59,0.01,16316.650628571428,0,392,11,10,1.8630282417426844,0.7207810293756672,0.0,1.469101841814818,1.6220775877605846,fa3bfdac6a51303dceeb6abd5d5d7c60665a752c259346ad69d4cb96a3b3f439,optimal,0.5153859842260005,optimal,True,99.04642845256642,99.15019898604187,27191.705,0.14520972265136367,17.0,5.0,0.0,17.134747272835288,0.22995548536322807,
Valencia,connectors_shade,Afternoon,28,0.6,398,59,0.01,16166.23034658385,0,392,11,11,2.162920321374399,0.8205528738485046,0.0,1.3514115668806148,1.3514115668806148,a2a911519756bb61722f9f8bb611a2e87571c08f38c842cc2cbd48ab73bc2f73,optimal,0.5565825517902567,optimal,True,99.01368639581311,99.08509258624964,27239.132,0.15074659975129182,16.0,7.0,1.9972419338383254e-16,17.788098770652432,0.2559845458065043,
Valencia,connectors_shade,Afternoon,28,0.7,398,59,0.01,16166.23034658385,0,392,11,11,2.162920321374399,0.8205528738485046,0.0,1.3514115668806148,1.3514115668806148,f62b4937558563be02c6a7840aee035551f360c6432db0a57820d64af4100aec,optimal,0.5565825517902567,optimal,True,99.01368639581311,99.08509258624964,27239.132,0.15074659975129182,16.0,7.0,1.9972419338383254e-16,17.788098770652432,0.2559845458065043,
Valencia,connectors_shade,Afternoon,28,1.0,398,59,0.01,16166.23034658385,0,392,11,11,2.162920321374399,0.8205528738485046,0.0,1.3514115668806148,1.3514115668806148,025137744234904127b287b91654953e913864d5d099410285f00d08391d6f17,optimal,0.5565825517902567,optimal,True,99.01368639581311,99.08509258624964,27239.132,0.15074659975129182,16.0,7.0,1.9972419338383254e-16,17.788098770652432,0.2559845458065043,
Valencia,connectors_shade,Afternoon,30,0.1,398,59,0.01,21299.019544099378,2,329,13,3,0.2285320136924029,0.028144642558982774,0.0,0.035735718952763396,23.93600124491263,194881457a5d67c9cdf3334b36045da56963366e7b6bbbe524495a194ef6ab75,optimal,0.09993546290841948,optimal,True,99.04302892393842,99.08494571741934,24155.99,0.15507702882153193,17.0,8.0,0.0,18.29908940094077,0.2810797298306398,
Valencia,connectors_shade,Afternoon,30,0.2,398,59,0.01,16114.100501863355,6,378,9,1,0.010827252104532661,0.003991535239125701,0.0,0.010827252104532661,34.54010019201188,b38bef2a3518c60f5d38431345e915f39d779c45755121a0800ff8c75874bf00,optimal,0.009053911992026542,optimal,True,99.02012663851382,99.01096076497967,22296.09,0.23815834137889116,17.0,7.0,0.0,28.10268428270916,0.35274876694555435,
Valencia,connectors_shade,Afternoon,30,0.3,398,59,0.01,12127.358414906832,15,398,10,6,0.8377711234081308,0.29770124423825245,0.0,0.41842499943356315,34.61653915293551,4584917c116efdd3900d367c3af7fcbeef008f89832b9ee4890d312cb22110af,optimal,0.13445464144318464,optimal,True,99.00612549346008,99.1398909477047,21811.621,0.25366917097309716,16.0,6.0,0.0,29.93296217482546,0.3553640862273344,
Valencia,connectors_shade,Afternoon,30,0.4,398,59,0.01,8972.673898757765,12,398,13,12,3.5288882899572673,0.6996935219178562,0.0,1.3114679269572522,22.5419229896753,37376eb26431e656cbc7a457fe645025ca1ea98314211b461d6f9c5f12fb0a68,optimal,0.515990657194962,optimal,True,99.012929960726,99.0382688417329,24235.381,0.18042854996921437,16.0,9.0,0.0,21.290568896367223,0.3013622203059607,
Valencia,connectors_shade,Afternoon,30,0.5,398,59,0.01,6973.757991304348,4,390,11,14,5.62372096294611,1.3668280554644445,0.0,4.977018430087182,11.821680129435117,b7dd362f838cf42b5e3c50bb956c4b74f5a2ffcd8b2a8767ab686b6fa84fe162,optimal,1.0089319383396145,infeasible_by_minimum_loss,,,,,,,,,,0.26596315398374243,
Valencia,connectors_shade,Afternoon,30,0.6,398,59,0.01,6388.556026086957,0,386,13,15,7.020110473351044,1.3611464235153006,0.0,6.170967695385471,6.311994771801976,66d440ae4895f03cd509cd4750399a736fd51fcfc3570b82e38ae6c4c20008a3,optimal,1.4387575519119622,infeasible_by_minimum_loss,,,,,,,,,,0.303265492487962,
Valencia,connectors_shade,Afternoon,30,0.7,398,59,0.01,6368.168473291926,0,386,13,15,6.8570157063798876,1.2870535906444045,0.0,6.190723914181164,6.012054661727646,a4f57577628450f67f17cb9bb1b1b1e393270032a7249271d5357d506bcf661d,optimal,1.4428816316809474,infeasible_by_minimum_loss,,,,,,,,,,0.303265492487962,
Valencia,connectors_shade,Afternoon,30,1.0,398,59,0.01,6365.985203726708,0,386,13,15,6.825071516075653,1.350611270888013,0.0,5.979820684740983,5.979820684740983,761b5006311569b5ee9a34379f61bf9b6b984bc6bf5dad9f238cb79a1aee67f2,optimal,1.5005888666135831,infeasible_by_minimum_loss,,,,,,,,,,0.30880236958789015,
Valencia,connectors_shade,Afternoon,32,0.1,398,59,0.01,20856.4811,2,286,11,1,0.03882033830597219,0.010527260751902747,0.0,0.01284280175978327,32.69967128880529,5a9f7d7d8af77eba23100773494d8ee6aa5500c03f302e2a08fee5c37a55f5ee,optimal,0.0029049583390445832,optimal,True,99.0373502401736,99.04342417730726,23178.179,0.17696254573620548,17.0,6.0,0.0,20.88158039684668,0.2786574609904428,
Valencia,connectors_shade,Afternoon,32,0.2,398,59,0.01,15112.965261490683,12,336,9,2,0.12331177579025979,0.026564094410235606,0.0,0.0,51.685110938448766,c38d7475b7dca61a612fd496afc5571d292aafb8c610c150de1f2be858ab6e42,optimal,0.06531721910526755,optimal,True,99.00222689673808,99.2357979791569,21157.628,0.28346892190608164,17.0,6.0,0.0,33.449332784917495,0.37231323876970734,
Valencia,connectors_shade,Afternoon,32,0.3,398,59,0.01,10524.879862732918,21,398,7,2,0.115191790059817,0.054051870274371625,0.0,0.0,61.0172110479325,415b892f5aeab6d57abf033a87118eff29d7991648001827319961a9952a5f11,optimal,0.011828558911290088,optimal,True,99.03178807792636,99.12014771891339,19698.975,0.3045166286002158,16.0,5.0,0.0,35.93296217482546,0.38926239131208024,
Valencia,connectors_shade,Afternoon,32,0.4,398,59,0.01,6123.778609937888,27,398,12,7,1.1082719075161256,0.2593588858581595,0.0,0.10189264703491968,52.185547303158096,9f7ff23e3b9ca4f8bf04f8cfc535939b31b6386e7c92f5a383046a110e7aa372,optimal,0.25952940274527236,optimal,True,99.04114411148123,99.01768880240034,21097.61,0.18594194692445676,17.0,9.0,0.0,21.941149737085876,0.3229041040907556,
Valencia,connectors_shade,Afternoon,32,0.5,398,59,0.01,2977.0495111801242,11,398,14,12,3.426897337503163,0.7011016578621471,0.0,3.426897337503163,35.15381537625206,bfdf0a2ef581935e0596f39118e6d4efd189df15b4b735290a3f7da3830acca4,optimal,0.6838022962938481,optimal,True,99.02601775914441,99.04371057471319,24900.774,0.19059402605840087,15.0,7.0,0.0,22.490095074891272,0.2844502638063387,
Valencia,connectors_shade,Afternoon,32,0.6,398,59,0.01,1933.7620068322983,1,390,12,15,6.889320969068175,1.5959542929758035,0.0,6.648073935473647,10.149223206724669,7af4aabf448e29bfe13487dd14050cc1841a48a9082faa8c3ccf9aed7b4e6861,optimal,1.3670726906792936,infeasible_by_minimum_loss,,,,,,,,,,0.32556509553856294,
Valencia,connectors_shade,Afternoon,32,0.7,398,59,0.01,1899.359829192547,1,389,12,15,6.556976401324752,1.5796059366945998,0.0,6.556976401324752,8.52179993662952,b9c674c1c722b2abc85fa944b53808677361b076c30f6df8f0ce989bb14008d3,optimal,1.3981950660115388,infeasible_by_minimum_loss,,,,,,,,,,0.32556509553856294,
Valencia,connectors_shade,Afternoon,32,1.0,398,59,0.01,1858.4997298136655,0,385,12,15,6.510603332385038,1.5784010636389303,0.0,6.510603332385038,6.510603332385038,9a398b9d96a2da5676b567ba6897e45829060b0848618e5fe27cc6a4884069e5,optimal,1.5007328600400172,infeasible_by_minimum_loss,,,,,,,,,,0.34251424808093583,
Valencia,connectors_sun,Morning,28,0.1,398,59,0.01,26928.738429192545,0,387,12,0,-1.3509651841498456e-14,0.0,0.0,0.0,3.679084716891077,c97741dccaf6aec48364368f6e3aebfafc07b86765d8204a46452e20ab0b983d,optimal,-1.4210854715202004e-14,optimal,True,99.01374510841518,99.01221771434274,26815.023,0.08205202541723541,16.0,8.0,0.0,9.682138999233773,0.20110698432990048,
Valencia,connectors_sun,Morning,28,0.2,398,59,0.01,24592.674314285716,0,378,12,1,0.006967534655633801,0.0005367452043364276,0.0,1.4792936955939093e-14,8.647946461191134,6f2add53b52b4521e1ce1452790bd3cd6d862927e97126b545f1a1e26d877fc0,optimal,0.006967534655615282,optimal,True,99.32322744293504,99.01963906964048,25808.203000000005,0.13183449708449604,16.0,7.0,0.0,15.55647065597044,0.24247032285813525,
Valencia,connectors_sun,Morning,28,0.3,398,59,0.01,21640.732716770188,3,390,11,4,0.2636568687743953,0.07007454377339553,0.0,0.0,13.173280118022454,15b7e057d57c1c7908beaea259ae37fe2350f72134a3e3174de439ed75be8927,optimal,0.09411275757675241,optimal,True,99.01758939691409,99.02672825317684,24555.244000000002,0.1919110931614673,16.0,8.0,0.0,22.64550899305314,0.32313023129709384,
Valencia,connectors_sun,Morning,28,0.4,398,59,0.01,18869.57148074534,3,393,13,4,0.2487088312054086,0.03906050711368871,0.0,0.017646175841209633,13.02300560158036,019e8426123011b278b085581802d686b3a75d91c313f2a35e143e77ccc1be58,optimal,0.044751118379736,optimal,True,99.01680881219553,99.02653928164686,24259.222,0.14657703248959103,17.0,8.0,0.0,17.296089833771312,0.27290391833597066,
Valencia,connectors_sun,Morning,28,0.5,398,59,0.01,16301.36564037267,3,395,13,7,0.768985178786662,0.2892533408594769,0.0,0.2083564566024339,10.374556927896931,d357c6642ab82fcdabd262dee5d60304cfa9387ebf67492d0f9094dca7bbdb6b,optimal,0.17322192357001143,optimal,True,99.02097140843514,99.05052884219764,25150.656,0.15801278807672156,17.0,9.0,0.0,18.645508993035055,0.28262237704166204,
Valencia,connectors_sun,Morning,28,0.6,398,59,0.01,14906.449926708076,4,395,14,5,0.6499174958711962,0.15138183722432888,0.0,0.2895620274831831,6.798942793815209,c0a9aab52da0013ba5f31bafd7d031810ebf623b308aaeeba26c99444882ea0b,optimal,0.21320433816217133,optimal,True,99.09271934840413,99.07873542649234,25761.085000000003,0.12460380324781449,16.0,7.0,0.0,14.703248783240578,0.24082560220422766,
Valencia,connectors_sun,Morning,28,0.7,398,59,0.01,13979.784401242237,4,393,13,6,0.9699081415640257,0.17983876365316048,0.0,0.599506566484612,3.8392621340884703,343703473f96c050ae90b83c8f135a34a7a88074a93ed5ea9a4718e3966c1c1d,optimal,0.3124610214505452,optimal,True,99.00647990186802,99.00269225739747,26578.833000000002,0.09590891446368821,17.0,7.0,0.0,11.317251906715212,0.19240041341730602,
Valencia,connectors_sun,Morning,28,1.0,398,59,0.01,12501.175661490683,0,394,12,12,1.9297242777113468,0.9837064758075506,0.0,0.8700280644883984,0.8700280644883984,28db4939c21cb9a0e9dc1d335bde3212232ee84f076ffe786ac2aab60bcea19e,optimal,0.3762881667633877,optimal,True,99.0108991197507,99.07370702331572,27233.772000000004,0.12777907931365465,17.0,8.0,0.0,15.077931359009595,0.2559845458065043,
Valencia,connectors_sun,Morning,30,0.1,398,59,0.01,26848.098729813664,0,378,12,0,0.0,0.0,0.0,0.0,6.31293534541273,7c0fdab72c334e32df3e27045700123eff6e332211d039336dd5d05260a43288,optimal,1.4210854715202004e-14,optimal,True,99.01737920939988,99.01728913320642,26816.794,0.08205202541723541,16.0,8.0,0.0,9.68213899923377,0.20110698432990048,
Valencia,connectors_sun,Morning,30,0.2,398,59,0.01,24124.00200186336,0,336,11,0,0.0,0.0,0.0,0.0,17.42139833043853,c88d846ac4d93cbee7f43294dcf1d4a517ec249f129d59c7c3a7bb2ccb5593e2,optimal,1.4210854715202004e-14,optimal,True,99.02626990719615,99.01290183919126,25379.550000000003,0.15801278807672156,17.0,7.0,0.0,18.64550899305302,0.2662263450101638,
Valencia,connectors_sun,Morning,30,0.3,398,59,0.01,20439.131967701862,4,317,10,1,0.002120056363927617,0.0021200563639256704,0.0,-1.779908663851521e-14,30.806420949030684,03a6d9c1127d6d50f8997b21b0b19e41261228e0e0882c0c3dceca45577e0bbc,optimal,0.002120056363906997,optimal,True,99.00802979755623,99.02115697813315,22704.501000000004,0.18815815562410623,17.0,8.0,0.0,22.202662363644535,0.32313023129709384,
Valencia,connectors_sun,Morning,30,0.4,398,59,0.01,16678.676905590062,8,350,11,2,0.05424775673601626,0.009443776046061008,0.0,0.03555760401000674,37.94912156246438,c8caef4d5e67be07dded7912b73dbe658232fe18e544e355b8886276341e7da3,optimal,0.004236444948162443,optimal,True,99.02233308352821,99.0268853528437,20889.608,0.2020638946602867,17.0,6.0,0.0,23.843539569913645,0.2874308020381465,
Valencia,connectors_sun,Morning,30,0.5,398,59,0.01,12851.096997515526,13,398,10,2,0.2721496985501708,0.04957089927075998,0.0,0.1171566127062963,41.04776175840713,1aef8a0fc8899d860c3ba353f9fc43258c626662e68a3b886d68cfa18ac7a6d7,optimal,0.07385746938869886,optimal,True,99.0163878349017,99.16611492704045,20504.951999999997,0.22143531604285657,17.0,7.0,0.0,26.12936729305618,0.3400793838394667,
Valencia,connectors_sun,Morning,30,0.6,398,59,0.01,9992.793099378883,14,398,8,2,0.29340928324154353,0.08253450664344,0.0,0.19439383683677988,36.33392144641455,a92bcce82cc07e4014d2f6ee887c5960ddf7fb3e9a0ceef857ed4bafeac4ba34,optimal,0.07440427297960639,optimal,True,99.00928316792661,99.026508932948,21117.546000000002,0.2466668571858028,17.0,6.0,0.0,29.106689147924726,0.3469234494918732,
Valencia,connectors_sun,Morning,30,0.7,398,59,0.01,7650.367480124222,10,398,13,10,2.0917947147565705,0.5665439051893243,0.0,0.8855133432573162,26.019804982301856,483cf626c7a0bdc09cf59e5ae1c765c3558946f505919d169a5e3470435b4549,optimal,0.43561968298834586,optimal,True,99.01012469068306,99.00382105830649,23405.872,0.1338329416976671,17.0,7.0,0.0,15.792287120324655,0.22935265057434634,
Valencia,connectors_sun,Morning,30,1.0,398,59,0.01,4311.458356521739,0,391,13,17,6.367248604742625,1.6857747803549996,0.0,4.335292117642242,4.335292117642242,d01c2bba3f9d40df1733cb86a1977db40eae45f5acba2b04874079bfc0fbe9df,optimal,1.2479065977881874,infeasible_by_minimum_loss,,,,,,,,,,0.32556509553856294,
Valencia,connectors_sun,Morning,32,0.1,398,59,0.01,26832.133011180125,0,375,12,0,0.0,0.0,0.0,0.0,7.0687399036722525,f5b09bca425a38168d7c4ccc3efbbba4ad19384ac2ef9d59b5a500e389ddcb67,optimal,0.0,optimal,True,99.01019423282771,99.0101597220632,26815.023,0.08205202541723541,16.0,8.0,0.0,9.68213899923371,0.20110698432990048,
Valencia,connectors_sun,Morning,32,0.2,398,59,0.01,24014.453980745344,0,321,12,0,0.0,0.0,0.0,0.0,20.22279059214296,7799d0e16918d4161774b7318359bb5c779c81848fb33b5b82992e13367e09be,optimal,2.842170943040401e-14,optimal,True,99.01899230436888,99.02630519477158,25103.348,0.1645314297559265,17.0,7.0,0.0,19.414708711199324,0.27048164949577364,
Valencia,connectors_sun,Morning,32,0.3,398,59,0.01,20198.25389751553,5,281,12,0,0.0,0.0,0.0,0.0,37.17926621310682,494113f47f7848026363affe1e7e39d166181b9dd58f83c4975dd6a7e625eefc,optimal,1.4210854715202004e-14,optimal,True,99.03282739254003,99.02525069418225,22451.275,0.1875370109581108,18.0,8.0,0.0,22.129367293057065,0.32313023129709384,
Valencia,connectors_sun,Morning,32,0.4,398,59,0.01,16289.824776397518,10,246,10,0,0.0,0.0,0.0,0.0,48.59885749073229,6d91d809853f1da45c364ffd07abe0968dfdad1c07ae11a09b8709f325f33bb6,optimal,1.4210854715202004e-14,optimal,True,99.07067524290679,99.09763044956945,20584.928,0.20268503932628212,17.0,6.0,0.0,23.91683464050129,0.3043799545805195,
Valencia,connectors_sun,Morning,32,0.5,398,59,0.01,12100.37733416149,17,398,12,1,0.025688706632383464,0.002297669737039066,0.0,0.0,56.82824913423464,f4daeaa346f12ccc14fd4d973b66786fc3e6311c1d09ea0375d685bd0264349b,optimal,0.01064582893789634,optimal,True,99.01370281214683,99.02341715580131,19822.377999999997,0.22143531604285654,18.0,8.0,0.0,26.129367293056973,0.34692344949187315,
Valencia,connectors_sun,Morning,32,0.6,398,59,0.01,8908.929255900619,18,398,8,1,0.03991330185644298,0.03218742900673333,0.0,0.03991330185646339,57.20894838597881,684c3e3b0d2d7966c25165a8116799987e315d39277a414f0b2b07e6b0206deb,optimal,0.025492337693506784,optimal,True,99.05706211676944,99.03643892648681,19418.523,0.26986050482977825,17.0,5.0,0.0,31.843539569913823,0.33909543794743663,
Valencia,connectors_sun,Morning,32,0.7,398,59,0.01,6107.352002484473,23,398,8,2,0.1690739352909566,0.027191217296166203,0.0,0.06611540679946436,50.60936388635187,478afd0932af8b1ff9284d8f041e3bfdf7914d8b803dc07cb007380bfb905c60,optimal,0.06571369159652818,optimal,True,99.01521805234846,99.16326584564759,19364.367000000002,0.2192822133931111,17.0,6.0,0.0,25.875301180387115,0.31693240949664636,
Valencia,connectors_sun,Morning,32,1.0,398,59,0.01,1371.4252590062113,0,390,12,18,6.311218912015628,2.1552436113741753,0.0,4.505024286818198,4.505024286818198,bc585db4c4c808c993344719ccfa009425f8c2958ef27d8a0b52522e2d419f00,optimal,1.199556429906906,infeasible_by_minimum_loss,,,,,,,,,,0.34251424808093583,
Valencia,connectors_sun,Afternoon,28,0.1,398,59,0.01,26434.219882608693,0,388,12,1,0.06160539036198769,0.01793886871282259,0.0,-1.3762383846572946e-14,3.592131168499168,5dce03a8374d9e4449331d949728b732d49eb0bb92625d05ea548fee14b8e7f9,optimal,0.0529499882356248,optimal,True,99.00503782836508,99.05588814262667,26850.036,0.09365740736945463,16.0,7.0,0.0,11.05157406959512,0.20949972929258456,
Valencia,connectors_sun,Afternoon,28,0.2,398,59,0.01,23739.72156832298,0,385,12,1,0.0412324583474212,0.0045037863326521255,0.0,0.0412324583474212,7.359119802242439,ce5668fb8f2fb09ef01bb647c3d3a3d76c2d3b39cf5a8800f85e6a04740f71f2,optimal,0.04123245834742306,optimal,True,99.02523788083408,99.01623442284041,25824.758,0.10598833411598965,17.0,6.0,0.0,12.506623425686735,0.19269980729916092,
Valencia,connectors_sun,Afternoon,28,0.3,398,59,0.01,20576.21410124224,1,389,12,5,0.43097118946206536,0.15983726755208752,0.0,0.29336605681345285,7.746504015316244,b04691a20e3a49bf2dcc3f23e7b046bbd2b8343887d40b55ca456658ed71aab3,optimal,0.10643474492458438,optimal,True,99.00841451001507,99.00055610253143,25121.730000000003,0.11643166494220636,18.0,7.0,0.0,13.738936463179998,0.21956490314461055,
Valencia,connectors_sun,Afternoon,28,0.4,398,59,0.01,18417.17616086957,3,392,16,7,0.8100870665981712,0.1351131020036224,0.0,0.35183790536779685,4.8090733026986365,02377089eda29bc48d686e9216533e985cbfb3ffe5eb070d5ba5a52fb6c0d803,optimal,0.15515926899445276,optimal,True,99.00499532744118,99.09693374443444,26047.887000000002,0.0953839582480722,18.0,8.0,0.0,11.25530707327248,0.21089588635976206,
Valencia,connectors_sun,Afternoon,28,0.5,398,59,0.01,17350.05141863354,2,392,12,9,1.6704069385158193,0.648135974536365,0.0,1.4458703350840512,3.686757112266579,d5996c5799dcb75e8f997a25d17055596cfc3cecaaf67967d8e8bab880a26549,optimal,0.4560628652081249,optimal,True,99.00110769478589,99.37727887666856,26642.901,0.12746293289205216,16.0,6.0,0.0,15.040626081262154,0.22085871538729612,
Valencia,connectors_sun,Afternoon,28,0.6,398,59,0.01,16714.046496273295,0,394,10,8,1.5693140285088862,0.5483233698183195,0.0,1.569314028508908,2.99647142935723,8d5965f8f08f65b9c2363ce80c7e6fed2ebfe193e3df6bdb86ef239049f365fa,optimal,0.41681703313474827,optimal,True,99.01722488639946,99.03931265097613,26911.103000000003,0.15074659975129184,16.0,5.0,0.0,17.788098770651253,0.22227266731345863,
Valencia,connectors_sun,Afternoon,28,0.7,398,59,0.01,16282.121817391306,0,393,11,11,1.9844112694411458,0.870306698866801,0.0,1.341792607146231,1.341792607146231,223595fc25c9348a4ed6e4be978e1f036b800b0e62a3de01f251c7a95ef90506,optimal,0.5526209569025298,optimal,True,99.0055061087963,99.08348024051669,27161.834000000003,0.15074659975129182,16.0,7.0,0.0,17.788097770652435,0.2559845458065043,
Valencia,connectors_sun,Afternoon,28,1.0,398,59,0.01,16166.23034658385,0,392,11,11,2.162920321374399,0.8205528738485046,0.0,1.3514115668806148,1.3514115668806148,025137744234904127b287b91654953e913864d5d099410285f00d08391d6f17,optimal,0.5565825517902567,optimal,True,99.01368639581311,99.08509258624964,27239.132,0.15074659975129182,16.0,7.0,1.9972419338383254e-16,17.788098770652432,0.2559845458065043,
Valencia,connectors_sun,Afternoon,30,0.1,398,59,0.01,25973.681153416153,0,364,13,1,0.04116420126182358,0.00017710235113878797,0.0,0.0,9.030142332020414,316ed4b21d0d201a9160658836c5f1529e4a5cb55499e41b0b51bf8e7e696685,optimal,0.026756882250893455,optimal,True,99.0282277654512,99.00219161815546,26190.826,0.11828937796159694,16.0,7.0,0.0,13.958146599462651,0.2122925520868198,
Valencia,connectors_sun,Afternoon,30,0.2,398,59,0.01,22177.677263354035,4,328,13,1,0.18205816962915672,0.009985582169124397,0.0,0.0,23.42433073463758,6ee3fa982441796fe560f4dc3d18909064dff1b505f6f51e95f15cfce9e54e80,optimal,0.05809953189508121,optimal,True,99.00661658809157,99.09695199246895,24148.654,0.11493950699298024,18.0,8.0,0.0,13.56286182517135,0.24387268889948108,
Valencia,connectors_sun,Afternoon,30,0.3,398,59,0.01,17166.757339751555,4,358,12,3,0.33501982123541385,0.0584628148845415,0.0,0.12353681115515495,33.06215028400435,a6640618c0063216904ab20d7f2d08be2538fe41cd6f753f212d9f8abb95594d,optimal,0.12353681115517645,optimal,True,99.03656050701667,99.01850726794123,22527.07,0.13844831625256848,18.0,9.0,0.0,16.336901317803083,0.27955493354679395,
Valencia,connectors_sun,Afternoon,30,0.4,398,59,0.01,12916.815394409938,11,398,9,2,0.13141721652229565,0.027028593610492566,0.0,0.16505876063655694,32.09571966306233,7c05c707f91c9b8f3169a2c178dcd20f4df8e9a8419388fe703b7e3b6a5b6591,optimal,0.08155426351571293,optimal,True,99.09138614798321,99.09333131147359,21585.163,0.18129251585650827,18.0,5.0,6.975054660885828e-15,21.392516871067777,0.2660382785683727,
Valencia,connectors_sun,Afternoon,30,0.5,398,59,0.01,9920.661588819876,11,398,11,8,1.6584611598895385,0.4912382947806316,0.0,1.490831855372345,26.008751607277805,34f4d9b8c8983e11b92196eed8650da99d635c1421adb44d7443ec40e0ed15b1,optimal,0.4050338468591974,optimal,True,99.11186852586812,99.00103732683095,23137.394,0.13708457079064934,17.0,6.0,0.0,16.17597935329662,0.23877948604488664,
Valencia,connectors_sun,Afternoon,30,0.6,398,59,0.01,7779.081357763975,7,396,13,12,4.219308261028292,0.8638828653540852,0.0,3.9283182581312266,17.125169854697297,d3d89ff7a45799f7a5b6572f93af3131576d21222f3e324e5e4a05dfb6bb541d,optimal,0.7502491999768637,optimal,True,99.05347954485904,99.05053058088299,25422.733000000004,0.15824204137373832,17.0,6.0,0.0,18.672560882098395,0.23560125079239114,
Valencia,connectors_sun,Afternoon,30,0.7,398,59,0.01,6657.2589689441,2,388,12,13,6.366666403749068,1.0229673881765748,0.0,5.773096461779021,7.708884474821452,b137c210618750a2c3274afbe6a64df931cce232d145979efe0bc57957303af1,optimal,1.0839567645347188,infeasible_by_minimum_loss,,,,,,,,,,0.25776848536907143,
Valencia,connectors_sun,Afternoon,30,1.0,398,59,0.01,6365.985203726708,0,386,13,15,6.825071516075653,1.350611270888013,0.0,5.979820684740983,5.979820684740983,761b5006311569b5ee9a34379f61bf9b6b984bc6bf5dad9f238cb79a1aee67f2,optimal,1.5005888666135831,infeasible_by_minimum_loss,,,,,,,,,,0.30880236958789015,
Valencia,connectors_sun,Afternoon,32,0.1,398,59,0.01,25885.025208695657,0,351,13,0,0.0,0.0,0.0,0.0,11.405262740142005,13d22c8de42ec5a3359617e401f34295aa003e2803896da86eda2bf89ee83570,optimal,1.4210854715202004e-14,optimal,True,99.0131952736592,99.01300210650338,26012.556000000004,0.11195486364473015,16.0,7.0,0.0,13.210673910074467,0.2122925520868198,
Valencia,connectors_sun,Afternoon,32,0.2,398,59,0.01,21828.397463975158,5,282,13,0,0.0,0.0,0.0,0.0,31.533812536558642,39055b33a2f6bcfab5fd0d47f89d524fcb532b56ea1d00471841fe919ad79608,optimal,2.842170943040401e-14,optimal,True,99.0282478269046,99.00179685593898,23622.995000000003,0.1123331107904451,18.0,7.0,0.0,13.255307073272519,0.22836185930527508,
Valencia,connectors_sun,Afternoon,32,0.3,398,59,0.01,16437.199173913043,7,234,10,0,0.0,0.0,0.0,0.009184635888606749,48.87930667225658,7d78a0b224dbc27fc9408bb15af28b4b97fe3ce8fee3ceeaecbdeef6d51f7de7,optimal,-1.4210854715202004e-14,optimal,True,99.00768330600121,99.07273858782025,20874.536,0.18047533757433684,18.0,6.0,0.0,21.29608983377174,0.27893378888079856,
Valencia,connectors_sun,Afternoon,32,0.4,398,59,0.01,11482.196678260869,16,398,8,2,0.2682696898448703,0.117932040351766,0.0,0.13821711938385456,55.52145824894718,e284c30fa89b85cb7cb30d750c0126873927f71f650fadf040563f1d167ccedf,optimal,0.08348588630906306,optimal,True,99.04550675819857,99.13626282478002,20290.020000000004,0.20821710077549793,18.0,5.0,0.0,24.5696178915033,0.29296286348736233,
Valencia,connectors_sun,Afternoon,32,0.5,398,59,0.01,7638.089858385093,27,398,8,3,0.26966610937341784,0.10455000858254943,0.0,0.06806649595141925,55.60637901648466,eca9e062cd3e1a3aa57ea3003e9e100b05d098be4daa6a182405067113b17d1b,optimal,0.14822056274584838,optimal,True,99.23536399576327,99.18661610912007,19319.833,0.2409908647877646,16.0,6.0,0.0,28.436922044949302,0.3400793838394668,
Valencia,connectors_sun,Afternoon,32,0.6,398,59,0.01,4177.857952795031,19,398,17,7,1.6025722583936113,0.12373601413072872,0.0,1.3175882732633497,45.29525349334921,d5c91520619e4bd61b66898d3b1a99d1bf9401bc53d2285b2dc6673025bb4b04,optimal,0.35748917738098385,optimal,True,99.01047563542483,99.0647324257386,23495.777,0.12941729461231033,18.0,7.0,0.0,15.271240764251086,0.23109666799511722,
Valencia,connectors_sun,Afternoon,32,0.7,398,59,0.01,2450.7905167701865,7,398,12,11,4.607087770811832,0.8466670857413203,0.0,4.089690510842108,22.035419677080366,7bbff344dca23c45b0262698788166a3f2d8b92557089888b459eb73ed0a3c8d,optimal,0.7454443738782714,optimal,True,99.00481024460585,99.01621253488291,25852.636000000002,0.16215887519373656,16.0,4.0,0.0,19.134747272859236,0.20710745433365282,
Valencia,connectors_sun,Afternoon,32,1.0,398,59,0.01,1858.4997298136655,0,385,12,15,6.510603332385038,1.5784010636389303,0.0,6.510603332385038,6.510603332385038,9a398b9d96a2da5676b567ba6897e45829060b0848618e5fe27cc6a4884069e5,optimal,1.5007328600400172,infeasible_by_minimum_loss,,,,,,,,,,0.34251424808093583,
Valencia,network,Morning,28,0.1,442,66,0.01,27217.955198757765,0,440,14,2,0.07467016908246503,0.01040550326690442,0.0,0.0005112993109840743,7.9750336582882975,ec32dd11c8ab5fb8b635c0452bf194a4220eb541817ee4674e6b04df12530472,optimal,0.010973645658580722,optimal,True,99.22114192838607,99.01206024248808,28661.914,0.10969002946490754,17.0,9.0,0.0,14.479083889367637,0.23144191689196686,
Valencia,network,Morning,28,0.2,442,66,0.01,23944.723157763976,1,438,13,4,0.285780902589164,0.15120850178264547,0.0,0.06176528586541375,11.95887602314272,355a97650a022ab14aeddbd344bab8d497e0ac47144037cb888413fa5464cf12,optimal,0.0718114299928061,optimal,True,99.15380146105454,99.01088934467306,27627.386000000002,0.13746619209976338,17.0,9.0,0.0,18.14553735716848,0.2738298284633997,
Valencia,network,Morning,28,0.3,442,66,0.01,20916.38005465838,1,440,13,4,0.2202846021915036,0.07022286815020146,0.0,0.13399816385123295,13.10081131300613,a127d92fe04a6030d521a4e37b484a117cc27ecfb6358bbfa109398ceb2b60c2,optimal,0.08056930669974349,optimal,True,99.1378783611787,99.00808149951132,27256.557,0.18183368830943072,17.0,7.0,0.0,24.002046856844817,0.2738298284633997,
Valencia,network,Morning,28,0.4,442,66,0.01,18415.660218012425,3,442,13,5,0.36384811016158775,0.16697119779137504,0.0,0.2253178730592679,11.265510856966422,285ca53d912bddfc6735f127f62e54096020b32f0a780bf26552823183f0dabf,optimal,0.12080714579693108,optimal,True,99.01563877772291,99.12655542862511,28096.073,0.11192724583741645,17.0,10.0,0.0,14.774396450538863,0.2585392025699298,
Valencia,network,Morning,28,0.5,442,66,0.01,16287.662317391305,3,442,16,5,0.5479175228561164,0.0824640413985725,0.0,0.35909349976830907,7.012786105321942,e91cf236bc2b58d5150330964db8f5c1685265d4e6e5d8b8dbefb874675116ce,optimal,0.1780108924073005,optimal,True,99.00824594084668,99.02877662668108,28541.894,0.08486129001494554,16.0,9.0,0.0,11.201689281972817,0.20210913910624279,
Valencia,network,Morning,28,0.6,442,66,0.01,15203.375681366462,3,442,15,9,1.16628507760073,0.3139468105229945,0.0,0.9413114749981267,4.12697090734494,ce0db3a04df1c99fdac06e55695363abdce39ca4ac2662e3c7968fe18f5346f6,optimal,0.35796217025061594,optimal,True,99.03663726009712,99.23419148827588,29551.786,0.07247254293406628,18.0,9.0,0.0,9.566375667296231,0.19179948737476143,
Valencia,network,Morning,28,0.7,442,66,0.01,14576.878855900619,1,442,13,13,2.0791024323733063,0.9596621101998644,0.0,1.3523182721210028,3.033746990518966,668350e5c992bc4bed7b7601c3320d154c2799df629c5954e2f01620c8836a48,optimal,0.4525623778406498,optimal,True,99.02178520007607,99.10851043485448,29762.225000000002,0.10530332786985534,16.0,8.0,0.0,13.900039278820827,0.2217471435655314,
Valencia,network,Morning,28,1.0,442,66,0.01,13900.324030434786,0,442,15,14,1.7463229930964186,0.8128533912742822,0.0,0.9086291692281979,0.9086291692281979,4c6c5b30eaa5cb5651ac0bbc078e2f71f5bc17d1ad580dd016e8f08b004e357c,optimal,0.4157711448492023,optimal,True,99.02327832096857,99.05904640587555,30315.976,0.11995734122847089,17.0,11.0,0.0,15.834369042157553,0.2815663525670456,
Valencia,network,Morning,30,0.1,442,66,0.01,26664.945346583852,1,407,13,1,0.015000972963746391,0.007646743593499288,0.0,0.015000972963746391,16.84506137527944,ae0dbf7c8bf3952662cde4e2568f8b723aeaef26c59afba495d14110b8fa6fa6,optimal,0.011373720432814594,optimal,True,99.06904170058262,99.03548898274211,28170.66,0.1407679632320555,17.0,6.0,0.0,18.581371146631326,0.22832461480722963,
Valencia,network,Morning,30,0.2,442,66,0.01,22702.820488819878,3,407,12,1,0.006310554733717942,0.006310554733712683,0.0,0.0,29.068795257575992,faaab579bd9660216aed445346afc7318dbe2df86c2f832c827d048fe275a00c,optimal,0.0010740289279169701,optimal,True,99.02364819276175,99.01368701449955,25291.033,0.198072252705824,17.0,7.0,0.0,26.145537357168767,0.30413285876643004,
Valencia,network,Morning,30,0.3,442,66,0.01,18354.178995652175,3,432,12,1,0.018159210029670924,0.004311871949378059,0.0,0.018159210029690745,38.066695395169035,c92fed90d3e7cbcfff64e160f8a569bb0895c0ba4ea8e5b81e3ead9d98bdf9ff,optimal,0.008931451498483511,optimal,True,99.00165674466868,99.00376219554934,24518.874,0.24352679816036943,17.0,9.0,0.0,32.14553735716876,0.3798904345240057,
Valencia,network,Morning,30,0.4,442,66,0.01,14681.311263975156,10,442,11,2,0.1625978190656766,0.03721519258484931,0.0,0.10640236728209433,41.95435533586271,39133622df939a0aa0985970126bd1cc9f9f509230db25895c5eedf10d0fc65c,optimal,0.026652515658170728,optimal,True,99.00235803378375,99.20845333710984,23489.421,0.27260366847656686,16.0,8.0,0.0,35.983684238906825,0.3659006667041374,
Valencia,network,Morning,30,0.5,442,66,0.01,10899.271793167702,9,442,12,5,0.3719320108225321,0.08541640796097145,0.0,0.1488592298419332,38.97923447268937,ee34e61c36bb0d7ee8a9437fcbc923e7189c47eef5e74422c5af7f974c66599f,optimal,0.12705985640437234,optimal,True,99.05183876365835,99.02604250439725,23288.661,0.2610998896101226,17.0,9.0,0.0,34.46518542853618,0.3939549004306428,
Valencia,network,Morning,30,0.6,442,66,0.01,8209.213404968945,9,442,14,12,2.199759474886318,0.6837776872902457,0.0,0.4200998420349356,29.63646738606565,ced74a140df5bfab2014c456f14bef8b91b0a4b09aecc5951491b225657d05d9,optimal,0.44135356487255706,optimal,True,99.02114146177797,99.00814728569715,25385.006,0.1701907987010317,16.0,9.0,0.0,22.4651854285325,0.30546738581978994,
Valencia,network,Morning,30,0.7,442,66,0.01,6385.509188819876,4,442,17,14,2.9939403382028513,0.6207757011828785,0.0,1.801645697327034,20.117572613868553,fddee09b39b7db2deffd1b96a3c74b9a56cd60aa8c0d46b58a701dd48a1731b0,optimal,0.7387669107275912,optimal,True,99.00266816214794,99.00472748828734,27227.673,0.11896435639644945,16.0,9.0,0.0,15.703295044331274,0.17721096250061474,
Valencia,network,Morning,30,1.0,442,66,0.01,4818.271637888198,0,442,14,21,6.885537180684464,2.3025258051808715,0.0,4.915296321384426,4.915296321384426,15456594203113471548d6310372c8389de8c99336c7e94a40a85ba45c341b05,optimal,1.4654150738776792,infeasible_by_minimum_loss,,,,,,,,,,0.3547645304608708,
Valencia,network,Morning,32,0.1,442,66,0.01,26573.873498757766,1,397,13,0,0.0,0.0,0.0,0.0,19.682455404424285,38b144be1c4b906e6bd30a1e2eb0b8775d1a6ce2ee098f2c728dfaa3fca61a26,optimal,1.4210854715202004e-14,optimal,True,99.00054130907496,99.00044412585856,28036.390000000003,0.15365408829453198,17.0,6.0,0.0,20.282339654878218,0.2434761299587448,
Valencia,network,Morning,32,0.2,442,66,0.01,22509.76959130435,3,367,12,1,0.013922153702135806,0.005662303309687716,0.0,0.0,35.263353367393336,9b904fb1cb48e379b76e5c2224a6d0167143c12928e511fe17b359f63eabfcb7,optimal,0.0061725017106510904,optimal,True,99.02826755887864,99.01503283943961,24964.524999999998,0.198072252705824,17.0,7.0,0.0,26.145537357168767,0.30413285876643004,
Valencia,network,Morning,32,0.3,442,66,0.01,17834.355784472053,3,310,11,1,0.007536329973821083,0.007536329973810406,0.0,0.007536329973821083,48.558548840408946,d06e5bdb7765e94d5235c26027a065064b8f9389ebc35b6d8c185f5df0c1e31f,optimal,0.007536329973817146,optimal,True,99.05737952369793,99.0255922772232,23849.097999999998,0.25867831331188457,17.0,7.0,0.0,34.14553735716876,0.36473891937249064,
Valencia,network,Morning,32,0.4,442,66,0.01,13884.242899378882,12,442,10,1,0.021911607940122767,0.004542564010791039,0.0,0.021911607940109667,57.328768060170795,4351124821ac0f2dbbb0ca4d61377227821f793604bbb54b0c3868b71ec3fd29,optimal,0.013572691484910138,optimal,True,99.00277073410632,99.04799121709296,22605.908,0.290929942551108,16.0,8.0,0.0,38.40275241674626,0.41135521215868287,
Valencia,network,Morning,32,0.5,442,66,0.01,9782.701398136645,12,442,9,2,0.07894617252095391,0.05286386730253634,0.0,0.012520186117426673,61.30691733214484,f8fb40fdbb02afcbe50b9a4a336d536b907426f49a5eafcdc4009ebfc3b929ac,optimal,0.012520186117427556,optimal,True,99.05582261075679,99.00793243984752,21401.357000000004,0.28898134361491484,17.0,6.0,0.0,38.14553735716876,0.3798904345240058,
Valencia,network,Morning,32,0.6,442,66,0.01,6698.040894409938,24,442,6,0,0.0,0.0,0.0,0.0,58.43328998293619,98d5a4bf773dd48751197a98193844baaaf0d1965423b5953fed4b502b2c6b43,optimal,0.0,optimal,True,99.05918355561357,99.10592909530673,20742.586,0.31849752231339884,17.0,5.0,0.0,42.041672945368646,0.39425509807097453,
Valencia,network,Morning,32,0.7,442,66,0.01,3968.597508695653,22,442,18,11,1.2219841440679617,0.3695607541417809,0.0,0.7497369892781218,48.8664688931414,8fa74a32e1a2c5bf90c06fef10ff1378db75df6eacc0d2c830eea730da6b1534,optimal,0.3075385261814887,optimal,True,99.04385476689237,99.00323927622571,24971.121999999996,0.08625403705987614,18.0,10.0,0.0,11.38553189190365,0.22252607474422015,
Valencia,network,Morning,32,1.0,442,66,0.01,1531.9128260869566,0,442,13,20,6.471278985779834,2.2452194251602715,0.0,5.068328389751376,5.068328389751376,e000dea5e1e2205aada67c7fe2b5a7badaef7c8a645bbfb9dacb804f00a75cdb,optimal,1.3819240683404246,infeasible_by_minimum_loss,,,,,,,,,,0.3547645304608708,
Valencia,network,Afternoon,28,0.1,442,66,0.01,26152.80496956522,0,441,15,6,0.2861173187155477,0.13189522133531112,0.0,0.13379658146396242,7.254610968008594,514d7c5a497827044bfc1956f3679f39c27a419b7fe1dc364e5fdc0c3e43149a,optimal,0.09056202324887863,optimal,True,99.20501432386277,99.0039218704506,28741.262000000002,0.08378970459188449,18.0,8.0,0.0,11.060241006128733,0.18749085615059521,
Valencia,network,Afternoon,28,0.2,442,66,0.01,22736.489673291926,2,442,16,9,0.7764668873752052,0.2947170834967185,0.0,0.5838911523300988,8.017059457482475,6ccca975e894183eb3791490d2817d1ff3b6fb34830b3ce48af5a9800269e829,optimal,0.20976491783606832,optimal,True,99.05239356273788,99.05579383193279,28195.075,0.10002035695640672,17.0,8.0,0.0,13.202687118240657,0.2122547352660857,
Valencia,network,Afternoon,28,0.3,442,66,0.01,20301.555072670806,1,442,17,10,1.145968279442989,0.3492848057754263,0.0,0.5764059318755942,5.78890740457012,6c21b024088ed625aa4967c937c29c9ff870c07519aa133f4db1e841c79de8b3,optimal,0.24958738597359797,optimal,True,99.05784480442043,99.02854965283737,28717.464000000004,0.0852722791849345,17.0,9.0,0.0,11.255940852411303,0.19386287757522755,
Valencia,network,Afternoon,28,0.4,442,66,0.01,19186.346885714283,0,441,12,11,1.748842459401015,0.8047916096672783,0.0,1.3160637090076197,4.436579918594485,d8d154a247c6f2dc3f048ce5760837319aa3f66f0d193cc69aad72af90e34702,optimal,0.3496733096775273,optimal,True,99.00743665097205,99.4279790577122,29308.419,0.1383642689232747,17.0,8.0,0.0,18.264083497872186,0.24196054251588908,
Valencia,network,Afternoon,28,0.5,442,66,0.01,18601.10162608696,1,442,13,13,2.095879176216102,0.8847123909095882,0.0,1.4902427161789265,2.6309556698613075,5f0fd5bf1b156ae894edeaa43515509b28756a7786d490f3a601d4703f122a8a,optimal,0.5208551005526232,optimal,True,99.0146166364012,99.37735038573217,29955.09,0.14598956780795563,16.0,8.0,0.0,19.270622950578584,0.2520501738685617,
Valencia,network,Afternoon,28,0.6,442,66,0.01,18062.421003105588,0,442,13,14,2.438975895502565,1.0195810913768553,0.0,1.3811601801150015,1.6668716026930226,6f518c643db99b55a14297bead57cfab8288ddcd67953f97b1784f2f2b1e870e,optimal,0.5790987797778797,optimal,True,99.00071901159097,99.27870439760474,30191.515000000003,0.14598956780795563,16.0,8.0,0.0,19.270622950650136,0.2664148374155305,
Valencia,network,Afternoon,28,0.7,442,66,0.01,17966.624581987577,0,442,14,14,2.2069110971157984,0.8979788950238156,0.0,1.4544625848091721,1.4544625848091721,fb5467f24cd835406e73b64cef1b13ef83f1ea9ce25a31aedb2637df074ddc2b,optimal,0.6132942447332681,optimal,True,99.00352948349754,99.1395157854388,30320.044,0.1493420071418724,16.0,9.0,0.0,19.713144942726622,0.28156635256704565,
Valencia,network,Afternoon,28,1.0,442,66,0.01,17966.624581987577,0,442,14,14,2.2069110971157984,0.8979788950238156,0.0,1.4544625848091721,1.4544625848091721,827a0ff88f038e5775102c17548f5213a59dced38d055ffe660022475a118f1d,optimal,0.6132942447332681,optimal,True,99.00352948349754,99.1395157854388,30320.044,0.1493420071418724,16.0,9.0,0.0,19.713144942726622,0.28156635256704565,
Valencia,network,Afternoon,30,0.1,442,66,0.01,23964.84073354037,1,414,14,3,0.19650018042305906,0.027497643455667596,0.0,0.045050381489928314,23.594830998699425,40dec4846af5d46a684f83872adce0c08dcc0572f88cd05a13f4e8301740c76c,optimal,0.08048110284509846,optimal,True,99.06698988453606,99.05131317958633,27079.066000000003,0.14439576519794514,17.0,9.0,0.0,19.060241006125146,0.28075940156158147,
Valencia,network,Afternoon,30,0.2,442,66,0.01,18809.087307453414,4,442,10,3,0.2371572966418433,0.0942822385879479,0.0,0.15685978104854387,34.67674121460524,82ef36b015aae143253d3c43dfe4370064b2e02c1f71161992a0d6af50166a63,optimal,0.12438875149193507,optimal,True,99.00974409948856,99.12522448231175,25122.382999999998,0.21263927008780048,17.0,6.0,0.0,28.068383651549517,0.3035483609968913,
Valencia,network,Afternoon,30,0.3,442,66,0.01,14165.46110248447,8,442,9,3,0.572113519115904,0.15147009852319973,0.0,0.3708193326214202,35.85153455029951,fdc544145947c657ae4e42f054c7b5d7ec458a40226075475ca4a61480799f2a,optimal,0.054272248747096796,optimal,True,99.02395929027334,99.04699921446368,24085.956,0.2410683995414063,17.0,5.0,0.0,31.821028739465607,0.316825975298982,
Valencia,network,Afternoon,30,0.4,442,66,0.01,10622.177102484473,10,442,13,11,1.9639746876035733,0.694836819264338,0.0,1.524597102697045,27.614755182129983,ce7999da46a30014d5777dac908d1d69866d3d7f0e024ecd1d6d637505673221,optimal,0.5370580285378281,optimal,True,99.03331431167261,99.3156673685248,26047.099,0.20380062043984087,17.0,8.0,0.0,26.901681898058477,0.32167894746078435,
Valencia,network,Afternoon,30,0.5,442,66,0.01,8669.591619875777,8,442,15,15,4.763284977954033,0.9598386372817864,0.0,3.68016845990823,15.664773178236276,ee7f680fa4f320ade2b19f7754e82435740b72206937a410e52ad81bfff5d635,optimal,0.7497947195909802,optimal,True,99.01547954936201,99.10450970274754,28193.846,0.17670345367668816,16.0,8.0,0.0,23.32485588532277,0.2726454243629171,
Valencia,network,Afternoon,30,0.6,442,66,0.01,7347.380290062112,1,441,15,18,7.40565102114323,1.5059055738060214,0.0,6.698224449427617,8.565907652966837,64e69b0282be8e9984dc0b40b2b0046ebfb2e99b7437b4a502419c1722ad0ff2,optimal,1.3939649472022495,infeasible_by_minimum_loss,,,,,,,,,,0.31315992613314175,
Valencia,network,Afternoon,30,0.7,442,66,0.01,7109.7970521739135,0,441,13,19,7.804216762027949,1.9649775531405778,0.0,6.720912242506108,6.720912242506108,77df4c4906b9647276aacc086500869b8b970b39a345baa211d47ae7c43733fd,optimal,1.6970526733369127,infeasible_by_minimum_loss,,,,,,,,,,0.33961301530935567,
Valencia,network,Afternoon,30,1.0,442,66,0.01,7109.7970521739135,0,441,13,19,7.804216762027949,1.9649775531405778,0.0,6.720912242506108,6.720912242506108,83e5ee46e15ba7675d4a35a58b8a05bce7e22a4c7bab1ea217f0a074c3195c06,optimal,1.6970526733369127,infeasible_by_minimum_loss,,,,,,,,,,0.33961301530935567,
Valencia,network,Afternoon,32,0.1,442,66,0.01,23488.50772298137,3,355,14,0,0.0,0.0,0.0,0.0,31.984347850061134,3e1832fc18130447ed3602b50d7eff7de949b9714c9cca37440a10de3d2a9f3c,optimal,1.4210854715202004e-14,optimal,True,99.00798260162846,99.00434764671532,25953.541,0.15745957067131236,17.0,8.0,0.0,20.784663328599933,0.26560788641006633,
Valencia,network,Afternoon,32,0.2,442,66,0.01,17825.163501863353,5,397,8,1,0.004649425525756121,0.004649425525755963,0.0,0.0,50.79700674074341,01f3a6b22c57d0566f636c173a5714872c1799d58e39c3d255d4862a2d3d8650,optimal,0.004649425525755646,optimal,True,99.11577749029874,99.20063326467668,23704.194999999996,0.24294230039083076,16.0,6.0,1.506683547154448e-14,32.06838365158917,0.33385139129992164,
Valencia,network,Afternoon,32,0.3,442,66,0.01,12506.583809937887,14,442,9,1,0.018372395220999642,0.0035983631099890043,0.0,0.06086710125435539,60.984572976468634,02a596d922d26026fcb1cd9ac0fa1671954a34f62ce1f74af35458fb0f6777f0,optimal,0.01837239522102152,optimal,True,99.00543749053215,99.08030368549379,22301.821999999996,0.2555035543888586,17.0,6.0,0.0,33.726469179329285,0.34470742930377435,
Valencia,network,Afternoon,32,0.4,442,66,0.01,8049.565657763976,19,442,6,2,0.11111584447435545,0.1111158444743641,0.0,0.0016794857026459578,60.22682712689852,a6b976a52c7d204038eb2543ea20a3decc6d0eb33fc4d60fbf70d216693262c5,optimal,0.08855674757428744,optimal,True,99.00264621422582,99.27765648554227,20768.579999999998,0.3311336233914575,16.0,5.0,0.0,43.7096382876724,0.4059728347594045,
Valencia,network,Afternoon,32,0.5,442,66,0.01,4677.101117391305,21,442,19,7,1.4747558504512372,0.1049156928686451,0.0,1.349549718611801,41.48244840270047,b2804006986a0c6683083884035e78f40b9ee8804b1d62a9773939d3a1b842d8,optimal,0.3440373765863143,optimal,True,99.11053734658047,99.00898451207487,25835.676,0.08988748608025203,17.0,9.0,0.0,11.865147162593269,0.20975929118625367,
Valencia,network,Afternoon,32,0.6,442,66,0.01,2668.9706869565225,9,442,14,16,5.614232296293322,1.2244139371042644,0.0,4.945415035272056,24.32889713223861,571524dcc0a4831253a0b2b32f25986b61d1f7b2146052c12ee8dbcea2dbb724,optimal,0.8964944081748882,optimal,True,99.01618890226153,99.02978932780734,28169.206,0.20329718759590834,16.0,5.0,0.0,26.83522776265989,0.26575678174240314,
Valencia,network,Afternoon,32,0.7,442,66,0.01,2092.432257142858,0,441,13,18,7.093465884800124,1.9140158222725832,0.0,7.481744741711972,8.110831056167758,0b8a86a142cbf5cbe50a1ab1f8325982b0db989f9c5e7c234dbdfbaecdb54da3,optimal,1.580391984693108,infeasible_by_minimum_loss,,,,,,,,,,0.3547645304608708,
Valencia,network,Afternoon,32,1.0,442,66,0.01,2073.620319875777,0,440,13,19,7.656990843045659,2.1438745660152305,0.0,7.277210134764404,7.277210134764404,56cbb5ca57873c74db1a4996c89f396d350817ac328dbf730b725542523a9342,optimal,1.6452414986874118,infeasible_by_minimum_loss,,,,,,,,,,0.36991604561238595,
Madrid,connectors_shade,Morning,28,0.1,1632,244,0.01,97684.08506223565,0,1632,45,5,0.03281734877058521,0.0099577508026546,0.0,0.011436151232590362,9.139439933190603,3e031e31593f0353522420c6897aa492a4696163c6140c66a587722900bab1fe,optimal,0.006204664399049875,optimal,True,99.00661138151283,99.00594372098756,105711.15400000001,0.11271087955470033,21.0,29.0,0.0,55.00290922265649,0.23013321397957548,
Madrid,connectors_shade,Morning,28,0.2,1632,244,0.01,82952.09399516616,0,1632,50,8,0.17203689403020267,0.037774517026558194,0.0,0.12121575672952105,13.714285162098422,df0fe468e8e95279a89b06689e6ccf0af93217781bba7ee4b06bf3fc4df1f6b5,optimal,0.06349813062718113,optimal,True,99.0002070351011,99.0075696026391,98548.848,0.12657624277110235,20.0,30.0,0.0,61.769206472297924,0.2452955584118356,
Madrid,connectors_shade,Morning,28,0.3,1632,244,0.01,70229.6843407855,0,1632,50,16,0.572768807742112,0.09521609095715478,0.0,0.29842988062567205,13.276031390267672,d4764508f883f38ffb3a2ec0e69bfc53e4becefd170478c5c4799157edb5bd2e,optimal,0.13836181577258344,optimal,True,99.0006999999543,99.00386336760448,99779.53,0.16332834529708146,20.0,33.0,0.0,79.70423250497542,0.29589052187131043,
Madrid,connectors_shade,Morning,28,0.4,1632,244,0.01,59481.89230332326,0,1632,48,25,0.8978107167507418,0.29105663870237863,0.0,0.7737589996583327,10.857393854762483,2065d4436fa2a6ab6f3ece76650186d8e72e1feed1f371095615e922cb2cdbbc,optimal,0.2572289820447793,optimal,True,99.00002031502,99.02881198327093,103487.218,0.14253905225275187,21.0,32.0,0.0,69.55905749934288,0.2695918154335068,
Madrid,connectors_shade,Morning,28,0.5,1632,244,0.01,52444.17153111783,0,1632,52,30,1.1234343486738398,0.3302296779125546,0.0,0.813694176740523,7.19007709736771,ed1c8566c9abf22ceda5d8442a6c77aa259a2ee494efdcf0dfcd242ee92b7df8,optimal,0.3218198783731907,optimal,True,99.00168983361316,99.00008127974804,107327.46099999998,0.1282642499176697,21.0,31.0,0.0,62.59295395982267,0.25124344966545625,
Madrid,connectors_shade,Morning,28,0.6,1632,244,0.01,48230.29767311178,0,1632,51,36,1.2818826942874024,0.5042011710728656,0.0,1.001380272786695,3.9217998366241336,7d445ccbb77cd30e236429d2f3ec9dc0d3bd134b6c150962597fd86fd7d9beeb,optimal,0.3710822310606403,optimal,True,99.00039628659717,99.22029828337692,110238.476,0.10777244663898114,21.0,32.0,0.0,52.592953959821045,0.2356243363409328,
Madrid,connectors_shade,Morning,28,0.7,1632,244,0.01,46623.718215105735,0,1632,53,35,1.3940069129328183,0.4335614217993255,0.0,1.1159644959963315,2.432660246824331,28215fb78bd5120ddaa3dc6ca2b0a7316c9c99fcf639b1d471b321ea768f3bbf,optimal,0.4271910290471226,optimal,True,99.00048232580366,99.07545699626145,111578.44699999999,0.1046858706312097,21.0,33.0,0.0,51.08670486788566,0.23097394078531847,
Madrid,connectors_shade,Morning,28,1.0,1632,244,0.01,45270.24562175227,0,1632,55,37,1.5948406598461373,0.4280532247221866,0.0,1.1723613168980198,1.1723613168980198,35cd2ca5e179b07c259c76199f71bb9b90c0dca5a362f7cafd1b630446ddbd65,optimal,0.4469120346084594,optimal,True,99.00457953110342,99.0473891696466,112185.328,0.09238762517071206,21.0,32.0,0.0,45.08516108330712,0.21960313184341107,
Madrid,connectors_shade,Morning,30,0.1,1632,244,0.01,95979.28553353474,0,1632,42,2,0.013362906678457754,0.0019678874873403844,0.0,0.013362906678457754,14.266404270373517,8a311e63a5f584f98c8f660f33287501b345f7381f1459f74df8c258820f8ae4,optimal,0.011690916371861704,optimal,True,99.00098707387527,99.01311853407204,102753.22,0.11680924021043801,21.0,28.0,0.0,57.002909222685155,0.22603485332383777,
Madrid,connectors_shade,Morning,30,0.2,1632,244,0.01,79798.95224108762,0,1632,45,4,0.0729686590391962,0.005823398360035323,0.0,0.0729686590391962,24.78132305560134,4d9bdfbd4f29aa07857b164da1db3009153928f981ff7a02acbe60a260c3791d,optimal,0.033514680324913115,optimal,True,99.00002339988623,99.02409407725833,93766.575,0.15204244475707338,20.0,23.0,0.0,74.19671304144542,0.24529555841183556,
Madrid,connectors_shade,Morning,30,0.3,1632,244,0.01,63957.04103141994,0,1632,41,5,0.18684171641699626,0.01847857225047025,0.0,0.06958544016722656,28.28080681129133,0e1bcf1b7f3d6ca562cd1165708def15938676060c40bfb46be50fe763c160ee,optimal,0.024736827400971606,optimal,True,99.00052788366688,99.0589889978651,88400.176,0.20242546356309069,20.0,27.0,0.0,98.7836262187875,0.31228396449426127,
Madrid,connectors_shade,Morning,30,0.4,1632,244,0.01,48938.53266586103,0,1632,43,17,0.879556920298838,0.14778969375051115,0.0,0.3688270114775099,27.725780557968957,14dfd35f4d006a0011853f64099ea833002721913b0de5141ae256fe2ecb1b6c,optimal,0.20246782089111548,optimal,True,99.01959383948068,99.01441117475535,88844.224,0.22621839072376945,20.0,25.0,0.0,110.39457467319721,0.32867740711721205,
Madrid,connectors_shade,Morning,30,0.5,1632,244,0.01,37639.14311299094,1,1632,46,37,2.478154747796729,0.6555443983384892,0.0,1.4704493277829112,21.975280608792552,582a38f95da2b579abfb671b2a2914f0b9081c5e495ac3809a60995750d9f55a,optimal,0.6372583920608008,optimal,True,99.00200131617652,99.00225055983852,93594.068,0.21425870680868614,20.0,29.0,0.0,104.55824892262777,0.33070634700611373,
Madrid,connectors_shade,Morning,30,0.6,1632,244,0.01,30325.51649003021,1,1632,51,44,3.296240801249883,0.717392260173448,0.0,1.398697994396917,13.64158131220079,8569a68f6a0d557e14678b896f3a72425433426bce2e9611a709481bfbddaa5c,optimal,0.8564671483945006,optimal,True,99.00464845777074,99.0037071029521,102314.589,0.20764756293620623,21.0,29.0,0.0,101.33201071286794,0.3095636422580643,
Madrid,connectors_shade,Morning,30,0.7,1632,244,0.01,26891.81797160121,2,1632,53,54,3.9136446651066836,1.018244991905218,0.0,2.0877833985458225,6.955770899973944,c4f3505acb50dcd4eac515b6bee5844442dd060d11c677a62e2f65b70d052be5,optimal,1.0343153636082576,infeasible_by_minimum_loss,,,,,,,,,,0.2785857784338764,
Madrid,connectors_shade,Morning,30,1.0,1632,244,0.01,24592.744468882178,0,1632,59,58,4.671335938238361,0.9381984475939332,0.0,2.428686975660121,2.428686975660121,b075b26fd3525d449e6ed54fcdc192ab261ceb152d7b676cac43e2bdec11cc16,optimal,1.0803369409722592,infeasible_by_minimum_loss,,,,,,,,,,0.26133805006678207,
Madrid,connectors_shade,Morning,32,0.1,1632,244,0.01,95416.36831480364,0,1632,41,1,0.00012879154772396767,0.00012879154771139754,0.0,0.00012879154772396767,17.699873312572954,ac716198cf9edfe8d09eeb908bf23922693f52830c4ae21461fd58a11b092f82,optimal,0.00012879154772349466,optimal,True,99.00042013452494,99.00784624050186,101690.405,0.11947747627465749,21.0,27.0,0.0,58.305008421858105,0.22992126932611784,
Madrid,connectors_shade,Morning,32,0.2,1632,244,0.01,78763.99930332327,0,1632,44,0,1.8475338171093688e-14,0.0,0.0,0.0018641370361830462,33.205267371721455,a7acfc692d622b5a2f403f16dd58f5a2ca6902cd87811ef2969f4c9000c8683a,optimal,1.4210854715202004e-14,optimal,True,99.01039325831056,99.02193543471553,91772.228,0.16095149444039683,20.0,24.0,0.0,78.54432928690775,0.25633703990545165,
Madrid,connectors_shade,Morning,32,0.3,1632,244,0.01,61493.874209667665,0,1632,41,4,0.04545780128712936,0.008000316446070592,0.0,0.007782572653884667,41.972346275906794,17feb1d2851d1dba312ebe711e0e6164ddf50b675372dd100bd1a24c639c31bf,optimal,0.0058335854521942565,optimal,True,99.00511027657917,99.06582046541912,85223.96,0.2112550726923369,20.0,25.0,0.0,103.0924754738604,0.31148314486762774,
Madrid,connectors_shade,Morning,32,0.4,1632,244,0.01,44601.39831178248,0,1632,38,5,0.1417118251479249,0.023803225914564678,0.0,0.027679390408060188,48.45409946394669,4770b38754d7483bd0e1e2937661a5a6bc1585416eec7dd283c9c2727ad36292,optimal,0.02232886925605726,optimal,True,99.0012132036145,99.03680180044803,79414.109,0.2508085546581957,20.0,22.0,0.0,122.3945746731987,0.3409724890844252,
Madrid,connectors_shade,Morning,32,0.5,1632,244,0.01,30757.488218126884,1,1632,38,13,0.39874631958269774,0.08779418007296959,0.0,0.3674523255561918,49.36133346979976,306861e326457621dbd1fbf519093edf8442dc38d890ddaffdfb1a6d8f87b025,optimal,0.19750727270741208,optimal,True,99.00076972292533,99.01491920344749,75575.044,0.2689235070801996,20.0,22.0,0.0,131.23467145513388,0.35605926051452996,
Madrid,connectors_shade,Morning,32,0.6,1632,244,0.01,19743.924068277945,5,1632,44,43,4.723184726690608,0.9251952106756985,0.0,2.3243084315757523,40.84772388723448,ef06528959520b68d1758db8d43832f9902f00044c62388b7dd7bedf5a4a8b38,optimal,1.0143790095114582,infeasible_by_minimum_loss,,,,,,,,,,0.35918292694282006,
Madrid,connectors_shade,Morning,32,0.7,1632,244,0.01,13651.408958912385,4,1632,51,62,7.86768781085776,1.4858934587613868,0.0,3.247722987145176,25.21367862348156,6be5872161d8fe55cec93f5cd50f2ba5f6d7f19360c1936ddf93f8524e3bf58b,optimal,1.8028650456761568,infeasible_by_minimum_loss,,,,,,,,,,0.3308526823105003,
Madrid,connectors_shade,Morning,32,1.0,1632,244,0.01,9524.347322054382,0,1632,59,89,12.413686193298275,2.42098381921602,0.0,6.06352537754642,6.06352537754642,58fa5d87d080223931a417cc748d523847369d9306004604f40dd1d4c688423b,optimal,2.7428172350901434,infeasible_by_minimum_loss,,,,,,,,,,0.31272756984638506,
Madrid,connectors_shade,Afternoon,28,0.1,1632,244,0.01,106654.93690096618,0,1632,45,2,0.009515423642842217,0.0018854083055850517,0.0,0.009121710737069822,0.7655013896944038,1a16c406fa231484bc83e233b5d2a8d17005d000382c423b5b905d9e7beb1a89,optimal,0.0013070642575030433,optimal,True,99.00090571332102,99.00917431641136,111616.60800000001,0.06521855883241517,21.0,31.0,0.0,31.82665671021257,0.19226773916028403,
Madrid,connectors_shade,Afternoon,28,0.2,1632,244,0.01,101755.06935326089,0,1632,45,4,0.01671707535210419,0.00904821743629524,0.0,0.0068056817726581155,0.6845263433673586,de93c8305ce2b5cefa2f3ad122cce6de203b95a2b676600b584eb8cad33d6adb,optimal,0.00766463766174752,optimal,True,99.00096862940508,99.00415781493862,111694.782,0.06732343061953998,21.0,31.0,0.0,32.85383413995891,0.19147050238653665,
Madrid,connectors_shade,Afternoon,28,0.3,1632,244,0.01,98266.24531944445,0,1632,49,3,0.010053469158778784,0.004918258458938901,0.0,0.00882763283072567,0.4774719120338613,45ba5840e176064bee92da308c6013d1291dbcbdeb930c1623045f7e6b2fca37,optimal,0.004590928775868974,optimal,True,99.00142623557211,99.02394152201371,111679.86799999999,0.059126709308064566,21.0,32.0,0.0,28.853834142043443,0.18407101784880867,
Madrid,connectors_shade,Afternoon,28,0.4,1632,244,0.01,96040.02076509662,0,1632,50,6,0.04000134130702899,0.008265977741245312,0.0,0.028815030580164377,0.26972980149676473,6354fb084fbef3e3b513a2b2c4a89bb79a14f7feed470bd903abc54140c3e3f3,optimal,0.008461865022212578,optimal,True,99.01018126276954,99.0492549903363,111831.856,0.05912670930806458,21.0,28.0,0.0,28.853833142335517,0.17065983111000352,
Madrid,connectors_shade,Afternoon,28,0.5,1632,244,0.01,94893.05531763285,0,1632,50,5,0.03633948918036985,0.008232987320736632,0.0,0.023475917201798546,0.13139405822197578,9db58aa9f287f758630a2e833dd3d8073e34139a2ee412abf41d34a23613b7d1,optimal,0.012469835774226112,optimal,True,99.00051898880703,99.06433613956996,112016.36999999998,0.05769658471654631,21.0,28.0,0.0,28.155933341674626,0.16347489444649438,
Madrid,connectors_shade,Afternoon,28,0.6,1632,244,0.01,94105.21865096618,0,1632,50,5,0.041774938634167376,0.01487506640841579,0.0,0.021859047268517576,0.08432144205493787,bfc378074dca52f5e60944457d622694e662de3d24705a24a82e11b33969e28f,optimal,0.012065190641493473,optimal,True,99.00178566173665,99.0742494316794,112111.43,0.05276441414960177,21.0,29.0,0.0,25.749034104829846,0.17024149116645154,
Madrid,connectors_shade,Afternoon,28,0.7,1632,244,0.01,93720.9093991546,0,1632,49,5,0.039179093172351305,0.016473130287633485,0.0,0.01425530973134328,0.03977807130563617,45df424a4b78d9a36664fd63b0c2bdeadcdb0c74400dff4a67286ff75ea5edf1,optimal,0.013768810905958162,optimal,True,99.00247696290046,99.06772556252794,112073.38399999999,0.04746279997116575,21.0,30.0,0.0,23.161846385928882,0.1675732551022321,
Madrid,connectors_shade,Afternoon,28,1.0,1632,244,0.01,93467.52785507246,0,1632,50,5,0.041863400999564315,0.016001379886808654,0.0,0.014861988727939326,0.014861988727939326,fd5a326d65fe8a513f0d70c680c137754c47ff0e606739e8df66876422f3c643,optimal,0.014444610701943361,optimal,True,99.00110041981087,99.07746745891654,112021.45299999998,0.04454467520569291,21.0,30.0,0.0,21.737801500377945,0.16347489444649438,
Madrid,connectors_shade,Afternoon,30,0.1,1632,244,0.01,103701.08560809177,0,1632,51,2,0.001947025862542355,0.0014675541305023644,0.0,0.002176650448433218,1.7577991948078837,0819a717257e067a9adec22728c9cb59f5cb74269ce8ac2f4b892f2c579475fb,optimal,0.0009927606613473472,optimal,True,99.00337494234834,99.00117154102585,110753.35999999999,0.07032870413611914,21.0,30.0,0.0,34.32040761842611,0.190878078496672,
Madrid,connectors_shade,Afternoon,30,0.2,1632,244,0.01,96213.68021316425,0,1632,52,6,0.040325189669337506,0.004543000447567644,0.0,0.0037660035662026746,1.6853218924700504,a6fa84953ca9f22cb1884c7aced3b1b63e1efa6362a0df8a585dfe4a39567ae6,optimal,0.014179687215801096,optimal,True,99.00309594792986,99.01936603610305,110647.32799999998,0.07545509354821549,21.0,31.0,0.0,36.82208565152912,0.20250427387608436,
Madrid,connectors_shade,Afternoon,30,0.3,1632,244,0.01,90886.02533997584,0,1632,47,3,0.012192424636747613,0.0019221624519338342,0.0,0.010335720157664024,1.3430069940526752,05dea2fce6f8863db5778a748e4164caa1226604492a8ce05cfab4dbf9c2b615,optimal,0.005761442416371665,optimal,True,99.0016701883112,99.00591838517884,111038.198,0.0666835413739363,21.0,27.0,0.0,32.541568190075914,0.17272266214676188,
Madrid,connectors_shade,Afternoon,30,0.4,1632,244,0.01,87320.61459541063,0,1632,49,7,0.05935724289123104,0.019514563421168918,0.0,0.016215981750865964,0.7868262675338463,236acfaad28541e30d1980311867c5226e047ea090696f26fcf6e1ee67ccf927,optimal,0.018607186281940358,optimal,True,99.00271419776146,99.02295007668553,111337.132,0.06445259715578452,21.0,29.0,0.0,31.452867412021913,0.17825114739401782,
Madrid,connectors_shade,Afternoon,30,0.5,1632,244,0.01,85466.39690458938,0,1632,49,6,0.05792582056576648,0.007864837079653512,0.0,0.027402499218628047,0.3893396401974678,3e71e91e0abf087dea721fac8697132aae1242f4a4617396cf9c8c1a9154c9e7,optimal,0.013492630877863121,optimal,True,99.00300442453025,99.06747511203413,111897.23499999999,0.06322506996380227,21.0,28.0,0.0,30.85383414233497,0.17475819176574123,
Madrid,connectors_shade,Afternoon,30,0.6,1632,244,0.01,84197.3841437198,0,1632,50,7,0.06400606206445442,0.029412583846379004,0.0,0.04504623103689917,0.21621806061837703,32c5b785639bfd76d922243b3dff5c9cfca7aab586226d88a83c045371dbe03f,optimal,0.02067814350164099,optimal,True,99.0014751557151,99.0716855711811,111989.03,0.05565952128264117,21.0,30.0,0.0,27.16184638592868,0.17433985182218925,
Madrid,connectors_shade,Afternoon,30,0.7,1632,244,0.01,83587.65284842995,0,1632,49,6,0.07422039745122208,0.014564224142071909,0.0,0.01538848038783187,0.09008877558951363,d546e735155eb2f3b7a6b88b5d8ebf844b6301b5a5af702cc0130c47e7327a83,optimal,0.018588148141105876,optimal,True,99.00027018137155,99.06446657992305,112136.85499999998,0.04983690085743062,21.0,29.0,0.0,24.320407618426145,0.1675732551022321,
Madrid,connectors_shade,Afternoon,30,1.0,1632,244,0.01,83190.96876811594,0,1632,50,7,0.07030954984453286,0.017603210562176654,0.0,0.018554431255797376,0.018554431255797376,176dec6f615651c61b659e0cf87a668afba07e047eff068581915a6a40ffc626,optimal,0.017999737253745707,optimal,True,99.00008523604988,99.0480056691206,111984.06799999998,0.042992543913065485,21.0,29.0,0.0,20.98036142957568,0.15937653379075667,
Madrid,connectors_shade,Afternoon,32,0.1,1632,244,0.01,100217.05157246377,0,1632,48,3,0.04172357058034533,0.0050039311592652265,0.0,0.015578717549544076,4.138912237499819,9693e260b4c260eb6c776d01343b47cd38c9985c97a36a7a2e08d284654cbdda,optimal,0.010678633655587078,optimal,True,99.00418999554877,99.00238573390939,108876.286,0.09488731234023123,21.0,28.0,0.0,46.30500842201869,0.2038215402460962,
Madrid,connectors_shade,Afternoon,32,0.2,1632,244,0.01,89156.70287137681,0,1632,52,8,0.12677166692542388,0.02600523220575446,0.0,0.06230321959857904,4.468859042227377,13e7a9a97c909e33d56d5f9e1aeb1a9257aa33cb2ea257ebe99ddd6c18e9f144,optimal,0.03829285950089911,optimal,True,99.00435282999383,99.02502341812958,107987.693,0.09835725033607438,21.0,27.0,0.0,47.99833816396954,0.20901298804099247,
Madrid,connectors_shade,Afternoon,32,0.3,1632,244,0.01,80909.66356884057,0,1632,47,9,0.15542892154662208,0.042855362760736385,0.0,0.11474601355567654,3.711540035763895,83e6a8b80950c1bd856bf2afa90b6b8abd3a6852bc7829a1295af319ccedc940,optimal,0.06574075063826967,optimal,True,99.00285496484574,99.03382308467718,108523.497,0.07717660334726857,21.0,26.0,0.0,37.66218243346642,0.1806071432286469,
Madrid,connectors_shade,Afternoon,32,0.4,1632,244,0.01,75098.84022222222,0,1632,54,13,0.2090112509032654,0.048372574120003835,0.0,0.20721776745970003,2.2433329500063888,682e05cc4ab6cfa253b616e52a64a30c9b5dea6a2e22c996b666cfb9278504e8,optimal,0.04468639964258614,optimal,True,99.00301001393478,99.00338377089815,109587.26799999998,0.0699846652559266,21.0,28.0,0.0,34.152516644890994,0.18132688038918873,
Madrid,connectors_shade,Afternoon,32,0.5,1632,244,0.01,72074.88210265702,0,1632,53,17,0.3379043725569114,0.09516759313995261,0.0,0.20922699490316213,1.1667586928507858,d30d2b00cae41cffd73c6a1d098652cebfc7981d82e3af41034eb1d9a330012b,optimal,0.07714181802886344,optimal,True,99.00869841332297,99.010351490136,111017.777,0.07142179127527769,21.0,25.0,0.0,34.85383414232917,0.17194474999544837,
Madrid,connectors_shade,Afternoon,32,0.6,1632,244,0.01,70053.37488828503,0,1632,52,15,0.3146616470832508,0.08080476330852832,0.0,0.16072066417313455,0.6978995340510458,9bcb84d9575288e978d8e1f4358d8e7cf696622949a3392249cc9aae24548a0f,optimal,0.0939264066271761,optimal,True,99.0002584943667,99.01632135383062,111667.21099999998,0.06125340297360223,21.0,29.0,0.0,29.891660651080166,0.1692667969390039,
Madrid,connectors_shade,Afternoon,32,0.7,1632,244,0.01,69081.56998550725,0,1632,51,18,0.4711200068129697,0.13442067990389206,0.0,0.18833227522097684,0.3567284941198546,ef818e451c2405548d45ef1898da6a6577525878a7ef10934d3f97a4b354ca96,optimal,0.12004088417916137,optimal,True,99.00047604575184,99.03621675956448,111856.166,0.055028348652326885,21.0,29.0,0.0,26.853834142335042,0.16812577636672615,
Madrid,connectors_shade,Afternoon,32,1.0,1632,244,0.01,68481.13161171497,0,1632,51,19,0.5077788540143184,0.14215091553613257,0.0,0.21093094043266541,0.21093094043266541,3b4b785907525c993be5e550e3c189223cc2e041c27360063ef3aab8e9d196f1,optimal,0.12728579973367005,optimal,True,99.0015726523165,99.08089274577873,112015.21399999998,0.04709090456880318,21.0,31.0,0.0,22.980360429575978,0.1691004705941738,
Madrid,connectors_sun,Morning,28,0.1,1632,244,0.01,109636.66079395771,0,1632,51,2,0.008498945565630998,0.001047003520147693,0.0,0.01198457699738271,2.099963367109461,289f77b1eb5badcd5f25241d09c27bc4f12d6ec81b7dc85b738b64279c4d9ffe,optimal,0.007171885988924487,optimal,True,99.00199907173072,99.04109736049311,110286.98500000002,0.05660349757738777,21.0,33.0,0.0,27.622505817765237,0.18966194011542908,
Madrid,connectors_sun,Morning,28,0.2,1632,244,0.01,97458.44215649547,0,1632,47,2,0.07547698798490081,0.0011448653919986604,0.0,0.0545204543831825,9.650422364419414,7f2e1c62dc5b025435ef4cbb691a0bcba8064330ec3a32eafb5cd41646a73621,optimal,0.018655874980822773,optimal,True,99.00022963986814,99.04587909268967,104100.86300000001,0.0877023756767221,20.0,29.0,0.0,42.79875933022986,0.2057575979193681,
Madrid,connectors_sun,Morning,28,0.3,1632,244,0.01,84068.86433957703,0,1632,46,10,0.16227271759574327,0.03446347131033891,0.0,0.13176216158062376,14.677209358904838,8d53e80ef86451fbb4d7965d21dbd86476e289c3ca93ba8151752cb33df761a2,optimal,0.057080879319940436,optimal,True,99.00172332738849,99.10915728432934,97971.768,0.10198966168956224,20.0,30.0,0.0,49.77095490450628,0.22227890400224035,
Madrid,connectors_sun,Morning,28,0.4,1632,244,0.01,72052.74082477341,0,1632,48,16,0.5854190590295373,0.099492781693438,0.0,0.4058698792827787,14.031872565115886,8d0f943c6adbba8f2f71bf5761ec66c92a2a1d1be6e5a46daa9648db5a45ba8d,optimal,0.15172578328170516,optimal,True,99.0005238522994,99.18773432103681,96927.45000000001,0.11359868074516759,20.0,28.0,0.0,55.436156203639975,0.22755554233207592,
Madrid,connectors_sun,Morning,28,0.5,1632,244,0.01,62124.31155226586,0,1632,48,26,0.9192185080523438,0.29675208776468465,0.0,0.6976654027532404,11.592267077839661,7826b162ce6ec7f39c81b1eb08c90a8bb868225ba7eb7e74c4d8c27b1f93f831,optimal,0.26956624808198626,optimal,True,99.00010576415113,99.19835333217216,101980.23000000001,0.11774052651775409,20.0,33.0,0.0,57.45737694066332,0.2510874609043451,
Madrid,connectors_sun,Morning,28,0.6,1632,244,0.01,54779.90183746224,0,1632,52,27,1.0244456775789932,0.26570153468149715,0.0,0.6915407452056918,8.180350482639799,eb5a2dfe9fd0b7c5eaf613051d9c0011ecab4e3060867ca45d82fbf2fd2e046a,optimal,0.27316551026564184,optimal,True,99.00045443200791,99.04245668197426,105321.526,0.10942265379492276,21.0,30.0,0.0,53.39825505191081,0.22852070216861597,
Madrid,connectors_sun,Morning,28,0.7,1632,244,0.01,50493.73344048339,0,1632,51,32,1.2482201356315876,0.378303595412684,0.0,0.7891684195960682,5.7141487532904085,8145d6b8cd65e8731c85ab482911c5ec017d2875266ceb06e35cff906e539c86,optimal,0.3083199764838014,optimal,True,99.00070950797064,99.28226534212614,108435.65400000001,0.10371117640376208,21.0,34.0,0.0,50.611054084867426,0.23443166709895347,
Madrid,connectors_sun,Morning,28,1.0,1632,244,0.01,45270.24562175227,0,1632,55,37,1.5948406598461373,0.4280532247221866,0.0,1.1723613168980198,1.1723613168980198,35cd2ca5e179b07c259c76199f71bb9b90c0dca5a362f7cafd1b630446ddbd65,optimal,0.4469120346084594,optimal,True,99.00457953110342,99.0473891696466,112185.328,0.09238762517071206,21.0,32.0,0.0,45.08516108330712,0.21960313184341107,
Madrid,connectors_sun,Morning,30,0.1,1632,244,0.01,109298.68923987914,0,1632,50,1,0.004025776408229458,0.0002580085835989062,0.0,0.004025776408216144,3.114210122537146,f4168f38bf5fa311fac8dde7f0eefca8ce026b24dfbaf402fd4255f0cf0703c8,optimal,0.004025776408212778,optimal,True,99.00456956244372,99.00423602634943,109953.059,0.05686277480533948,21.0,31.0,0.0,27.749034104995644,0.18146521880395367,
Madrid,connectors_sun,Morning,30,0.2,1632,244,0.01,95772.65492930514,0,1632,44,1,0.0009163632127488158,0.0002076228560197143,0.0,0.004918303383744937,15.075277857076525,22712143176c8d12fd3a0f1a48fbf332f3682907715c28e2586a782898d0339d,optimal,0.000207622856009948,optimal,True,99.0060028588886,99.00382652558908,102263.43599999999,0.09455892314286563,20.0,27.0,0.0,46.14475449371648,0.2022110267314344,
Madrid,connectors_sun,Morning,30,0.3,1632,244,0.01,80955.73995287009,0,1632,44,3,0.035056535783798054,0.002565209074890071,0.0,0.01799226541525807,25.6253577818351,ff6f466882bb1ec691d19d01b0a9d3e09dca5079e1c639caa26476fdc6cb935a,optimal,0.008061374053170312,optimal,True,99.00058489997497,99.02961687290636,93128.34,0.10667742504622198,20.0,29.0,0.0,52.05858342252142,0.2204114875646544,
Madrid,connectors_sun,Morning,30,0.4,1632,244,0.01,66293.8834429003,0,1632,42,4,0.02252350711318317,0.007409262149386094,0.0,0.01749937202433667,28.804798641657023,6a36962e480699e63a41d77d57d0c57423cd17649007344f542f2f013118ed27,optimal,0.007649495429248532,optimal,True,99.00282789321163,99.0113210754949,88941.92300000001,0.12860190104056285,20.0,29.0,0.0,62.75772770779293,0.2454035228096119,
Madrid,connectors_sun,Morning,30,0.5,1632,244,0.01,52542.62001933534,0,1632,43,18,0.8080197406176558,0.18260661931113517,0.0,0.48469327591552375,27.941811699975375,07319a7ad8757a15f86bd51bd5a805d7f3e89a0bea58117ffbace93f90d6c229,optimal,0.22848497716576333,optimal,True,99.00052280426308,99.00689457653954,87181.20800000001,0.14499534366351363,20.0,28.0,0.0,70.75772770779469,0.2567743317515193,
Madrid,connectors_sun,Morning,30,0.6,1632,244,0.01,41347.38406586103,2,1632,47,32,2.238106448060028,0.4480256986737964,0.0,1.1914287354214597,23.45368924656977,c7c38b43306fac0f2251f89b951a1cc71a8cf5eb55c9aed2b10a3ffac47cbec9,optimal,0.5169165756583283,optimal,True,99.00226737555114,99.00299730393594,90345.218,0.17163303100633318,20.0,27.0,0.0,83.75691913107607,0.27846931430166294,
Madrid,connectors_sun,Morning,30,0.7,1632,244,0.01,33868.468461027194,3,1632,50,39,2.720048233080572,0.5899747123956919,0.0,1.2793593736914406,17.536103009957063,2050226e90fc2daa1350c7c98b0f33b8bc17f05081f56333e60ab7dcc36386b6,optimal,0.666337805996065,optimal,True,99.00125731832162,99.00187123753022,100476.715,0.16205974415687885,21.0,31.0,0.0,79.08515514855476,0.2818553465855526,
Madrid,connectors_sun,Morning,30,1.0,1632,244,0.01,24592.744468882178,0,1632,59,58,4.671335938238361,0.9381984475939332,0.0,2.428686975660121,2.428686975660121,b075b26fd3525d449e6ed54fcdc192ab261ceb152d7b676cac43e2bdec11cc16,optimal,1.0803369409722592,infeasible_by_minimum_loss,,,,,,,,,,0.26133805006678207,
Madrid,connectors_sun,Morning,32,0.1,1632,244,0.01,109211.7666839879,0,1632,50,0,0.0,0.0,0.0,0.0,3.7036633764400735,127e26874b380f4a2316ad05a3a9f46705a5f8d42a6be35f868647c2970106b4,optimal,-1.4210854715202004e-14,optimal,True,99.00038090614682,99.000411580028,109787.03,0.05686277480533948,21.0,31.0,0.0,27.749034105005634,0.1804534341559874,
Madrid,connectors_sun,Morning,32,0.2,1632,244,0.01,95186.49605135951,0,1632,43,0,0.0,0.0,0.0,0.0,18.755839226099404,9fa21443499ef0ec1cead276683ccbd064192f7bdb5f7d6fee460e0394237bc0,optimal,0.0,optimal,True,99.01941983218354,99.02072448459484,100785.065,0.09678986736101741,20.0,25.0,0.0,47.23345527216747,0.19903693910100237,
Madrid,connectors_sun,Morning,32,0.3,1632,244,0.01,79893.0915613293,0,1632,42,1,0.004177740045510382,0.000856472346077992,0.0,0.004177740045510382,33.90682667117819,3f1b8513292d76890f3d53249254aa0698defd2320e012627b7273c444b2e4a8,optimal,0.0010247163844212537,optimal,True,99.00086166458686,99.02787059898782,91782.65599999999,0.11157302247570709,20.0,27.0,0.0,54.44763496811232,0.21796859869304497,
Madrid,connectors_sun,Morning,32,0.4,1632,244,0.01,64140.9311347432,0,1632,39,3,0.055385267967923424,0.008689302286650815,0.0,0.05538526796793477,42.05846492922776,7d502a4db5848ab38518c92df518fc0c68fe6d92f9a288408bd5f67580ffe061,optimal,0.017282561174511102,optimal,True,99.00478696950823,99.09909483304158,83798.427,0.1552395883833824,20.0,27.0,0.0,75.75691913105983,0.2658953260883004,
Madrid,connectors_sun,Morning,32,0.5,1632,244,0.01,48767.594825377644,0,1632,40,4,0.0920910702297591,0.007951289338464495,0.0,0.06789965079202136,46.83204992509978,72368a84a99d51c14eddaf2e1faad11e4d90dc64867e39d0bb3d91cb9f102016,optimal,0.03391319127443637,optimal,True,99.00047079744851,99.0907669632776,80146.02600000001,0.1623661300310193,21.0,27.0,0.0,79.23467145513357,0.2699936867440381,
Madrid,connectors_sun,Morning,32,0.6,1632,244,0.01,35343.75658006042,5,1632,38,12,0.40397538163573016,0.08910092629847102,0.0,0.2921834685663796,48.02865411929908,a9caea87691534ba2d2652e7c46466474eeabf1f9f0449b98466267db93328ee,optimal,0.14767770774054156,optimal,True,99.0014576992646,99.00455814989094,75417.975,0.22161059564893304,20.0,22.0,0.0,108.14597067666655,0.31097729330141516,
Madrid,connectors_sun,Morning,32,0.7,1632,244,0.01,24163.764543806647,12,1632,44,40,3.528101866118675,0.8158212313845663,0.0,1.6059708461144748,42.964140012184615,adb0ef2ee093cedd50d6f0747c3bf4a6a0335beff2b042b862092d35d43826b6,optimal,0.7201254330288549,optimal,True,99.00310924022226,99.00254760163604,83128.462,0.2261679695216275,21.0,27.0,0.0,110.36996912655383,0.3263960416969184,
Madrid,connectors_sun,Morning,32,1.0,1632,244,0.01,9524.347322054382,0,1632,59,89,12.413686193298275,2.42098381921602,0.0,6.06352537754642,6.06352537754642,58fa5d87d080223931a417cc748d523847369d9306004604f40dd1d4c688423b,optimal,2.7428172350901434,infeasible_by_minimum_loss,,,,,,,,,,0.31272756984638506,
Madrid,connectors_sun,Afternoon,28,0.1,1632,244,0.01,111649.01382487922,0,1632,50,0,0.0,0.0,0.0,0.0,0.2934919856279651,5fe42bc75b3664bab7f2b32ea2776964561427a9836b74e55714e7ab9c501cff,optimal,0.0,optimal,True,99.00071384740416,99.00155773199853,111738.23300000001,0.04866605349386407,21.0,26.0,0.0,23.749034105004064,0.1549641533150927,
Madrid,connectors_sun,Afternoon,28,0.2,1632,244,0.01,106564.6632155797,0,1632,48,2,0.005968961522519814,0.001824755058055154,0.0,0.0,0.7267945594217022,7c440ce1446a50529b376275fdee41bd79fe73e5a86f8407aabc61e76d328331,optimal,0.003327336023147609,optimal,True,99.0010714100155,99.0032444850122,111284.49599999998,0.05686277480533948,21.0,30.0,0.0,27.749034105005663,0.17955431724951895,
Madrid,connectors_sun,Afternoon,28,0.3,1632,244,0.01,101931.02016364734,0,1632,51,3,0.016247173821637675,0.0012544360080346398,0.0,0.013599508502289928,0.6780893314701659,41b1e8f0466c341ecbd7d1045d3896904ac2de93ecfcd8448a70cfc803264409,optimal,0.005656790983920246,optimal,True,99.00025912659365,99.00295254206134,111574.694,0.06112019817667747,21.0,29.0,0.0,29.8266567102186,0.17917542041932352,
Madrid,connectors_sun,Afternoon,28,0.4,1632,244,0.01,98385.50207669083,0,1632,51,4,0.03758743470540012,0.008263168343135034,0.0,0.0291625246102672,0.48870448732556326,a26339461e5e46ac1dd4fefd28e9bc1102755c1e997f7d1d9a9a9314476c766f,optimal,0.014927566851014262,optimal,True,99.00016583156824,99.04263342457328,111557.264,0.05502834865232687,21.0,33.0,0.0,26.853834142335074,0.18673925391302812,
Madrid,connectors_sun,Afternoon,28,0.5,1632,244,0.01,96554.53907669082,0,1632,51,6,0.040554127459824715,0.007951073722637933,0.0,0.02958044849429263,0.3086593539731802,a517983fe5b0470737766686f83b14bd6fdc5b0786d9b7a7de4816852f73d5b9,optimal,0.008417069444334402,optimal,True,99.00009102331653,99.04864210272358,111596.628,0.05305668166212683,21.0,28.0,0.0,25.891660651116982,0.1624631097985281,
Madrid,connectors_sun,Afternoon,28,0.6,1632,244,0.01,95266.44208031401,0,1632,50,6,0.050561892150742214,0.01552517326171111,0.0,0.018004114410618523,0.15826148416231123,cbfb58060ac5fa88eab08e6accef3dceed890acaafe9944464b9b43fb2b7552a,optimal,0.012823618226178723,optimal,True,99.0002322306022,99.09252443634487,111925.50399999999,0.05769658471654631,21.0,28.0,0.0,28.155933341674295,0.17024149116645154,
Madrid,connectors_sun,Afternoon,28,0.7,1632,244,0.01,94325.4692995169,0,1632,49,5,0.04167739385230018,0.01484033302147355,0.0,0.021808006236071088,0.10811327483663409,c01c44c0a3f121b71e78dc3bcbd6f3eb74f172085b14cd7b8ba8a772873b8de3,optimal,0.012037018334638105,optimal,True,99.00087359768987,99.07194119894845,112039.533,0.05385750128876032,21.0,29.0,0.0,26.28246062891308,0.17024149116645154,
Madrid,connectors_sun,Afternoon,28,1.0,1632,244,0.01,93467.52785507246,0,1632,50,5,0.041863400999564315,0.016001379886808654,0.0,0.014861988727939326,0.014861988727939326,fd5a326d65fe8a513f0d70c680c137754c47ff0e606739e8df66876422f3c643,optimal,0.014444610701943361,optimal,True,99.00110041981087,99.07746745891654,112021.45299999998,0.04454467520569291,21.0,30.0,0.0,21.737801500377945,0.16347489444649438,
Madrid,connectors_sun,Afternoon,30,0.1,1632,244,0.01,111049.85037077295,0,1632,50,0,0.0,0.0,0.0,1.3103948523821468e-14,0.6741736332743178,20f7d15ef8a0720e55444f8b31e4f778bfd2074a204690054d74f1ba69a0b080,optimal,0.0,optimal,True,99.00093111126725,99.00089107522297,111594.71599999999,0.05092998799658916,21.0,28.0,0.0,24.853834142335,0.1623636378528207,
Madrid,connectors_sun,Afternoon,30,0.2,1632,244,0.01,103627.93092210146,0,1632,51,2,0.004591911054396294,0.0014478416621247236,0.0,0.0011231653793731873,1.7341468437774457,cb425964b712f6f81057570e8216af29e43cf0af709de0541179361be2393cd7,optimal,0.0013263087627848336,optimal,True,99.01147578834889,99.00000662968772,110744.77599999998,0.06426225934306748,21.0,32.0,0.0,31.359982559415624,0.1945580992088577,
Madrid,connectors_sun,Afternoon,30,0.3,1632,244,0.01,96675.57808876812,0,1632,52,4,0.029166099367086286,0.006268505083057778,0.0,0.010370987331784846,1.8122597389565809,a2f0d78539eb7dbab0ba2751afbb7a58c767e4aadad6b6614119da0436b67656,optimal,0.013012855229874276,optimal,True,99.00073541330757,99.03064399512346,110522.72200000001,0.06999166668375943,21.0,31.0,0.0,34.15593334167459,0.19430755256460894,
Madrid,connectors_sun,Afternoon,30,0.4,1632,244,0.01,91162.15668115942,0,1632,50,7,0.06553839106479063,0.017040552340689276,0.0,0.015509322469965064,1.4327608571525827,96362801e61f8f5c932bcf4bf06244fc76f960565b01e180df780d6ea58a4775,optimal,0.0159823918678228,optimal,True,99.00055609727121,99.07355846647063,110801.239,0.062166840774646584,21.0,29.0,0.0,30.337418298020424,0.17584632857505197,
Madrid,connectors_sun,Afternoon,30,0.5,1632,244,0.01,88183.51819384057,0,1632,52,4,0.03222463860631182,0.007488889441968661,0.0,0.025269654405108394,0.9307618218715263,f36ec1fe13d3255aea53e9bac3869e8eb2b225bef320c0f06dab4cc7a2ddae40,optimal,0.017038572363759386,optimal,True,99.00156203692089,99.04056522180926,111055.41399999999,0.05726766049227538,21.0,30.0,0.0,27.946618320228048,0.17415278673828014,
Madrid,connectors_sun,Afternoon,30,0.6,1632,244,0.01,86067.94436956522,0,1632,51,6,0.05823217234102089,0.007383274101552734,0.0,0.027838479728857102,0.4667299150008081,6965a29f55f58883e8bd6be9aac9f3ef8924b956a36141aecb80c64d08ef34ea,optimal,0.01410953581913077,optimal,True,99.00056095073684,99.09733642330127,111597.775,0.05949860471042715,21.0,30.0,0.0,29.03531909868842,0.17742642782996068,
Madrid,connectors_sun,Afternoon,30,0.7,1632,244,0.01,84552.29881884059,0,1632,50,7,0.06373739177353088,0.02928912229907481,0.0,0.04485714607200506,0.2797586476749025,18a53af835678777e54b7ee496108d6d1a6184b84725cd6bcaef99d9bef9f9c2,optimal,0.020591345428925933,optimal,True,99.00200607298079,99.05029751513983,111658.85799999998,0.05422939669112291,21.0,28.0,0.0,26.46394558524789,0.16614313051071383,
Madrid,connectors_sun,Afternoon,30,1.0,1632,244,0.01,83190.96876811594,0,1632,50,7,0.07030954984453286,0.017603210562176654,0.0,0.018554431255797376,0.018554431255797376,176dec6f615651c61b659e0cf87a668afba07e047eff068581915a6a40ffc626,optimal,0.017999737253745707,optimal,True,99.00008523604988,99.0480056691206,111984.06799999998,0.042992543913065485,21.0,29.0,0.0,20.98036142957568,0.15937653379075667,
Madrid,connectors_sun,Afternoon,32,0.1,1632,244,0.01,110369.01461111111,0,1632,48,1,0.0021941194526870133,0.0009105816551331425,0.0,0.0021941194526870133,1.4026170863801348,850e829a07fd337ef50ac49cdbc680b0355c1a721531e6a92f5e3d60c6c7db67,optimal,0.002194119452695986,optimal,True,99.00308908537764,99.00165256345788,110868.12299999999,0.054490389106531166,21.0,29.0,0.0,26.59130988397883,0.1705603591642961,
Madrid,connectors_sun,Afternoon,32,0.2,1632,244,0.01,100016.72482004832,0,1632,52,2,0.02374536075676243,0.0022242590353262503,0.0,0.015877055339857133,4.038507587404773,13c286d3d104cccba86a9904811c7461481f70ece58b08aaecbf063bda59e82c,optimal,0.010876848137257866,optimal,True,99.00140488763171,99.0007730386402,108573.25099999999,0.08228674865097256,21.0,34.0,0.0,40.15593334163253,0.2147180533521052,
Madrid,connectors_sun,Afternoon,32,0.3,1632,244,0.01,89929.93019746375,0,1632,51,9,0.13110206324241908,0.035498129673422835,0.0,0.09074480090434557,4.696340234997946,e43fd4536831ceff0c5100214d389e6c2fd1822937616bbdbabaa6ee80f567c7,optimal,0.051278624887615365,optimal,True,99.00130102638465,99.05268462275289,107792.56499999999,0.09286032081913258,21.0,31.0,0.0,45.315836559698134,0.21585674412673245,
Madrid,connectors_sun,Afternoon,32,0.4,1632,244,0.01,81507.10734903382,0,1632,52,13,0.18286661481582153,0.03792077503037607,0.0,0.1194946465390583,4.087661945845251,3ea1e998d1a3aa0334c0caba78f0a7824577317d817b7eb98cc049f72d27f7cf,optimal,0.06655134998612766,optimal,True,99.0009773492696,99.01008105633525,108034.593,0.07307824269153089,21.0,31.0,0.0,35.662182433464835,0.19607825376716367,
Madrid,connectors_sun,Afternoon,32,0.5,1632,244,0.01,76669.27982065218,0,1632,51,10,0.2161612396623293,0.04609514200272634,0.0,0.15770203656969017,2.8401682892567095,2c7b89b51188634527dda436b4ff4a91f8f80db88dfef78a4d38c14920272a44,optimal,0.04437920411299956,optimal,True,99.00199655752306,99.00178164445353,109070.586,0.0625851807181986,21.0,31.0,0.0,30.541568190478735,0.1835644833121069,
Madrid,connectors_sun,Afternoon,32,0.6,1632,244,0.01,73138.41579347826,0,1632,54,13,0.2781405175785265,0.03907852685740974,0.0,0.1633769191779297,1.5828003776368818,454a764ca9b15f8a5fb5171d4cc6d70164b61823826859482f31aac29e9f009c,optimal,0.07060554265781604,optimal,True,99.00114913352503,99.00421527431105,109762.567,0.06572365903170249,21.0,26.0,0.0,32.07314560747082,0.16112646231803504,
Madrid,connectors_sun,Afternoon,32,0.7,1632,244,0.01,70658.64817934783,0,1632,54,14,0.28511904469190724,0.06907407547216494,0.0,0.16872822136564,0.9448987451005735,1c8b5d7bb4756add48520ee0c7f5392754d8b9bc922285e64296f018d3c9d67f,optimal,0.0934221358598819,optimal,True,99.00158427178985,99.03448555019175,110989.07299999999,0.05316929983653768,21.0,27.0,0.0,25.946618320222544,0.15794640919923839,
Madrid,connectors_sun,Afternoon,32,1.0,1632,244,0.01,68481.13161171497,0,1632,51,19,0.5077788540143184,0.14215091553613257,0.0,0.21093094043266541,0.21093094043266541,3b4b785907525c993be5e550e3c189223cc2e041c27360063ef3aab8e9d196f1,optimal,0.12728579973367005,optimal,True,99.0015726523165,99.08089274577873,112015.21399999998,0.04709090456880318,21.0,31.0,0.0,22.980360429575978,0.1691004705941738,
Madrid,network,Morning,28,0.1,1750,262,0.01,106257.7888900302,0,1750,48,4,0.05309466658438864,0.004151954099969421,0.0,0.013463109449534437,8.46724897001089,7d6e22be28e39675e9f0697591a83040cf0a656a290e261ab3feaecf6ad47361,optimal,0.013325831721942905,optimal,True,99.00070880924694,99.05720429106564,113780.575,0.10522238965964863,21.0,33.0,0.0,55.136532181638934,0.23117658813293107,
Madrid,network,Morning,28,0.2,1750,262,0.01,90959.73570151057,0,1750,58,11,0.23188834527183289,0.026216848198713588,0.0,0.18621760671792084,13.715419875252527,8ebc30543013405da553562d12b813b12d0ce964d2ad8af32a39e33bb7416d8b,optimal,0.07984707946542358,optimal,True,99.00013382825253,99.15626842229464,106840.473,0.10630371916868803,21.0,36.0,0.0,55.703148844273315,0.2399816681474768,
Madrid,network,Morning,28,0.3,1750,262,0.01,78278.04386223565,0,1750,49,14,0.48263066714097136,0.06729690974960055,0.0,0.3030997793778502,14.81070704359336,b01bfbaf8f2b185e4ac09ad158677ab11173ef1ea70d2901c72da3516931e476,optimal,0.12899208977393073,optimal,True,99.00003089067525,99.03650580981899,106066.16200000001,0.1285944570731851,21.0,29.0,0.0,67.38349550634837,0.23727178588040249,
Madrid,network,Morning,28,0.4,1750,262,0.01,67598.68351782477,0,1750,55,29,0.9028371304606696,0.2599453892927599,0.0,0.6981032965561103,12.09067258345188,ba8ea96b6cbf1d45eb9bb4051d46f3ec4e646409ae2b2760415a4192369f74c5,optimal,0.274267743153473,optimal,True,99.00105667445128,99.00233383844052,108058.95800000001,0.13869715420374998,21.0,37.0,0.0,72.67730880276403,0.27821155759915117,
Madrid,network,Morning,28,0.5,1750,262,0.01,59242.229048942594,0,1750,51,31,1.1353633155767708,0.3659736408957022,0.0,0.7672623687637508,8.362762929962612,4bda5adfab05beaacd47a255e3fb6d5c2cde8be73c82baf89d4237483eb7c7b1,optimal,0.2762886751835225,optimal,True,99.00047807589326,99.05430441403495,112639.296,0.14076716506436948,21.0,34.0,0.0,73.76199449372885,0.2662583911715032,
Madrid,network,Morning,28,0.6,1750,262,0.01,54132.84572567976,0,1750,57,38,1.4104962911762795,0.42906082830149933,0.0,0.9982532144087926,5.497378654025699,1b5975cccc2591019f955e6c3bbdcd4785f275ddf3c87960580bc98188965c6c,optimal,0.33259392756903594,optimal,True,99.00001623259602,99.11043486876628,115907.31400000001,0.12914151595725754,21.0,39.0,0.0,67.67015383604267,0.27527975879302874,
Madrid,network,Morning,28,0.7,1750,262,0.01,51497.830197583084,0,1750,56,40,1.2946122416019141,0.5094916316682844,0.0,0.9667317508691159,3.562556445277735,50da2dd05f313589aed159c4af94bec500f57cf4aa7c9eab6918d72d898d8b5d,optimal,0.3741636351182933,optimal,True,99.00066370880116,99.15839469375858,118391.158,0.11303631749304882,21.0,36.0,0.0,59.231030366353735,0.2468206532816583,
Madrid,network,Morning,28,1.0,1750,262,0.01,48657.69601450151,0,1750,58,40,1.7103077680347938,0.4543147835822894,0.0,1.2078212510803854,1.2078212510803854,ca31b65e1754b9c9d506e28aa2accf827f286d4d5f471f2481fd7c1867c1da71,optimal,0.4514282199706088,optimal,True,99.00041181084205,99.05121127492542,120588.112,0.0987588909893474,21.0,36.0,0.0,51.74965887841787,0.23098985741040243,
Madrid,network,Morning,30,0.1,1750,262,0.01,104622.68179758309,0,1750,45,1,0.005483232734428007,0.0009214063178623931,0.0,0.005483232734428007,13.137037942519184,28481cccd1b3dfd37a4d6107f3a61022cfa564a8878acb393908bce386ab2ab0,optimal,0.00447977238350461,optimal,True,99.00614450572884,99.01161847568842,111380.883,0.10610973406489804,21.0,31.0,0.0,55.601500650004226,0.22290739277537389,
Madrid,network,Morning,30,0.2,1750,262,0.01,87947.7180308157,0,1750,48,4,0.02164020911146536,0.005459282295094249,0.0,0.013137651449363203,24.40211229366459,d94a664854ca536b6319e22906aea5920e3ea4b12b5c711d9afcb2304e2c77ca,optimal,0.0051791824866427305,optimal,True,99.00009490423476,99.04458845452505,100854.701,0.13267668111328426,21.0,30.0,0.0,69.52258090335314,0.24443406961190417,
Madrid,network,Morning,30,0.3,1750,262,0.01,72435.18671661633,0,1750,46,6,0.11840228638615825,0.017593772795926478,0.0,0.05431237729426881,29.580205847168425,9cb06e41965b075d19f3199ec1f260c329896f48e7e4da26ca92db070d3bed76,optimal,0.022801019888220253,optimal,True,99.00036666691851,99.05657758016473,96262.89600000001,0.15624977930347117,21.0,30.0,0.0,81.87488435496977,0.2639893431323109,
Madrid,network,Morning,30,0.4,1750,262,0.01,58195.98659214502,0,1750,44,13,0.37824258738107974,0.09810147951813486,0.0,0.277000118223611,29.056435309683764,c019ad78d30538c7bfbc0bba0178a3b52784448af5ddfdbf76b738898702762f,optimal,0.13048440425458807,optimal,True,99.00080943082394,99.00340789299754,94275.774,0.2095542623362025,21.0,28.0,0.0,109.80643346417013,0.31611877682136674,
Madrid,network,Morning,30,0.5,1750,262,0.01,45393.62643504531,0,1750,47,27,1.8584625328055537,0.3548519899317608,0.0,1.1589249534868165,24.282982972106083,1f02af0f9c11200177702506e3feb7b2c17fffb78a9a01775fe17f006cabccbb,optimal,0.406856000622966,optimal,True,99.00054406469425,99.00278377539146,96961.253,0.20131822838013455,21.0,31.0,0.0,105.49075167118707,0.3196388390671575,
Madrid,network,Morning,30,0.6,1750,262,0.01,36834.697622960724,1,1750,52,48,3.270883336791478,0.8188608018166454,0.0,1.5592329883480565,18.349641478422537,45c5eafb05ad35470470d5dd560609d72420654cd0d0b9493aca4d142396a023,optimal,0.7742846173476039,optimal,True,99.00130074824473,99.00276227554407,103869.609,0.22768408978514804,20.0,31.0,0.0,119.30646304741755,0.336542446186895,
Madrid,network,Morning,30,0.7,1750,262,0.01,31830.34039758308,1,1750,56,49,3.24809592423451,0.7475747527277655,0.0,1.498320889182633,12.039579167400067,e003d0a87aa838482530c1c8c0bbe636aeb6d6a580365262d10ee6a298aa59d4,optimal,0.8400688334940298,optimal,True,99.00203210433824,99.00915642999335,111607.77600000001,0.18974987810375887,21.0,34.0,0.0,99.42893612636962,0.3044263301028009,
Madrid,network,Morning,30,1.0,1750,262,0.01,26459.381928096678,0,1750,62,63,4.86674152477104,1.0098522671620334,0.0,2.511052018956031,2.511052018956031,eacc51008df8aebf5cfaf26292459f58597b842da7c4aea1ab3ed2493a1dd771,optimal,1.1170621391216002,infeasible_by_minimum_loss,,,,,,,,,,0.27062619683061495,
Madrid,network,Morning,32,0.1,1750,262,0.01,104094.5924060423,0,1750,43,0,0.0,0.0,0.0,1.3979511223411224e-14,16.231587499215387,961bff84c69b7d26028dba715c77e9fe03d1ab1fe11e7ef89c99b4c9c67464d4,optimal,0.0,optimal,True,99.00549449028104,99.01002712679292,110320.43999999999,0.10992652795802782,21.0,30.0,0.0,57.60150065000658,0.22290739277537389,
Madrid,network,Morning,32,0.2,1750,262,0.01,86962.34313957703,0,1750,46,1,0.0019950337514354636,0.0002152683680773372,0.0,0.0019950337514354636,32.38254101878081,e02ccbab434d2565cd4a65c8f43e51da9cfd777c4e4305a89a41f880a7a0f735,optimal,0.0019950337514273997,optimal,True,99.00056239223163,99.01021100726932,99583.13,0.14332912475827858,21.0,27.0,0.0,75.10446137333595,0.24356473479069804,
Madrid,network,Morning,32,0.3,1750,262,0.01,70289.5107244713,0,1750,43,2,0.00535094816885405,0.0003590209633682732,0.0,0.00535094816885405,42.3947053313015,ea0ced022b6557f72d50565fd0b8f8eaa564a878c4a313b9cd21f015f873f288,optimal,0.0037562404306612507,optimal,True,99.00019209416446,99.0306254869212,93098.091,0.17149894529194695,21.0,27.0,0.0,89.8654473329801,0.27424666588398133,
Madrid,network,Morning,32,0.4,1750,262,0.01,54477.35297160121,0,1750,35,4,0.106228436821369,0.022579423992874985,0.0,0.020173215542589596,47.38258464031297,da9dfe30e98af9772eac6fa28ecdd9d68ec3cab1de190fb3b1eb598923da5fe7,optimal,0.015369479873541536,optimal,True,99.00606205359142,99.02512813453804,87151.606,0.23345499198727268,21.0,27.0,0.0,122.33041580133091,0.33520274628701563,
Madrid,network,Morning,32,0.5,1750,262,0.01,39611.935827794565,1,1750,37,5,0.10776423216226298,0.015027020344237722,0.0,0.0707768544741526,48.81868065382213,fdf0cb777d60a21f9d80ebfceef1fdbee489321f051e0566e35db63775c1eedb,optimal,0.03235257390026902,optimal,True,99.00017773023517,99.00509493144311,81344.19900000001,0.24831281402541064,21.0,22.0,0.0,130.11591454931425,0.3313859523938858,
Madrid,network,Morning,32,0.6,1750,262,0.01,27738.394093051364,3,1750,39,24,1.946127678277948,0.3355445146049276,0.0,1.248685239190444,46.01865902167734,e1756ffb4ffad74938a9cd16d7d4dda7d9055adff86a25469c0646eaed9fcb5c,optimal,0.5569346741017966,optimal,True,99.00181095143516,99.00897743113316,81211.667,0.2706229646262789,21.0,22.0,0.0,141.80643346417014,0.3545924302751339,
Madrid,network,Morning,32,0.7,1750,262,0.01,19602.774580664653,7,1750,52,56,5.630273767536465,1.1372046684330017,0.0,2.2413675101747175,36.93275849686611,d22e65dbfc4ca229fb9ed0870d300e7827f9db7b2bd687b6143e9e700297ece1,optimal,1.2423826242281848,infeasible_by_minimum_loss,,,,,,,,,,0.3421159193064803,
Madrid,network,Morning,32,1.0,1750,262,0.01,10257.421836253776,0,1750,62,96,13.277501236857127,2.5404577056887394,0.0,6.12126087108482,6.12126087108482,be266f95f7e74ffc48634b344be44d601cb2f71c1d1432c7b3848504dd5b7852,optimal,2.8366459646789224,infeasible_by_minimum_loss,,,,,,,,,,0.325716176673203,
Madrid,network,Afternoon,28,0.1,1750,262,0.01,114762.14051871981,0,1750,50,1,0.0057506498317012175,0.00028768703303133284,0.0,0.008737031483124517,0.7997338690036239,7f720669adb1409438ab6f43e37102fc7423bf65cd16d857c9589dfaaa9d9257,optimal,0.002007917055436792,optimal,True,99.00470976977094,99.0216809952345,119984.8,0.06488303664534859,21.0,33.0,0.0,33.99871120178349,0.18933229272612728,
Madrid,network,Afternoon,28,0.2,1750,262,0.01,109760.69764492754,0,1750,51,2,0.006861000271374372,0.002274913886511952,0.0,0.02318772805145923,0.7025917476941017,d66bd86ed9321a7bab8dcaa3bb2ecbcfd3cffc4a44f8cb8715aaa73541a2e55c,optimal,0.00388485930393756,optimal,True,99.00000934509947,99.00211995453763,120010.764,0.07442265280521648,21.0,33.0,0.0,38.997470069846855,0.19694787092834345,
Madrid,network,Afternoon,28,0.3,1750,262,0.01,106035.73995893719,0,1750,51,2,0.004353699097040308,0.0025304645970712445,0.0,0.0038262188030782473,0.5374559900379232,414602d851f96c7fd1f33b9046508788b7d2b6411edabfc59be7dca3485ba84c,optimal,0.0043536990970380884,optimal,True,99.0000478958007,99.00226423224797,119871.801,0.06524739536634254,21.0,31.0,0.0,34.18963517196345,0.18081136053461827,
Madrid,network,Afternoon,28,0.4,1750,262,0.01,103731.23755555556,0,1750,54,5,0.03910541952833063,0.006788127648292864,0.0,0.03061736278493713,0.3113180993110445,c7cbfea2bced304fa154cd051226f6a07dd1a53c1331280373b2e2ee188afffc,optimal,0.010734245501055284,optimal,True,99.0003116452768,99.03018412222528,120191.065,0.062489427376881394,21.0,30.0,0.0,32.74445994548584,0.17599270407936823,
Madrid,network,Afternoon,28,0.5,1750,262,0.01,102263.2141557971,0,1750,53,4,0.020888079879196355,0.00570302199786966,0.0,0.02133726175743676,0.16642562611533138,f33d02798fd746a5ab570a776f6ff6f2c70ab455424cdf44f62db7d23964a7a1,optimal,0.010414435495064822,optimal,True,99.00147137618795,99.04162310043779,120329.357,0.05967259977604319,21.0,30.0,0.0,31.26844228230666,0.1714241109955941,
Madrid,network,Afternoon,28,0.6,1750,262,0.01,101485.85918599034,0,1750,52,6,0.06725152329528747,0.015611503638155196,0.0,0.040584637907807836,0.08419850129776817,59f5c1ec43e0a8535659f5d413a9221e143c0416364b0f2ccc25166056542c41,optimal,0.012145357143523938,optimal,True,99.00058942144759,99.06098224516703,120481.534,0.058785255370793765,21.0,31.0,0.0,30.803473814279144,0.17242407728788564,
Madrid,network,Afternoon,28,0.7,1750,262,0.01,101045.04801268116,0,1750,53,7,0.0707980144382545,0.024523697471001447,0.0,0.03407644338054756,0.06836618845308443,a58072df59e5c6b0f691dc0ffc270f69e86267a61b98b7d3d112d26e3979a1f9,optimal,0.018256610260834805,optimal,True,99.00089762965914,99.09563537594354,120472.563,0.05379701368695323,21.0,32.0,0.0,28.18963517196337,0.17242407728788567,
Madrid,network,Afternoon,28,1.0,1750,262,0.01,100434.04159178745,0,1750,54,7,0.06693381936086103,0.027682514248904045,0.0,0.025391896097924797,0.025391896097924797,f888a245d2410e268d17672153a108dd2afec9a7ac27d34e5fed19fcd3423b7a,optimal,0.018996953760705537,optimal,True,99.0010315436618,99.09362860037855,120401.572,0.04676262061537235,21.0,33.0,0.0,24.50361320245507,0.1686072833947559,
Madrid,network,Afternoon,30,0.1,1750,262,0.01,111678.23370350242,0,1750,52,1,0.002524284270524019,0.00033913424118105727,0.0,0.0003391342411820243,1.8226303228015994,b45a556b919862532584a39471cb6804006ca90097e6ff946f9a6a8935920ef5,optimal,0.0016855499907251215,optimal,True,99.00262867543091,99.00380397978245,119006.114,0.07188101686031052,21.0,32.0,0.0,37.66565283479436,0.19401842144046316,
Madrid,network,Afternoon,30,0.2,1750,262,0.01,104118.40984178745,0,1750,56,5,0.04997329235249179,0.010320599728712502,0.0,0.013792236424093565,1.7794436922966679,971e0b8a7fff07b9cfcf7c04ca2c5fb4eb89d6d0545d705c32c1c087d414e270,optimal,0.010035051770231007,optimal,True,99.0005140909026,99.00924842759903,118471.055,0.08105627429918447,21.0,36.0,0.0,42.47348773256533,0.21846085445185626,
Madrid,network,Afternoon,30,0.3,1750,262,0.01,98305.86296014494,0,1750,51,4,0.02222737008055027,0.0060200672961687705,0.0,0.010769033980953009,1.3967786211597586,83f09415b790f8bcab2be82dd95489e635de7e9ddcd5c52c919bc68801d7e10e,optimal,0.004502071993854884,optimal,True,99.0002566607574,99.00415709510153,119107.69,0.06906418925947232,21.0,31.0,0.0,36.18963517196345,0.18638483365420364,
Madrid,network,Afternoon,30,0.4,1750,262,0.01,94669.58549879228,0,1750,54,4,0.029364614357614727,0.007537770881405665,0.0,0.009473048142525316,0.8754519004385589,8d36633a98f54be9e390ee7819231f3cbbf25fba619662169c5b464dbdcec5a3,optimal,0.008906087668790974,optimal,True,99.00045629835452,99.01652858114836,119534.153,0.06678906501895694,21.0,30.0,0.0,34.997470069804805,0.17875124586794405,
Madrid,network,Afternoon,30,0.5,1750,262,0.01,92279.59941062803,0,1750,53,9,0.06432872970977106,0.019384870449536774,0.0,0.03261935711635973,0.4376219607039567,ae494b9d978068839945ec3a7a7923831a0d8e364c3fd8c2bf7f10b3505a1778,optimal,0.016647038073870135,optimal,True,99.02444996314199,99.08211988814269,119909.62400000001,0.0612142694286576,21.0,30.0,0.0,32.07627718059795,0.17406322088377946,1728.0
Madrid,network,Afternoon,30,0.6,1750,262,0.01,91028.53113526572,0,1750,52,6,0.07440536728213507,0.022152907370997035,0.0,0.02547772296385103,0.20900694001210146,605416c19d2840cccfb602a431e6645eab1d79324dd8417676be62a6a333bb83,optimal,0.016321458770633512,optimal,True,99.00027574674603,99.0753307586061,120392.02300000002,0.06260204926392353,21.0,31.0,0.0,32.80347381424694,0.1800576650741452,
Madrid,network,Afternoon,30,0.7,1750,262,0.01,90338.31829045893,0,1750,53,8,0.09585409190289261,0.0268918010708381,0.0,0.0418294861614831,0.1407317673855185,034a4bcb3264525cd636c9c644f2a8abc2bf65a1b12a331fe4d365f86012174b,optimal,0.023905270067032802,optimal,True,99.0068518411843,99.06029891237769,120374.289,0.05496846147766399,21.0,34.0,0.0,28.803473814206125,0.1800576650741452,
Madrid,network,Afternoon,30,1.0,1750,262,0.01,89393.96868900966,0,1750,54,8,0.09956041615738158,0.022902553167713325,0.0,0.026361149553352375,0.026361149553352375,65f01c4bac0e3500a0ce681ef1dbe67826578f762c687ea8628f1bde901e5f05,optimal,0.02356031025271932,optimal,True,99.00095171010263,99.06451232085819,120377.34700000001,0.04587527621012292,21.0,33.0,0.0,24.038644734104295,0.1686072833947559,
Madrid,network,Afternoon,32,0.1,1750,262,0.01,107866.77004227054,0,1750,53,6,0.07011268439191354,0.018758827819482536,0.0,0.0199194993258745,4.063837568475827,a29ac4f965d0b9868b19fae08a87e1436b50cd63fd296a64ab04b84b19c0bcdf,optimal,0.011727595056669315,optimal,True,99.00616342211535,99.00028752466801,116990.054,0.09160059389725698,21.0,34.0,0.0,47.9987112021626,0.2207359786923716,
Madrid,network,Afternoon,32,0.2,1750,262,0.01,96988.26769021738,0,1750,54,9,0.10277721206319164,0.02168866653408962,0.0,0.042033328683840236,4.68294458232992,0ed6db77af5d056ca87b53211ee500be200addb686cc5e37f3d7b814637288ff,optimal,0.03651683023757357,optimal,True,99.00003024915772,99.00299553653417,115345.867,0.10324496068043626,21.0,34.0,0.0,54.10035939654836,0.22702188192980668,
Madrid,network,Afternoon,32,0.3,1750,262,0.01,87832.45572041062,0,1750,57,14,0.19673854003679278,0.061774581846022567,0.0,0.12456376283501114,3.739679698989873,f4aad406c777264df4229a4c8bbfa7ac337b03f34e411bbcb843c4a3e081db06,optimal,0.06226906675271948,optimal,True,99.00134449665178,99.00990728140857,116034.31700000001,0.07210058408111653,21.0,34.0,0.0,37.78070605839402,0.19761888328903782,
Madrid,network,Afternoon,32,0.4,1750,262,0.01,82121.16309903382,0,1750,54,14,0.2718005764443587,0.058664666283520024,0.0,0.13151502242186175,2.5665808235238963,10fc2576e1870aea9a99331d62936fde69e20e7db24ba5ace006e0b0f5e4cde2,optimal,0.0735789227399124,optimal,True,99.00115419691073,99.0093330607972,117575.958,0.0726646511080469,21.0,29.0,0.0,38.07627718061604,0.17961749556715098,
Madrid,network,Afternoon,32,0.5,1750,262,0.01,78193.90910507247,0,1750,57,13,0.2723882244046207,0.03686895192784606,0.0,0.16161118597478877,1.4104055498922747,84a57778d5445ee92bbe5843c9a1977c44d6fec22972c24df49418810843603c,optimal,0.06410692424402953,optimal,True,99.00194745389189,99.00307462537873,118504.54999999999,0.06307335331868137,21.0,30.0,0.0,33.05043713898903,0.16721516361508507,
Madrid,network,Afternoon,32,0.6,1750,262,0.01,76078.68089130436,0,1750,57,14,0.35814212411656565,0.06932475918476154,0.0,0.15884946463171795,0.715588213798446,5727b05fe4aa53e00bf66ae43a87d756c04af3dd42eb8f70592483b750392e4e,optimal,0.07774641251556602,optimal,True,99.00009929854627,99.02804501047004,119686.88500000001,0.06730618756230275,21.0,28.0,0.0,35.268442282593995,0.17253727297404248,
Madrid,network,Afternoon,32,0.7,1750,262,0.01,75045.84774637682,0,1750,56,18,0.42558661528180486,0.11094769019496606,0.0,0.20224066832684998,0.5475143469645084,9c024d05bb5529a4af19f5a3811880b9a1243c13fca5e997d8c0c7fd7070b4bf,optimal,0.1081759959534736,optimal,True,99.00035505242386,99.00747573070203,120048.512,0.059384450085472426,21.0,31.0,0.0,31.11745184476198,0.17556545122760786,
Madrid,network,Afternoon,32,1.0,1750,262,0.01,73579.55690881643,0,1750,55,21,0.5703795724094791,0.14626059939386332,0.0,0.22915357371302303,0.22915357371302303,8388f44c4f7b9eebd054542f2977d80c403eb8ca5f748a3eae700764d92eafc1,optimal,0.13181337365027446,optimal,True,99.0001122896518,99.07318880480939,120369.744,0.04947573805869752,21.0,33.0,0.0,25.92528674274585,0.1724145413856783,
