city,mode,window,threshold,phi,reachable,quota,baseline,local_capture,regional_capture,minimum_capture,dual_feasible,district_TV,exchanges_from_local
Valencia,connectors_shade,Morning,28,0.1,398,59,Population,91.14503390336633,89.65257883479202,89.65257883479202,False,0.19306058501260964,25
Valencia,connectors_shade,Morning,28,0.1,398,59,Uniform,99.99942046858729,99.97748884305577,99.97748884305577,True,0.24552425493042984,1
Valencia,connectors_shade,Morning,28,0.1,398,59,Shared,99.9618778124195,100.0,99.9618778124195,True,0.2598580881910226,1
Valencia,connectors_shade,Morning,28,0.1,398,59,Pooled,99.99942046858729,99.97748884305575,99.97748884305575,True,0.24552425493042984,1
Valencia,connectors_shade,Morning,28,0.1,398,59,Local,100.0,99.9468743982239,99.9468743982239,True,0.2532442690229501,0
Valencia,connectors_shade,Morning,28,0.1,398,59,Regional,99.96187781241953,100.0,99.96187781241953,True,0.2598580881910226,1
Valencia,connectors_shade,Morning,28,0.2,398,59,Population,87.1278652436546,85.7682484114974,85.7682484114974,False,0.19306058501260964,29
Valencia,connectors_shade,Morning,28,0.2,398,59,Uniform,99.92573373653781,99.84651852168506,99.84651852168506,True,0.31809264317511665,2
Valencia,connectors_shade,Morning,28,0.2,398,59,Shared,99.48121010700685,99.8609481961521,99.48121010700685,True,0.35460626754164265,5
Valencia,connectors_shade,Morning,28,0.2,398,59,Pooled,99.93759310535775,100.0,99.93759310535775,True,0.31809264317511665,2
Valencia,connectors_shade,Morning,28,0.2,398,59,Local,100.0,99.82395125912443,99.82395125912443,True,0.32070796245689687,0
Valencia,connectors_shade,Morning,28,0.2,398,59,Regional,99.93759310535775,100.0,99.93759310535775,True,0.31809264317511665,2
Valencia,connectors_shade,Morning,28,0.3,398,59,Population,86.67826993514923,86.23149705413269,86.23149705413269,False,0.19306058501260964,29
Valencia,connectors_shade,Morning,28,0.3,398,59,Uniform,99.86608713332718,99.93140829404388,99.86608713332718,True,0.33746406455768657,3
Valencia,connectors_shade,Morning,28,0.3,398,59,Shared,99.39805372340138,99.72611163518457,99.39805372340138,True,0.3689401008022354,6
Valencia,connectors_shade,Morning,28,0.3,398,59,Pooled,99.89374182402629,99.9535127039694,99.89374182402629,True,0.3350417957174896,3
Valencia,connectors_shade,Morning,28,0.3,398,59,Local,100.0,99.6938365784503,99.6938365784503,True,0.3231302312970939,0
Valencia,connectors_shade,Morning,28,0.3,398,59,Regional,99.78826886082373,100.0,99.78826886082373,True,0.33504179571748954,4
Valencia,connectors_shade,Morning,28,0.4,398,59,Population,90.35013512496246,90.81964923452986,90.35013512496246,False,0.19306058501260964,24
Valencia,connectors_shade,Morning,28,0.4,398,59,Uniform,99.71085485429465,99.8008725613662,99.71085485429465,True,0.2527183018458222,4
Valencia,connectors_shade,Morning,28,0.4,398,59,Shared,99.5603458833771,99.20108796546774,99.20108796546774,True,0.27372109661814215,6
Valencia,connectors_shade,Morning,28,0.4,398,59,Pooled,99.88987424221739,99.83366924380512,99.83366924380512,True,0.2535324969534008,3
Valencia,connectors_shade,Morning,28,0.4,398,59,Local,100.0,99.40441640110748,99.40441640110748,True,0.23900561325122488,0
Valencia,connectors_shade,Morning,28,0.4,398,59,Regional,99.06214120928979,100.0,99.06214120928979,True,0.23540634807741462,7
Valencia,connectors_shade,Morning,28,0.5,398,59,Population,94.24678302501113,95.20917853519941,94.24678302501113,False,0.19306058501260964,17
Valencia,connectors_shade,Morning,28,0.5,398,59,Uniform,99.5116374813377,99.85070725436444,99.5116374813377,True,0.18003355866507947,3
Valencia,connectors_shade,Morning,28,0.5,398,59,Shared,99.73918516297594,99.33593587393858,99.33593587393858,True,0.24229329173464284,4
Valencia,connectors_shade,Morning,28,0.5,398,59,Pooled,99.82556433502721,99.74256553577447,99.74256553577447,True,0.19698271120745237,2
Valencia,connectors_shade,Morning,28,0.5,398,59,Local,100.0,99.42254967240108,99.42254967240108,True,0.21393186374982523,0
Valencia,connectors_shade,Morning,28,0.5,398,59,Regional,98.75863169941009,100.0,98.75863169941009,False,0.14538452636480118,7
Valencia,connectors_shade,Morning,28,0.6,398,59,Population,96.30897738111352,97.61739082596709,96.30897738111352,False,0.19306058501260964,10
Valencia,connectors_shade,Morning,28,0.6,398,59,Uniform,98.95331876807363,99.92716816425477,98.95331876807363,False,0.1754806274571814,8
Valencia,connectors_shade,Morning,28,0.6,398,59,Shared,99.86935457616487,98.9498987111843,98.9498987111843,False,0.22632808508430002,3
Valencia,connectors_shade,Morning,28,0.6,398,59,Pooled,99.81165235265544,99.47128505584001,99.47128505584001,True,0.2039095628449233,2
Valencia,connectors_shade,Morning,28,0.6,398,59,Local,100.0,98.79623787917495,98.79623787917495,False,0.22085871538729612,0
Valencia,connectors_shade,Morning,28,0.6,398,59,Regional,98.80392058653963,99.99999999999999,98.80392058653963,False,0.17881531955255486,8
Valencia,connectors_shade,Morning,28,0.7,398,59,Population,98.86537757165307,99.87412755290795,98.86537757165307,False,0.19306058501260964,9
Valencia,connectors_shade,Morning,28,0.7,398,59,Uniform,98.81108298551975,99.9310744118402,98.81108298551975,False,0.19812808378059896,9
Valencia,connectors_shade,Morning,28,0.7,398,59,Shared,99.77197789228852,99.08048661050363,99.08048661050363,True,0.21513541169566794,3
Valencia,connectors_shade,Morning,28,0.7,398,59,Pooled,99.52886816222332,99.71894416030224,99.52886816222332,True,0.20712716967269698,5
Valencia,connectors_shade,Morning,28,0.7,398,59,Local,100.0,98.34513140233793,98.34513140233793,False,0.24671821131390095,0
Valencia,connectors_shade,Morning,28,0.7,398,59,Regional,97.82332764145501,100.0,97.82332764145501,False,0.20239893013763927,12
Valencia,connectors_shade,Morning,28,1.0,398,59,Population,99.12997193551159,99.9160779453842,99.12997193551159,True,0.19306058501260964,9
Valencia,connectors_shade,Morning,28,1.0,398,59,Uniform,99.12997193551159,99.9160779453842,99.12997193551159,True,0.19306058501260964,9
Valencia,connectors_shade,Morning,28,1.0,398,59,Shared,99.83037552634774,99.19835287364948,99.19835287364948,True,0.22208624072175862,4
Valencia,connectors_shade,Morning,28,1.0,398,59,Pooled,99.4474804878122,99.8572084240415,99.4474804878122,True,0.21000973755498256,7
Valencia,connectors_shade,Morning,28,1.0,398,59,Local,100.0,98.14524217389634,98.14524217389634,False,0.25598454580650437,0
Valencia,connectors_shade,Morning,28,1.0,398,59,Regional,98.07027572228866,100.00000000000001,98.07027572228866,False,0.20905886842770754,12
Valencia,connectors_shade,Morning,30,0.1,398,59,Population,80.93126048706822,81.44651191635886,80.93126048706822,False,0.19306058501260964,30
Valencia,connectors_shade,Morning,30,0.1,398,59,Uniform,99.99953633607244,100.0,99.99953633607244,True,0.31871378784111215,1
Valencia,connectors_shade,Morning,30,0.1,398,59,Shared,99.99953633607244,100.0,99.99953633607244,True,0.31871378784111215,1
Valencia,connectors_shade,Morning,30,0.1,398,59,Pooled,99.99953633607244,100.0,99.99953633607244,True,0.31871378784111215,1
Valencia,connectors_shade,Morning,30,0.1,398,59,Local,100.00000000000001,99.98333457202723,99.98333457202723,True,0.3017646352987393,0
Valencia,connectors_shade,Morning,30,0.1,398,59,Regional,99.99953633607244,100.0,99.99953633607244,True,0.31871378784111215,1
Valencia,connectors_shade,Morning,30,0.2,398,59,Population,67.67696313242402,69.20894100064848,67.67696313242402,False,0.19306058501260964,35
Valencia,connectors_shade,Morning,30,0.2,398,59,Uniform,100.0,99.99607751223652,99.99607751223652,True,0.35460626754164265,0
Valencia,connectors_shade,Morning,30,0.2,398,59,Shared,99.99406730654266,99.99999999999997,99.99406730654266,True,0.3715554200840156,1
Valencia,connectors_shade,Morning,30,0.2,398,59,Pooled,100.0,99.99607751223652,99.99607751223652,True,0.35460626754164265,0
Valencia,connectors_shade,Morning,30,0.2,398,59,Local,100.0,99.99607751223651,99.99607751223651,True,0.35460626754164265,0
Valencia,connectors_shade,Morning,30,0.2,398,59,Regional,99.99406730654266,100.0,99.99406730654266,True,0.3715554200840156,1
Valencia,connectors_shade,Morning,30,0.3,398,59,Population,59.60077988674704,62.80110218961616,59.60077988674704,False,0.19306058501260964,39
Valencia,connectors_shade,Morning,30,0.3,398,59,Uniform,99.95856458986388,100.0,99.95856458986388,True,0.4054537251687613,2
Valencia,connectors_shade,Morning,30,0.3,398,59,Shared,99.97305583464617,99.8140778996329,99.8140778996329,True,0.3885045726263884,2
Valencia,connectors_shade,Morning,30,0.3,398,59,Pooled,99.9803134684632,99.99156995217221,99.9803134684632,True,0.3885045726263884,1
Valencia,connectors_shade,Morning,30,0.3,398,59,Local,100.0,99.82437055201567,99.82437055201567,True,0.37155542008401554,0
Valencia,connectors_shade,Morning,30,0.3,398,59,Regional,99.95856458986385,100.0,99.95856458986385,True,0.4054537251687613,2
Valencia,connectors_shade,Morning,30,0.4,398,59,Population,59.28048863493418,64.74045505329116,59.28048863493418,False,0.19306058501260964,39
Valencia,connectors_shade,Morning,30,0.4,398,59,Uniform,99.96977676056936,99.9907214305975,99.96977676056936,True,0.3546062675416426,1
Valencia,connectors_shade,Morning,30,0.4,398,59,Shared,99.9242321007297,99.63655799680151,99.63655799680151,True,0.38850457262638843,1
Valencia,connectors_shade,Morning,30,0.4,398,59,Pooled,99.96977676056936,99.99072143059753,99.96977676056936,True,0.3546062675416426,1
Valencia,connectors_shade,Morning,30,0.4,398,59,Local,100.0,99.81340869800835,99.81340869800835,True,0.37155542008401543,0
Valencia,connectors_shade,Morning,30,0.4,398,59,Regional,99.82200985762735,100.0,99.82200985762735,True,0.3546062675416426,2
Valencia,connectors_shade,Morning,30,0.5,398,59,Population,66.16728230675456,73.85951894350272,66.16728230675456,False,0.19306058501260964,40
Valencia,connectors_shade,Morning,30,0.5,398,59,Uniform,99.43631231310012,99.26486697592946,99.26486697592946,True,0.3885045726263884,4
Valencia,connectors_shade,Morning,30,0.5,398,59,Shared,99.66253327758848,98.73186307711916,98.73186307711916,False,0.3715554200840155,3
Valencia,connectors_shade,Morning,30,0.5,398,59,Pooled,99.78983141164257,99.71919757478912,99.71919757478912,True,0.3376571149992698,4
Valencia,connectors_shade,Morning,30,0.5,398,59,Local,100.0,99.02514213868562,99.02514213868562,True,0.36232628163416286,0
Valencia,connectors_shade,Morning,30,0.5,398,59,Regional,98.86940455561569,100.0,98.86940455561569,False,0.32070796245689687,8
Valencia,connectors_shade,Morning,30,0.6,398,59,Population,75.43763778356166,83.65935998581743,75.43763778356166,False,0.19306058501260964,25
Valencia,connectors_shade,Morning,30,0.6,398,59,Uniform,98.41654173985826,99.21968482098278,98.41654173985826,False,0.25780412132884883,9
Valencia,connectors_shade,Morning,30,0.6,398,59,Shared,99.5053709229001,98.1112130729527,98.1112130729527,False,0.2502756308312372,5
Valencia,connectors_shade,Morning,30,0.6,398,59,Pooled,99.43991670184185,99.3893754732066,99.3893754732066,True,0.23718707007722828,5
Valencia,connectors_shade,Morning,30,0.6,398,59,Local,100.00000000000001,97.4751986259053,97.4751986259053,False,0.25269789967143425,0
Valencia,connectors_shade,Morning,30,0.6,398,59,Regional,96.98321288933744,100.0,96.98321288933744,False,0.19823566707932874,12
Valencia,connectors_shade,Morning,30,0.7,398,59,Population,90.11480811875582,96.33656911660302,90.11480811875582,False,0.19306058501260964,18
Valencia,connectors_shade,Morning,30,0.7,398,59,Uniform,96.4632535829043,99.63674949735618,96.4632535829043,False,0.17933892001618335,13
Valencia,connectors_shade,Morning,30,0.7,398,59,Shared,99.68916909598079,97.59092792768831,97.59092792768831,False,0.23931525807472231,4
Valencia,connectors_shade,Morning,30,0.7,398,59,Pooled,98.98183929921709,98.97990214420449,98.97990214420449,False,0.23931525807472231,7
Valencia,connectors_shade,Morning,30,0.7,398,59,Local,100.0,96.76757422828105,96.76757422828105,False,0.2353059358714562,0
Valencia,connectors_shade,Morning,30,0.7,398,59,Regional,95.65049075170538,99.99999999999999,95.65049075170538,False,0.17295515340586554,15
Valencia,connectors_shade,Morning,30,1.0,398,59,Population,95.66470788235776,99.88842233110101,95.66470788235776,False,0.19306058501260964,14
Valencia,connectors_shade,Morning,30,1.0,398,59,Uniform,95.66470788235776,99.88842233110101,95.66470788235776,False,0.19306058501260964,14
Valencia,connectors_shade,Morning,30,1.0,398,59,Shared,99.64464329109052,97.83152927679568,97.83152927679568,False,0.2615214229064325,4
Valencia,connectors_shade,Morning,30,1.0,398,59,Pooled,99.25562318780732,98.32369629020735,98.32369629020735,False,0.24457227036405962,6
Valencia,connectors_shade,Morning,30,1.0,398,59,Local,100.0,95.61573389406823,95.61573389406823,False,0.325565095538563,0
Valencia,connectors_shade,Morning,30,1.0,398,59,Regional,93.63275139525737,100.0,93.63275139525737,False,0.20905886842770754,17
Valencia,connectors_shade,Morning,32,0.1,398,59,Population,77.57357615585077,77.84488353449633,77.57357615585077,False,0.19306058501260964,30
Valencia,connectors_shade,Morning,32,0.1,398,59,Uniform,100.0,100.0,100.0,True,0.31871378784111215,0
Valencia,connectors_shade,Morning,32,0.1,398,59,Shared,100.0,100.0,100.0,True,0.31871378784111215,0
Valencia,connectors_shade,Morning,32,0.1,398,59,Pooled,100.0,100.0,100.0,True,0.31871378784111215,0
Valencia,connectors_shade,Morning,32,0.1,398,59,Local,100.0,100.0,100.0,True,0.31871378784111215,0
Valencia,connectors_shade,Morning,32,0.1,398,59,Regional,99.99999999999999,100.0,99.99999999999999,True,0.31871378784111215,0
Valencia,connectors_shade,Morning,32,0.2,398,59,Population,60.52890112366748,61.193291848480435,60.52890112366748,False,0.19306058501260964,36
Valencia,connectors_shade,Morning,32,0.2,398,59,Uniform,100.0,100.0,100.0,True,0.37155542008401554,0
Valencia,connectors_shade,Morning,32,0.2,398,59,Shared,100.0,100.0,100.0,True,0.37155542008401554,0
Valencia,connectors_shade,Morning,32,0.2,398,59,Pooled,100.0,100.0,100.0,True,0.37155542008401554,0
Valencia,connectors_shade,Morning,32,0.2,398,59,Local,100.0,100.0,100.0,True,0.37155542008401554,0
Valencia,connectors_shade,Morning,32,0.2,398,59,Regional,100.0,100.0,100.0,True,0.37155542008401554,0
Valencia,connectors_shade,Morning,32,0.3,398,59,Population,47.75150911112623,49.117830717980134,47.75150911112623,False,0.19306058501260964,41
Valencia,connectors_shade,Morning,32,0.3,398,59,Uniform,100.0,99.99810941937724,99.99810941937724,True,0.40283840588698105,0
Valencia,connectors_shade,Morning,32,0.3,398,59,Shared,100.0,99.99810941937724,99.99810941937724,True,0.40283840588698105,0
Valencia,connectors_shade,Morning,32,0.3,398,59,Pooled,100.0,99.99810941937724,99.99810941937724,True,0.40283840588698105,0
Valencia,connectors_shade,Morning,32,0.3,398,59,Local,100.0,99.99810941937724,99.99810941937724,True,0.40283840588698105,0
Valencia,connectors_shade,Morning,32,0.3,398,59,Regional,99.9972982564684,100.0,99.9972982564684,True,0.40283840588698105,1
Valencia,connectors_shade,Morning,32,0.4,398,59,Population,41.872531893699005,44.27660082750806,41.872531893699005,False,0.19306058501260964,41
Valencia,connectors_shade,Morning,32,0.4,398,59,Uniform,99.98374411423968,99.98754115944281,99.98374411423968,True,0.3715554200840155,1
Valencia,connectors_shade,Morning,32,0.4,398,59,Shared,99.98374411423968,99.98754115944281,99.98374411423968,True,0.3715554200840155,1
Valencia,connectors_shade,Morning,32,0.4,398,59,Pooled,100.00000000000001,100.00000000000003,100.00000000000001,True,0.38850457262638843,0
Valencia,connectors_shade,Morning,32,0.4,398,59,Local,100.00000000000001,100.00000000000003,100.00000000000001,True,0.38850457262638843,0
Valencia,connectors_shade,Morning,32,0.4,398,59,Regional,99.99999999999999,100.0,99.99999999999999,True,0.38850457262638843,0
Valencia,connectors_shade,Morning,32,0.5,398,59,Population,40.27902138834671,44.588534791062955,40.27902138834671,False,0.19306058501260964,46
Valencia,connectors_shade,Morning,32,0.5,398,59,Uniform,100.00000000000001,99.97103043718981,99.97103043718981,True,0.3637646045823298,0
Valencia,connectors_shade,Morning,32,0.5,398,59,Shared,100.00000000000001,99.97103043718981,99.97103043718981,True,0.3637646045823298,0
Valencia,connectors_shade,Morning,32,0.5,398,59,Pooled,100.0,99.97103043718981,99.97103043718981,True,0.3637646045823298,0
Valencia,connectors_shade,Morning,32,0.5,398,59,Local,100.0,99.97103043718981,99.97103043718981,True,0.3637646045823298,0
Valencia,connectors_shade,Morning,32,0.5,398,59,Regional,99.9083484453018,100.00000000000001,99.9083484453018,True,0.3560445904898095,1
Valencia,connectors_shade,Morning,32,0.6,398,59,Population,44.65579246730397,51.671325899205506,44.65579246730397,False,0.19306058501260964,35
Valencia,connectors_shade,Morning,32,0.6,398,59,Uniform,99.3967545608598,99.92782082747263,99.3967545608598,True,0.29624663930675055,6
Valencia,connectors_shade,Morning,32,0.6,398,59,Shared,99.89161481759903,99.69104008133716,99.69104008133716,True,0.28170257099294016,3
Valencia,connectors_shade,Morning,32,0.6,398,59,Pooled,99.84125165336754,99.76286223074729,99.76286223074729,True,0.2727616604735382,3
Valencia,connectors_shade,Morning,32,0.6,398,59,Local,100.0,99.0929219116434,99.0929219116434,True,0.31560087607768594,0
Valencia,connectors_shade,Morning,32,0.6,398,59,Regional,99.36168049813479,100.0,99.36168049813479,True,0.3174510963347333,7
Valencia,connectors_shade,Morning,32,0.7,398,59,Population,66.91093462958598,75.31290833987484,66.91093462958598,False,0.19306058501260964,21
Valencia,connectors_shade,Morning,32,0.7,398,59,Uniform,97.70885568029394,99.9822857996283,97.70885568029394,False,0.17933892001618337,13
Valencia,connectors_shade,Morning,32,0.7,398,59,Shared,99.71702175195156,98.53834744575926,98.53834744575926,False,0.24309081103497285,4
Valencia,connectors_shade,Morning,32,0.7,398,59,Pooled,99.40114981018738,99.12987051952943,99.12987051952943,True,0.22757998144076688,7
Valencia,connectors_shade,Morning,32,0.7,398,59,Local,100.0,97.67443604409858,97.67443604409858,False,0.2614523835991361,0
Valencia,connectors_shade,Morning,32,0.7,398,59,Regional,97.38764469610761,100.0,97.38764469610761,False,0.18748203710804143,14
Valencia,connectors_shade,Morning,32,1.0,398,59,Population,95.4949757131818,99.91649716622756,95.4949757131818,False,0.19306058501260964,15
Valencia,connectors_shade,Morning,32,1.0,398,59,Uniform,95.4949757131818,99.91649716622756,95.4949757131818,False,0.19306058501260964,15
Valencia,connectors_shade,Morning,32,1.0,398,59,Shared,99.62235656070087,97.26164195004105,97.26164195004105,False,0.2916667904538172,5
Valencia,connectors_shade,Morning,32,1.0,398,59,Pooled,99.09301193977929,98.61899239153372,98.61899239153372,False,0.2276231178216868,7
Valencia,connectors_shade,Morning,32,1.0,398,59,Local,99.99999999999999,95.2955128984148,95.2955128984148,False,0.34251424808093583,0
Valencia,connectors_shade,Morning,32,1.0,398,59,Regional,93.68878108798437,99.99999999999999,93.68878108798437,False,0.20905886842770754,18
Valencia,connectors_shade,Afternoon,28,0.1,398,59,Population,93.02209332869171,91.82038911422374,91.82038911422374,False,0.19306058501260964,23
Valencia,connectors_shade,Afternoon,28,0.1,398,59,Uniform,99.9537485132194,99.8774576674742,99.8774576674742,True,0.1989492864005555,2
Valencia,connectors_shade,Afternoon,28,0.1,398,59,Shared,99.62379829220234,99.88783814781343,99.62379829220234,True,0.247181424745894,4
Valencia,connectors_shade,Afternoon,28,0.1,398,59,Pooled,99.97291452118965,99.89980257287097,99.89980257287097,True,0.2158984389429284,1
Valencia,connectors_shade,Afternoon,28,0.1,398,59,Local,100.00000000000001,99.82298839984968,99.82298839984968,True,0.2158984389429284,0
Valencia,connectors_shade,Afternoon,28,0.1,398,59,Regional,99.82846749935399,100.0,99.82846749935399,True,0.2302322722035211,3
Valencia,connectors_shade,Afternoon,28,0.2,398,59,Population,92.32774589139233,92.10587855501855,92.10587855501855,False,0.19306058501260964,21
Valencia,connectors_shade,Afternoon,28,0.2,398,59,Uniform,99.31287680587157,99.88918924938886,99.31287680587157,True,0.21795790655709077,5
Valencia,connectors_shade,Afternoon,28,0.2,398,59,Shared,99.19418570910025,99.40547312786255,99.19418570910025,True,0.27631106007192824,9
Valencia,connectors_shade,Afternoon,28,0.2,398,59,Pooled,99.87312909605532,99.75902362299985,99.75902362299985,True,0.26714091402970425,4
Valencia,connectors_shade,Afternoon,28,0.2,398,59,Local,100.0,99.46525965205043,99.46525965205043,True,0.24447222260134485,0
Valencia,connectors_shade,Afternoon,28,0.2,398,59,Regional,99.20163637302288,100.0,99.20163637302288,True,0.2342859144334682,7
Valencia,connectors_shade,Afternoon,28,0.3,398,59,Population,93.98806956264652,94.25866189280303,93.98806956264652,False,0.19306058501260964,16
Valencia,connectors_shade,Afternoon,28,0.3,398,59,Uniform,99.53664660452466,99.75103754114211,99.53664660452466,True,0.18614808885520087,4
Valencia,connectors_shade,Afternoon,28,0.3,398,59,Shared,99.41152946379624,99.61962996931005,99.41152946379624,True,0.2477694926471344,7
Valencia,connectors_shade,Afternoon,28,0.3,398,59,Pooled,99.89581537326599,99.71197337711317,99.71197337711317,True,0.20309724139757382,4
Valencia,connectors_shade,Afternoon,28,0.3,398,59,Local,100.0,99.09862727638304,99.09862727638304,True,0.20762443961773716,0
Valencia,connectors_shade,Afternoon,28,0.3,398,59,Regional,98.66080762853032,100.0,98.66080762853032,False,0.2176241250997497,9
Valencia,connectors_shade,Afternoon,28,0.4,398,59,Population,96.80652777006203,97.92417368933006,96.80652777006203,False,0.19306058501260964,10
Valencia,connectors_shade,Afternoon,28,0.4,398,59,Uniform,98.571877945298,99.97333676160054,98.571877945298,False,0.1615161182630586,8
Valencia,connectors_shade,Afternoon,28,0.4,398,59,Shared,99.76037118046989,99.35557784972455,99.35557784972455,True,0.20719579554933507,4
Valencia,connectors_shade,Afternoon,28,0.4,398,59,Pooled,99.90205662443248,99.3556628081465,99.3556628081465,True,0.20719579554933507,2
Valencia,connectors_shade,Afternoon,28,0.4,398,59,Local,100.0,99.06269500382578,99.06269500382578,True,0.23008785383714875,0
Valencia,connectors_shade,Afternoon,28,0.4,398,59,Regional,98.25300471653196,100.0,98.25300471653196,False,0.15513235165274075,9
Valencia,connectors_shade,Afternoon,28,0.5,398,59,Population,98.37792241223941,99.72394707471864,98.37792241223941,False,0.19306058501260964,9
Valencia,connectors_shade,Afternoon,28,0.5,398,59,Uniform,98.53089815818518,99.97409783086628,98.53089815818518,False,0.17629785906193685,9
Valencia,connectors_shade,Afternoon,28,0.5,398,59,Shared,99.35374947105171,98.5890146875937,98.5890146875937,False,0.2492201433721138,5
Valencia,connectors_shade,Afternoon,28,0.5,398,59,Pooled,99.37235033821746,99.6635858346773,99.37235033821746,True,0.20731359626439702,5
Valencia,connectors_shade,Afternoon,28,0.5,398,59,Local,99.99999999999999,98.6277832369703,98.6277832369703,False,0.2299554853632281,0
Valencia,connectors_shade,Afternoon,28,0.5,398,59,Regional,98.13697175825732,100.0,98.13697175825732,False,0.17534698993466188,10
Valencia,connectors_shade,Afternoon,28,0.6,398,59,Population,98.64858843311939,99.9680388517245,98.64858843311939,False,0.19306058501260964,9
Valencia,connectors_shade,Afternoon,28,0.6,398,59,Uniform,98.64858843311939,99.9680388517245,98.64858843311939,False,0.19306058501260964,9
Valencia,connectors_shade,Afternoon,28,0.6,398,59,Shared,99.94021335985245,98.74630122189065,98.74630122189065,False,0.25598454580650437,2
Valencia,connectors_shade,Afternoon,28,0.6,398,59,Pooled,99.23438798910601,99.74588450532202,99.23438798910601,True,0.19944435162292753,6
Valencia,connectors_shade,Afternoon,28,0.6,398,59,Local,100.0,98.42493214522887,98.42493214522887,False,0.25598454580650437,0
Valencia,connectors_shade,Afternoon,28,0.6,398,59,Regional,97.8370796786256,100.00000000000001,97.8370796786256,False,0.19210971588533468,11
Valencia,connectors_shade,Afternoon,28,0.7,398,59,Population,98.64858843311939,99.9680388517245,98.64858843311939,False,0.19306058501260964,9
Valencia,connectors_shade,Afternoon,28,0.7,398,59,Uniform,98.64858843311939,99.9680388517245,98.64858843311939,False,0.19306058501260964,9
Valencia,connectors_shade,Afternoon,28,0.7,398,59,Shared,99.94021335985245,98.74630122189065,98.74630122189065,False,0.25598454580650437,2
Valencia,connectors_shade,Afternoon,28,0.7,398,59,Pooled,99.23438798910601,99.74588450532202,99.23438798910601,True,0.19944435162292753,6
Valencia,connectors_shade,Afternoon,28,0.7,398,59,Local,100.0,98.42493214522887,98.42493214522887,False,0.25598454580650437,0
Valencia,connectors_shade,Afternoon,28,0.7,398,59,Regional,97.8370796786256,100.00000000000001,97.8370796786256,False,0.19210971588533468,11
Valencia,connectors_shade,Afternoon,28,1.0,398,59,Population,98.64858843311939,99.9680388517245,98.64858843311939,False,0.19306058501260964,9
Valencia,connectors_shade,Afternoon,28,1.0,398,59,Uniform,98.64858843311939,99.9680388517245,98.64858843311939,False,0.19306058501260964,9
Valencia,connectors_shade,Afternoon,28,1.0,398,59,Shared,99.94021335985245,98.74630122189065,98.74630122189065,False,0.25598454580650437,2
Valencia,connectors_shade,Afternoon,28,1.0,398,59,Pooled,99.23438798910601,99.74588450532202,99.23438798910601,True,0.19944435162292753,6
Valencia,connectors_shade,Afternoon,28,1.0,398,59,Local,100.0,98.42493214522887,98.42493214522887,False,0.25598454580650437,0
Valencia,connectors_shade,Afternoon,28,1.0,398,59,Regional,97.8370796786256,100.00000000000001,97.8370796786256,False,0.19210971588533468,11
Valencia,connectors_shade,Afternoon,30,0.1,398,59,Population,76.06399875508737,78.53061477465768,76.06399875508737,False,0.19306058501260964,31
Valencia,connectors_shade,Afternoon,30,0.1,398,59,Uniform,99.96426428104725,99.8686319108852,99.8686319108852,True,0.2786574609904428,2
Valencia,connectors_shade,Afternoon,30,0.1,398,59,Shared,99.96426428104725,99.8686319108852,99.8686319108852,True,0.2786574609904428,2
Valencia,connectors_shade,Afternoon,30,0.1,398,59,Pooled,99.98967937796482,99.89512517314894,99.89512517314894,True,0.26413057728826683,1
Valencia,connectors_shade,Afternoon,30,0.1,398,59,Local,100.0,99.8377482219802,99.8377482219802,True,0.2810797298306398,0
Valencia,connectors_shade,Afternoon,30,0.1,398,59,Regional,99.7714679863076,100.0,99.7714679863076,True,0.27865746099044275,3
Valencia,connectors_shade,Afternoon,30,0.2,398,59,Population,65.45989980798812,70.42786022840164,65.45989980798812,False,0.19306058501260964,37
Valencia,connectors_shade,Afternoon,30,0.2,398,59,Uniform,99.98917274789547,99.99999999999999,99.98917274789547,True,0.35274876694555424,1
Valencia,connectors_shade,Afternoon,30,0.2,398,59,Shared,99.95666572533402,99.82981715484291,99.82981715484291,True,0.36969791948792713,1
Valencia,connectors_shade,Afternoon,30,0.2,398,59,Pooled,100.0,99.99094608800802,99.99094608800802,True,0.35274876694555424,0
Valencia,connectors_shade,Afternoon,30,0.2,398,59,Local,100.0,99.99094608800802,99.99094608800802,True,0.35274876694555424,0
Valencia,connectors_shade,Afternoon,30,0.2,398,59,Regional,99.98917274789547,100.0,99.98917274789547,True,0.35274876694555424,1
Valencia,connectors_shade,Afternoon,30,0.3,398,59,Population,65.3834608470645,72.43211752479277,65.3834608470645,False,0.19306058501260964,40
Valencia,connectors_shade,Afternoon,30,0.3,398,59,Uniform,99.58157500056645,99.77936865514899,99.58157500056645,True,0.38926239131208024,4
Valencia,connectors_shade,Afternoon,30,0.3,398,59,Shared,99.74603427137413,99.56857642766542,99.56857642766542,True,0.4062115438544531,4
Valencia,connectors_shade,Afternoon,30,0.3,398,59,Pooled,99.96006555077267,99.81198981082456,99.81198981082456,True,0.37375156171787427,2
Valencia,connectors_shade,Afternoon,30,0.3,398,59,Local,100.0,99.5319882945575,99.5319882945575,True,0.35536408622733445,0
Valencia,connectors_shade,Afternoon,30,0.3,398,59,Regional,99.16222887659185,100.0,99.16222887659185,True,0.3229041040907556,6
Valencia,connectors_shade,Afternoon,30,0.4,398,59,Population,77.4580770103247,84.54472828771117,77.4580770103247,False,0.19306058501260964,25
Valencia,connectors_shade,Afternoon,30,0.4,398,59,Uniform,98.68853207304275,99.13614966707291,98.68853207304275,False,0.2557286385872595,9
Valencia,connectors_shade,Afternoon,30,0.4,398,59,Shared,99.54318688727389,98.3085238473123,98.3085238473123,False,0.2858513907117548,6
Valencia,connectors_shade,Afternoon,30,0.4,398,59,Pooled,99.65246303680543,99.40174409202905,99.40174409202905,True,0.2501917614873314,5
Valencia,connectors_shade,Afternoon,30,0.4,398,59,Local,100.0,98.02537865510448,98.02537865510448,False,0.30136222030596077,0
Valencia,connectors_shade,Afternoon,30,0.4,398,59,Regional,96.47111171004273,100.0,96.47111171004273,False,0.20067497255737682,12
Valencia,connectors_shade,Afternoon,30,0.5,398,59,Population,88.17831987056488,94.52373274242834,88.17831987056488,False,0.19306058501260964,16
Valencia,connectors_shade,Afternoon,30,0.5,398,59,Uniform,95.02298156991282,99.95890259727354,95.02298156991282,False,0.19242085692030927,13
Valencia,connectors_shade,Afternoon,30,0.5,398,59,Shared,99.52348732153847,97.31302200490194,97.31302200490194,False,0.2547335403273561,4
Valencia,connectors_shade,Afternoon,30,0.5,398,59,Pooled,99.16759738190282,98.96757469379556,98.96757469379556,False,0.23574874712906135,5
Valencia,connectors_shade,Afternoon,30,0.5,398,59,Local,100.0,96.6164979281091,96.6164979281091,False,0.26596315398374243,0
Valencia,connectors_shade,Afternoon,30,0.5,398,59,Regional,94.37627903705389,100.0,94.37627903705389,False,0.18603709030999147,14
Valencia,connectors_shade,Afternoon,30,0.6,398,59,Population,93.68800522819802,99.7443395075639,93.68800522819802,False,0.19306058501260964,14
Valencia,connectors_shade,Afternoon,30,0.6,398,59,Uniform,93.82903230461454,99.9798278699939,93.82903230461454,False,0.1930605850126097,14
Valencia,connectors_shade,Afternoon,30,0.6,398,59,Shared,99.76105643566514,97.13175389635717,97.13175389635717,False,0.30307906589626193,3
Valencia,connectors_shade,Afternoon,30,0.6,398,59,Pooled,98.95081709208623,98.34981416445852,98.34981416445852,False,0.25598454580650437,4
Valencia,connectors_shade,Afternoon,30,0.6,398,59,Local,100.0,96.10980506467365,96.10980506467365,False,0.3032654924879619,0
Valencia,connectors_shade,Afternoon,30,0.6,398,59,Regional,92.97988952664895,100.0,92.97988952664895,False,0.19210971588533468,15
Valencia,connectors_shade,Afternoon,30,0.7,398,59,Population,93.98794533827234,99.97720391169288,93.98794533827234,False,0.19306058501260964,14
Valencia,connectors_shade,Afternoon,30,0.7,398,59,Uniform,93.80927608581884,99.97901563780053,93.80927608581884,False,0.1930605850126097,14
Valencia,connectors_shade,Afternoon,30,0.7,398,59,Shared,99.76029146304337,97.12429251442697,97.12429251442697,False,0.30307906589626193,3
Valencia,connectors_shade,Afternoon,30,0.7,398,59,Pooled,98.94745815583691,98.34519648152843,98.34519648152843,False,0.25598454580650437,4
Valencia,connectors_shade,Afternoon,30,0.7,398,59,Local,100.0,96.09995782799807,96.09995782799807,False,0.3032654924879619,0
Valencia,connectors_shade,Afternoon,30,0.7,398,59,Regional,93.1429842936201,100.0,93.1429842936201,False,0.17777588262474198,15
Valencia,connectors_shade,Afternoon,30,1.0,398,59,Population,94.02017931525901,99.97720391169288,94.02017931525901,False,0.19306058501260964,14
Valencia,connectors_shade,Afternoon,30,1.0,398,59,Uniform,94.02017931525901,99.97720391169288,94.02017931525901,False,0.19306058501260964,14
Valencia,connectors_shade,Afternoon,30,1.0,398,59,Shared,99.75889237431133,97.00770596168323,97.00770596168323,False,0.30861594299619005,3
Valencia,connectors_shade,Afternoon,30,1.0,398,59,Pooled,99.02871083004523,98.20830812586054,98.20830812586054,False,0.2615214229064325,4
Valencia,connectors_shade,Afternoon,30,1.0,398,59,Local,100.0,96.02335585786155,96.02335585786155,False,0.30880236958789015,0
Valencia,connectors_shade,Afternoon,30,1.0,398,59,Regional,93.17492848392433,100.0,93.17492848392433,False,0.17777588262474198,15
Valencia,connectors_shade,Afternoon,32,0.1,398,59,Population,67.30032871119471,69.93424910185396,67.30032871119471,False,0.19306058501260964,34
Valencia,connectors_shade,Afternoon,32,0.1,398,59,Uniform,99.98715719824021,99.9894910423848,99.98715719824021,True,0.29560661353281564,1
Valencia,connectors_shade,Afternoon,32,0.1,398,59,Shared,99.99999999999997,99.99709504166097,99.99709504166097,True,0.27865746099044275,0
Valencia,connectors_shade,Afternoon,32,0.1,398,59,Pooled,100.0,99.99709504166097,99.99709504166097,True,0.27865746099044275,0
Valencia,connectors_shade,Afternoon,32,0.1,398,59,Local,100.0,99.99709504166097,99.99709504166097,True,0.27865746099044275,0
Valencia,connectors_shade,Afternoon,32,0.1,398,59,Regional,99.96117966169403,100.0,99.96117966169403,True,0.27865746099044275,1
Valencia,connectors_shade,Afternoon,32,0.2,398,59,Population,48.314889061551234,53.91422429109018,48.314889061551234,False,0.19306058501260964,43
Valencia,connectors_shade,Afternoon,32,0.2,398,59,Uniform,100.0,99.84540170608017,99.84540170608017,True,0.37231323876970734,0
Valencia,connectors_shade,Afternoon,32,0.2,398,59,Shared,100.00000000000001,99.84540170608018,99.84540170608018,True,0.37231323876970734,0
Valencia,connectors_shade,Afternoon,32,0.2,398,59,Pooled,99.99492155024149,99.91176318452315,99.91176318452315,True,0.37231323876970734,1
Valencia,connectors_shade,Afternoon,32,0.2,398,59,Local,100.0,99.84540170608017,99.84540170608017,True,0.37231323876970734,0
Valencia,connectors_shade,Afternoon,32,0.2,398,59,Regional,99.87668822420974,100.0,99.87668822420974,True,0.3553640862273345,2
Valencia,connectors_shade,Afternoon,32,0.3,398,59,Population,38.98278895206751,47.99158607473332,38.98278895206751,False,0.19306058501260964,45
Valencia,connectors_shade,Afternoon,32,0.3,398,59,Uniform,100.0,99.95382272444675,99.95382272444675,True,0.3892623913120802,0
Valencia,connectors_shade,Afternoon,32,0.3,398,59,Shared,100.0,99.95382272444675,99.95382272444675,True,0.3892623913120802,0
Valencia,connectors_shade,Afternoon,32,0.3,398,59,Pooled,99.98817144108871,99.99039627892185,99.98817144108871,True,0.40621154385445307,1
Valencia,connectors_shade,Afternoon,32,0.3,398,59,Local,100.0,99.95382272444675,99.95382272444675,True,0.3892623913120802,0
Valencia,connectors_shade,Afternoon,32,0.3,398,59,Regional,99.88480820994019,100.0,99.88480820994019,True,0.3907007142602471,2
Valencia,connectors_shade,Afternoon,32,0.4,398,59,Population,47.81445269684191,60.88871064260669,47.81445269684191,False,0.19306058501260964,40
Valencia,connectors_shade,Afternoon,32,0.4,398,59,Uniform,99.89810735296507,99.39854572760508,99.39854572760508,True,0.28900579900600987,2
Valencia,connectors_shade,Afternoon,32,0.4,398,59,Shared,99.99849466749721,99.31374675933967,99.31374675933967,True,0.30595495154838276,1
Valencia,connectors_shade,Afternoon,32,0.4,398,59,Pooled,99.7687300516654,99.74047059725474,99.74047059725474,True,0.2890057990060098,3
Valencia,connectors_shade,Afternoon,32,0.4,398,59,Local,100.0,99.39751048754192,99.39751048754192,True,0.3229041040907556,0
Valencia,connectors_shade,Afternoon,32,0.4,398,59,Regional,98.89172809248387,100.0,98.89172809248387,False,0.2665197693637088,7
Valencia,connectors_shade,Afternoon,32,0.5,398,59,Population,64.84618462374794,79.97509242216348,64.84618462374794,False,0.19306058501260964,16
Valencia,connectors_shade,Afternoon,32,0.5,398,59,Uniform,96.57310266249684,99.99999999999999,96.57310266249684,False,0.17952534660788344,12
Valencia,connectors_shade,Afternoon,32,0.5,398,59,Shared,99.91387191355844,98.33087287165351,98.33087287165351,False,0.2675011112639658,1
Valencia,connectors_shade,Afternoon,32,0.5,398,59,Pooled,99.60205361633813,99.09134190863013,99.09134190863013,True,0.24879063458191525,3
Valencia,connectors_shade,Afternoon,32,0.5,398,59,Local,100.0,97.93472069565412,97.93472069565412,False,0.2844502638063387,0
Valencia,connectors_shade,Afternoon,32,0.5,398,59,Regional,96.57310266249684,99.99999999999999,96.57310266249684,False,0.17952534660788344,12
Valencia,connectors_shade,Afternoon,32,0.6,398,59,Population,89.85077679327534,98.17333225220928,89.85077679327534,False,0.19306058501260964,15
Valencia,connectors_shade,Afternoon,32,0.6,398,59,Uniform,93.35192606452635,99.94584216482004,93.35192606452635,False,0.1930605850126097,15
Valencia,connectors_shade,Afternoon,32,0.6,398,59,Shared,99.82951363148777,96.68599504236383,96.68599504236383,False,0.3200282184386348,3
Valencia,connectors_shade,Afternoon,32,0.6,398,59,Pooled,99.06780254961404,98.30312844424274,98.30312844424274,False,0.2729336983488772,4
Valencia,connectors_shade,Afternoon,32,0.6,398,59,Local,100.0,95.85758137177108,95.85758137177108,False,0.32556509553856294,0
Valencia,connectors_shade,Afternoon,32,0.6,398,59,Regional,93.11067903093182,100.0,93.11067903093182,False,0.1930605850126097,15
Valencia,connectors_shade,Afternoon,32,0.7,398,59,Population,91.4782000633705,98.9416399779149,91.4782000633705,False,0.19306058501260964,15
Valencia,connectors_shade,Afternoon,32,0.7,398,59,Uniform,93.44302359867524,100.0,93.44302359867524,False,0.1930605850126097,15
Valencia,connectors_shade,Afternoon,32,0.7,398,59,Shared,99.79693671387629,96.6088459827367,96.6088459827367,False,0.32002821843863477,3
Valencia,connectors_shade,Afternoon,32,0.7,398,59,Pooled,99.05091811213639,98.26765103817613,98.26765103817613,False,0.27293369834887715,4
Valencia,connectors_shade,Afternoon,32,0.7,398,59,Local,100.0,95.80296503391665,95.80296503391665,False,0.32556509553856294,0
Valencia,connectors_shade,Afternoon,32,0.7,398,59,Regional,93.44302359867524,100.0,93.44302359867524,False,0.1930605850126097,15
Valencia,connectors_shade,Afternoon,32,1.0,398,59,Population,93.48939666761497,99.99999999999999,93.48939666761497,False,0.19306058501260964,15
Valencia,connectors_shade,Afternoon,32,1.0,398,59,Uniform,93.48939666761497,99.99999999999999,93.48939666761497,False,0.19306058501260964,15
Valencia,connectors_shade,Afternoon,32,1.0,398,59,Shared,99.77678372256425,96.45355160939532,96.45355160939532,False,0.3088023695878901,4
Valencia,connectors_shade,Afternoon,32,1.0,398,59,Pooled,99.08368108970576,98.11363613570192,98.11363613570192,False,0.2784705754488053,4
Valencia,connectors_shade,Afternoon,32,1.0,398,59,Local,100.0,95.59612937705627,95.59612937705627,False,0.3425142480809358,0
Valencia,connectors_shade,Afternoon,32,1.0,398,59,Regional,93.48939666761497,100.0,93.48939666761497,False,0.19306058501260964,15
Valencia,connectors_sun,Morning,28,0.1,398,59,Population,96.32091528310893,95.81689383541425,95.81689383541425,False,0.19306058501260964,9
Valencia,connectors_sun,Morning,28,0.1,398,59,Uniform,100.00000000000001,100.00000000000001,100.00000000000001,True,0.20110698432990046,0
Valencia,connectors_sun,Morning,28,0.1,398,59,Shared,100.00000000000001,100.00000000000001,100.00000000000001,True,0.20110698432990046,0
Valencia,connectors_sun,Morning,28,0.1,398,59,Pooled,100.00000000000001,100.00000000000001,100.00000000000001,True,0.20110698432990046,0
Valencia,connectors_sun,Morning,28,0.1,398,59,Local,100.00000000000001,100.00000000000001,100.00000000000001,True,0.20110698432990046,0
Valencia,connectors_sun,Morning,28,0.1,398,59,Regional,100.00000000000001,100.00000000000001,100.00000000000001,True,0.20110698432990046,0
Valencia,connectors_sun,Morning,28,0.2,398,59,Population,91.35205353880887,90.02365461180189,90.02365461180189,False,0.19306058501260964,22
Valencia,connectors_sun,Morning,28,0.2,398,59,Uniform,99.99999999999999,99.93490992220394,99.93490992220394,True,0.24247032285813527,0
Valencia,connectors_sun,Morning,28,0.2,398,59,Shared,99.99303246534436,100.00000000000003,99.99303246534436,True,0.25169946130798787,1
Valencia,connectors_sun,Morning,28,0.2,398,59,Pooled,99.99303246534436,100.00000000000003,99.99303246534436,True,0.25169946130798787,1
Valencia,connectors_sun,Morning,28,0.2,398,59,Local,100.0,99.93490992220394,99.93490992220394,True,0.24247032285813527,0
Valencia,connectors_sun,Morning,28,0.2,398,59,Regional,99.99303246534436,100.0,99.99303246534436,True,0.25169946130798787,1
Valencia,connectors_sun,Morning,28,0.3,398,59,Population,86.82671988197755,85.34829039625608,85.34829039625608,False,0.19306058501260964,27
Valencia,connectors_sun,Morning,28,0.3,398,59,Uniform,99.99999999999999,99.80180770136043,99.80180770136043,True,0.32313023129709384,0
Valencia,connectors_sun,Morning,28,0.3,398,59,Shared,99.73634313122562,100.0,99.73634313122562,True,0.34007938383946673,4
Valencia,connectors_sun,Morning,28,0.3,398,59,Pooled,99.99611645048053,99.86709461593709,99.86709461593709,True,0.32313023129709384,1
Valencia,connectors_sun,Morning,28,0.3,398,59,Local,99.99999999999999,99.80180770136043,99.80180770136043,True,0.32313023129709384,0
Valencia,connectors_sun,Morning,28,0.3,398,59,Regional,99.7363431312256,100.0,99.7363431312256,True,0.34007938383946673,4
Valencia,connectors_sun,Morning,28,0.4,398,59,Population,86.97699439841963,86.33817787949006,86.33817787949006,False,0.19306058501260964,28
Valencia,connectors_sun,Morning,28,0.4,398,59,Uniform,99.98235382415879,99.92408307141366,99.92408307141366,True,0.2729039183359706,2
Valencia,connectors_sun,Morning,28,0.4,398,59,Shared,99.2263254806364,99.85931635129653,99.2263254806364,True,0.3017646352987393,7
Valencia,connectors_sun,Morning,28,0.4,398,59,Pooled,99.98646442187271,99.95524888162028,99.95524888162028,True,0.25595476579359777,2
Valencia,connectors_sun,Morning,28,0.4,398,59,Local,100.0,99.70162074666936,99.70162074666936,True,0.27290391833597066,0
Valencia,connectors_sun,Morning,28,0.4,398,59,Regional,99.7512911687946,100.0,99.7512911687946,True,0.2729039183359707,4
Valencia,connectors_sun,Morning,28,0.5,398,59,Population,89.62544307210307,89.92404968502869,89.62544307210307,False,0.19306058501260964,23
Valencia,connectors_sun,Morning,28,0.5,398,59,Uniform,99.79164354339757,99.88034539311037,99.79164354339757,True,0.25533362112760233,4
Valencia,connectors_sun,Morning,28,0.5,398,59,Shared,99.17222418987714,99.35007707327712,99.17222418987714,True,0.28923192621234806,9
Valencia,connectors_sun,Morning,28,0.5,398,59,Pooled,99.78257517996497,99.91069398490538,99.78257517996497,True,0.25533362112760233,4
Valencia,connectors_sun,Morning,28,0.5,398,59,Local,100.0,99.28753416183501,99.28753416183501,True,0.28262237704166193,0
Valencia,connectors_sun,Morning,28,0.5,398,59,Regional,99.23101482121334,100.0,99.23101482121334,True,0.23838446858522944,7
Valencia,connectors_sun,Morning,28,0.6,398,59,Population,93.20105720618479,94.0678262079489,93.20105720618479,False,0.19306058501260964,20
Valencia,connectors_sun,Morning,28,0.6,398,59,Uniform,99.71043797251681,99.72404885029918,99.71043797251681,True,0.25777475474660055,2
Valencia,connectors_sun,Morning,28,0.6,398,59,Shared,99.51706292896858,99.22831736072094,99.22831736072094,True,0.2709709697516124,4
Valencia,connectors_sun,Morning,28,0.6,398,59,Pooled,99.8855519559885,99.73040893975573,99.73040893975573,True,0.25009193669683116,2
Valencia,connectors_sun,Morning,28,0.6,398,59,Local,100.0,99.49695348338408,99.49695348338408,True,0.24082560220422766,0
Valencia,connectors_sun,Morning,28,0.6,398,59,Regional,99.3500825041288,99.99999999999999,99.3500825041288,True,0.21861590045228235,5
Valencia,connectors_sun,Morning,28,0.7,398,59,Population,96.16073786591153,97.01603568729347,96.16073786591153,False,0.19306058501260964,12
Valencia,connectors_sun,Morning,28,0.7,398,59,Uniform,99.4004934335154,99.8784253190133,99.4004934335154,True,0.16991438377500495,4
Valencia,connectors_sun,Morning,28,0.7,398,59,Shared,99.60321773213373,99.06507579099579,99.06507579099579,True,0.18468039932478575,3
Valencia,connectors_sun,Morning,28,0.7,398,59,Pooled,99.65341149265038,99.73430254037973,99.65341149265038,True,0.17545126087493312,3
Valencia,connectors_sun,Morning,28,0.7,398,59,Local,100.0,99.2485234992675,99.2485234992675,True,0.19240041341730602,0
Valencia,connectors_sun,Morning,28,0.7,398,59,Regional,99.03009185843597,100.0,99.03009185843597,True,0.18680536094468178,6
Valencia,connectors_sun,Morning,28,1.0,398,59,Population,99.12997193551159,99.9160779453842,99.12997193551159,True,0.19306058501260964,9
Valencia,connectors_sun,Morning,28,1.0,398,59,Uniform,99.12997193551159,99.9160779453842,99.12997193551159,True,0.19306058501260964,9
Valencia,connectors_sun,Morning,28,1.0,398,59,Shared,99.83037552634774,99.19835287364948,99.19835287364948,True,0.22208624072175862,4
Valencia,connectors_sun,Morning,28,1.0,398,59,Pooled,99.4474804878122,99.8572084240415,99.4474804878122,True,0.21000973755498256,7
Valencia,connectors_sun,Morning,28,1.0,398,59,Local,100.0,98.14524217389634,98.14524217389634,False,0.25598454580650437,0
Valencia,connectors_sun,Morning,28,1.0,398,59,Regional,98.07027572228866,100.00000000000001,98.07027572228866,False,0.20905886842770754,12
Valencia,connectors_sun,Morning,30,0.1,398,59,Population,93.68706465458727,93.7919221200876,93.68706465458727,False,0.19306058501260964,9
Valencia,connectors_sun,Morning,30,0.1,398,59,Uniform,100.0,99.99999999999999,99.99999999999999,True,0.20110698432990046,0
Valencia,connectors_sun,Morning,30,0.1,398,59,Shared,100.0,99.99999999999999,99.99999999999999,True,0.20110698432990046,0
Valencia,connectors_sun,Morning,30,0.1,398,59,Pooled,100.0,99.99999999999999,99.99999999999999,True,0.20110698432990046,0
Valencia,connectors_sun,Morning,30,0.1,398,59,Local,100.0,99.99999999999999,99.99999999999999,True,0.20110698432990046,0
Valencia,connectors_sun,Morning,30,0.1,398,59,Regional,100.0,99.99999999999999,99.99999999999999,True,0.20110698432990046,0
Valencia,connectors_sun,Morning,30,0.2,398,59,Population,82.57860166956146,83.01211230647408,82.57860166956146,False,0.19306058501260964,25
Valencia,connectors_sun,Morning,30,0.2,398,59,Uniform,100.0,99.99999999999999,99.99999999999999,True,0.26622634501016373,0
Valencia,connectors_sun,Morning,30,0.2,398,59,Shared,100.0,99.99999999999999,99.99999999999999,True,0.26622634501016373,0
Valencia,connectors_sun,Morning,30,0.2,398,59,Pooled,100.0,99.99999999999999,99.99999999999999,True,0.26622634501016373,0
Valencia,connectors_sun,Morning,30,0.2,398,59,Local,100.0,99.99999999999999,99.99999999999999,True,0.26622634501016373,0
Valencia,connectors_sun,Morning,30,0.2,398,59,Regional,100.0,99.99999999999999,99.99999999999999,True,0.26622634501016373,0
Valencia,connectors_sun,Morning,30,0.3,398,59,Population,69.1935790509693,70.53331010585867,69.1935790509693,False,0.19306058501260964,33
Valencia,connectors_sun,Morning,30,0.3,398,59,Uniform,100.00000000000001,99.97598516978012,99.97598516978012,True,0.32313023129709384,0
Valencia,connectors_sun,Morning,30,0.3,398,59,Shared,99.99033315172633,99.98423084915673,99.98423084915673,True,0.3231302312970939,1
Valencia,connectors_sun,Morning,30,0.3,398,59,Pooled,99.9978799436361,100.0,99.9978799436361,True,0.3231302312970939,1
Valencia,connectors_sun,Morning,30,0.3,398,59,Local,100.0,99.9759851697801,99.9759851697801,True,0.32313023129709384,0
Valencia,connectors_sun,Morning,30,0.3,398,59,Regional,99.99787994363606,100.0,99.99787994363606,True,0.3231302312970939,1
Valencia,connectors_sun,Morning,30,0.4,398,59,Population,62.05087843753562,64.77903148954387,62.05087843753562,False,0.19306058501260964,40
Valencia,connectors_sun,Morning,30,0.4,398,59,Uniform,99.96444239598999,99.98354280471666,99.96444239598999,True,0.2874308020381465,1
Valencia,connectors_sun,Morning,30,0.4,398,59,Shared,99.93971600548579,99.96761185481067,99.93971600548579,True,0.3043799545805195,2
Valencia,connectors_sun,Morning,30,0.4,398,59,Pooled,99.99902992886085,99.99576355505184,99.99576355505184,True,0.303758809914524,1
Valencia,connectors_sun,Morning,30,0.4,398,59,Local,100.0,99.99346402346397,99.99346402346397,True,0.28743080203814664,0
Valencia,connectors_sun,Morning,30,0.4,398,59,Regional,99.94575224326398,100.0,99.94575224326398,True,0.3207079624568968,2
Valencia,connectors_sun,Morning,30,0.5,398,59,Population,58.952238241592866,63.92140743262492,58.952238241592866,False,0.19306058501260964,41
Valencia,connectors_sun,Morning,30,0.5,398,59,Uniform,99.8828433872937,99.87229178504467,99.87229178504467,True,0.3400793838394668,2
Valencia,connectors_sun,Morning,30,0.5,398,59,Shared,99.90663015233828,99.85669693590884,99.85669693590884,True,0.3400793838394668,1
Valencia,connectors_sun,Morning,30,0.5,398,59,Pooled,99.92614253061129,99.968584957038,99.92614253061129,True,0.32313023129709384,1
Valencia,connectors_sun,Morning,30,0.5,398,59,Local,100.0,99.87833571597554,99.87833571597554,True,0.3400793838394667,0
Valencia,connectors_sun,Morning,30,0.5,398,59,Regional,99.72785030144983,99.99999999999999,99.72785030144983,True,0.32313023129709384,2
Valencia,connectors_sun,Morning,30,0.6,398,59,Population,63.66607855358546,70.39260347581565,63.66607855358546,False,0.19306058501260964,41
Valencia,connectors_sun,Morning,30,0.6,398,59,Uniform,99.80560616316322,99.82853339006334,99.80560616316322,True,0.36387260203424615,2
Valencia,connectors_sun,Morning,30,0.6,398,59,Shared,99.85246700984386,99.73878403619408,99.73878403619408,True,0.35460626754164265,2
Valencia,connectors_sun,Morning,30,0.6,398,59,Pooled,99.99999999999999,99.91227088643204,99.91227088643204,True,0.34692344949187326,0
Valencia,connectors_sun,Morning,30,0.6,398,59,Local,100.0,99.91227088643203,99.91227088643203,True,0.34692344949187326,0
Valencia,connectors_sun,Morning,30,0.6,398,59,Regional,99.70659071675846,100.0,99.70659071675846,True,0.35460626754164265,2
Valencia,connectors_sun,Morning,30,0.7,398,59,Population,73.98019501769815,80.86184360415021,73.98019501769815,False,0.19306058501260964,32
Valencia,connectors_sun,Morning,30,0.7,398,59,Uniform,99.11448665674268,99.54074998314151,99.11448665674268,True,0.24475915590569705,7
Valencia,connectors_sun,Morning,30,0.7,398,59,Shared,99.42194270316676,98.24072628132613,98.24072628132613,False,0.2698605048297782,6
Valencia,connectors_sun,Morning,30,0.7,398,59,Pooled,99.65932746774808,99.53557676903708,99.53557676903708,True,0.21409731476872687,5
Valencia,connectors_sun,Morning,30,0.7,398,59,Local,100.0,98.5679800235826,98.5679800235826,False,0.22935265057434637,0
Valencia,connectors_sun,Morning,30,0.7,398,59,Regional,97.90820528524343,100.0,97.90820528524343,False,0.21148199548694674,10
Valencia,connectors_sun,Morning,30,1.0,398,59,Population,95.66470788235776,99.88842233110101,95.66470788235776,False,0.19306058501260964,14
Valencia,connectors_sun,Morning,30,1.0,398,59,Uniform,95.66470788235776,99.88842233110101,95.66470788235776,False,0.19306058501260964,14
Valencia,connectors_sun,Morning,30,1.0,398,59,Shared,99.64464329109052,97.83152927679568,97.83152927679568,False,0.2615214229064325,4
Valencia,connectors_sun,Morning,30,1.0,398,59,Pooled,99.25562318780732,98.32369629020735,98.32369629020735,False,0.24457227036405962,6
Valencia,connectors_sun,Morning,30,1.0,398,59,Local,100.0,95.61573389406823,95.61573389406823,False,0.325565095538563,0
Valencia,connectors_sun,Morning,30,1.0,398,59,Regional,93.63275139525737,100.0,93.63275139525737,False,0.20905886842770754,17
Valencia,connectors_sun,Morning,32,0.1,398,59,Population,92.93126009632776,92.99044395130986,92.93126009632776,False,0.19306058501260964,9
Valencia,connectors_sun,Morning,32,0.1,398,59,Uniform,100.0,100.0,100.0,True,0.20110698432990046,0
Valencia,connectors_sun,Morning,32,0.1,398,59,Shared,100.0,100.0,100.0,True,0.20110698432990046,0
Valencia,connectors_sun,Morning,32,0.1,398,59,Pooled,100.0,100.0,100.0,True,0.20110698432990046,0
Valencia,connectors_sun,Morning,32,0.1,398,59,Local,100.0,100.0,100.0,True,0.20110698432990046,0
Valencia,connectors_sun,Morning,32,0.1,398,59,Regional,100.0,100.0,100.0,True,0.20110698432990046,0
Valencia,connectors_sun,Morning,32,0.2,398,59,Population,79.77720940785704,80.00071689156543,79.77720940785704,False,0.19306058501260964,25
Valencia,connectors_sun,Morning,32,0.2,398,59,Uniform,100.0,99.99999999999999,99.99999999999999,True,0.27048164949577364,0
Valencia,connectors_sun,Morning,32,0.2,398,59,Shared,100.0,99.99999999999999,99.99999999999999,True,0.27048164949577364,0
Valencia,connectors_sun,Morning,32,0.2,398,59,Pooled,100.0,99.99999999999999,99.99999999999999,True,0.27048164949577364,0
Valencia,connectors_sun,Morning,32,0.2,398,59,Local,100.0,99.99999999999999,99.99999999999999,True,0.27048164949577364,0
Valencia,connectors_sun,Morning,32,0.2,398,59,Regional,100.0,100.0,100.0,True,0.27048164949577364,0
Valencia,connectors_sun,Morning,32,0.3,398,59,Population,62.82073378689318,63.41524212230175,62.82073378689318,False,0.19306058501260964,34
Valencia,connectors_sun,Morning,32,0.3,398,59,Uniform,100.0,100.00000000000001,100.0,True,0.32313023129709384,0
Valencia,connectors_sun,Morning,32,0.3,398,59,Shared,100.0,100.0,100.0,True,0.32313023129709384,0
Valencia,connectors_sun,Morning,32,0.3,398,59,Pooled,100.0,100.00000000000001,100.0,True,0.32313023129709384,0
Valencia,connectors_sun,Morning,32,0.3,398,59,Local,100.0,100.0,100.0,True,0.32313023129709384,0
Valencia,connectors_sun,Morning,32,0.3,398,59,Regional,100.0,100.0,100.0,True,0.32313023129709384,0
Valencia,connectors_sun,Morning,32,0.4,398,59,Population,51.4011425092677,52.549038605286974,51.4011425092677,False,0.19306058501260964,43
Valencia,connectors_sun,Morning,32,0.4,398,59,Uniform,100.0,99.99999999999999,99.99999999999999,True,0.3043799545805195,0
Valencia,connectors_sun,Morning,32,0.4,398,59,Shared,100.0,99.99999999999999,99.99999999999999,True,0.3043799545805195,0
Valencia,connectors_sun,Morning,32,0.4,398,59,Pooled,99.99999999999999,99.99999999999999,99.99999999999999,True,0.3043799545805195,0
Valencia,connectors_sun,Morning,32,0.4,398,59,Local,100.0,100.0,100.0,True,0.3043799545805195,0
Valencia,connectors_sun,Morning,32,0.4,398,59,Regional,100.0,100.0,100.0,True,0.3043799545805195,0
Valencia,connectors_sun,Morning,32,0.5,398,59,Population,43.17175086576536,45.28087364364325,43.17175086576536,False,0.19306058501260964,46
Valencia,connectors_sun,Morning,32,0.5,398,59,Uniform,100.00000000000001,99.98935417106212,99.98935417106212,True,0.34692344949187315,0
Valencia,connectors_sun,Morning,32,0.5,398,59,Shared,99.99999999999999,99.9893541710621,99.9893541710621,True,0.34692344949187315,0
Valencia,connectors_sun,Morning,32,0.5,398,59,Pooled,100.00000000000001,99.9893541710621,99.9893541710621,True,0.34692344949187315,0
Valencia,connectors_sun,Morning,32,0.5,398,59,Local,100.00000000000001,99.9893541710621,99.9893541710621,True,0.34692344949187315,0
Valencia,connectors_sun,Morning,32,0.5,398,59,Regional,99.97431129336762,100.0,99.97431129336762,True,0.34692344949187315,1
Valencia,connectors_sun,Morning,32,0.6,398,59,Population,42.7910516140212,45.93305823834771,42.7910516140212,False,0.19306058501260964,46
Valencia,connectors_sun,Morning,32,0.6,398,59,Uniform,99.96008669814354,100.0,99.96008669814354,True,0.3390954379474367,1
Valencia,connectors_sun,Morning,32,0.6,398,59,Shared,100.00000000000001,99.97450766230651,99.97450766230651,True,0.3390954379474367,0
Valencia,connectors_sun,Morning,32,0.6,398,59,Pooled,100.0,99.97450766230651,99.97450766230651,True,0.3390954379474367,0
Valencia,connectors_sun,Morning,32,0.6,398,59,Local,100.0,99.97450766230651,99.97450766230651,True,0.3390954379474367,0
Valencia,connectors_sun,Morning,32,0.6,398,59,Regional,99.96008669814357,100.0,99.96008669814357,True,0.3390954379474367,1
Valencia,connectors_sun,Morning,32,0.7,398,59,Population,49.39063611364813,53.98174226907042,49.39063611364813,False,0.19306058501260964,47
Valencia,connectors_sun,Morning,32,0.7,398,59,Uniform,99.93388459320055,99.88292609190572,99.88292609190572,True,0.33388156203901925,1
Valencia,connectors_sun,Morning,32,0.7,398,59,Shared,99.9258681883509,99.76848526976308,99.76848526976308,True,0.33388156203901925,1
Valencia,connectors_sun,Morning,32,0.7,398,59,Pooled,99.98939117948076,99.90803476244403,99.90803476244403,True,0.33388156203901914,1
Valencia,connectors_sun,Morning,32,0.7,398,59,Local,99.99999999999999,99.87901519925205,99.87901519925205,True,0.3169324094966463,0
Valencia,connectors_sun,Morning,32,0.7,398,59,Regional,99.83092606470903,100.0,99.83092606470903,True,0.33648795824155436,2
Valencia,connectors_sun,Morning,32,1.0,398,59,Population,95.4949757131818,99.91649716622756,95.4949757131818,False,0.19306058501260964,15
Valencia,connectors_sun,Morning,32,1.0,398,59,Uniform,95.4949757131818,99.91649716622756,95.4949757131818,False,0.19306058501260964,15
Valencia,connectors_sun,Morning,32,1.0,398,59,Shared,99.62235656070087,97.26164195004105,97.26164195004105,False,0.2916667904538172,5
Valencia,connectors_sun,Morning,32,1.0,398,59,Pooled,99.09301193977929,98.61899239153372,98.61899239153372,False,0.2276231178216868,7
Valencia,connectors_sun,Morning,32,1.0,398,59,Local,99.99999999999999,95.2955128984148,95.2955128984148,False,0.34251424808093583,0
Valencia,connectors_sun,Morning,32,1.0,398,59,Regional,93.68878108798437,99.99999999999999,93.68878108798437,False,0.20905886842770754,18
Valencia,connectors_sun,Afternoon,28,0.1,398,59,Population,96.40786883150083,95.94193333007343,95.94193333007343,False,0.19306058501260964,12
Valencia,connectors_sun,Afternoon,28,0.1,398,59,Uniform,100.00000000000001,99.94705001176438,99.94705001176438,True,0.20949972929258456,0
Valencia,connectors_sun,Afternoon,28,0.1,398,59,Shared,99.80180252902424,99.9763442880861,99.80180252902424,True,0.22644888183495746,2
Valencia,connectors_sun,Afternoon,28,0.1,398,59,Pooled,100.00000000000001,99.94705001176438,99.94705001176438,True,0.20949972929258456,0
Valencia,connectors_sun,Afternoon,28,0.1,398,59,Local,100.0,99.94705001176435,99.94705001176435,True,0.20949972929258456,0
Valencia,connectors_sun,Afternoon,28,0.1,398,59,Regional,99.93839460963802,100.0,99.93839460963802,True,0.20949972929258456,1
Valencia,connectors_sun,Afternoon,28,0.2,398,59,Population,92.64088019775757,91.60709937345469,91.60709937345469,False,0.19306058501260964,22
Valencia,connectors_sun,Afternoon,28,0.2,398,59,Uniform,99.95876754165259,100.00000000000001,99.95876754165259,True,0.2096489598415338,1
Valencia,connectors_sun,Afternoon,28,0.2,398,59,Shared,99.56886916582926,99.92664947121504,99.56886916582926,True,0.21891529433413723,4
Valencia,connectors_sun,Afternoon,28,0.2,398,59,Pooled,99.95876754165256,100.0,99.95876754165256,True,0.2096489598415338,1
Valencia,connectors_sun,Afternoon,28,0.2,398,59,Local,100.00000000000001,99.92488337826,99.92488337826,True,0.19269980729916092,0
Valencia,connectors_sun,Afternoon,28,0.2,398,59,Regional,99.95876754165259,100.0,99.95876754165259,True,0.2096489598415338,1
Valencia,connectors_sun,Afternoon,28,0.3,398,59,Population,92.25349598468375,91.41399032840704,91.41399032840704,False,0.19306058501260964,21
Valencia,connectors_sun,Afternoon,28,0.3,398,59,Uniform,99.70663394318655,99.94177837526172,99.70663394318655,True,0.21402802604468238,4
Valencia,connectors_sun,Afternoon,28,0.3,398,59,Shared,99.53550392826922,99.81523819543688,99.53550392826922,True,0.20117742765407076,6
Valencia,connectors_sun,Afternoon,28,0.3,398,59,Pooled,99.8935652550754,99.90810931197113,99.8935652550754,True,0.21812658019644363,3
Valencia,connectors_sun,Afternoon,28,0.3,398,59,Local,100.0,99.55203025749321,99.55203025749321,True,0.21956490314461052,0
Valencia,connectors_sun,Afternoon,28,0.3,398,59,Regional,99.56902881053794,100.0,99.56902881053794,True,0.20117742765407073,5
Valencia,connectors_sun,Afternoon,28,0.4,398,59,Population,95.19092669730136,94.89136679134901,94.89136679134901,False,0.19306058501260964,15
Valencia,connectors_sun,Afternoon,28,0.4,398,59,Uniform,99.64816209463221,99.8418561946947,99.64816209463221,True,0.18324432921966782,5
Valencia,connectors_sun,Afternoon,28,0.4,398,59,Shared,99.34237545229163,99.80442303665941,99.34237545229163,True,0.2417511247518701,9
Valencia,connectors_sun,Afternoon,28,0.4,398,59,Pooled,99.84484073100555,99.86342038457784,99.84484073100555,True,0.2116057572044854,5
Valencia,connectors_sun,Afternoon,28,0.4,398,59,Local,100.0,99.09410967327128,99.09410967327128,True,0.2108958863597621,0
Valencia,connectors_sun,Afternoon,28,0.4,398,59,Regional,99.18991293340183,100.0,99.18991293340183,True,0.21160575720448538,7
Valencia,connectors_sun,Afternoon,28,0.5,398,59,Population,96.31324288773342,97.40270041196896,96.31324288773342,False,0.19306058501260964,10
Valencia,connectors_sun,Afternoon,28,0.5,398,59,Uniform,98.55412966491595,99.94206137292329,98.55412966491595,False,0.1682499336204998,8
Valencia,connectors_sun,Afternoon,28,0.5,398,59,Shared,99.34562675180824,99.2268825888099,99.2268825888099,True,0.19996510171265347,7
Valencia,connectors_sun,Afternoon,28,0.5,398,59,Pooled,99.94078474598872,99.20998415699813,99.20998415699813,True,0.2322709908297409,2
Valencia,connectors_sun,Afternoon,28,0.5,398,59,Local,100.0,99.0977575795077,99.0977575795077,True,0.22085871538729618,0
Valencia,connectors_sun,Afternoon,28,0.5,398,59,Regional,98.32959306148418,100.0,98.32959306148418,False,0.16341248741026515,9
Valencia,connectors_sun,Afternoon,28,0.6,398,59,Population,97.00352857064277,98.0817013532548,97.00352857064277,False,0.19306058501260964,9
Valencia,connectors_sun,Afternoon,28,0.6,398,59,Uniform,98.4306859714911,100.0,98.4306859714911,False,0.16739510583685482,8
Valencia,connectors_sun,Afternoon,28,0.6,398,59,Shared,99.6226709541105,98.90367920217366,98.90367920217366,False,0.22458817277997145,3
Valencia,connectors_sun,Afternoon,28,0.6,398,59,Pooled,99.60065691551856,99.58318296686527,99.58318296686527,True,0.2165799307570005,3
Valencia,connectors_sun,Afternoon,28,0.6,398,59,Local,100.0,98.89403138776349,98.89403138776349,False,0.22227266731345868,0
Valencia,connectors_sun,Afternoon,28,0.6,398,59,Regional,98.43068597149112,100.0,98.43068597149112,False,0.16739510583685482,8
Valencia,connectors_sun,Afternoon,28,0.7,398,59,Population,98.65820739285377,99.9437594557244,98.65820739285377,False,0.19306058501260964,9
Valencia,connectors_sun,Afternoon,28,0.7,398,59,Uniform,98.65820739285377,99.9437594557244,98.65820739285377,False,0.19306058501260964,9
Valencia,connectors_sun,Afternoon,28,0.7,398,59,Shared,99.5283432340463,98.7328298770671,98.7328298770671,False,0.23334265670767332,4
Valencia,connectors_sun,Afternoon,28,0.7,398,59,Pooled,99.150110371681,99.81278749161956,99.150110371681,True,0.21639350416530043,7
Valencia,connectors_sun,Afternoon,28,0.7,398,59,Local,100.0,98.41039290072186,98.41039290072186,False,0.25598454580650437,0
Valencia,connectors_sun,Afternoon,28,0.7,398,59,Regional,98.01558873055885,100.0,98.01558873055885,False,0.19210971588533468,11
Valencia,connectors_sun,Afternoon,28,1.0,398,59,Population,98.64858843311939,99.9680388517245,98.64858843311939,False,0.19306058501260964,9
Valencia,connectors_sun,Afternoon,28,1.0,398,59,Uniform,98.64858843311939,99.9680388517245,98.64858843311939,False,0.19306058501260964,9
Valencia,connectors_sun,Afternoon,28,1.0,398,59,Shared,99.94021335985245,98.74630122189065,98.74630122189065,False,0.25598454580650437,2
Valencia,connectors_sun,Afternoon,28,1.0,398,59,Pooled,99.23438798910601,99.74588450532202,99.23438798910601,True,0.19944435162292753,6
Valencia,connectors_sun,Afternoon,28,1.0,398,59,Local,100.0,98.42493214522887,98.42493214522887,False,0.25598454580650437,0
Valencia,connectors_sun,Afternoon,28,1.0,398,59,Regional,97.8370796786256,100.00000000000001,97.8370796786256,False,0.19210971588533468,11
Valencia,connectors_sun,Afternoon,30,0.1,398,59,Population,90.96985766797958,91.59560039724309,90.96985766797958,False,0.19306058501260964,16
Valencia,connectors_sun,Afternoon,30,0.1,398,59,Uniform,100.0,99.97324311774913,99.97324311774913,True,0.21229255208681977,0
Valencia,connectors_sun,Afternoon,30,0.1,398,59,Shared,100.0,99.9732431177491,99.9732431177491,True,0.21229255208681977,0
Valencia,connectors_sun,Afternoon,30,0.1,398,59,Pooled,100.0,99.97324311774913,99.97324311774913,True,0.21229255208681977,0
Valencia,connectors_sun,Afternoon,30,0.1,398,59,Local,100.0,99.9732431177491,99.9732431177491,True,0.21229255208681977,0
Valencia,connectors_sun,Afternoon,30,0.1,398,59,Regional,99.95883579873818,100.0,99.95883579873818,True,0.2290552780374926,1
Valencia,connectors_sun,Afternoon,30,0.2,398,59,Population,76.57566926536242,78.66091732271104,76.57566926536242,False,0.19306058501260964,31
Valencia,connectors_sun,Afternoon,30,0.2,398,59,Uniform,100.0,99.9419004681049,99.9419004681049,True,0.2438726888994811,0
Valencia,connectors_sun,Afternoon,30,0.2,398,59,Shared,99.95407473740018,99.85105324994039,99.85105324994039,True,0.24387268889948108,1
Valencia,connectors_sun,Afternoon,30,0.2,398,59,Pooled,100.00000000000003,99.94190046810493,99.94190046810493,True,0.2438726888994811,0
Valencia,connectors_sun,Afternoon,30,0.2,398,59,Local,100.0,99.94190046810493,99.94190046810493,True,0.2438726888994811,0
Valencia,connectors_sun,Afternoon,30,0.2,398,59,Regional,99.81794183037084,100.0,99.81794183037084,True,0.2269235363571082,1
Valencia,connectors_sun,Afternoon,30,0.3,398,59,Population,66.93784971599564,70.82404641801601,66.93784971599564,False,0.19306058501260964,37
Valencia,connectors_sun,Afternoon,30,0.3,398,59,Uniform,99.87646318884484,99.94581618964189,99.87646318884484,True,0.27893378888079856,1
Valencia,connectors_sun,Afternoon,30,0.3,398,59,Shared,99.94849718815304,99.55492041250714,99.55492041250714,True,0.2789337888807985,2
Valencia,connectors_sun,Afternoon,30,0.3,398,59,Pooled,99.87646318884482,99.94581618964189,99.87646318884482,True,0.27893378888079856,1
Valencia,connectors_sun,Afternoon,30,0.3,398,59,Local,100.0,99.73590154995486,99.73590154995486,True,0.27955493354679395,0
Valencia,connectors_sun,Afternoon,30,0.3,398,59,Regional,99.6649801787646,100.0,99.6649801787646,True,0.2619846363384256,3
Valencia,connectors_sun,Afternoon,30,0.4,398,59,Population,67.90428033693767,73.69107943002102,67.90428033693767,False,0.19306058501260964,39
Valencia,connectors_sun,Afternoon,30,0.4,398,59,Uniform,99.83494123936343,99.97160074574653,99.83494123936343,True,0.26603827856837264,2
Valencia,connectors_sun,Afternoon,30,0.4,398,59,Shared,99.90091400326864,99.64431012238843,99.64431012238843,True,0.2660382785683727,2
Valencia,connectors_sun,Afternoon,30,0.4,398,59,Pooled,99.8685827834777,100.0,99.8685827834777,True,0.26603827856837264,2
Valencia,connectors_sun,Afternoon,30,0.4,398,59,Local,100.0,99.70737657510446,99.70737657510446,True,0.2660382785683727,0
Valencia,connectors_sun,Afternoon,30,0.4,398,59,Regional,99.8685827834777,100.0,99.8685827834777,True,0.26603827856837264,2
Valencia,connectors_sun,Afternoon,30,0.5,398,59,Population,73.9912483927222,80.6379716774097,73.9912483927222,False,0.19306058501260964,31
Valencia,connectors_sun,Afternoon,30,0.5,398,59,Uniform,98.50916814462765,99.67199559763858,98.50916814462765,False,0.19220287477480835,7
Valencia,connectors_sun,Afternoon,30,0.5,398,59,Shared,99.54451738510264,98.34154780382819,98.34154780382819,False,0.2726777911296324,4
Valencia,connectors_sun,Afternoon,30,0.5,398,59,Pooled,99.75109716995847,99.45514547483572,99.45514547483572,True,0.23877948604488664,4
Valencia,connectors_sun,Afternoon,30,0.5,398,59,Local,100.0,98.63322123120959,98.63322123120959,False,0.23877948604488664,0
Valencia,connectors_sun,Afternoon,30,0.5,398,59,Regional,98.34153884011046,100.0,98.34153884011046,False,0.18666599767488015,8
Valencia,connectors_sun,Afternoon,30,0.6,398,59,Population,82.87483014530271,89.1636235136069,82.87483014530271,False,0.19306058501260964,16
Valencia,connectors_sun,Afternoon,30,0.6,398,59,Uniform,96.07168174186877,99.99393545840817,96.07168174186877,False,0.14883781207772603,12
Valencia,connectors_sun,Afternoon,30,0.6,398,59,Shared,99.56604282131738,98.47188694493259,98.47188694493259,False,0.22242765121026878,4
Valencia,connectors_sun,Afternoon,30,0.6,398,59,Pooled,99.77012880752432,98.84964260808239,98.84964260808239,False,0.23006437369246296,3
Valencia,connectors_sun,Afternoon,30,0.6,398,59,Local,100.0,97.97305805300232,97.97305805300232,False,0.23560125079239114,0
Valencia,connectors_sun,Afternoon,30,0.6,398,59,Regional,95.78069173897171,100.0,95.78069173897171,False,0.14245404546740817,12
Valencia,connectors_sun,Afternoon,30,0.7,398,59,Population,92.29111552517854,97.90408963932076,92.29111552517854,False,0.19306058501260964,13
Valencia,connectors_sun,Afternoon,30,0.7,398,59,Uniform,94.22690353822097,99.92285719262999,94.22690353822097,False,0.19471611208786987,13
Valencia,connectors_sun,Afternoon,30,0.7,398,59,Shared,99.83633765581624,97.73482519420652,97.73482519420652,False,0.23546888231847046,3
Valencia,connectors_sun,Afternoon,30,0.7,398,59,Pooled,99.41988539341523,98.62301624575288,98.62301624575288,False,0.2220862407217586,3
Valencia,connectors_sun,Afternoon,30,0.7,398,59,Local,100.0,97.2885854224897,97.2885854224897,False,0.2577684853690715,0
Valencia,connectors_sun,Afternoon,30,0.7,398,59,Regional,93.63333359625094,100.0,93.63333359625094,False,0.2116652646302427,13
Valencia,connectors_sun,Afternoon,30,1.0,398,59,Population,94.02017931525901,99.97720391169288,94.02017931525901,False,0.19306058501260964,14
Valencia,connectors_sun,Afternoon,30,1.0,398,59,Uniform,94.02017931525901,99.97720391169288,94.02017931525901,False,0.19306058501260964,14
Valencia,connectors_sun,Afternoon,30,1.0,398,59,Shared,99.75889237431133,97.00770596168323,97.00770596168323,False,0.30861594299619005,3
Valencia,connectors_sun,Afternoon,30,1.0,398,59,Pooled,99.02871083004523,98.20830812586054,98.20830812586054,False,0.2615214229064325,4
Valencia,connectors_sun,Afternoon,30,1.0,398,59,Local,100.0,96.02335585786155,96.02335585786155,False,0.30880236958789015,0
Valencia,connectors_sun,Afternoon,30,1.0,398,59,Regional,93.17492848392433,100.0,93.17492848392433,False,0.17777588262474198,15
Valencia,connectors_sun,Afternoon,32,0.1,398,59,Population,88.594737259858,89.21929206726153,88.594737259858,False,0.19306058501260964,17
Valencia,connectors_sun,Afternoon,32,0.1,398,59,Uniform,100.0,100.0,100.0,True,0.21229255208681977,0
Valencia,connectors_sun,Afternoon,32,0.1,398,59,Shared,100.0,100.0,100.0,True,0.21229255208681977,0
Valencia,connectors_sun,Afternoon,32,0.1,398,59,Pooled,100.0,100.0,100.0,True,0.21229255208681977,0
Valencia,connectors_sun,Afternoon,32,0.1,398,59,Local,100.0,100.0,100.0,True,0.21229255208681977,0
Valencia,connectors_sun,Afternoon,32,0.1,398,59,Regional,100.0,100.0,100.0,True,0.21229255208681977,0
Valencia,connectors_sun,Afternoon,32,0.2,398,59,Population,68.46618746344136,70.7617197123663,68.46618746344136,False,0.19306058501260964,33
Valencia,connectors_sun,Afternoon,32,0.2,398,59,Uniform,100.0,99.99999999999999,99.99999999999999,True,0.2283618593052751,0
Valencia,connectors_sun,Afternoon,32,0.2,398,59,Shared,100.0,99.99999999999996,99.99999999999996,True,0.2283618593052751,0
Valencia,connectors_sun,Afternoon,32,0.2,398,59,Pooled,100.0,99.99999999999999,99.99999999999999,True,0.2283618593052751,0
Valencia,connectors_sun,Afternoon,32,0.2,398,59,Local,100.0,99.99999999999996,99.99999999999996,True,0.2283618593052751,0
Valencia,connectors_sun,Afternoon,32,0.2,398,59,Regional,100.0,100.0,100.0,True,0.2283618593052751,0
Valencia,connectors_sun,Afternoon,32,0.3,398,59,Population,51.12069332774342,55.8391807271689,51.12069332774342,False,0.19306058501260964,42
Valencia,connectors_sun,Afternoon,32,0.3,398,59,Uniform,99.9908153641114,99.98076101076418,99.98076101076418,True,0.2789337888807985,1
Valencia,connectors_sun,Afternoon,32,0.3,398,59,Shared,99.9908153641114,99.98076101076417,99.98076101076417,True,0.2789337888807985,1
Valencia,connectors_sun,Afternoon,32,0.3,398,59,Pooled,100.00000000000003,100.00000000000001,100.00000000000001,True,0.2789337888807985,0
Valencia,connectors_sun,Afternoon,32,0.3,398,59,Local,100.0,100.00000000000001,100.0,True,0.2789337888807985,0
Valencia,connectors_sun,Afternoon,32,0.3,398,59,Regional,100.0,100.0,100.0,True,0.2789337888807985,0
Valencia,connectors_sun,Afternoon,32,0.4,398,59,Population,44.47854175105282,52.15689589233365,44.47854175105282,False,0.19306058501260964,41
Valencia,connectors_sun,Afternoon,32,0.4,398,59,Uniform,99.86178288061613,99.89028591652898,99.86178288061613,True,0.2760137109449894,2
Valencia,connectors_sun,Afternoon,32,0.4,398,59,Shared,100.00000000000001,99.86242387847928,99.86242387847928,True,0.29296286348736233,0
Valencia,connectors_sun,Afternoon,32,0.4,398,59,Pooled,99.91544670913312,99.9828813760829,99.91544670913312,True,0.2999365836531184,1
Valencia,connectors_sun,Afternoon,32,0.4,398,59,Local,100.00000000000001,99.86242387847925,99.86242387847925,True,0.29296286348736233,0
Valencia,connectors_sun,Afternoon,32,0.4,398,59,Regional,99.73173031015513,100.0,99.73173031015513,True,0.2999365836531184,2
Valencia,connectors_sun,Afternoon,32,0.5,398,59,Population,44.39362098351533,55.92782467468283,44.39362098351533,False,0.19306058501260964,48
Valencia,connectors_sun,Afternoon,32,0.5,398,59,Uniform,99.93193350404857,99.72335008422043,99.72335008422043,True,0.32573662749962906,1
Valencia,connectors_sun,Afternoon,32,0.5,398,59,Shared,100.0,99.6260515475372,99.6260515475372,True,0.3400793838394668,0
Valencia,connectors_sun,Afternoon,32,0.5,398,59,Pooled,99.8296838250706,99.93697308949967,99.8296838250706,True,0.32573662749962906,2
Valencia,connectors_sun,Afternoon,32,0.5,398,59,Local,100.0,99.62605154753722,99.62605154753722,True,0.3400793838394668,0
Valencia,connectors_sun,Afternoon,32,0.5,398,59,Regional,99.73033389062658,100.0,99.73033389062658,True,0.3087874749572561,3
Valencia,connectors_sun,Afternoon,32,0.6,398,59,Population,54.70474650665079,69.01968085299309,54.70474650665079,False,0.19306058501260964,23
Valencia,connectors_sun,Afternoon,32,0.6,398,59,Uniform,98.68241172673665,99.8894622935336,98.68241172673665,False,0.21421215340702052,7
Valencia,connectors_sun,Afternoon,32,0.6,398,59,Shared,99.86586160026113,99.37414323821339,99.37414323821339,True,0.18452005672503888,4
Valencia,connectors_sun,Afternoon,32,0.6,398,59,Pooled,99.77739536156703,99.62733438766698,99.62733438766698,True,0.19426788201297848,4
Valencia,connectors_sun,Afternoon,32,0.6,398,59,Local,100.0,99.01478664058513,99.01478664058513,True,0.23109666799511722,0
Valencia,connectors_sun,Afternoon,32,0.6,398,59,Regional,98.39742774160638,100.0,98.39742774160638,False,0.19726300086464763,7
Valencia,connectors_sun,Afternoon,32,0.7,398,59,Population,77.96458032291963,89.63290239072631,77.96458032291963,False,0.19306058501260964,13
Valencia,connectors_sun,Afternoon,32,0.7,398,59,Uniform,95.91030948915788,99.98600791961188,95.91030948915788,False,0.1711635531653925,10
Valencia,connectors_sun,Afternoon,32,0.7,398,59,Shared,99.7548801551199,98.3725107687277,98.3725107687277,False,0.20710745433365285,3
Valencia,connectors_sun,Afternoon,32,0.7,398,59,Pooled,99.5471629712707,99.0470893014177,99.0470893014177,True,0.19587784067726652,3
Valencia,connectors_sun,Afternoon,32,0.7,398,59,Local,100.0,98.1779773140162,98.1779773140162,False,0.20710745433365288,0
Valencia,connectors_sun,Afternoon,32,0.7,398,59,Regional,95.39291222918816,100.0,95.39291222918816,False,0.18172893909744753,11
Valencia,connectors_sun,Afternoon,32,1.0,398,59,Population,93.48939666761497,99.99999999999999,93.48939666761497,False,0.19306058501260964,15
Valencia,connectors_sun,Afternoon,32,1.0,398,59,Uniform,93.48939666761497,99.99999999999999,93.48939666761497,False,0.19306058501260964,15
Valencia,connectors_sun,Afternoon,32,1.0,398,59,Shared,99.77678372256425,96.45355160939532,96.45355160939532,False,0.3088023695878901,4
Valencia,connectors_sun,Afternoon,32,1.0,398,59,Pooled,99.08368108970576,98.11363613570192,98.11363613570192,False,0.2784705754488053,4
Valencia,connectors_sun,Afternoon,32,1.0,398,59,Local,100.0,95.59612937705627,95.59612937705627,False,0.3425142480809358,0
Valencia,connectors_sun,Afternoon,32,1.0,398,59,Regional,93.48939666761497,100.0,93.48939666761497,False,0.19306058501260964,15
Valencia,network,Morning,28,0.1,442,66,Population,92.02496634171169,90.60246371110904,90.60246371110904,False,0.1891933343061404,25
Valencia,network,Morning,28,0.1,442,66,Uniform,99.99948870068901,99.9890263543414,99.9890263543414,True,0.2244746736804132,1
Valencia,network,Morning,28,0.1,442,66,Shared,99.92532983091753,100.00000000000001,99.92532983091753,True,0.22832461480722963,2
Valencia,network,Morning,28,0.1,442,66,Pooled,99.99948870068901,99.9890263543414,99.9890263543414,True,0.2244746736804132,1
Valencia,network,Morning,28,0.1,442,66,Local,100.0,99.96204044123058,99.96204044123058,True,0.23144191689196683,0
Valencia,network,Morning,28,0.1,442,66,Regional,99.92532983091753,100.0,99.92532983091753,True,0.22832461480722963,2
Valencia,network,Morning,28,0.2,442,66,Population,88.04112397685728,86.45111695276142,86.45111695276142,False,0.1891933343061404,30
Valencia,network,Morning,28,0.2,442,66,Uniform,99.93823471413458,99.92818857000721,99.92818857000721,True,0.27382982846339976,1
Valencia,network,Morning,28,0.2,442,66,Shared,99.52993781779321,99.90938534450808,99.52993781779321,True,0.30413285876643,5
Valencia,network,Morning,28,0.2,442,66,Pooled,99.93823471413458,99.92818857000721,99.92818857000721,True,0.27382982846339976,1
Valencia,network,Morning,28,0.2,442,66,Local,100.0,99.84529917540286,99.84529917540286,True,0.27382982846339976,0
Valencia,network,Morning,28,0.2,442,66,Regional,99.71421909741083,99.99999999999999,99.71421909741083,True,0.2586783133118846,4
Valencia,network,Morning,28,0.3,442,66,Population,86.89918868699387,86.20603258647147,86.20603258647147,False,0.1891933343061404,32
Valencia,network,Morning,28,0.3,442,66,Uniform,99.86600183614877,99.89331825939928,99.86600183614877,True,0.30413285876643,2
Valencia,network,Morning,28,0.3,442,66,Shared,99.61602975780035,99.78033537502365,99.61602975780035,True,0.3495874042209755,5
Valencia,network,Morning,28,0.3,442,66,Pooled,99.91321261693207,99.95059277732875,99.91321261693207,True,0.2889813436149149,3
Valencia,network,Morning,28,0.3,442,66,Local,100.0,99.8022484774478,99.8022484774478,True,0.2738298284633997,0
Valencia,network,Morning,28,0.3,442,66,Regional,99.77971539780849,100.0,99.77971539780849,True,0.31928437391794523,4
Valencia,network,Morning,28,0.4,442,66,Population,88.73448914303357,89.27209415329057,88.73448914303357,False,0.1891933343061404,28
Valencia,network,Morning,28,0.4,442,66,Uniform,99.77468212694073,99.91553316189106,99.77468212694073,True,0.24338768741841468,3
Valencia,network,Morning,28,0.4,442,66,Shared,99.36643539809825,99.38122458659282,99.36643539809825,True,0.2888422328729602,7
Valencia,network,Morning,28,0.4,442,66,Pooled,99.89464882237641,99.87919285420305,99.87919285420305,True,0.24547539709656258,2
Valencia,network,Morning,28,0.4,442,66,Local,100.0,99.72360465179833,99.72360465179833,True,0.2585392025699298,0
Valencia,network,Morning,28,0.4,442,66,Regional,99.63615188983842,100.0,99.63615188983842,True,0.23032388194504744,5
Valencia,network,Morning,28,0.5,442,66,Population,92.98721389467806,93.67275051015076,92.98721389467806,False,0.1891933343061404,24
Valencia,network,Morning,28,0.5,442,66,Uniform,99.6409065002317,99.82515578854881,99.6409065002317,True,0.17482361897823517,5
Valencia,network,Morning,28,0.5,442,66,Shared,99.817332978804,99.3609033900201,99.3609033900201,True,0.2342554769755298,4
Valencia,network,Morning,28,0.5,442,66,Pooled,99.91239916267055,99.79985221657574,99.79985221657574,True,0.18918828252520398,3
Valencia,network,Morning,28,0.5,442,66,Local,100.0,99.47430575504355,99.47430575504355,True,0.20210913910624279,0
Valencia,network,Morning,28,0.5,442,66,Regional,99.45208247714389,100.0,99.45208247714389,True,0.17847625595248368,5
Valencia,network,Morning,28,0.6,442,66,Population,95.87302909265506,96.57409844274353,95.87302909265506,False,0.1891933343061404,12
Valencia,network,Morning,28,0.6,442,66,Uniform,99.05868852500187,99.87300927700198,99.05868852500187,True,0.1534689260435835,9
Valencia,network,Morning,28,0.6,442,66,Shared,99.51332964935008,99.12464776021079,99.12464776021079,True,0.17439586421900705,7
Valencia,network,Morning,28,0.6,442,66,Pooled,99.84611757630879,99.47962445367988,99.47962445367988,True,0.16149645707173116,2
Valencia,network,Morning,28,0.6,442,66,Local,100.0,98.95114193282443,98.95114193282443,False,0.1917994873747615,0
Valencia,network,Morning,28,0.6,442,66,Regional,98.83371492239927,100.0,98.83371492239927,False,0.1583118520024213,9
Valencia,network,Morning,28,0.7,442,66,Population,96.96625300948104,98.27887225002,96.96625300948104,False,0.1891933343061404,12
Valencia,network,Morning,28,0.7,442,66,Uniform,98.647681727879,99.93253275216289,98.647681727879,False,0.17516450996611313,11
Valencia,network,Morning,28,0.7,442,66,Shared,99.80316775765814,98.99628792139002,98.99628792139002,False,0.19088112298513263,3
Valencia,network,Morning,28,0.7,442,66,Pooled,99.47170340070208,99.6548613680727,99.47170340070208,True,0.17523210604071793,6
Valencia,network,Morning,28,0.7,442,66,Local,99.99999999999999,98.35835886840337,98.35835886840337,False,0.2217471435655314,0
Valencia,network,Morning,28,0.7,442,66,Regional,97.9208975676267,99.99999999999999,97.9208975676267,False,0.1916378247888034,13
Valencia,network,Morning,28,1.0,442,66,Population,99.0913708307718,99.8924573574988,99.0913708307718,True,0.1891933343061404,11
Valencia,network,Morning,28,1.0,442,66,Uniform,99.0913708307718,99.8924573574988,99.0913708307718,True,0.1891933343061404,11
Valencia,network,Morning,28,1.0,442,66,Shared,99.821356744994,99.1340053935758,99.1340053935758,True,0.22431273129490184,5
Valencia,network,Morning,28,1.0,442,66,Pooled,99.46093542267573,99.74928149500536,99.46093542267573,True,0.20342648506802677,9
Valencia,network,Morning,28,1.0,442,66,Local,100.0,97.8502086548181,97.8502086548181,False,0.2815663525670456,0
Valencia,network,Morning,28,1.0,442,66,Regional,98.25367700690359,100.0,98.25367700690359,False,0.19028038355101853,14
Valencia,network,Morning,30,0.1,442,66,Population,83.15493862472056,83.52612440332084,83.15493862472056,False,0.1891933343061404,28
Valencia,network,Morning,30,0.1,442,66,Uniform,99.98499902703625,100.0,99.98499902703625,True,0.2434761299587448,1
Valencia,network,Morning,30,0.1,442,66,Shared,99.98499902703628,99.99999999999999,99.98499902703628,True,0.2434761299587448,1
Valencia,network,Morning,30,0.1,442,66,Pooled,99.99999999999999,99.98862627956719,99.98862627956719,True,0.22832461480722963,0
Valencia,network,Morning,30,0.1,442,66,Local,100.00000000000001,99.98862627956719,99.98862627956719,True,0.22832461480722963,0
Valencia,network,Morning,30,0.1,442,66,Regional,99.98499902703625,100.0,99.98499902703625,True,0.2434761299587448,1
Valencia,network,Morning,30,0.2,442,66,Population,70.931204742424,71.92791340660318,70.931204742424,False,0.1891933343061404,40
Valencia,network,Morning,30,0.2,442,66,Uniform,99.99999999999999,99.99892597107208,99.99892597107208,True,0.30413285876643,0
Valencia,network,Morning,30,0.2,442,66,Shared,99.98689514075015,99.98581245607146,99.98581245607146,True,0.30413285876643,1
Valencia,network,Morning,30,0.2,442,66,Pooled,99.99999999999999,99.99892597107211,99.99892597107211,True,0.30413285876643,0
Valencia,network,Morning,30,0.2,442,66,Local,99.99999999999999,99.99892597107211,99.99892597107211,True,0.30413285876643,0
Valencia,network,Morning,30,0.2,442,66,Regional,99.9936894452663,100.0,99.9936894452663,True,0.3192843739179452,1
Valencia,network,Morning,30,0.3,442,66,Population,61.933304604830965,64.5977361078829,61.933304604830965,False,0.1891933343061404,45
Valencia,network,Morning,30,0.3,442,66,Uniform,99.98184078997032,100.0,99.98184078997032,True,0.36473891937249064,1
Valencia,network,Morning,30,0.3,442,66,Shared,99.9682653956446,99.9970529153342,99.9682653956446,True,0.36473891937249064,2
Valencia,network,Morning,30,0.3,442,66,Pooled,100.0,99.98985762331375,99.98985762331375,True,0.3798904345240058,0
Valencia,network,Morning,30,0.3,442,66,Local,100.0,99.98985762331375,99.98985762331375,True,0.3798904345240058,0
Valencia,network,Morning,30,0.3,442,66,Regional,99.98184078997033,100.0,99.98184078997033,True,0.36473891937249064,1
Valencia,network,Morning,30,0.4,442,66,Population,58.04564466413729,62.8784624144001,58.04564466413729,False,0.1891933343061404,47
Valencia,network,Morning,30,0.4,442,66,Uniform,99.8935976327179,99.90289392082556,99.8935976327179,True,0.36590066670413746,2
Valencia,network,Morning,30,0.4,442,66,Shared,99.94005186244905,99.92427013045898,99.92427013045898,True,0.36590066670413746,1
Valencia,network,Morning,30,0.4,442,66,Pooled,99.98392746844839,99.9733474843418,99.9733474843418,True,0.36590066670413746,1
Valencia,network,Morning,30,0.4,442,66,Local,100.0,99.92698882477131,99.92698882477131,True,0.36590066670413746,0
Valencia,network,Morning,30,0.4,442,66,Regional,99.83740218093432,100.0,99.83740218093432,True,0.3507491515526223,2
Valencia,network,Morning,30,0.5,442,66,Population,61.02076552731062,67.98040656657902,61.02076552731062,False,0.1891933343061404,50
Valencia,network,Morning,30,0.5,442,66,Uniform,99.85114077015807,99.72023535164978,99.72023535164978,True,0.373600867929261,4
Valencia,network,Morning,30,0.5,442,66,Shared,99.88897235909458,99.57576490392925,99.57576490392925,True,0.37468791717413913,3
Valencia,network,Morning,30,0.5,442,66,Pooled,99.9289612521083,99.86132468868469,99.86132468868469,True,0.3636518701276125,3
Valencia,network,Morning,30,0.5,442,66,Local,99.99999999999999,99.61688497191851,99.61688497191851,True,0.3939549004306429,0
Valencia,network,Morning,30,0.5,442,66,Regional,99.62806798917745,100.0,99.62806798917745,True,0.3495874042209755,5
Valencia,network,Morning,30,0.6,442,66,Population,70.36353261393435,77.6820895188279,70.36353261393435,False,0.1891933343061404,42
Valencia,network,Morning,30,0.6,442,66,Uniform,99.57990015796506,99.32723295879015,99.32723295879015,True,0.29396231777690346,6
Valencia,network,Morning,30,0.6,442,66,Shared,99.43449169170297,98.13908556507992,98.13908556507992,False,0.35122212891466714,6
Valencia,network,Morning,30,0.6,442,66,Pooled,99.65520009980251,99.50465977427012,99.50465977427012,True,0.2738298284633997,5
Valencia,network,Morning,30,0.6,442,66,Local,100.0,98.58760705033146,98.58760705033146,False,0.3054673858197899,0
Valencia,network,Morning,30,0.6,442,66,Regional,97.80024052511368,100.0,97.80024052511368,False,0.24803479496031314,12
Valencia,network,Morning,30,0.7,442,66,Population,79.88242738613145,87.24061605654312,79.88242738613145,False,0.1891933343061404,27
Valencia,network,Morning,30,0.7,442,66,Uniform,98.19835430267297,99.37790467914543,98.19835430267297,False,0.14583922801042437,11
Valencia,network,Morning,30,0.7,442,66,Shared,99.57587716682188,98.04347067900989,98.04347067900989,False,0.18749221527692578,5
Valencia,network,Morning,30,0.7,442,66,Pooled,99.49349174671097,99.06847840736219,99.06847840736219,True,0.17038918008188011,6
Valencia,network,Morning,30,0.7,442,66,Local,100.0,97.62055777839403,97.62055777839403,False,0.17721096250061472,0
Valencia,network,Morning,30,0.7,442,66,Regional,97.00605966179715,100.0,97.00605966179715,False,0.12861877213480277,14
Valencia,network,Morning,30,1.0,442,66,Population,95.08470367861557,99.8578728329234,95.08470367861557,False,0.1891933343061404,17
Valencia,network,Morning,30,1.0,442,66,Uniform,95.08470367861557,99.8578728329234,95.08470367861557,False,0.1891933343061404,17
Valencia,network,Morning,30,1.0,442,66,Shared,99.70435606331749,97.33627432356357,97.33627432356357,False,0.2941584698548102,4
Valencia,network,Morning,30,1.0,442,66,Pooled,99.05571334095163,98.16288331878388,98.16288331878388,False,0.2638554395517799,6
Valencia,network,Morning,30,1.0,442,66,Local,100.0,95.45199286853646,95.45199286853646,False,0.3547645304608708,0
Valencia,network,Morning,30,1.0,442,66,Regional,93.11446281931553,100.0,93.11446281931553,False,0.2054318987025337,21
Valencia,network,Morning,32,0.1,442,66,Population,80.31754459557573,80.51787837190292,80.31754459557573,False,0.1891933343061404,29
Valencia,network,Morning,32,0.1,442,66,Uniform,100.0,100.0,100.0,True,0.2434761299587448,0
Valencia,network,Morning,32,0.1,442,66,Shared,100.0,100.0,100.0,True,0.2434761299587448,0
Valencia,network,Morning,32,0.1,442,66,Pooled,100.0,100.0,100.0,True,0.2434761299587448,0
Valencia,network,Morning,32,0.1,442,66,Local,100.0,100.0,100.0,True,0.2434761299587448,0
Valencia,network,Morning,32,0.1,442,66,Regional,100.0,100.0,100.0,True,0.2434761299587448,0
Valencia,network,Morning,32,0.2,442,66,Population,64.73664663260666,65.24168021027826,64.73664663260666,False,0.1891933343061404,41
Valencia,network,Morning,32,0.2,442,66,Uniform,99.99999999999999,99.99382749828933,99.99382749828933,True,0.30413285876643,0
Valencia,network,Morning,32,0.2,442,66,Shared,99.99999999999999,99.99382749828933,99.99382749828933,True,0.30413285876643,0
Valencia,network,Morning,32,0.2,442,66,Pooled,99.99999999999999,99.99382749828933,99.99382749828933,True,0.30413285876643,0
Valencia,network,Morning,32,0.2,442,66,Local,99.99999999999999,99.99382749828933,99.99382749828933,True,0.30413285876643,0
Valencia,network,Morning,32,0.2,442,66,Regional,99.98607784629786,100.0,99.98607784629786,True,0.3192843739179452,1
Valencia,network,Morning,32,0.3,442,66,Population,51.44145115959106,52.58105131154272,51.44145115959106,False,0.1891933343061404,46
Valencia,network,Morning,32,0.3,442,66,Uniform,99.99246367002618,99.99999999999999,99.99246367002618,True,0.3798904345240058,1
Valencia,network,Morning,32,0.3,442,66,Shared,99.99246367002618,99.99999999999999,99.99246367002618,True,0.3798904345240058,1
Valencia,network,Morning,32,0.3,442,66,Pooled,99.99246367002618,100.0,99.99246367002618,True,0.3798904345240058,1
Valencia,network,Morning,32,0.3,442,66,Local,100.0,99.96591866639997,99.96591866639997,True,0.36473891937249064,0
Valencia,network,Morning,32,0.3,442,66,Regional,99.99246367002618,100.0,99.99246367002618,True,0.3798904345240058,1
Valencia,network,Morning,32,0.4,442,66,Population,42.671231939829205,44.69619001313062,42.671231939829205,False,0.1891933343061404,50
Valencia,network,Morning,32,0.4,442,66,Uniform,99.9780883920599,100.0,99.9780883920599,True,0.3962036970071678,1
Valencia,network,Morning,32,0.4,442,66,Shared,99.9780883920599,100.0,99.9780883920599,True,0.3962036970071678,1
Valencia,network,Morning,32,0.4,442,66,Pooled,99.99545743598921,99.98642730851508,99.98642730851508,True,0.3962036970071678,1
Valencia,network,Morning,32,0.4,442,66,Local,100.00000000000001,99.97316239133565,99.97316239133565,True,0.4113552121586829,0
Valencia,network,Morning,32,0.4,442,66,Regional,99.97808839205987,100.0,99.97808839205987,True,0.3962036970071678,1
Valencia,network,Morning,32,0.5,442,66,Population,38.69308266785515,42.01032516865406,38.69308266785515,False,0.1891933343061404,54
Valencia,network,Morning,32,0.5,442,66,Uniform,99.98747981388257,99.98780748007415,99.98747981388257,True,0.3798904345240058,1
Valencia,network,Morning,32,0.5,442,66,Shared,99.98747981388257,99.98780748007412,99.98747981388257,True,0.3798904345240058,1
Valencia,network,Morning,32,0.5,442,66,Pooled,99.98747981388257,99.98780748007415,99.98747981388257,True,0.3798904345240058,1
Valencia,network,Morning,32,0.5,442,66,Local,100.0,99.95354711327307,99.95354711327307,True,0.3798904345240058,0
Valencia,network,Morning,32,0.5,442,66,Regional,99.92105382747906,100.0,99.92105382747906,True,0.3798904345240058,2
Valencia,network,Morning,32,0.6,442,66,Population,41.56671001706381,46.39862205981797,41.56671001706381,False,0.1891933343061404,56
Valencia,network,Morning,32,0.6,442,66,Uniform,100.0,100.0,100.0,True,0.39425509807097453,0
Valencia,network,Morning,32,0.6,442,66,Shared,100.0,100.00000000000001,100.0,True,0.39425509807097453,0
Valencia,network,Morning,32,0.6,442,66,Pooled,99.99999999999999,100.0,99.99999999999999,True,0.39425509807097453,0
Valencia,network,Morning,32,0.6,442,66,Local,100.0,99.99999999999999,99.99999999999999,True,0.39425509807097453,0
Valencia,network,Morning,32,0.6,442,66,Regional,100.0,100.0,100.0,True,0.39425509807097453,0
Valencia,network,Morning,32,0.7,442,66,Population,51.1335311068586,57.99221153654757,51.1335311068586,False,0.1891933343061404,35
Valencia,network,Morning,32,0.7,442,66,Uniform,99.25026301072188,99.97067618842222,99.25026301072188,True,0.17442840980355856,9
Valencia,network,Morning,32,0.7,442,66,Shared,99.82837391717649,99.5359555806957,99.5359555806957,True,0.17234070012541067,5
Valencia,network,Morning,32,0.7,442,66,Pooled,99.64465167632652,99.78187374656576,99.64465167632652,True,0.18957992495507373,6
Valencia,network,Morning,32,0.7,442,66,Local,100.0,98.8467277813877,98.8467277813877,False,0.22252607474422015,0
Valencia,network,Morning,32,0.7,442,66,Regional,98.77801585593204,100.0,98.77801585593204,False,0.17551545904843668,11
Valencia,network,Morning,32,1.0,442,66,Population,94.93167161024861,99.89294786900547,94.93167161024861,False,0.1891933343061404,17
Valencia,network,Morning,32,1.0,442,66,Uniform,94.93167161024861,99.89294786900547,94.93167161024861,False,0.1891933343061404,17
Valencia,network,Morning,32,1.0,442,66,Shared,99.52910165310517,97.25021303161742,97.25021303161742,False,0.30930998500632534,5
Valencia,network,Morning,32,1.0,442,66,Pooled,99.17842348399202,98.20910903958598,98.20910903958598,False,0.2638554395517799,6
Valencia,network,Morning,32,1.0,442,66,Local,100.0,95.50754123776679,95.50754123776679,False,0.35476453046087086,0
Valencia,network,Morning,32,1.0,442,66,Regional,93.52872101422017,100.0,93.52872101422017,False,0.19028038355101853,20
Valencia,network,Afternoon,28,0.1,442,66,Population,92.74538903199141,91.66697044936596,91.66697044936596,False,0.1891933343061404,24
Valencia,network,Afternoon,28,0.1,442,66,Uniform,99.86620341853603,99.856990442971,99.856990442971,True,0.1860003695256742,4
Valencia,network,Afternoon,28,0.1,442,66,Shared,99.74496922245638,99.92442041679341,99.74496922245638,True,0.20500182580400572,6
Valencia,network,Afternoon,28,0.1,442,66,Pooled,99.90943797675111,99.91394921417405,99.90943797675111,True,0.20115188467718936,3
Valencia,network,Afternoon,28,0.1,442,66,Local,100.00000000000001,99.69489996065391,99.69489996065391,True,0.18749085615059521,0
Valencia,network,Afternoon,28,0.1,442,66,Regional,99.71388268128446,100.0,99.71388268128446,True,0.20500182580400572,6
Valencia,network,Afternoon,28,0.2,442,66,Population,91.98294054251753,91.33641228340745,91.33641228340745,False,0.1891933343061404,25
Valencia,network,Afternoon,28,0.2,442,66,Uniform,99.4161088476699,99.86681314227009,99.4161088476699,True,0.1835607440577458,7
Valencia,network,Afternoon,28,0.2,442,66,Shared,99.46468901551216,99.79936219752237,99.46468901551216,True,0.20049382900406199,9
Valencia,network,Afternoon,28,0.2,442,66,Pooled,99.82123371080569,99.77889821234425,99.77889821234425,True,0.17166314731990417,5
Valencia,network,Afternoon,28,0.2,442,66,Local,100.0,99.2003202784524,99.2003202784524,True,0.21225473526608574,0
Valencia,network,Afternoon,28,0.2,442,66,Regional,99.2235331126248,100.0,99.2235331126248,True,0.18985031065249053,9
Valencia,network,Afternoon,28,0.3,442,66,Population,94.21109259542988,94.2144809652305,94.21109259542988,False,0.1891933343061404,20
Valencia,network,Afternoon,28,0.3,442,66,Uniform,99.42359406812442,99.84613209723219,99.42359406812442,True,0.1763770087397517,6
Valencia,network,Afternoon,28,0.3,442,66,Shared,99.19748075883307,99.16377662977861,99.16377662977861,True,0.19191427863903443,10
Valencia,network,Afternoon,28,0.3,442,66,Pooled,99.84431309207154,99.68091234052078,99.68091234052078,True,0.16564755695034517,4
Valencia,network,Afternoon,28,0.3,442,66,Local,100.0,98.97745164033655,98.97745164033655,False,0.19386287757522752,0
Valencia,network,Afternoon,28,0.3,442,66,Regional,98.854031720557,100.0,98.854031720557,False,0.17920921396605366,10
Valencia,network,Afternoon,28,0.4,442,66,Population,95.56342008140552,96.86421411705939,95.56342008140552,False,0.1891933343061404,14
Valencia,network,Afternoon,28,0.4,442,66,Uniform,98.68393629099238,99.92379488107626,98.68393629099238,False,0.13651073538284048,9
Valencia,network,Afternoon,28,0.4,442,66,Shared,99.61832195389125,99.47712471372736,99.47712471372736,True,0.195794996317726,5
Valencia,network,Afternoon,28,0.4,442,66,Pooled,99.95287406187018,99.42442645546045,99.42442645546045,True,0.22486042842818083,2
Valencia,network,Afternoon,28,0.4,442,66,Local,100.0,98.96158496924268,98.96158496924268,False,0.2419605425158891,0
Valencia,network,Afternoon,28,0.4,442,66,Regional,98.251157540599,100.0,98.251157540599,False,0.1411640327903588,11
Valencia,network,Afternoon,28,0.5,442,66,Population,97.36904433013869,98.8475893636662,97.36904433013869,False,0.1891933343061404,12
Valencia,network,Afternoon,28,0.5,442,66,Uniform,98.50975728382107,99.96961261967814,98.50975728382107,False,0.17421050400987456,11
Valencia,network,Afternoon,28,0.5,442,66,Shared,99.40858565895681,98.80960820580165,98.80960820580165,False,0.21923555435196987,6
Valencia,network,Afternoon,28,0.5,442,66,Pooled,99.4039047767721,99.60135102519844,99.4039047767721,True,0.20553513634374823,6
Valencia,network,Afternoon,28,0.5,442,66,Local,100.0,98.4637034109647,98.4637034109647,False,0.25205017386856166,0
Valencia,network,Afternoon,28,0.5,442,66,Regional,97.9041208237839,100.0,97.9041208237839,False,0.14614763776764814,13
Valencia,network,Afternoon,28,0.6,442,66,Population,98.33312839730698,99.8421363901447,98.33312839730698,False,0.1891933343061404,12
Valencia,network,Afternoon,28,0.6,442,66,Uniform,98.618839819885,99.96548815387357,98.618839819885,False,0.1893620191613897,11
Valencia,network,Afternoon,28,0.6,442,66,Shared,99.86640547129849,98.6946847099545,98.6946847099545,False,0.2512633222640154,3
Valencia,network,Afternoon,28,0.6,442,66,Pooled,99.06440980573704,99.8023735250706,99.06440980573704,True,0.2034264850680268,9
Valencia,network,Afternoon,28,0.6,442,66,Local,100.0,98.19633772894382,98.19633772894382,False,0.26641483741553046,0
Valencia,network,Afternoon,28,0.6,442,66,Regional,97.56102410449743,100.0,97.56102410449743,False,0.19028038355101853,14
Valencia,network,Afternoon,28,0.7,442,66,Population,98.54553741519082,99.94747657500442,98.54553741519082,False,0.1891933343061404,12
Valencia,network,Afternoon,28,0.7,442,66,Uniform,98.54553741519082,99.94747657500442,98.54553741519082,False,0.1891933343061404,12
Valencia,network,Afternoon,28,0.7,442,66,Shared,99.77314365787964,98.7990559417829,98.7990559417829,False,0.2512633222640154,4
Valencia,network,Afternoon,28,0.7,442,66,Pooled,99.13842611540512,99.68005481014575,99.13842611540512,True,0.20342648506802677,9
Valencia,network,Afternoon,28,0.7,442,66,Local,100.0,97.95961898623149,97.95961898623149,False,0.28156635256704565,0
Valencia,network,Afternoon,28,0.7,442,66,Regional,97.7930889028842,100.0,97.7930889028842,False,0.1902803835510185,14
Valencia,network,Afternoon,28,1.0,442,66,Population,98.54553741519082,99.94747657500442,98.54553741519082,False,0.1891933343061404,12
Valencia,network,Afternoon,28,1.0,442,66,Uniform,98.54553741519082,99.94747657500442,98.54553741519082,False,0.1891933343061404,12
Valencia,network,Afternoon,28,1.0,442,66,Shared,99.77314365787964,98.7990559417829,98.7990559417829,False,0.2512633222640154,4
Valencia,network,Afternoon,28,1.0,442,66,Pooled,99.13842611540512,99.68005481014575,99.13842611540512,True,0.20342648506802677,9
Valencia,network,Afternoon,28,1.0,442,66,Local,100.0,97.95961898623149,97.95961898623149,False,0.28156635256704565,0
Valencia,network,Afternoon,28,1.0,442,66,Regional,97.7930889028842,100.0,97.7930889028842,False,0.1902803835510185,14
Valencia,network,Afternoon,30,0.1,442,66,Population,76.40516900130056,78.67321792929357,76.40516900130056,False,0.1891933343061404,34
Valencia,network,Afternoon,30,0.1,442,66,Uniform,99.95494961851007,99.9195188971549,99.9195188971549,True,0.2656078864100663,2
Valencia,network,Afternoon,30,0.1,442,66,Shared,99.98185428664976,99.71650743339575,99.71650743339575,True,0.26560788641006633,2
Valencia,network,Afternoon,30,0.1,442,66,Pooled,99.95494961851006,99.9195188971549,99.9195188971549,True,0.2656078864100663,2
Valencia,network,Afternoon,30,0.1,442,66,Local,100.0,99.81664806546242,99.81664806546242,True,0.28075940156158147,0
Valencia,network,Afternoon,30,0.1,442,66,Regional,99.80349981957694,100.0,99.80349981957694,True,0.26318631011182825,3
Valencia,network,Afternoon,30,0.2,442,66,Population,65.32325878539477,69.95026921247194,65.32325878539477,False,0.1891933343061404,46
Valencia,network,Afternoon,30,0.2,442,66,Uniform,99.84314021895146,99.92429811423284,99.84314021895146,True,0.3035483609968913,2
Valencia,network,Afternoon,30,0.2,442,66,Shared,99.92115900252209,99.53902422415187,99.53902422415187,True,0.3186998761484065,1
Valencia,network,Afternoon,30,0.2,442,66,Pooled,99.9300306228202,99.87561124850806,99.87561124850806,True,0.28839684584537617,1
Valencia,network,Afternoon,30,0.2,442,66,Local,100.0,99.63325265832007,99.63325265832007,True,0.3035483609968913,0
Valencia,network,Afternoon,30,0.2,442,66,Regional,99.76284270335816,100.0,99.76284270335816,True,0.28839684584537617,3
Valencia,network,Afternoon,30,0.3,442,66,Population,64.1484654497005,70.71766193389982,64.1484654497005,False,0.1891933343061404,46
Valencia,network,Afternoon,30,0.3,442,66,Uniform,99.62918066737859,99.88896441370044,99.62918066737859,True,0.34470742930377435,3
Valencia,network,Afternoon,30,0.3,442,66,Shared,99.72587048853666,99.63942932326535,99.63942932326535,True,0.34470742930377435,3
Valencia,network,Afternoon,30,0.3,442,66,Pooled,99.94572775125293,99.94896822263426,99.94572775125293,True,0.33197749045049724,1
Valencia,network,Afternoon,30,0.3,442,66,Local,100.0,99.83593733216419,99.83593733216419,True,0.316825975298982,0
Valencia,network,Afternoon,30,0.3,442,66,Regional,99.4278864808841,100.0,99.4278864808841,True,0.3177443396886109,3
Valencia,network,Afternoon,30,0.4,442,66,Population,72.38524481787002,80.08919823948276,72.38524481787002,False,0.1891933343061404,38
Valencia,network,Afternoon,30,0.4,442,66,Uniform,98.47540289730296,99.3960262860059,98.47540289730296,False,0.2947097113489318,9
Valencia,network,Afternoon,30,0.4,442,66,Shared,99.32784223507196,98.4331810106576,98.4331810106576,False,0.3401642568034772,7
Valencia,network,Afternoon,30,0.4,442,66,Pooled,99.52939829470401,99.43236593443633,99.43236593443633,True,0.2682566221727179,6
Valencia,network,Afternoon,30,0.4,442,66,Local,100.0,98.10556201413586,98.10556201413586,False,0.32167894746078435,0
Valencia,network,Afternoon,30,0.4,442,66,Regional,98.03602531239643,100.0,98.03602531239643,False,0.2366630486066218,11
Valencia,network,Afternoon,30,0.5,442,66,Population,84.33522682176373,91.04276109301897,84.33522682176373,False,0.1891933343061404,21
Valencia,network,Afternoon,30,0.5,442,66,Uniform,96.31983154009177,99.80928611095491,96.31983154009177,False,0.13546317494843133,13
Valencia,network,Afternoon,30,0.5,442,66,Shared,99.5637620535609,98.1611493014561,98.1611493014561,False,0.23104082003518805,5
Valencia,network,Afternoon,30,0.5,442,66,Pooled,99.4483884688281,99.1800994584001,99.1800994584001,True,0.2169582161225025,5
Valencia,network,Afternoon,30,0.5,442,66,Local,100.0,97.8686140435925,97.8686140435925,False,0.2726454243629172,0
Valencia,network,Afternoon,30,0.5,442,66,Regional,95.23671502204597,100.0,95.23671502204597,False,0.12475114837571102,15
Valencia,network,Afternoon,30,0.6,442,66,Population,91.43409234703317,98.01843708052128,91.43409234703317,False,0.1891933343061404,17
Valencia,network,Afternoon,30,0.6,442,66,Uniform,93.30177555057239,99.75904348834165,93.30177555057239,False,0.16514909404597966,18
Valencia,network,Afternoon,30,0.6,442,66,Shared,99.70276592267912,96.43310431535456,96.43310431535456,False,0.29605981204543347,5
Valencia,network,Afternoon,30,0.6,442,66,Pooled,99.28139193840067,98.18221143166112,98.18221143166112,False,0.25255386552708115,4
Valencia,network,Afternoon,30,0.6,442,66,Local,100.0,96.20060387834064,96.20060387834064,False,0.31315992613314175,0
Valencia,network,Afternoon,30,0.6,442,66,Regional,92.59434897885677,100.0,92.59434897885677,False,0.18030060919749483,18
Valencia,network,Afternoon,30,0.7,442,66,Population,93.2790877574939,99.90783082251887,93.2790877574939,False,0.1891933343061404,17
Valencia,network,Afternoon,30,0.7,442,66,Uniform,93.2790877574939,99.90783082251887,93.2790877574939,False,0.1891933343061404,17
Valencia,network,Afternoon,30,0.7,442,66,Shared,99.79020445791038,96.65303164975164,96.65303164975164,False,0.3244615001578405,2
Valencia,network,Afternoon,30,0.7,442,66,Pooled,99.1315041471162,97.77181915709428,97.77181915709428,False,0.29415846985481015,4
Valencia,network,Afternoon,30,0.7,442,66,Local,100.0,95.77159072374688,95.77159072374688,False,0.3396130153093556,0
Valencia,network,Afternoon,30,0.7,442,66,Regional,92.19578323797205,100.0,92.19578323797205,False,0.19028038355101848,19
Valencia,network,Afternoon,30,1.0,442,66,Population,93.2790877574939,99.90783082251887,93.2790877574939,False,0.1891933343061404,17
Valencia,network,Afternoon,30,1.0,442,66,Uniform,93.2790877574939,99.90783082251887,93.2790877574939,False,0.1891933343061404,17
Valencia,network,Afternoon,30,1.0,442,66,Shared,99.79020445791038,96.65303164975164,96.65303164975164,False,0.3244615001578405,2
Valencia,network,Afternoon,30,1.0,442,66,Pooled,99.1315041471162,97.77181915709428,97.77181915709428,False,0.29415846985481015,4
Valencia,network,Afternoon,30,1.0,442,66,Local,100.0,95.77159072374688,95.77159072374688,False,0.3396130153093556,0
Valencia,network,Afternoon,30,1.0,442,66,Regional,92.19578323797205,100.0,92.19578323797205,False,0.19028038355101848,19
Valencia,network,Afternoon,32,0.1,442,66,Population,68.01565214993886,70.50744160087132,68.01565214993886,False,0.1891933343061404,36
Valencia,network,Afternoon,32,0.1,442,66,Uniform,100.0,100.0,100.0,True,0.2656078864100664,0
Valencia,network,Afternoon,32,0.1,442,66,Shared,99.9964170531595,99.97862743250442,99.97862743250442,True,0.2636592874738732,2
Valencia,network,Afternoon,32,0.1,442,66,Pooled,100.0,100.0,100.0,True,0.2656078864100664,0
Valencia,network,Afternoon,32,0.1,442,66,Local,100.0,100.0,100.0,True,0.2656078864100664,0
Valencia,network,Afternoon,32,0.1,442,66,Regional,100.0,100.0,100.0,True,0.2656078864100664,0
Valencia,network,Afternoon,32,0.2,442,66,Population,49.202993259256594,54.33162385402318,49.202993259256594,False,0.1891933343061404,48
Valencia,network,Afternoon,32,0.2,442,66,Uniform,100.0,99.9907207747675,99.9907207747675,True,0.33385139129992164,0
Valencia,network,Afternoon,32,0.2,442,66,Shared,100.0,99.99072077476747,99.99072077476747,True,0.33385139129992164,0
Valencia,network,Afternoon,32,0.2,442,66,Pooled,99.99535057447424,99.99999999999999,99.99535057447424,True,0.3186998761484065,1
Valencia,network,Afternoon,32,0.2,442,66,Local,100.0,99.9907207747675,99.9907207747675,True,0.33385139129992164,0
Valencia,network,Afternoon,32,0.2,442,66,Regional,99.99535057447424,100.0,99.99535057447424,True,0.3186998761484065,1
Valencia,network,Afternoon,32,0.3,442,66,Population,39.01542702353137,47.364809091798044,39.01542702353137,False,0.1891933343061404,50
Valencia,network,Afternoon,32,0.3,442,66,Uniform,99.93913289874565,99.95565441859334,99.93913289874565,True,0.3304742785418879,1
Valencia,network,Afternoon,32,0.3,442,66,Shared,100.00000000000001,99.92888552564406,99.92888552564406,True,0.34470742930377435,0
Valencia,network,Afternoon,32,0.3,442,66,Pooled,99.98162760477899,100.0,99.98162760477899,True,0.330474278541888,1
Valencia,network,Afternoon,32,0.3,442,66,Local,99.99999999999999,99.92888552564406,99.92888552564406,True,0.34470742930377435,0
Valencia,network,Afternoon,32,0.3,442,66,Regional,99.98162760477899,100.0,99.98162760477899,True,0.330474278541888,1
Valencia,network,Afternoon,32,0.4,442,66,Population,39.77317287310148,52.925273794885776,39.77317287310148,False,0.1891933343061404,56
Valencia,network,Afternoon,32,0.4,442,66,Uniform,99.99832051429736,99.87930863418465,99.87930863418465,True,0.4059728347594045,1
Valencia,network,Afternoon,32,0.4,442,66,Shared,99.99832051429735,99.87930863418465,99.87930863418465,True,0.4059728347594045,1
Valencia,network,Afternoon,32,0.4,442,66,Pooled,99.88888415552563,100.00000000000001,99.88888415552563,True,0.4068911991490334,2
Valencia,network,Afternoon,32,0.4,442,66,Local,100.0,99.84062773800036,99.84062773800036,True,0.40597283475940454,0
Valencia,network,Afternoon,32,0.4,442,66,Regional,99.88888415552564,100.0,99.88888415552564,True,0.4068911991490334,2
Valencia,network,Afternoon,32,0.5,442,66,Population,58.51755159729952,72.28429344612385,58.51755159729952,False,0.1891933343061404,28
Valencia,network,Afternoon,32,0.5,442,66,Uniform,98.6504502813882,99.7125986903565,98.6504502813882,False,0.16413548658787558,8
Valencia,network,Afternoon,32,0.5,442,66,Shared,99.87832246462881,99.39081238280606,99.39081238280606,True,0.15556256957075998,4
Valencia,network,Afternoon,32,0.5,442,66,Pooled,99.78016266854952,99.64234112116277,99.64234112116277,True,0.17071408472227512,5
Valencia,network,Afternoon,32,0.5,442,66,Local,100.0,99.03301773346956,99.03301773346956,True,0.20975929118625364,0
Valencia,network,Afternoon,32,0.5,442,66,Regional,98.52524414954875,99.99999999999999,98.52524414954875,False,0.15247853845091644,7
Valencia,network,Afternoon,32,0.6,442,66,Population,75.67110286776139,89.20506518953152,75.67110286776139,False,0.1891933343061404,19
Valencia,network,Afternoon,32,0.6,442,66,Uniform,95.05458496472795,99.88541527533522,95.05458496472795,False,0.14413691703511233,14
Valencia,network,Afternoon,32,0.6,442,66,Shared,99.81058876144691,97.80001298376396,97.80001298376396,False,0.26134385033821833,3
Valencia,network,Afternoon,32,0.6,442,66,Pooled,99.33172320369015,98.99767176323735,98.99767176323735,False,0.23104082003518805,4
Valencia,network,Afternoon,32,0.6,442,66,Local,100.0,97.5525895106798,97.5525895106798,False,0.26575678174240314,0
Valencia,network,Afternoon,32,0.6,442,66,Regional,94.38576770370668,100.0,94.38576770370668,False,0.14562740366003335,16
Valencia,network,Afternoon,32,0.7,442,66,Population,91.88916894383225,99.64500846833982,91.88916894383225,False,0.1891933343061404,18
Valencia,network,Afternoon,32,0.7,442,66,Uniform,92.51825525828802,99.93756269788297,92.51825525828802,False,0.17512886839950334,18
Valencia,network,Afternoon,32,0.7,442,66,Shared,99.8017391531371,96.29909075062503,96.29909075062503,False,0.3244615001578405,4
Valencia,network,Afternoon,32,0.7,442,66,Pooled,99.04016979159775,97.9572823722896,97.9572823722896,False,0.28156635256704554,5
Valencia,network,Afternoon,32,0.7,442,66,Local,100.0,95.53045183671739,95.53045183671739,False,0.35476453046087086,0
Valencia,network,Afternoon,32,0.7,442,66,Regional,92.90653411519989,100.0,92.90653411519989,False,0.1893620191613897,18
Valencia,network,Afternoon,32,1.0,442,66,Population,92.7227898652356,99.93182043213068,92.7227898652356,False,0.1891933343061404,18
Valencia,network,Afternoon,32,1.0,442,66,Uniform,92.7227898652356,99.93182043213068,92.7227898652356,False,0.1891933343061404,18
Valencia,network,Afternoon,32,1.0,442,66,Shared,99.76757222529983,96.18628727676978,96.18628727676978,False,0.3244615001578405,5
Valencia,network,Afternoon,32,1.0,442,66,Pooled,99.07136991631357,97.84352691533364,97.84352691533364,False,0.29671786771856073,5
Valencia,network,Afternoon,32,1.0,442,66,Local,100.0,95.34398932063786,95.34398932063786,False,0.369916045612386,0
Valencia,network,Afternoon,32,1.0,442,66,Regional,92.34300915695434,100.0,92.34300915695434,False,0.19028038355101848,19
Madrid,connectors_shade,Morning,28,0.1,1632,244,Population,90.8605600668094,90.8037324708973,90.8037324708973,False,0.16204476985497612,81
Madrid,connectors_shade,Morning,28,0.1,1632,244,Uniform,99.98856384876741,99.99703865864251,99.98856384876741,True,0.22193649266810006,4
Madrid,connectors_shade,Morning,28,0.1,1632,244,Shared,99.9383882784106,99.99434012451975,99.9383882784106,True,0.21373977135662464,6
Madrid,connectors_shade,Morning,28,0.1,1632,244,Pooled,99.9917924413739,99.99832406059129,99.9917924413739,True,0.22193649266810006,4
Madrid,connectors_shade,Morning,28,0.1,1632,244,Local,100.0,99.97024633081969,99.97024633081969,True,0.23013321397957548,0
Madrid,connectors_shade,Morning,28,0.1,1632,244,Regional,99.96718265122942,100.0,99.96718265122942,True,0.21783813201236235,5
Madrid,connectors_shade,Morning,28,0.2,1632,244,Population,86.28571483790158,86.35774417863178,86.28571483790158,False,0.16204476985497612,118
Madrid,connectors_shade,Morning,28,0.2,1632,244,Uniform,99.87878424327047,99.95171323816113,99.87878424327047,True,0.23943774571628826,8
Madrid,connectors_shade,Morning,28,0.2,1632,244,Shared,99.86727809426195,99.90403759486001,99.86727809426195,True,0.2438654338203173,7
Madrid,connectors_shade,Morning,28,0.2,1632,244,Pooled,99.93978306216232,99.93625143841429,99.93625143841429,True,0.23584523662676313,4
Madrid,connectors_shade,Morning,28,0.2,1632,244,Local,100.0,99.81873458022724,99.81873458022724,True,0.24529555841183556,0
Madrid,connectors_shade,Morning,28,0.2,1632,244,Regional,99.8279631059698,100.0,99.8279631059698,True,0.23441511203524484,8
Madrid,connectors_shade,Morning,28,0.3,1632,244,Population,86.72396860973234,87.28102029360038,86.72396860973234,False,0.16204476985497612,114
Madrid,connectors_shade,Morning,28,0.3,1632,244,Uniform,99.70157011937434,99.91119511041819,99.70157011937434,True,0.2672019972811464,12
Madrid,connectors_shade,Morning,28,0.3,1632,244,Shared,99.68085532924161,99.69465367169732,99.68085532924161,True,0.2917921612155727,14
Madrid,connectors_shade,Morning,28,0.3,1632,244,Pooled,99.87000213529764,99.85499683376506,99.85499683376506,True,0.27949707924835954,6
Madrid,connectors_shade,Morning,28,0.3,1632,244,Local,100.0,99.49761405745487,99.49761405745487,True,0.2958905218713104,0
Madrid,connectors_shade,Morning,28,0.3,1632,244,Regional,99.42723119225789,100.0,99.42723119225789,True,0.26310363662540875,16
Madrid,connectors_shade,Morning,28,0.4,1632,244,Population,89.14260614523752,90.23104624411322,89.14260614523752,False,0.16204476985497612,98
Madrid,connectors_shade,Morning,28,0.4,1632,244,Uniform,99.22624100034166,99.84211630632034,99.22624100034166,True,0.2326312467323684,24
Madrid,connectors_shade,Morning,28,0.4,1632,244,Shared,99.76073534194606,99.46885256776133,99.46885256776133,True,0.25349227972331095,10
Madrid,connectors_shade,Morning,28,0.4,1632,244,Pooled,99.80542607796487,99.69273142143228,99.69273142143228,True,0.23680493018760523,10
Madrid,connectors_shade,Morning,28,0.4,1632,244,Local,100.00000000000001,99.06923801824256,99.06923801824256,True,0.26959181543350685,0
Madrid,connectors_shade,Morning,28,0.4,1632,244,Regional,99.10218928324926,100.0,99.10218928324926,True,0.2203361647651553,25
Madrid,connectors_shade,Morning,28,0.5,1632,244,Population,92.8099229026323,93.87485695443475,92.8099229026323,False,0.16204476985497612,68
Madrid,connectors_shade,Morning,28,0.5,1632,244,Uniform,99.18630582325949,99.82615426055605,99.18630582325949,True,0.20563565030844286,25
Madrid,connectors_shade,Morning,28,0.5,1632,244,Shared,99.59778974691181,99.44171245195174,99.44171245195174,True,0.22997910025661406,16
Madrid,connectors_shade,Morning,28,0.5,1632,244,Pooled,99.66283338010503,99.69667244558043,99.66283338010503,True,0.22173195774299667,14
Madrid,connectors_shade,Morning,28,0.5,1632,244,Local,100.0,98.78446239804866,98.78446239804866,False,0.2512434496654563,0
Madrid,connectors_shade,Morning,28,0.5,1632,244,Regional,98.87656565132616,100.0,98.87656565132616,False,0.19109804439864056,30
Madrid,connectors_shade,Morning,28,0.6,1632,244,Population,96.07820016337587,97.17597448761305,96.07820016337587,False,0.16204476985497612,50
Madrid,connectors_shade,Morning,28,0.6,1632,244,Uniform,98.99861972721331,99.83829554003417,98.99861972721331,False,0.1804534341559874,32
Madrid,connectors_shade,Morning,28,0.6,1632,244,Shared,99.53547439977089,99.54552461965139,99.53547439977089,True,0.19329145810993179,20
Madrid,connectors_shade,Morning,28,0.6,1632,244,Pooled,99.59510057576952,99.66560429732093,99.59510057576952,True,0.18090886452005808,19
Madrid,connectors_shade,Morning,28,0.6,1632,244,Local,100.0,98.40048229139059,98.40048229139059,False,0.2356243363409328,0
Madrid,connectors_shade,Morning,28,0.6,1632,244,Regional,98.71811730571261,100.0,98.71811730571261,False,0.17666909332017597,36
Madrid,connectors_shade,Morning,28,0.7,1632,244,Population,97.56733975317567,98.65240289551144,97.56733975317567,False,0.16204476985497612,39
Madrid,connectors_shade,Morning,28,0.7,1632,244,Uniform,98.88403550400366,99.78194863115911,98.88403550400366,False,0.17193784484666744,33
Madrid,connectors_shade,Morning,28,0.7,1632,244,Shared,99.46368836128279,99.5836497069434,99.46368836128279,True,0.18397863202686435,21
Madrid,connectors_shade,Morning,28,0.7,1632,244,Pooled,99.59721676426683,99.55346545121608,99.55346545121608,True,0.18397863202686435,19
Madrid,connectors_shade,Morning,28,0.7,1632,244,Local,100.00000000000001,98.35605456763518,98.35605456763518,False,0.2309739407853185,0
Madrid,connectors_shade,Morning,28,0.7,1632,244,Regional,98.60599308706718,100.0,98.60599308706718,False,0.15382289242466352,35
Madrid,connectors_shade,Morning,28,1.0,1632,244,Population,98.82763868310198,99.79600298715486,98.82763868310198,False,0.16204476985497612,32
Madrid,connectors_shade,Morning,28,1.0,1632,244,Uniform,98.82763868310198,99.79600298715486,98.82763868310198,False,0.16204476985497612,32
Madrid,connectors_shade,Morning,28,1.0,1632,244,Shared,99.48152011281285,99.47945219390226,99.47945219390226,True,0.1808045443964323,21
Madrid,connectors_shade,Morning,28,1.0,1632,244,Pooled,99.61969453631608,99.49022454290638,99.49022454290638,True,0.17768087796814222,20
Madrid,connectors_shade,Morning,28,1.0,1632,244,Local,100.0,98.22708375094,98.22708375094,False,0.21960313184341107,0
Madrid,connectors_shade,Morning,28,1.0,1632,244,Regional,98.40515934015387,99.99999999999999,98.40515934015387,False,0.13808749373832074,37
Madrid,connectors_shade,Morning,30,0.1,1632,244,Population,85.73359572962649,85.44772514479163,85.44772514479163,False,0.16204476985497612,91
Madrid,connectors_shade,Morning,30,0.1,1632,244,Uniform,99.98663709332153,100.0,99.98663709332153,True,0.22582290867038013,2
Madrid,connectors_shade,Morning,30,0.1,1632,244,Shared,99.98663709332153,100.0,99.98663709332153,True,0.22582290867038013,2
Madrid,connectors_shade,Morning,30,0.1,1632,244,Pooled,99.98830908362814,99.99979927331786,99.98830908362814,True,0.22193649266810006,1
Madrid,connectors_shade,Morning,30,0.1,1632,244,Local,100.0,99.98386083426786,99.98386083426786,True,0.22603485332383777,0
Madrid,connectors_shade,Morning,30,0.1,1632,244,Regional,99.98663709332153,100.0,99.98663709332153,True,0.22582290867038013,2
Madrid,connectors_shade,Morning,30,0.2,1632,244,Population,75.21867694439867,74.74746959512275,74.74746959512275,False,0.16204476985497612,141
Madrid,connectors_shade,Morning,30,0.2,1632,244,Uniform,99.92703134096081,100.0,99.92703134096081,True,0.23709883710036012,4
Madrid,connectors_shade,Morning,30,0.2,1632,244,Shared,99.9741668302495,99.95146817525327,99.95146817525327,True,0.24529555841183556,3
Madrid,connectors_shade,Morning,30,0.2,1632,244,Pooled,99.94912553878348,99.98549934413464,99.94912553878348,True,0.24119719775609783,2
Madrid,connectors_shade,Morning,30,0.2,1632,244,Local,100.0,99.91196408460196,99.91196408460196,True,0.24529555841183556,0
Madrid,connectors_shade,Morning,30,0.2,1632,244,Regional,99.92703134096081,100.0,99.92703134096081,True,0.23709883710036012,4
Madrid,connectors_shade,Morning,30,0.3,1632,244,Population,71.71919318870867,71.42891417017444,71.42891417017444,False,0.16204476985497612,153
Madrid,connectors_shade,Morning,30,0.3,1632,244,Uniform,99.93041455983278,99.973966338612,99.93041455983278,True,0.31228396449426127,4
Madrid,connectors_shade,Morning,30,0.3,1632,244,Shared,99.94775055340101,99.94148089705959,99.94148089705959,True,0.30961572843004187,5
Madrid,connectors_shade,Morning,30,0.3,1632,244,Pooled,99.97601086614728,99.97526317259903,99.97526317259903,True,0.31228396449426127,2
Madrid,connectors_shade,Morning,30,0.3,1632,244,Local,100.0,99.92763880499639,99.92763880499639,True,0.31228396449426127,0
Madrid,connectors_shade,Morning,30,0.3,1632,244,Regional,99.813158283583,100.0,99.813158283583,True,0.30818560383852356,5
Madrid,connectors_shade,Morning,30,0.4,1632,244,Population,72.27421944203104,72.33707068893894,72.27421944203104,False,0.16204476985497612,149
Madrid,connectors_shade,Morning,30,0.4,1632,244,Uniform,99.6311729885225,99.81789225578937,99.6311729885225,True,0.3245790464614744,13
Madrid,connectors_shade,Morning,30,0.4,1632,244,Shared,99.45538678770083,99.78252441131634,99.45538678770083,True,0.3286774071172121,16
Madrid,connectors_shade,Morning,30,0.4,1632,244,Pooled,99.84640439433939,99.75989360236257,99.75989360236257,True,0.3245790464614743,8
Madrid,connectors_shade,Morning,30,0.4,1632,244,Local,100.0,99.28655059234498,99.28655059234498,True,0.32867740711721205,0
Madrid,connectors_shade,Morning,30,0.4,1632,244,Regional,99.12044307970115,100.0,99.12044307970115,True,0.3122839644942612,17
Madrid,connectors_shade,Morning,30,0.5,1632,244,Population,78.02471939120744,78.63996569748527,78.02471939120744,False,0.16204476985497612,135
Madrid,connectors_shade,Morning,30,0.5,1632,244,Uniform,98.52955067221708,99.55891607683967,98.52955067221708,False,0.2696132075076311,28
Madrid,connectors_shade,Morning,30,0.5,1632,244,Shared,98.65853315399306,99.06529454548613,98.65853315399306,False,0.32399017148829845,24
Madrid,connectors_shade,Morning,30,0.5,1632,244,Pooled,99.5491752645319,99.21182499627041,99.21182499627041,True,0.29479579533192196,14
Madrid,connectors_shade,Morning,30,0.5,1632,244,Local,100.0,98.23525347453824,98.23525347453824,False,0.33070634700611373,0
Madrid,connectors_shade,Morning,30,0.5,1632,244,Regional,97.52184525220326,100.0,97.52184525220326,False,0.27623641929427556,37
Madrid,connectors_shade,Morning,30,0.6,1632,244,Population,86.35841868779922,87.447918655171,86.35841868779922,False,0.16204476985497612,90
Madrid,connectors_shade,Morning,30,0.6,1632,244,Uniform,98.60130200560309,99.07275793433162,98.60130200560309,False,0.2362646426331279,32
Madrid,connectors_shade,Morning,30,0.6,1632,244,Shared,98.81027192860522,98.51021967692061,98.51021967692061,False,0.2773196940837472,24
Madrid,connectors_shade,Morning,30,0.6,1632,244,Pooled,99.09015432368665,99.20192865356417,99.09015432368665,True,0.2637710116429371,24
Madrid,connectors_shade,Morning,30,0.6,1632,244,Local,100.0,96.93692328461256,96.93692328461256,False,0.3095636422580643,0
Madrid,connectors_shade,Morning,30,0.6,1632,244,Regional,96.70375919875012,100.0,96.70375919875012,False,0.22764851531528774,44
Madrid,connectors_shade,Morning,30,0.7,1632,244,Population,93.04422910002606,94.57610926520658,93.04422910002606,False,0.16204476985497612,60
Madrid,connectors_shade,Morning,30,0.7,1632,244,Uniform,97.91221660145418,99.1313190818811,97.91221660145418,False,0.18852311921590453,42
Madrid,connectors_shade,Morning,30,0.7,1632,244,Shared,98.65183360622609,98.63657216551346,98.63657216551346,False,0.19928014267857544,29
Madrid,connectors_shade,Morning,30,0.7,1632,244,Pooled,98.8681564149447,99.07369666316163,98.8681564149447,False,0.18698506071136234,27
Madrid,connectors_shade,Morning,30,0.7,1632,244,Local,99.99999999999999,95.88032319336183,95.88032319336183,False,0.27858577843387644,0
Madrid,connectors_shade,Morning,30,0.7,1632,244,Regional,96.08635533489333,100.0,96.08635533489333,False,0.15554173561201806,54
Madrid,connectors_shade,Morning,30,1.0,1632,244,Population,97.57131302433987,99.14182352306574,97.57131302433987,False,0.16204476985497612,45
Madrid,connectors_shade,Morning,30,1.0,1632,244,Uniform,97.57131302433987,99.14182352306574,97.57131302433987,False,0.16204476985497612,45
Madrid,connectors_shade,Morning,30,1.0,1632,244,Shared,98.46400831084054,98.67603256817463,98.46400831084054,False,0.18495332625431193,36
Madrid,connectors_shade,Morning,30,1.0,1632,244,Pooled,98.98904405565965,98.86518612442467,98.86518612442467,False,0.1776808779681422,32
Madrid,connectors_shade,Morning,30,1.0,1632,244,Local,100.0,95.0230474582228,95.0230474582228,False,0.2613380500667821,0
Madrid,connectors_shade,Morning,30,1.0,1632,244,Regional,95.32866406176164,100.0,95.32866406176164,False,0.1374471364153369,58
Madrid,connectors_shade,Morning,32,0.1,1632,244,Population,82.30012668742704,82.30599008747278,82.30012668742704,False,0.16204476985497612,94
Madrid,connectors_shade,Morning,32,0.1,1632,244,Uniform,99.99987120845228,100.0,99.99987120845228,True,0.22582290867038018,1
Madrid,connectors_shade,Morning,32,0.1,1632,244,Shared,99.99987120845228,100.0,99.99987120845228,True,0.22582290867038018,1
Madrid,connectors_shade,Morning,32,0.1,1632,244,Pooled,99.99987120845228,100.0,99.99987120845228,True,0.22582290867038018,1
Madrid,connectors_shade,Morning,32,0.1,1632,244,Local,100.0,99.99235222503866,99.99235222503866,True,0.2299212693261179,0
Madrid,connectors_shade,Morning,32,0.1,1632,244,Regional,99.99987120845228,100.0,99.99987120845228,True,0.22582290867038018,1
Madrid,connectors_shade,Morning,32,0.2,1632,244,Population,66.79473262827854,66.83747510976765,66.79473262827854,False,0.16204476985497612,146
Madrid,connectors_shade,Morning,32,0.2,1632,244,Uniform,99.99813586296382,99.99764141663536,99.99764141663536,True,0.2531629522750196,1
Madrid,connectors_shade,Morning,32,0.2,1632,244,Shared,100.0,100.0,100.0,True,0.2563370399054516,0
Madrid,connectors_shade,Morning,32,0.2,1632,244,Pooled,100.0,100.0,100.0,True,0.2563370399054516,0
Madrid,connectors_shade,Morning,32,0.2,1632,244,Local,100.0,100.0,100.0,True,0.2563370399054516,0
Madrid,connectors_shade,Morning,32,0.2,1632,244,Regional,99.99999999999999,100.0,99.99999999999999,True,0.2563370399054516,0
Madrid,connectors_shade,Morning,32,0.3,1632,244,Population,58.0276537240932,58.33409420933404,58.0276537240932,False,0.16204476985497612,160
Madrid,connectors_shade,Morning,32,0.3,1632,244,Uniform,99.99221742734612,99.99759440743011,99.99221742734612,True,0.30961572843004176,3
Madrid,connectors_shade,Morning,32,0.3,1632,244,Shared,99.99305255093451,99.99040557275006,99.99040557275006,True,0.30961572843004176,3
Madrid,connectors_shade,Morning,32,0.3,1632,244,Pooled,99.99401804685348,99.99794802216995,99.99401804685348,True,0.31371408908577947,2
Madrid,connectors_shade,Morning,32,0.3,1632,244,Local,100.0,99.98531214580717,99.98531214580717,True,0.31148314486762774,0
Madrid,connectors_shade,Morning,32,0.3,1632,244,Regional,99.95454219871287,100.0,99.95454219871287,True,0.30961572843004187,4
Madrid,connectors_shade,Morning,32,0.4,1632,244,Population,51.54590053605331,52.090393533574826,51.54590053605331,False,0.16204476985497612,175
Madrid,connectors_shade,Morning,32,0.4,1632,244,Uniform,99.97232060959195,99.97340444927548,99.97232060959195,True,0.34916921039590065,3
Madrid,connectors_shade,Morning,32,0.4,1632,244,Shared,99.86861496283906,99.99586994785862,99.86861496283906,True,0.34507084974016294,5
Madrid,connectors_shade,Morning,32,0.4,1632,244,Pooled,99.98412452331057,99.97308588647842,99.97308588647842,True,0.34507084974016294,2
Madrid,connectors_shade,Morning,32,0.4,1632,244,Local,99.99999999999999,99.91284979240184,99.91284979240184,True,0.3409724890844252,0
Madrid,connectors_shade,Morning,32,0.4,1632,244,Regional,99.85828817485208,100.0,99.85828817485208,True,0.34916921039590065,5
Madrid,connectors_shade,Morning,32,0.5,1632,244,Population,50.63866653020024,51.37932459571329,50.63866653020024,False,0.16204476985497612,184
Madrid,connectors_shade,Morning,32,0.5,1632,244,Uniform,99.6325476744438,99.96229344561097,99.6325476744438,True,0.34189676210973086,11
Madrid,connectors_shade,Morning,32,0.5,1632,244,Shared,99.66889097113012,99.90805895658845,99.66889097113012,True,0.3418967621097309,11
Madrid,connectors_shade,Morning,32,0.5,1632,244,Pooled,99.68135901786674,99.96167065208051,99.68135901786674,True,0.3418967621097308,10
Madrid,connectors_shade,Morning,32,0.5,1632,244,Local,100.0,99.0576829033167,99.0576829033167,True,0.35605926051452985,0
Madrid,connectors_shade,Morning,32,0.5,1632,244,Regional,99.6012536804173,100.0,99.6012536804173,True,0.34189676210973086,13
Madrid,connectors_shade,Morning,32,0.6,1632,244,Population,59.15227611276552,61.038139832965726,59.15227611276552,False,0.16204476985497612,160
Madrid,connectors_shade,Morning,32,0.6,1632,244,Uniform,97.67569156842424,99.21162653109543,97.67569156842424,False,0.3113092702668136,31
Madrid,connectors_shade,Morning,32,0.6,1632,244,Shared,97.32016414434268,99.1923855586689,97.32016414434268,False,0.3332311981370204,36
Madrid,connectors_shade,Morning,32,0.6,1632,244,Pooled,99.45848182258698,98.6286993680569,98.6286993680569,False,0.3373295587927581,16
Madrid,connectors_shade,Morning,32,0.6,1632,244,Local,100.0,96.91149591302191,96.91149591302191,False,0.35918292694282006,0
Madrid,connectors_shade,Morning,32,0.6,1632,244,Regional,95.2768152733094,100.0,95.2768152733094,False,0.2973206464628287,43
Madrid,connectors_shade,Morning,32,0.7,1632,244,Population,74.78632137651844,77.91658437629168,74.78632137651844,False,0.16204476985497612,101
Madrid,connectors_shade,Morning,32,0.7,1632,244,Uniform,96.75227701285482,98.37755225594981,96.75227701285482,False,0.2395992435979984,45
Madrid,connectors_shade,Morning,32,0.7,1632,244,Shared,96.97928130289687,97.88635463105851,96.97928130289687,False,0.26273527288251003,39
Madrid,connectors_shade,Morning,32,0.7,1632,244,Pooled,98.2622183020167,98.14155508026556,98.14155508026556,False,0.25762512757880607,30
Madrid,connectors_shade,Morning,32,0.7,1632,244,Local,100.0,93.99548793511097,93.99548793511097,False,0.3308526823105003,0
Madrid,connectors_shade,Morning,32,0.7,1632,244,Regional,92.13231218914224,100.0,92.13231218914224,False,0.19201686988724545,62
Madrid,connectors_shade,Morning,32,1.0,1632,244,Population,93.93647462245357,97.80941927088567,93.93647462245357,False,0.16204476985497612,67
Madrid,connectors_shade,Morning,32,1.0,1632,244,Uniform,93.93647462245357,97.80941927088567,93.93647462245357,False,0.16204476985497612,67
Madrid,connectors_shade,Morning,32,1.0,1632,244,Shared,95.80995607932552,96.4437863223264,95.80995607932552,False,0.21574771144348504,55
Madrid,connectors_shade,Morning,32,1.0,1632,244,Pooled,97.19819033300061,97.31954183956782,97.19819033300061,False,0.1950403714786933,47
Madrid,connectors_shade,Morning,32,1.0,1632,244,Local,100.0,89.00072971994913,89.00072971994913,False,0.31272756984638495,0
Madrid,connectors_shade,Morning,32,1.0,1632,244,Regional,87.58631380670172,100.0,87.58631380670172,False,0.14524223779351278,89
Madrid,connectors_shade,Afternoon,28,0.1,1632,244,Population,99.2344986103056,99.25029445221993,99.2344986103056,True,0.16204476985497612,24
Madrid,connectors_shade,Afternoon,28,0.1,1632,244,Uniform,99.99087828926294,99.99504400743233,99.99087828926294,True,0.19147050238653665,2
Madrid,connectors_shade,Afternoon,28,0.1,1632,244,Shared,99.97849760714982,99.98379665676173,99.97849760714982,True,0.19147050238653665,3
Madrid,connectors_shade,Afternoon,28,0.1,1632,244,Pooled,99.99953184389894,99.99869293574251,99.99869293574251,True,0.18816937850454635,1
Madrid,connectors_shade,Afternoon,28,0.1,1632,244,Local,100.0,99.99604731100877,99.99604731100877,True,0.19226773916028406,0
Madrid,connectors_shade,Afternoon,28,0.1,1632,244,Regional,99.99048457635715,100.0,99.99048457635715,True,0.18407101784880864,2
Madrid,connectors_shade,Afternoon,28,0.2,1632,244,Population,99.31547365663265,99.32379764361423,99.31547365663265,True,0.16204476985497612,23
Madrid,connectors_shade,Afternoon,28,0.2,1632,244,Uniform,99.99319431822734,99.98624750720289,99.98624750720289,True,0.19147050238653662,2
Madrid,connectors_shade,Afternoon,28,0.2,1632,244,Shared,99.9902553235355,99.98817975718066,99.98817975718066,True,0.18737214173079894,3
Madrid,connectors_shade,Afternoon,28,0.2,1632,244,Pooled,99.9890917166577,99.99762731238114,99.9890917166577,True,0.19147050238653665,3
Madrid,connectors_shade,Afternoon,28,0.2,1632,244,Local,100.0,99.97685442970472,99.97685442970472,True,0.19147050238653662,0
Madrid,connectors_shade,Afternoon,28,0.2,1632,244,Regional,99.9832829246479,100.0,99.9832829246479,True,0.18737214173079894,4
Madrid,connectors_shade,Afternoon,28,0.3,1632,244,Population,99.52252808796614,99.51573690908545,99.51573690908545,True,0.16204476985497612,20
Madrid,connectors_shade,Afternoon,28,0.3,1632,244,Uniform,99.99117236716927,99.9895923453039,99.9895923453039,True,0.17997265719307093,3
Madrid,connectors_shade,Afternoon,28,0.3,1632,244,Shared,99.99325881275644,99.99936607546817,99.99325881275644,True,0.17587429653733322,3
Madrid,connectors_shade,Afternoon,28,0.3,1632,244,Pooled,99.9950024538434,99.99838422652833,99.9950024538434,True,0.17587429653733322,2
Madrid,connectors_shade,Afternoon,28,0.3,1632,244,Local,100.00000000000001,99.97466210168018,99.97466210168018,True,0.18407101784880864,0
Madrid,connectors_shade,Afternoon,28,0.3,1632,244,Regional,99.98994653084121,100.0,99.98994653084121,True,0.1717759358815955,3
Madrid,connectors_shade,Afternoon,28,0.4,1632,244,Population,99.73027019850325,99.7330346740886,99.73027019850325,True,0.16204476985497612,16
Madrid,connectors_shade,Afternoon,28,0.4,1632,244,Uniform,99.97118496941982,99.9632590309919,99.9632590309919,True,0.18295491307721665,4
Madrid,connectors_shade,Afternoon,28,0.4,1632,244,Shared,99.98226159861663,99.97824814300112,99.97824814300112,True,0.17065983111000352,4
Madrid,connectors_shade,Afternoon,28,0.4,1632,244,Pooled,99.99233163946693,99.99153813497782,99.99153813497782,True,0.17065983111000352,3
Madrid,connectors_shade,Afternoon,28,0.4,1632,244,Local,100.0,99.94330817748116,99.94330817748116,True,0.17065983111000352,0
Madrid,connectors_shade,Afternoon,28,0.4,1632,244,Regional,99.95999865869297,100.0,99.95999865869297,True,0.17805931564773153,6
Madrid,connectors_shade,Afternoon,28,0.5,1632,244,Population,99.86860594177803,99.8810218501339,99.86860594177803,True,0.16204476985497612,10
Madrid,connectors_shade,Afternoon,28,0.5,1632,244,Uniform,99.9765240827982,99.96908562492564,99.96908562492564,True,0.17065983111000352,5
Madrid,connectors_shade,Afternoon,28,0.5,1632,244,Shared,99.98472327412807,99.98319643632344,99.98319643632344,True,0.16347489444649438,4
Madrid,connectors_shade,Afternoon,28,0.5,1632,244,Pooled,99.98358015725515,99.99251153003114,99.98358015725515,True,0.15937653379075667,4
Madrid,connectors_shade,Afternoon,28,0.5,1632,244,Local,100.0,99.93768259301544,99.93768259301544,True,0.16347489444649438,0
Madrid,connectors_shade,Afternoon,28,0.5,1632,244,Regional,99.96366051081962,100.0,99.96366051081962,True,0.16246310979852813,5
Madrid,connectors_shade,Afternoon,28,0.6,1632,244,Population,99.91567855794506,99.92993367908238,99.91567855794506,True,0.16204476985497612,4
Madrid,connectors_shade,Afternoon,28,0.6,1632,244,Uniform,99.9781409527315,99.97494441182609,99.97494441182609,True,0.17332806717422297,3
Madrid,connectors_shade,Afternoon,28,0.6,1632,244,Shared,99.98793480935853,99.98882566196987,99.98793480935853,True,0.1675732551022321,3
Madrid,connectors_shade,Afternoon,28,0.6,1632,244,Pooled,99.98793480935853,99.98882566196986,99.98793480935853,True,0.1675732551022321,3
Madrid,connectors_shade,Afternoon,28,0.6,1632,244,Local,99.99999999999999,99.95295979495403,99.95295979495403,True,0.17024149116645154,0
Madrid,connectors_shade,Afternoon,28,0.6,1632,244,Regional,99.95822506136584,100.0,99.95822506136584,True,0.16614313051071386,5
Madrid,connectors_shade,Afternoon,28,0.7,1632,244,Population,99.96022192869435,99.96584767401534,99.96022192869435,True,0.16204476985497612,4
Madrid,connectors_shade,Afternoon,28,0.7,1632,244,Uniform,99.98574469026866,99.9795104556518,99.9795104556518,True,0.17024149116645154,3
Madrid,connectors_shade,Afternoon,28,0.7,1632,244,Shared,99.98454875008659,99.9908162038504,99.98454875008659,True,0.1675732551022321,3
Madrid,connectors_shade,Afternoon,28,0.7,1632,244,Pooled,99.98454875008659,99.99081620385043,99.98454875008659,True,0.1675732551022321,3
Madrid,connectors_shade,Afternoon,28,0.7,1632,244,Local,100.0,99.94139709192537,99.94139709192537,True,0.1675732551022321,0
Madrid,connectors_shade,Afternoon,28,0.7,1632,244,Regional,99.96082090682765,100.00000000000001,99.96082090682765,True,0.1593765337907567,5
Madrid,connectors_shade,Afternoon,28,1.0,1632,244,Population,99.98513801127207,99.98175447775802,99.98175447775802,True,0.16204476985497612,3
Madrid,connectors_shade,Afternoon,28,1.0,1632,244,Uniform,99.98513801127207,99.98175447775802,99.98175447775802,True,0.16204476985497612,3
Madrid,connectors_shade,Afternoon,28,1.0,1632,244,Shared,99.99416701631327,99.97858443736736,99.97858443736736,True,0.1675732551022321,2
Madrid,connectors_shade,Afternoon,28,1.0,1632,244,Pooled,99.983576269294,99.99112626666538,99.983576269294,True,0.16347489444649438,3
Madrid,connectors_shade,Afternoon,28,1.0,1632,244,Local,100.00000000000001,99.94862328656544,99.94862328656544,True,0.16347489444649438,0
Madrid,connectors_shade,Afternoon,28,1.0,1632,244,Regional,99.95813659900044,99.99999999999999,99.95813659900044,True,0.15527817313501896,5
Madrid,connectors_shade,Afternoon,30,0.1,1632,244,Population,98.24220080519213,98.22685326982005,98.22685326982005,False,0.16204476985497612,40
Madrid,connectors_shade,Afternoon,30,0.1,1632,244,Uniform,99.99782334955157,99.99644092749094,99.99644092749094,True,0.1949764391524097,1
Madrid,connectors_shade,Afternoon,30,0.1,1632,244,Shared,99.98864975615453,99.9857601041377,99.9857601041377,True,0.194052166127104,3
Madrid,connectors_shade,Afternoon,30,0.1,1632,244,Pooled,99.99974839892761,99.99900723933865,99.99900723933865,True,0.1867797178409343,1
Madrid,connectors_shade,Afternoon,30,0.1,1632,244,Local,99.99999999999999,99.9973756085761,99.9973756085761,True,0.19087807849667202,0
Madrid,connectors_shade,Afternoon,30,0.1,1632,244,Regional,99.99805297413747,100.0,99.99805297413747,True,0.190878078496672,2
Madrid,connectors_shade,Afternoon,30,0.2,1632,244,Population,98.31467810752996,98.31293059745492,98.31293059745492,False,0.16204476985497612,38
Madrid,connectors_shade,Afternoon,30,0.2,1632,244,Uniform,99.9962339964338,99.96958845587659,99.96958845587659,True,0.20250427387608436,3
Madrid,connectors_shade,Afternoon,30,0.2,1632,244,Shared,99.94832518406987,99.96133636778983,99.94832518406987,True,0.21070099518755978,9
Madrid,connectors_shade,Afternoon,30,0.2,1632,244,Pooled,99.98889718247534,99.98394497867086,99.98394497867086,True,0.19020919190887128,4
Madrid,connectors_shade,Afternoon,30,0.2,1632,244,Local,99.99999999999999,99.95537177026095,99.95537177026095,True,0.20250427387608438,0
Madrid,connectors_shade,Afternoon,30,0.2,1632,244,Regional,99.95967481033067,100.0,99.95967481033067,True,0.18611083125313357,6
Madrid,connectors_shade,Afternoon,30,0.3,1632,244,Population,98.65699300594731,98.65810894443248,98.65699300594731,False,0.16204476985497612,38
Madrid,connectors_shade,Afternoon,30,0.3,1632,244,Uniform,99.98966427984233,99.97580284465704,99.97580284465704,True,0.1809193834582373,3
Madrid,connectors_shade,Afternoon,30,0.3,1632,244,Shared,99.98853933808014,99.98310584648428,99.98310584648428,True,0.1768210228024996,3
Madrid,connectors_shade,Afternoon,30,0.3,1632,244,Pooled,99.99391360847046,99.9976340138699,99.99391360847046,True,0.17272266214676188,3
Madrid,connectors_shade,Afternoon,30,0.3,1632,244,Local,100.0,99.9645171714777,99.9645171714777,True,0.17272266214676188,0
Madrid,connectors_shade,Afternoon,30,0.3,1632,244,Regional,99.98780757536326,100.0,99.98780757536326,True,0.17272266214676188,3
Madrid,connectors_shade,Afternoon,30,0.4,1632,244,Population,99.21317373246616,99.19878066533188,99.19878066533188,True,0.16204476985497612,24
Madrid,connectors_shade,Afternoon,30,0.4,1632,244,Uniform,99.98378401824914,99.97837285780962,99.97837285780962,True,0.18234950804975555,3
Madrid,connectors_shade,Afternoon,30,0.4,1632,244,Shared,99.97204830093818,99.96824604985015,99.96824604985015,True,0.18943012458963893,6
Madrid,connectors_shade,Afternoon,30,0.4,1632,244,Pooled,99.98474431685814,99.97989759710336,99.97989759710336,True,0.17825114739401784,3
Madrid,connectors_shade,Afternoon,30,0.4,1632,244,Local,100.0,99.94695650742754,99.94695650742754,True,0.17825114739401784,0
Madrid,connectors_shade,Afternoon,30,0.4,1632,244,Regional,99.94064275710878,100.0,99.94064275710878,True,0.18533176393390127,7
Madrid,connectors_shade,Afternoon,30,0.5,1632,244,Population,99.61066035980254,99.63157895286601,99.61066035980254,True,0.16204476985497612,15
Madrid,connectors_shade,Afternoon,30,0.5,1632,244,Uniform,99.97259750078136,99.9652761530359,99.9652761530359,True,0.18705327373295436,4
Madrid,connectors_shade,Afternoon,30,0.5,1632,244,Shared,99.98038432530952,99.95868067918926,99.95868067918926,True,0.18304242469987722,4
Madrid,connectors_shade,Afternoon,30,0.5,1632,244,Pooled,99.98650736912214,99.98670850345117,99.98650736912214,True,0.17885655242147894,3
Madrid,connectors_shade,Afternoon,30,0.5,1632,244,Local,100.00000000000001,99.93630211794398,99.93630211794398,True,0.17475819176574123,0
Madrid,connectors_shade,Afternoon,30,0.5,1632,244,Regional,99.94207417943424,100.0,99.94207417943424,True,0.18215767630346924,6
Madrid,connectors_shade,Afternoon,30,0.6,1632,244,Population,99.78378193938163,99.80647887318287,99.78378193938163,True,0.16204476985497612,9
Madrid,connectors_shade,Afternoon,30,0.6,1632,244,Uniform,99.9549537689631,99.97486086165546,99.9549537689631,True,0.17742642782996065,6
Madrid,connectors_shade,Afternoon,30,0.6,1632,244,Shared,99.97806714724831,99.97379595832842,99.97379595832842,True,0.16614313051071383,4
Madrid,connectors_shade,Afternoon,30,0.6,1632,244,Pooled,99.97923140163591,99.98487548052373,99.97923140163591,True,0.17024149116645151,4
Madrid,connectors_shade,Afternoon,30,0.6,1632,244,Local,100.0,99.8912237491564,99.8912237491564,True,0.17433985182218925,0
Madrid,connectors_shade,Afternoon,30,0.6,1632,244,Regional,99.93599393793555,100.0,99.93599393793555,True,0.17024149116645151,7
Madrid,connectors_shade,Afternoon,30,0.7,1632,244,Population,99.9099112244105,99.91283838140528,99.9099112244105,True,0.16204476985497612,4
Madrid,connectors_shade,Afternoon,30,0.7,1632,244,Uniform,99.98461151961216,99.9730765246721,99.9730765246721,True,0.17024149116645154,3
Madrid,connectors_shade,Afternoon,30,0.7,1632,244,Shared,99.9742932238327,99.98797565881875,99.9742932238327,True,0.16347489444649438,3
Madrid,connectors_shade,Afternoon,30,0.7,1632,244,Pooled,99.96860669412048,99.99751257012679,99.96860669412048,True,0.16347489444649438,4
Madrid,connectors_shade,Afternoon,30,0.7,1632,244,Local,100.0,99.93030769525103,99.93030769525103,True,0.1675732551022321,0
Madrid,connectors_shade,Afternoon,30,0.7,1632,244,Regional,99.92577960254879,100.0,99.92577960254879,True,0.15937653379075667,6
Madrid,connectors_shade,Afternoon,30,1.0,1632,244,Population,99.98144556874419,99.97612627661739,99.97612627661739,True,0.16204476985497612,4
Madrid,connectors_shade,Afternoon,30,1.0,1632,244,Uniform,99.98144556874419,99.97612627661739,99.97612627661739,True,0.16204476985497612,4
Madrid,connectors_shade,Afternoon,30,1.0,1632,244,Shared,99.96854713773776,99.99186344626614,99.96854713773776,True,0.15937653379075667,4
Madrid,connectors_shade,Afternoon,30,1.0,1632,244,Pooled,99.98200026274627,99.98442103467774,99.98200026274627,True,0.16347489444649438,4
Madrid,connectors_shade,Afternoon,30,1.0,1632,244,Local,100.0,99.92289171623653,99.92289171623653,True,0.1593765337907567,0
Madrid,connectors_shade,Afternoon,30,1.0,1632,244,Regional,99.92969045015546,100.0,99.92969045015546,True,0.155278173135019,7
Madrid,connectors_shade,Afternoon,32,0.1,1632,244,Population,95.86108776250018,95.84259347092419,95.84259347092419,False,0.16204476985497612,58
Madrid,connectors_shade,Afternoon,32,0.1,1632,244,Uniform,99.98442128245046,99.97870899706302,99.97870899706302,True,0.21142583766770698,2
Madrid,connectors_shade,Afternoon,32,0.1,1632,244,Shared,99.95189786718446,99.91980010595086,99.91980010595086,True,0.2120182615575716,4
Madrid,connectors_shade,Afternoon,32,0.1,1632,244,Pooled,99.99495653387905,99.98929366975429,99.98929366975429,True,0.20732747701196927,1
Madrid,connectors_shade,Afternoon,32,0.1,1632,244,Local,100.0,99.94072537228001,99.94072537228001,True,0.2038215402460962,0
Madrid,connectors_shade,Afternoon,32,0.1,1632,244,Regional,99.95827642941964,100.0,99.95827642941964,True,0.20732747701196927,3
Madrid,connectors_shade,Afternoon,32,0.2,1632,244,Population,95.53114095777264,95.41539757957034,95.41539757957034,False,0.16204476985497612,66
Madrid,connectors_shade,Afternoon,32,0.2,1632,244,Uniform,99.93769678040141,99.93012543738274,99.93012543738274,True,0.22021498286904698,9
Madrid,connectors_shade,Afternoon,32,0.2,1632,244,Shared,99.90127332862981,99.8479270822211,99.8479270822211,True,0.22841170418052234,10
Madrid,connectors_shade,Afternoon,32,0.2,1632,244,Pooled,99.95749572042173,99.96805639960355,99.95749572042173,True,0.21311134869673015,5
Madrid,connectors_shade,Afternoon,32,0.2,1632,244,Local,100.00000000000001,99.81085574850506,99.81085574850506,True,0.20901298804099244,0
Madrid,connectors_shade,Afternoon,32,0.2,1632,244,Regional,99.87322833307458,100.0,99.87322833307458,True,0.21661728546260323,8
Madrid,connectors_shade,Afternoon,32,0.3,1632,244,Population,96.2884599642361,96.26046813922585,96.26046813922585,False,0.16204476985497612,54
Madrid,connectors_shade,Afternoon,32,0.3,1632,244,Uniform,99.88525398644433,99.87357458366112,99.87357458366112,True,0.18501774411397498,10
Madrid,connectors_shade,Afternoon,32,0.3,1632,244,Shared,99.87110637027286,99.83591469001597,99.83591469001597,True,0.1776085695992589,12
Madrid,connectors_shade,Afternoon,32,0.3,1632,244,Pooled,99.9101218956398,99.9820991269709,99.9101218956398,True,0.16928675548888145,7
Madrid,connectors_shade,Afternoon,32,0.3,1632,244,Local,100.0,99.66335892752406,99.66335892752406,True,0.18060714322864696,0
Madrid,connectors_shade,Afternoon,32,0.3,1632,244,Regional,99.84457107845337,100.0,99.84457107845337,True,0.17213151567102214,9
Madrid,connectors_shade,Afternoon,32,0.4,1632,244,Population,97.75666704999361,97.69038554134308,97.69038554134308,False,0.16204476985497612,40
Madrid,connectors_shade,Afternoon,32,0.4,1632,244,Uniform,99.79278223254029,99.88488894979545,99.79278223254029,True,0.19366989578952104,15
Madrid,connectors_shade,Afternoon,32,0.4,1632,244,Shared,99.88485343656471,99.88158757350118,99.88158757350118,True,0.17934423453317636,12
Madrid,connectors_shade,Afternoon,32,0.4,1632,244,Pooled,99.95386710712236,99.96164229756558,99.95386710712236,True,0.17836954030572877,8
Madrid,connectors_shade,Afternoon,32,0.4,1632,244,Local,100.0,99.72898264719991,99.72898264719991,True,0.18132688038918873,0
Madrid,connectors_shade,Afternoon,32,0.4,1632,244,Regional,99.79098874909674,100.0,99.79098874909674,True,0.17934423453317638,13
Madrid,connectors_shade,Afternoon,32,0.5,1632,244,Population,98.83324130714922,98.87959802904712,98.83324130714922,False,0.16204476985497612,24
Madrid,connectors_shade,Afternoon,32,0.5,1632,244,Uniform,99.79077300509684,99.84820894403263,99.79077300509684,True,0.18644786870549326,13
Madrid,connectors_shade,Afternoon,32,0.5,1632,244,Shared,99.87240473631495,99.87796684990388,99.87240473631495,True,0.17625765852540495,11
Madrid,connectors_shade,Afternoon,32,0.5,1632,244,Pooled,99.96707762455823,99.88331155889588,99.88331155889588,True,0.17415278673828014,5
Madrid,connectors_shade,Afternoon,32,0.5,1632,244,Local,100.0,99.7283789802076,99.7283789802076,True,0.17194474999544837,0
Madrid,connectors_shade,Afternoon,32,0.5,1632,244,Regional,99.6620956274431,100.0,99.6620956274431,True,0.18943012458963898,17
Madrid,connectors_shade,Afternoon,32,0.6,1632,244,Population,99.30210046594895,99.36956496104604,99.30210046594895,True,0.16204476985497612,16
Madrid,connectors_shade,Afternoon,32,0.6,1632,244,Uniform,99.83927933582686,99.8101232675965,99.8101232675965,True,0.17650215480465498,12
Madrid,connectors_shade,Afternoon,32,0.6,1632,244,Shared,99.86255737224808,99.89377727104262,99.86255737224808,True,0.15765502399170359,12
Madrid,connectors_shade,Afternoon,32,0.6,1632,244,Pooled,99.90607359337281,99.90883137602698,99.90607359337281,True,0.16112049682967045,8
Madrid,connectors_shade,Afternoon,32,0.6,1632,244,Local,100.0,99.6268981140068,99.6268981140068,True,0.1692667969390039,0
Madrid,connectors_shade,Afternoon,32,0.6,1632,244,Regional,99.68533835291676,100.0,99.68533835291676,True,0.16032326005592307,15
Madrid,connectors_shade,Afternoon,32,0.7,1632,244,Population,99.64327150588015,99.70240850616173,99.64327150588015,True,0.16204476985497612,12
Madrid,connectors_shade,Afternoon,32,0.7,1632,244,Uniform,99.81166772477903,99.8237593838803,99.81166772477903,True,0.17024149116645151,11
Madrid,connectors_shade,Afternoon,32,0.7,1632,244,Shared,99.89558220563609,99.82821815934658,99.82821815934658,True,0.16233387387421663,11
Madrid,connectors_shade,Afternoon,32,0.7,1632,244,Pooled,99.8562372624417,99.91251676152065,99.8562372624417,True,0.15937653379075667,10
Madrid,connectors_shade,Afternoon,32,0.7,1632,244,Local,100.0,99.57253202381105,99.57253202381105,True,0.1681257763667262,0
Madrid,connectors_shade,Afternoon,32,0.7,1632,244,Regional,99.52887999318703,100.0,99.52887999318703,True,0.14628421504979616,18
Madrid,connectors_shade,Afternoon,32,1.0,1632,244,Population,99.78906905956732,99.84561222334789,99.78906905956732,True,0.16204476985497612,11
Madrid,connectors_shade,Afternoon,32,1.0,1632,244,Uniform,99.78906905956732,99.84561222334789,99.78906905956732,True,0.16204476985497612,11
Madrid,connectors_shade,Afternoon,32,1.0,1632,244,Shared,99.88274437942891,99.80797075968799,99.80797075968799,True,0.16094365154666107,11
Madrid,connectors_shade,Afternoon,32,1.0,1632,244,Pooled,99.83551254642826,99.91892717712639,99.83551254642826,True,0.15527817313501896,10
Madrid,connectors_shade,Afternoon,32,1.0,1632,244,Local,100.0,99.56972756672458,99.56972756672458,True,0.1691004705941738,0
Madrid,connectors_shade,Afternoon,32,1.0,1632,244,Regional,99.49222114598568,100.0,99.49222114598568,True,0.13808749373832072,19
Madrid,connectors_sun,Morning,28,0.1,1632,244,Population,97.90003663289053,97.83270268206608,97.83270268206608,False,0.16204476985497612,29
Madrid,connectors_sun,Morning,28,0.1,1632,244,Uniform,99.98801542300261,99.99675403588604,99.98801542300261,True,0.18285544113150923,3
Madrid,connectors_sun,Morning,28,0.1,1632,244,Shared,99.99171270988069,99.98856015920431,99.98856015920431,True,0.1814652188039537,2
Madrid,connectors_sun,Morning,28,0.1,1632,244,Pooled,99.99274429195992,99.99926487556984,99.99274429195992,True,0.1855635794596914,2
Madrid,connectors_sun,Morning,28,0.1,1632,244,Local,100.0,99.97687079839874,99.97687079839874,True,0.1896619401154291,0
Madrid,connectors_sun,Morning,28,0.1,1632,244,Regional,99.99150105443438,100.0,99.99150105443438,True,0.18556357945969137,2
Madrid,connectors_sun,Morning,28,0.2,1632,244,Population,90.34957763558059,90.41656200277072,90.34957763558059,False,0.16204476985497612,88
Madrid,connectors_sun,Morning,28,0.2,1632,244,Uniform,99.94547954561682,99.99867105396261,99.94547954561682,True,0.2057575979193681,2
Madrid,connectors_sun,Morning,28,0.2,1632,244,Shared,99.97363715863604,99.97334170699642,99.97334170699642,True,0.20893168554980013,3
Madrid,connectors_sun,Morning,28,0.2,1632,244,Pooled,99.99810612591332,99.97529044517414,99.97529044517414,True,0.2098559585751058,1
Madrid,connectors_sun,Morning,28,0.2,1632,244,Local,100.0,99.96951784968994,99.96951784968994,True,0.2057575979193681,0
Madrid,connectors_sun,Morning,28,0.2,1632,244,Regional,99.9245230120151,100.0,99.9245230120151,True,0.2057575979193681,2
Madrid,connectors_sun,Morning,28,0.3,1632,244,Population,85.32279064109517,85.51723189095,85.32279064109517,False,0.16204476985497612,119
Madrid,connectors_sun,Morning,28,0.3,1632,244,Uniform,99.86823783841939,99.9968686283347,99.86823783841939,True,0.20790446094398363,9
Madrid,connectors_sun,Morning,28,0.3,1632,244,Shared,99.89094545891679,99.88364727158323,99.88364727158323,True,0.20790446094398363,9
Madrid,connectors_sun,Morning,28,0.3,1632,244,Pooled,99.93138369251645,99.96823512978459,99.93138369251645,True,0.20380610028824594,6
Madrid,connectors_sun,Morning,28,0.3,1632,244,Local,100.0,99.70663264930798,99.70663264930798,True,0.22227890400224035,0
Madrid,connectors_sun,Morning,28,0.3,1632,244,Regional,99.83772728240426,100.0,99.83772728240426,True,0.20790446094398365,10
Madrid,connectors_sun,Morning,28,0.4,1632,244,Population,85.96812743488412,86.66500378009833,85.96812743488412,False,0.16204476985497612,116
Madrid,connectors_sun,Morning,28,0.4,1632,244,Uniform,99.59413012071722,99.93665917268937,99.59413012071722,True,0.20990849923552812,14
Madrid,connectors_sun,Morning,28,0.4,1632,244,Shared,99.7574703537971,99.74836331910217,99.74836331910217,True,0.2121394434536799,13
Madrid,connectors_sun,Morning,28,0.4,1632,244,Pooled,99.90964485435646,99.79279480948868,99.79279480948868,True,0.20706373905338743,6
Madrid,connectors_sun,Morning,28,0.4,1632,244,Local,100.0,99.55891111357575,99.55891111357575,True,0.22755554233207592,0
Madrid,connectors_sun,Morning,28,0.4,1632,244,Regional,99.41458094097045,100.0,99.41458094097045,True,0.2017117779240527,16
Madrid,connectors_sun,Morning,28,0.5,1632,244,Population,88.40773292216033,89.33604200100615,88.40773292216033,False,0.16204476985497612,103
Madrid,connectors_sun,Morning,28,0.5,1632,244,Uniform,99.30233459724676,99.8636303323994,99.30233459724676,True,0.20017368893475807,23
Madrid,connectors_sun,Morning,28,0.5,1632,244,Shared,99.65318030372181,99.55195807390326,99.55195807390326,True,0.2206654922134466,17
Madrid,connectors_sun,Morning,28,0.5,1632,244,Pooled,99.76187691842496,99.70251446531095,99.70251446531095,True,0.21517690923015342,13
Madrid,connectors_sun,Morning,28,0.5,1632,244,Local,100.0,99.05653804714461,99.05653804714461,True,0.2510874609043451,0
Madrid,connectors_sun,Morning,28,0.5,1632,244,Regional,99.08078149194765,100.0,99.08078149194765,True,0.187878606967545,26
Madrid,connectors_sun,Morning,28,0.6,1632,244,Population,91.8196495173602,92.88418029329694,91.8196495173602,False,0.16204476985497612,74
Madrid,connectors_sun,Morning,28,0.6,1632,244,Uniform,99.3084592547943,99.76892087503457,99.3084592547943,True,0.18014119392639705,23
Madrid,connectors_sun,Morning,28,0.6,1632,244,Shared,99.72953641603773,99.36855317020846,99.36855317020846,True,0.208829718516561,12
Madrid,connectors_sun,Morning,28,0.6,1632,244,Pooled,99.7023129887092,99.75502998739728,99.7023129887092,True,0.19653463654934783,14
Madrid,connectors_sun,Morning,28,0.6,1632,244,Local,100.0,98.96193670083682,98.96193670083682,False,0.22852070216861603,0
Madrid,connectors_sun,Morning,28,0.6,1632,244,Regional,98.975554322421,100.0,98.975554322421,False,0.16704174341586164,27
Madrid,connectors_sun,Morning,28,0.7,1632,244,Population,94.2858512467096,95.41665470669084,94.2858512467096,False,0.16204476985497612,59
Madrid,connectors_sun,Morning,28,0.7,1632,244,Uniform,99.21083158040393,99.86849881300323,99.21083158040393,True,0.1753803792728021,27
Madrid,connectors_sun,Morning,28,0.7,1632,244,Shared,99.68817023319485,99.53144723689788,99.53144723689788,True,0.19143070037711218,16
Madrid,connectors_sun,Morning,28,0.7,1632,244,Pooled,99.66198001545882,99.73064195449487,99.66198001545882,True,0.18115297857436333,16
Madrid,connectors_sun,Morning,28,0.7,1632,244,Local,100.0,98.55854580224555,98.55854580224555,False,0.23443166709895347,0
Madrid,connectors_sun,Morning,28,0.7,1632,244,Regional,98.7517798643684,100.0,98.7517798643684,False,0.16105471801645743,32
Madrid,connectors_sun,Morning,28,1.0,1632,244,Population,98.82763868310198,99.79600298715486,98.82763868310198,False,0.16204476985497612,32
Madrid,connectors_sun,Morning,28,1.0,1632,244,Uniform,98.82763868310198,99.79600298715486,98.82763868310198,False,0.16204476985497612,32
Madrid,connectors_sun,Morning,28,1.0,1632,244,Shared,99.48152011281285,99.47945219390226,99.47945219390226,True,0.1808045443964323,21
Madrid,connectors_sun,Morning,28,1.0,1632,244,Pooled,99.61969453631608,99.49022454290638,99.49022454290638,True,0.17768087796814222,20
Madrid,connectors_sun,Morning,28,1.0,1632,244,Local,100.0,98.22708375094,98.22708375094,False,0.21960313184341107,0
Madrid,connectors_sun,Morning,28,1.0,1632,244,Regional,98.40515934015387,99.99999999999999,98.40515934015387,False,0.13808749373832074,37
Madrid,connectors_sun,Morning,30,0.1,1632,244,Population,96.88578987746284,96.79073073802589,96.79073073802589,False,0.16204476985497612,33
Madrid,connectors_sun,Morning,30,0.1,1632,244,Uniform,99.99597422359179,100.0,99.99597422359179,True,0.17736685814821598,1
Madrid,connectors_sun,Morning,30,0.1,1632,244,Shared,99.99597422359179,100.0,99.99597422359179,True,0.17736685814821598,1
Madrid,connectors_sun,Morning,30,0.1,1632,244,Pooled,99.99597422359179,100.0,99.99597422359179,True,0.17736685814821598,1
Madrid,connectors_sun,Morning,30,0.1,1632,244,Local,100.0,99.99340227667176,99.99340227667176,True,0.1814652188039537,0
Madrid,connectors_sun,Morning,30,0.1,1632,244,Regional,99.99597422359177,100.0,99.99597422359177,True,0.17736685814821598,1
Madrid,connectors_sun,Morning,30,0.2,1632,244,Population,84.92472214292347,84.7083982859454,84.7083982859454,False,0.16204476985497612,102
Madrid,connectors_sun,Morning,30,0.2,1632,244,Uniform,99.99508169661625,99.99787117264755,99.99508169661625,True,0.20313529975674008,2
Madrid,connectors_sun,Morning,30,0.2,1632,244,Shared,99.99546884204568,99.99751788246641,99.99546884204568,True,0.19903693910100237,2
Madrid,connectors_sun,Morning,30,0.2,1632,244,Pooled,99.999792377144,99.99996879834535,99.999792377144,True,0.19903693910100237,1
Madrid,connectors_sun,Morning,30,0.2,1632,244,Local,99.99999999999999,99.99781098087718,99.99781098087718,True,0.2022110267314344,0
Madrid,connectors_sun,Morning,30,0.2,1632,244,Regional,99.99908363678725,100.0,99.99908363678725,True,0.20313529975674008,1
Madrid,connectors_sun,Morning,30,0.3,1632,244,Population,74.3746422181649,74.00516000998941,74.00516000998941,False,0.16204476985497612,139
Madrid,connectors_sun,Morning,30,0.3,1632,244,Uniform,99.98200773458474,99.99476400518708,99.98200773458474,True,0.21200282159972136,3
Madrid,connectors_sun,Morning,30,0.3,1632,244,Shared,99.98035687541456,99.9653518402427,99.9653518402427,True,0.217968598693045,5
Madrid,connectors_sun,Morning,30,0.3,1632,244,Pooled,99.99359958947828,99.99169763680831,99.99169763680831,True,0.21610118225545907,2
Madrid,connectors_sun,Morning,30,0.3,1632,244,Local,100.0,99.93573681392152,99.93573681392152,True,0.2204114875646544,0
Madrid,connectors_sun,Morning,30,0.3,1632,244,Regional,99.9649434642162,100.0,99.9649434642162,True,0.22019954291119676,3
Madrid,connectors_sun,Morning,30,0.4,1632,244,Population,71.19520135834297,70.92054652489364,70.92054652489364,False,0.16204476985497612,151
Madrid,connectors_sun,Morning,30,0.4,1632,244,Uniform,99.98250062797567,99.99909310436631,99.98250062797567,True,0.24269538448142977,3
Madrid,connectors_sun,Morning,30,0.4,1632,244,Shared,99.9850367771574,99.98284402991878,99.98284402991878,True,0.2454035228096119,3
Madrid,connectors_sun,Morning,30,0.4,1632,244,Pooled,99.99441808583005,99.99208865755966,99.99208865755966,True,0.2495018834653496,2
Madrid,connectors_sun,Morning,30,0.4,1632,244,Local,100.0,99.96991869140402,99.96991869140402,True,0.2454035228096119,0
Madrid,connectors_sun,Morning,30,0.4,1632,244,Regional,99.97747649288681,100.0,99.97747649288681,True,0.24269538448142977,4
Madrid,connectors_sun,Morning,30,0.5,1632,244,Population,72.05818830002463,71.93192650031321,71.93192650031321,False,0.16204476985497612,148
Madrid,connectors_sun,Morning,30,0.5,1632,244,Uniform,99.51530672408447,99.889008827644,99.51530672408447,True,0.23851347269098255,12
Madrid,connectors_sun,Morning,30,0.5,1632,244,Shared,99.42375293039122,99.80917050612646,99.42375293039122,True,0.24671019400245797,14
Madrid,connectors_sun,Morning,30,0.5,1632,244,Pooled,99.83888373262329,99.7088698522884,99.7088698522884,True,0.24671019400245797,5
Madrid,connectors_sun,Morning,30,0.5,1632,244,Local,100.0,99.39510074861535,99.39510074861535,True,0.2567743317515193,0
Madrid,connectors_sun,Morning,30,0.5,1632,244,Regional,99.19198025938235,99.99999999999999,99.19198025938235,True,0.23851347269098255,18
Madrid,connectors_sun,Morning,30,0.6,1632,244,Population,76.54631075343023,76.95337132640829,76.54631075343023,False,0.16204476985497612,137
Madrid,connectors_sun,Morning,30,0.6,1632,244,Uniform,98.80857126457855,99.6353256216803,98.80857126457855,False,0.2536002441210873,23
Madrid,connectors_sun,Morning,30,0.6,1632,244,Shared,98.85768963077136,99.37567823818036,98.85768963077136,False,0.26179696543256276,24
Madrid,connectors_sun,Morning,30,0.6,1632,244,Pooled,99.73039773347067,99.28451240667262,99.28451240667262,True,0.26589532608830047,11
Madrid,connectors_sun,Morning,30,0.6,1632,244,Local,100.0,98.67545009024165,98.67545009024165,False,0.278469314301663,0
Madrid,connectors_sun,Morning,30,0.6,1632,244,Regional,97.76189355193996,100.0,97.76189355193996,False,0.23884532182642365,32
Madrid,connectors_sun,Morning,30,0.7,1632,244,Population,82.46389699004293,83.40364032654796,82.46389699004293,False,0.16204476985497612,97
Madrid,connectors_sun,Morning,30,0.7,1632,244,Uniform,98.72064062630857,99.26905334468775,98.72064062630857,False,0.2239695606659148,32
Madrid,connectors_sun,Morning,30,0.7,1632,244,Shared,99.07746606325763,98.83967981269596,98.83967981269596,False,0.2553977662135405,24
Madrid,connectors_sun,Morning,30,0.7,1632,244,Pooled,99.32288109429854,99.35051218069694,99.32288109429854,True,0.23080760227911423,20
Madrid,connectors_sun,Morning,30,0.7,1632,244,Local,100.0,97.53524272439778,97.53524272439778,False,0.28185534658555256,0
Madrid,connectors_sun,Morning,30,0.7,1632,244,Regional,97.27995176691944,100.0,97.27995176691944,False,0.18113642351065473,39
Madrid,connectors_sun,Morning,30,1.0,1632,244,Population,97.57131302433987,99.14182352306574,97.57131302433987,False,0.16204476985497612,45
Madrid,connectors_sun,Morning,30,1.0,1632,244,Uniform,97.57131302433987,99.14182352306574,97.57131302433987,False,0.16204476985497612,45
Madrid,connectors_sun,Morning,30,1.0,1632,244,Shared,98.46400831084054,98.67603256817463,98.46400831084054,False,0.18495332625431193,36
Madrid,connectors_sun,Morning,30,1.0,1632,244,Pooled,98.98904405565965,98.86518612442467,98.86518612442467,False,0.1776808779681422,32
Madrid,connectors_sun,Morning,30,1.0,1632,244,Local,100.0,95.0230474582228,95.0230474582228,False,0.2613380500667821,0
Madrid,connectors_sun,Morning,30,1.0,1632,244,Regional,95.32866406176164,100.0,95.32866406176164,False,0.1374471364153369,58
Madrid,connectors_sun,Morning,32,0.1,1632,244,Population,96.29633662355994,96.28441935626053,96.28441935626053,False,0.16204476985497612,35
Madrid,connectors_sun,Morning,32,0.1,1632,244,Uniform,100.0,100.0,100.0,True,0.18045343415598744,0
Madrid,connectors_sun,Morning,32,0.1,1632,244,Shared,100.0,100.0,100.0,True,0.18045343415598744,0
Madrid,connectors_sun,Morning,32,0.1,1632,244,Pooled,100.0,100.0,100.0,True,0.18045343415598744,0
Madrid,connectors_sun,Morning,32,0.1,1632,244,Local,100.0,100.0,100.0,True,0.18045343415598744,0
Madrid,connectors_sun,Morning,32,0.1,1632,244,Regional,100.0,100.0,100.0,True,0.18045343415598744,0
Madrid,connectors_sun,Morning,32,0.2,1632,244,Population,81.2441607739006,81.28857788981904,81.2441607739006,False,0.16204476985497612,105
Madrid,connectors_sun,Morning,32,0.2,1632,244,Uniform,100.0,100.0,100.0,True,0.1990369391010024,0
Madrid,connectors_sun,Morning,32,0.2,1632,244,Shared,100.0,100.0,100.0,True,0.1990369391010024,0
Madrid,connectors_sun,Morning,32,0.2,1632,244,Pooled,100.0,100.0,100.0,True,0.1990369391010024,0
Madrid,connectors_sun,Morning,32,0.2,1632,244,Local,100.0,100.0,100.0,True,0.1990369391010024,0
Madrid,connectors_sun,Morning,32,0.2,1632,244,Regional,100.0,100.0,100.0,True,0.1990369391010024,0
Madrid,connectors_sun,Morning,32,0.3,1632,244,Population,66.0931733288218,66.19563969339825,66.0931733288218,False,0.16204476985497612,144
Madrid,connectors_sun,Morning,32,0.3,1632,244,Uniform,99.99582225995448,100.0,99.99582225995448,True,0.2138702380373073,1
Madrid,connectors_sun,Morning,32,0.3,1632,244,Shared,99.99582225995448,100.0,99.99582225995448,True,0.2138702380373073,1
Madrid,connectors_sun,Morning,32,0.3,1632,244,Pooled,100.00000000000001,99.99897528361558,99.99897528361558,True,0.21796859869304497,0
Madrid,connectors_sun,Morning,32,0.3,1632,244,Local,100.0,99.9989752836156,99.9989752836156,True,0.21796859869304497,0
Madrid,connectors_sun,Morning,32,0.3,1632,244,Regional,99.99582225995448,100.0,99.99582225995448,True,0.2138702380373073,1
Madrid,connectors_sun,Morning,32,0.4,1632,244,Population,57.94153507077223,58.28321805850852,57.94153507077223,False,0.16204476985497612,162
Madrid,connectors_sun,Morning,32,0.4,1632,244,Uniform,99.94461473203206,100.0,99.94461473203206,True,0.26179696543256276,3
Madrid,connectors_sun,Morning,32,0.4,1632,244,Shared,99.95138990905951,99.99661989284454,99.95138990905951,True,0.2658953260883004,2
Madrid,connectors_sun,Morning,32,0.4,1632,244,Pooled,99.99840100313135,99.97095733329797,99.97095733329797,True,0.26589532608830047,1
Madrid,connectors_sun,Morning,32,0.4,1632,244,Local,100.0,99.96537779970771,99.96537779970771,True,0.2658953260883004,0
Madrid,connectors_sun,Morning,32,0.4,1632,244,Regional,99.94461473203208,100.0,99.94461473203208,True,0.26179696543256276,3
Madrid,connectors_sun,Morning,32,0.5,1632,244,Population,53.16795007490021,53.53607874165486,53.16795007490021,False,0.16204476985497612,175
Madrid,connectors_sun,Morning,32,0.5,1632,244,Uniform,99.93210034920797,99.98763469116669,99.93210034920797,True,0.2740920473997759,5
Madrid,connectors_sun,Morning,32,0.5,1632,244,Shared,99.9350422822168,99.98047139933188,99.9350422822168,True,0.2822887687112513,5
Madrid,connectors_sun,Morning,32,0.5,1632,244,Pooled,99.96139261383915,99.9786675444366,99.96139261383915,True,0.2699936867440381,2
Madrid,connectors_sun,Morning,32,0.5,1632,244,Local,100.0,99.92346688251953,99.92346688251953,True,0.2699936867440381,0
Madrid,connectors_sun,Morning,32,0.5,1632,244,Regional,99.90790892977024,100.0,99.90790892977024,True,0.2699936867440382,4
Madrid,connectors_sun,Morning,32,0.6,1632,244,Population,51.971345880700916,52.470458272102796,51.971345880700916,False,0.16204476985497612,179
Madrid,connectors_sun,Morning,32,0.6,1632,244,Uniform,99.70781653143361,99.95018110920684,99.70781653143361,True,0.3150756539571528,11
Madrid,connectors_sun,Morning,32,0.6,1632,244,Shared,99.77415207348173,99.91697012787873,99.77415207348173,True,0.31097729330141516,10
Madrid,connectors_sun,Morning,32,0.6,1632,244,Pooled,99.79394183550484,99.95156701807717,99.79394183550484,True,0.3068789326456775,9
Madrid,connectors_sun,Morning,32,0.6,1632,244,Local,100.0,99.1576309561922,99.1576309561922,True,0.31097729330141516,0
Madrid,connectors_sun,Morning,32,0.6,1632,244,Regional,99.59602461836427,100.0,99.59602461836427,True,0.30278057198993974,12
Madrid,connectors_sun,Morning,32,0.7,1632,244,Population,57.035859987815385,58.535679593703335,57.035859987815385,False,0.16204476985497612,165
Madrid,connectors_sun,Morning,32,0.7,1632,244,Uniform,98.39402915388554,99.37308513143094,98.39402915388554,False,0.2917417400134309,26
Madrid,connectors_sun,Morning,32,0.7,1632,244,Shared,98.08454830778163,99.3729037763428,98.08454830778163,False,0.3113092702668137,32
Madrid,connectors_sun,Morning,32,0.7,1632,244,Pooled,99.67760676589641,98.97232589286031,98.97232589286031,False,0.30721090961107594,16
Madrid,connectors_sun,Morning,32,0.7,1632,244,Local,100.0,97.5935019163529,97.5935019163529,False,0.32639604169691844,0
Madrid,connectors_sun,Morning,32,0.7,1632,244,Regional,96.47189813388133,100.0,96.47189813388133,False,0.26622730305369885,40
Madrid,connectors_sun,Morning,32,1.0,1632,244,Population,93.93647462245357,97.80941927088567,93.93647462245357,False,0.16204476985497612,67
Madrid,connectors_sun,Morning,32,1.0,1632,244,Uniform,93.93647462245357,97.80941927088567,93.93647462245357,False,0.16204476985497612,67
Madrid,connectors_sun,Morning,32,1.0,1632,244,Shared,95.80995607932552,96.4437863223264,95.80995607932552,False,0.21574771144348504,55
Madrid,connectors_sun,Morning,32,1.0,1632,244,Pooled,97.19819033300061,97.31954183956782,97.19819033300061,False,0.1950403714786933,47
Madrid,connectors_sun,Morning,32,1.0,1632,244,Local,100.0,89.00072971994913,89.00072971994913,False,0.31272756984638495,0
Madrid,connectors_sun,Morning,32,1.0,1632,244,Regional,87.58631380670172,100.0,87.58631380670172,False,0.14524223779351278,89
Madrid,connectors_sun,Afternoon,28,0.1,1632,244,Population,99.70650801437205,99.70659320641373,99.70650801437205,True,0.16204476985497612,13
Madrid,connectors_sun,Afternoon,28,0.1,1632,244,Uniform,100.00000000000001,100.00000000000001,100.00000000000001,True,0.1549641533150927,0
Madrid,connectors_sun,Afternoon,28,0.1,1632,244,Shared,99.9993488198355,99.99848171354076,99.99848171354076,True,0.1549641533150927,1
Madrid,connectors_sun,Afternoon,28,0.1,1632,244,Pooled,100.00000000000001,100.00000000000001,100.00000000000001,True,0.1549641533150927,0
Madrid,connectors_sun,Afternoon,28,0.1,1632,244,Local,100.00000000000001,100.0,100.0,True,0.1549641533150927,0
Madrid,connectors_sun,Afternoon,28,0.1,1632,244,Regional,100.00000000000001,100.0,100.0,True,0.1549641533150927,0
Madrid,connectors_sun,Afternoon,28,0.2,1632,244,Population,99.2732054405783,99.29271867481086,99.2732054405783,True,0.16204476985497612,24
Madrid,connectors_sun,Afternoon,28,0.2,1632,244,Uniform,99.99999999999999,99.98654040865885,99.98654040865885,True,0.17955431724951892,0
Madrid,connectors_sun,Afternoon,28,0.2,1632,244,Shared,99.99179053598336,99.97818243534405,99.97818243534405,True,0.18695380178724694,4
Madrid,connectors_sun,Afternoon,28,0.2,1632,244,Pooled,99.99769312912503,99.99667266397687,99.99667266397687,True,0.17688608118529947,1
Madrid,connectors_sun,Afternoon,28,0.2,1632,244,Local,99.99999999999999,99.98654040865885,99.98654040865885,True,0.17955431724951892,0
Madrid,connectors_sun,Afternoon,28,0.2,1632,244,Regional,99.99403103847747,100.0,99.99403103847747,True,0.18018720506728977,2
Madrid,connectors_sun,Afternoon,28,0.3,1632,244,Population,99.32191066852982,99.32018365762096,99.32018365762096,True,0.16204476985497612,26
Madrid,connectors_sun,Afternoon,28,0.3,1632,244,Uniform,99.9864004914977,99.98871387483248,99.9864004914977,True,0.18327378107506123,3
Madrid,connectors_sun,Afternoon,28,0.3,1632,244,Shared,99.98415612416177,99.96742825959907,99.96742825959907,True,0.1791754204193235,5
Madrid,connectors_sun,Afternoon,28,0.3,1632,244,Pooled,99.99434320901607,99.99692327043373,99.99434320901607,True,0.17917542041932352,2
Madrid,connectors_sun,Afternoon,28,0.3,1632,244,Local,99.99999999999999,99.98033675981993,99.98033675981993,True,0.17917542041932352,0
Madrid,connectors_sun,Afternoon,28,0.3,1632,244,Regional,99.98375282617837,100.0,99.98375282617837,True,0.17917542041932352,3
Madrid,connectors_sun,Afternoon,28,0.4,1632,244,Population,99.51129551267444,99.52540728661832,99.51129551267444,True,0.16204476985497612,23
Madrid,connectors_sun,Afternoon,28,0.4,1632,244,Uniform,99.97083747538974,99.99324672657241,99.97083747538974,True,0.17444417194581496,4
Madrid,connectors_sun,Afternoon,28,0.4,1632,244,Shared,99.98885810405565,99.96423776877518,99.96423776877518,True,0.17854253260155267,4
Madrid,connectors_sun,Afternoon,28,0.4,1632,244,Pooled,99.98116121106659,99.99383494251394,99.98116121106659,True,0.17854253260155267,3
Madrid,connectors_sun,Afternoon,28,0.4,1632,244,Local,100.0,99.95313616728049,99.95313616728049,True,0.1867392539130281,0
Madrid,connectors_sun,Afternoon,28,0.4,1632,244,Regional,99.9624125652946,100.0,99.9624125652946,True,0.17774529582780527,4
Madrid,connectors_sun,Afternoon,28,0.5,1632,244,Population,99.69134064602683,99.69415878015354,99.69134064602683,True,0.16204476985497612,17
Madrid,connectors_sun,Afternoon,28,0.5,1632,244,Uniform,99.97041955150571,99.95797062977182,99.95797062977182,True,0.17742642782996068,5
Madrid,connectors_sun,Afternoon,28,0.5,1632,244,Shared,99.97789897556905,99.9750449342876,99.9750449342876,True,0.16656147045426584,5
Madrid,connectors_sun,Afternoon,28,0.5,1632,244,Pooled,99.99156932886842,99.99276285279177,99.99156932886842,True,0.16656147045426584,3
Madrid,connectors_sun,Afternoon,28,0.5,1632,244,Local,100.0,99.95129186686817,99.95129186686817,True,0.16246310979852813,0
Madrid,connectors_sun,Afternoon,28,0.5,1632,244,Regional,99.95944587254017,100.00000000000001,99.95944587254017,True,0.17396095499199382,6
Madrid,connectors_sun,Afternoon,28,0.6,1632,244,Population,99.84173851583769,99.86781935638389,99.84173851583769,True,0.16204476985497612,11
Madrid,connectors_sun,Afternoon,28,0.6,1632,244,Uniform,99.98199588558938,99.97720181024394,99.97720181024394,True,0.173328067174223,4
Madrid,connectors_sun,Afternoon,28,0.6,1632,244,Shared,99.98558692824844,99.98012685804458,99.98012685804458,True,0.17024149116645151,4
Madrid,connectors_sun,Afternoon,28,0.6,1632,244,Pooled,99.9858221786991,99.99100987106357,99.9858221786991,True,0.16614313051071383,3
Madrid,connectors_sun,Afternoon,28,0.6,1632,244,Local,100.0,99.94030754076725,99.94030754076725,True,0.17024149116645151,0
Madrid,connectors_sun,Afternoon,28,0.6,1632,244,Regional,99.94943810784926,100.0,99.94943810784926,True,0.16614313051071383,6
Madrid,connectors_sun,Afternoon,28,0.7,1632,244,Population,99.89188672516336,99.90597709917934,99.89188672516336,True,0.16204476985497612,4
Madrid,connectors_sun,Afternoon,28,0.7,1632,244,Uniform,99.97819199376393,99.9750021584798,99.9750021584798,True,0.173328067174223,3
Madrid,connectors_sun,Afternoon,28,0.7,1632,244,Shared,99.9879629816654,99.98885141593041,99.9879629816654,True,0.1675732551022321,3
Madrid,connectors_sun,Afternoon,28,0.7,1632,244,Pooled,99.98796298166536,99.98885141593038,99.98796298166536,True,0.1675732551022321,3
Madrid,connectors_sun,Afternoon,28,0.7,1632,244,Local,100.0,99.9530682104665,99.9530682104665,True,0.17024149116645154,0
Madrid,connectors_sun,Afternoon,28,0.7,1632,244,Regional,99.95832260614769,100.00000000000001,99.95832260614769,True,0.16614313051071386,5
Madrid,connectors_sun,Afternoon,28,1.0,1632,244,Population,99.98513801127207,99.98175447775802,99.98175447775802,True,0.16204476985497612,3
Madrid,connectors_sun,Afternoon,28,1.0,1632,244,Uniform,99.98513801127207,99.98175447775802,99.98175447775802,True,0.16204476985497612,3
Madrid,connectors_sun,Afternoon,28,1.0,1632,244,Shared,99.99416701631327,99.97858443736736,99.97858443736736,True,0.1675732551022321,2
Madrid,connectors_sun,Afternoon,28,1.0,1632,244,Pooled,99.983576269294,99.99112626666538,99.983576269294,True,0.16347489444649438,3
Madrid,connectors_sun,Afternoon,28,1.0,1632,244,Local,100.00000000000001,99.94862328656544,99.94862328656544,True,0.16347489444649438,0
Madrid,connectors_sun,Afternoon,28,1.0,1632,244,Regional,99.95813659900044,99.99999999999999,99.95813659900044,True,0.15527817313501896,5
Madrid,connectors_sun,Afternoon,30,0.1,1632,244,Population,99.32582636672568,99.32526385543815,99.32526385543815,True,0.16204476985497612,18
Madrid,connectors_sun,Afternoon,30,0.1,1632,244,Uniform,100.0,100.0,100.0,True,0.1623636378528207,0
Madrid,connectors_sun,Afternoon,30,0.1,1632,244,Shared,100.0,100.0,100.0,True,0.1623636378528207,0
Madrid,connectors_sun,Afternoon,30,0.1,1632,244,Pooled,100.0,100.00000000000001,100.0,True,0.1623636378528207,0
Madrid,connectors_sun,Afternoon,30,0.1,1632,244,Local,100.0,100.0,100.0,True,0.1623636378528207,0
Madrid,connectors_sun,Afternoon,30,0.1,1632,244,Regional,100.0,100.0,100.0,True,0.1623636378528207,0
Madrid,connectors_sun,Afternoon,30,0.2,1632,244,Population,98.26585315622255,98.27533134798848,98.26585315622255,False,0.16204476985497612,39
Madrid,connectors_sun,Afternoon,30,0.2,1632,244,Uniform,99.99887683462063,99.99643064757237,99.99643064757237,True,0.1945580992088577,1
Madrid,connectors_sun,Afternoon,30,0.2,1632,244,Shared,99.989231160689,99.98460981817401,99.98460981817401,True,0.20275482052033314,4
Madrid,connectors_sun,Afternoon,30,0.2,1632,244,Pooled,100.0,99.99840997795675,99.99840997795675,True,0.19455809920885772,0
Madrid,connectors_sun,Afternoon,30,0.2,1632,244,Local,100.0,99.99840997795675,99.99840997795675,True,0.19455809920885772,0
Madrid,connectors_sun,Afternoon,30,0.2,1632,244,Regional,99.99540808894561,100.0,99.99540808894561,True,0.2027548205203331,2
Madrid,connectors_sun,Afternoon,30,0.3,1632,244,Population,98.18774026104342,98.19900597896705,98.18774026104342,False,0.16204476985497612,41
Madrid,connectors_sun,Afternoon,30,0.3,1632,244,Uniform,99.98962901266822,99.97519475628069,99.97519475628069,True,0.19020919190887126,2
Madrid,connectors_sun,Afternoon,30,0.3,1632,244,Shared,99.97269021875964,99.96743168798591,99.96743168798591,True,0.19430755256460897,7
Madrid,connectors_sun,Afternoon,30,0.3,1632,244,Pooled,99.99120212851675,99.98639111647134,99.98639111647134,True,0.18611083125313355,2
Madrid,connectors_sun,Afternoon,30,0.3,1632,244,Local,100.00000000000001,99.97067713282787,99.97067713282787,True,0.19430755256460897,0
Madrid,connectors_sun,Afternoon,30,0.3,1632,244,Regional,99.97083390063291,100.0,99.97083390063291,True,0.18201247059739586,4
Madrid,connectors_sun,Afternoon,30,0.4,1632,244,Population,98.56723914284743,98.5985110138736,98.56723914284743,False,0.16204476985497612,41
Madrid,connectors_sun,Afternoon,30,0.4,1632,244,Uniform,99.98449067753003,99.95362167431313,99.95362167431313,True,0.17584632857505197,2
Madrid,connectors_sun,Afternoon,30,0.4,1632,244,Shared,99.97507567066573,99.97776485904387,99.97507567066573,True,0.17174796791931426,5
Madrid,connectors_sun,Afternoon,30,0.4,1632,244,Pooled,99.99250011781561,99.9786188447201,99.9786188447201,True,0.17584632857505197,3
Madrid,connectors_sun,Afternoon,30,0.4,1632,244,Local,100.0,99.94502373143337,99.94502373143337,True,0.17584632857505197,0
Madrid,connectors_sun,Afternoon,30,0.4,1632,244,Regional,99.93446160893521,100.0,99.93446160893521,True,0.16764960726357656,7
Madrid,connectors_sun,Afternoon,30,0.5,1632,244,Population,99.06923817812847,99.049039796964,99.049039796964,True,0.16204476985497612,29
Madrid,connectors_sun,Afternoon,30,0.5,1632,244,Uniform,99.97473034559489,99.97861198325583,99.97473034559489,True,0.18234950804975555,3
Madrid,connectors_sun,Afternoon,30,0.5,1632,244,Shared,99.97798845002299,99.96716091477724,99.96716091477724,True,0.17005442608254243,4
Madrid,connectors_sun,Afternoon,30,0.5,1632,244,Pooled,99.97530527611677,99.998265303326,99.97530527611677,True,0.17825114739401784,3
Madrid,connectors_sun,Afternoon,30,0.5,1632,244,Local,100.0,99.95567795424544,99.95567795424544,True,0.17415278673828014,0
Madrid,connectors_sun,Afternoon,30,0.5,1632,244,Regional,99.96777536139368,100.0,99.96777536139368,True,0.17713504262242588,4
Madrid,connectors_sun,Afternoon,30,0.6,1632,244,Population,99.53327008499919,99.56771122715763,99.53327008499919,True,0.16204476985497612,17
Madrid,connectors_sun,Afternoon,30,0.6,1632,244,Uniform,99.97216152027114,99.96366093438054,99.96366093438054,True,0.1815247884856984,4
Madrid,connectors_sun,Afternoon,30,0.6,1632,244,Shared,99.98470077383044,99.95873541267406,99.95873541267406,True,0.17843821247792693,4
Madrid,connectors_sun,Afternoon,30,0.6,1632,244,Pooled,99.98589046418088,99.98679719034315,99.98589046418088,True,0.17742642782996068,3
Madrid,connectors_sun,Afternoon,30,0.6,1632,244,Local,100.0,99.93625788520396,99.93625788520396,True,0.17742642782996068,0
Madrid,connectors_sun,Afternoon,30,0.6,1632,244,Regional,99.94176782765898,99.99999999999999,99.94176782765898,True,0.18072755171195098,6
Madrid,connectors_sun,Afternoon,30,0.7,1632,244,Population,99.7202413523251,99.74226148533403,99.7202413523251,True,0.16204476985497612,9
Madrid,connectors_sun,Afternoon,30,0.7,1632,244,Uniform,99.95514285392798,99.97496493037119,99.95514285392798,True,0.16922970651848526,6
Madrid,connectors_sun,Afternoon,30,0.7,1632,244,Shared,99.97815921205809,99.97390443543397,99.97390443543397,True,0.1579464091992384,4
Madrid,connectors_sun,Afternoon,30,0.7,1632,244,Pooled,99.97931857939975,99.9849380916322,99.97931857939975,True,0.16204476985497612,4
Madrid,connectors_sun,Afternoon,30,0.7,1632,244,Local,100.0,99.89167405117433,99.89167405117433,True,0.16614313051071383,0
Madrid,connectors_sun,Afternoon,30,0.7,1632,244,Regional,99.93626260822647,100.0,99.93626260822647,True,0.16204476985497612,7
Madrid,connectors_sun,Afternoon,30,1.0,1632,244,Population,99.98144556874419,99.97612627661739,99.97612627661739,True,0.16204476985497612,4
Madrid,connectors_sun,Afternoon,30,1.0,1632,244,Uniform,99.98144556874419,99.97612627661739,99.97612627661739,True,0.16204476985497612,4
Madrid,connectors_sun,Afternoon,30,1.0,1632,244,Shared,99.96854713773776,99.99186344626614,99.96854713773776,True,0.15937653379075667,4
Madrid,connectors_sun,Afternoon,30,1.0,1632,244,Pooled,99.98200026274627,99.98442103467774,99.98200026274627,True,0.16347489444649438,4
Madrid,connectors_sun,Afternoon,30,1.0,1632,244,Local,100.0,99.92289171623653,99.92289171623653,True,0.1593765337907567,0
Madrid,connectors_sun,Afternoon,30,1.0,1632,244,Regional,99.92969045015546,100.0,99.92969045015546,True,0.155278173135019,7
Madrid,connectors_sun,Afternoon,32,0.1,1632,244,Population,98.59738291361987,98.6192812631081,98.59738291361987,False,0.16204476985497612,26
Madrid,connectors_sun,Afternoon,32,0.1,1632,244,Uniform,99.99780588054732,100.00000000000001,99.99780588054732,True,0.17056035916429607,1
Madrid,connectors_sun,Afternoon,32,0.1,1632,244,Shared,99.99780588054732,100.0,99.99780588054732,True,0.17056035916429607,1
Madrid,connectors_sun,Afternoon,32,0.1,1632,244,Pooled,99.99780588054732,100.0,99.99780588054732,True,0.17056035916429607,1
Madrid,connectors_sun,Afternoon,32,0.1,1632,244,Local,100.0,99.98624030389044,99.98624030389044,True,0.17056035916429607,0
Madrid,connectors_sun,Afternoon,32,0.1,1632,244,Regional,99.99780588054732,100.0,99.99780588054732,True,0.17056035916429607,1
Madrid,connectors_sun,Afternoon,32,0.2,1632,244,Population,95.96149241259523,95.98214730206165,95.96149241259523,False,0.16204476985497612,58
Madrid,connectors_sun,Afternoon,32,0.2,1632,244,Uniform,99.98412294466016,99.98341572235873,99.98341572235873,True,0.2124376223156732,2
Madrid,connectors_sun,Afternoon,32,0.2,1632,244,Shared,99.97671064993278,99.9232543518285,99.9232543518285,True,0.21303004620553787,4
Madrid,connectors_sun,Afternoon,32,0.2,1632,244,Pooled,99.98912315186273,99.98971700742585,99.98912315186273,True,0.21412562946224056,1
Madrid,connectors_sun,Afternoon,32,0.2,1632,244,Local,100.00000000000001,99.928647284637,99.928647284637,True,0.2147180533521052,0
Madrid,connectors_sun,Afternoon,32,0.2,1632,244,Regional,99.97625463924324,100.0,99.97625463924324,True,0.21653598297141097,2
Madrid,connectors_sun,Afternoon,32,0.3,1632,244,Population,95.30365976500205,95.3264270297837,95.30365976500205,False,0.16204476985497612,68
Madrid,connectors_sun,Afternoon,32,0.3,1632,244,Uniform,99.90925519909565,99.930205822209,99.90925519909565,True,0.21180631690411394,8
Madrid,connectors_sun,Afternoon,32,0.3,1632,244,Shared,99.83386136208152,99.78872858727429,99.78872858727429,True,0.21585674412673247,14
Madrid,connectors_sun,Afternoon,32,0.3,1632,244,Pooled,99.94592746753645,99.96193725931425,99.94592746753645,True,0.2117583834709948,4
Madrid,connectors_sun,Afternoon,32,0.3,1632,244,Local,100.0,99.77308316069086,99.77308316069086,True,0.2158567441267325,0
Madrid,connectors_sun,Afternoon,32,0.3,1632,244,Regional,99.86889793675758,100.0,99.86889793675758,True,0.22109612535474793,9
Madrid,connectors_sun,Afternoon,32,0.4,1632,244,Population,95.91233805415474,95.88664883653308,95.88664883653308,False,0.16204476985497612,66
Madrid,connectors_sun,Afternoon,32,0.4,1632,244,Uniform,99.88050535346095,99.93358681850745,99.88050535346095,True,0.18564449925610862,12
Madrid,connectors_sun,Afternoon,32,0.4,1632,244,Shared,99.84897187817683,99.761104237388,99.761104237388,True,0.18745089931438694,13
Madrid,connectors_sun,Afternoon,32,0.4,1632,244,Pooled,99.91389428250861,99.97085749451031,99.91389428250861,True,0.19252395419757223,10
Madrid,connectors_sun,Afternoon,32,0.4,1632,244,Local,100.0,99.59499198478736,99.59499198478736,True,0.19607825376716367,0
Madrid,connectors_sun,Afternoon,32,0.4,1632,244,Regional,99.81713338518418,100.0,99.81713338518418,True,0.18065950537166048,13
Madrid,connectors_sun,Afternoon,32,0.5,1632,244,Population,97.15983171074329,97.13376518362065,97.13376518362065,False,0.16204476985497612,48
Madrid,connectors_sun,Afternoon,32,0.5,1632,244,Uniform,99.84229796343031,99.89247277469697,99.84229796343031,True,0.18771077740096379,11
Madrid,connectors_sun,Afternoon,32,0.5,1632,244,Shared,99.87843857862971,99.84439908054742,99.84439908054742,True,0.17269952593641202,9
Madrid,connectors_sun,Afternoon,32,0.5,1632,244,Pooled,99.95423622902773,99.95783230599874,99.95423622902773,True,0.17946612265636916,5
Madrid,connectors_sun,Afternoon,32,0.5,1632,244,Local,100.0,99.81094323227778,99.81094323227778,True,0.1835644833121069,0
Madrid,connectors_sun,Afternoon,32,0.5,1632,244,Regional,99.78383876033767,100.0,99.78383876033767,True,0.16307268003341835,10
Madrid,connectors_sun,Afternoon,32,0.6,1632,244,Population,98.41719962236313,98.52050679851475,98.41719962236313,False,0.16204476985497612,31
Madrid,connectors_sun,Afternoon,32,0.6,1632,244,Uniform,99.83662308082208,99.84725687213006,99.83662308082208,True,0.17364693517206756,11
Madrid,connectors_sun,Afternoon,32,0.6,1632,244,Shared,99.90528310073172,99.88672275288134,99.88672275288134,True,0.158386481952238,8
Madrid,connectors_sun,Afternoon,32,0.6,1632,244,Pooled,99.97310212872547,99.89479769231257,99.89479769231257,True,0.16545021386059214,5
Madrid,connectors_sun,Afternoon,32,0.6,1632,244,Local,100.0,99.76859627065001,99.76859627065001,True,0.16112646231803504,0
Madrid,connectors_sun,Afternoon,32,0.6,1632,244,Regional,99.72185948242148,100.0,99.72185948242148,True,0.1716065573751699,13
Madrid,connectors_sun,Afternoon,32,0.7,1632,244,Population,99.05510125489943,99.12782792127352,99.05510125489943,True,0.16204476985497612,18
Madrid,connectors_sun,Afternoon,32,0.7,1632,244,Uniform,99.83127177863436,99.7825413212131,99.7825413212131,True,0.17650215480465503,13
Madrid,connectors_sun,Afternoon,32,0.7,1632,244,Shared,99.86100214914079,99.86764438300138,99.86100214914079,True,0.15355666333596588,12
Madrid,connectors_sun,Afternoon,32,0.7,1632,244,Pooled,99.89641481518501,99.92241006027048,99.89641481518501,True,0.14882541486245734,9
Madrid,connectors_sun,Afternoon,32,0.7,1632,244,Local,100.0,99.63467752935713,99.63467752935713,True,0.1579464091992384,0
Madrid,connectors_sun,Afternoon,32,0.7,1632,244,Regional,99.71488095530809,100.0,99.71488095530809,True,0.15622489940018533,14
Madrid,connectors_sun,Afternoon,32,1.0,1632,244,Population,99.78906905956732,99.84561222334789,99.78906905956732,True,0.16204476985497612,11
Madrid,connectors_sun,Afternoon,32,1.0,1632,244,Uniform,99.78906905956732,99.84561222334789,99.78906905956732,True,0.16204476985497612,11
Madrid,connectors_sun,Afternoon,32,1.0,1632,244,Shared,99.88274437942891,99.80797075968799,99.80797075968799,True,0.16094365154666107,11
Madrid,connectors_sun,Afternoon,32,1.0,1632,244,Pooled,99.83551254642826,99.91892717712639,99.83551254642826,True,0.15527817313501896,10
Madrid,connectors_sun,Afternoon,32,1.0,1632,244,Local,100.0,99.56972756672458,99.56972756672458,True,0.1691004705941738,0
Madrid,connectors_sun,Afternoon,32,1.0,1632,244,Regional,99.49222114598568,100.0,99.49222114598568,True,0.13808749373832072,19
Madrid,network,Morning,28,0.1,1750,262,Population,91.53275102998911,91.45533553935081,91.45533553935081,False,0.17242407728788567,85
Madrid,network,Morning,28,0.1,1750,262,Uniform,99.98653689055045,99.9890124327794,99.98653689055045,True,0.2273597942398013,1
Madrid,network,Morning,28,0.1,1750,262,Shared,99.95110711958316,99.99631215052541,99.95110711958316,True,0.2273597942398013,3
Madrid,network,Morning,28,0.1,1750,262,Pooled,99.98636663823646,99.98965054130407,99.98636663823646,True,0.2273597942398013,2
Madrid,network,Morning,28,0.1,1750,262,Local,99.99999999999999,99.97050226824896,99.97050226824896,True,0.23117658813293104,0
Madrid,network,Morning,28,0.1,1750,262,Regional,99.9469053334156,100.0,99.9469053334156,True,0.22354300034667152,4
Madrid,network,Morning,28,0.2,1750,262,Population,86.28458012474748,86.36287184400446,86.28458012474748,False,0.17242407728788567,127
Madrid,network,Morning,28,0.2,1750,262,Uniform,99.81378239328208,99.99196970880374,99.81378239328208,True,0.2215333062531256,9
Madrid,network,Morning,28,0.2,1750,262,Shared,99.88448111364261,99.87646896851402,99.87646896851402,True,0.22153330625312556,11
Madrid,network,Morning,28,0.2,1750,262,Pooled,99.90373208827936,99.94552090892688,99.90373208827936,True,0.2215333062531256,6
Madrid,network,Morning,28,0.2,1750,262,Local,100.0,99.71430473311523,99.71430473311523,True,0.2399816681474768,0
Madrid,network,Morning,28,0.2,1750,262,Regional,99.76811165472817,100.0,99.76811165472817,True,0.2177165123599958,11
Madrid,network,Morning,28,0.3,1750,262,Population,85.18929295640665,85.77955874791121,85.18929295640665,False,0.17242407728788567,128
Madrid,network,Morning,28,0.3,1750,262,Uniform,99.69690022062215,99.89875876834999,99.69690022062215,True,0.21818781641475363,11
Madrid,network,Morning,28,0.3,1750,262,Shared,99.79956193739581,99.7921245071881,99.7921245071881,True,0.23345499198727274,13
Madrid,network,Morning,28,0.3,1750,262,Pooled,99.89443455780854,99.85350696459953,99.85350696459953,True,0.22963819809414296,8
Madrid,network,Morning,28,0.3,1750,262,Local,100.0,99.59854625585957,99.59854625585957,True,0.23727178588040249,0
Madrid,network,Morning,28,0.3,1750,262,Regional,99.51736933285903,100.0,99.51736933285903,True,0.22963819809414293,14
Madrid,network,Morning,28,0.4,1750,262,Population,87.90932741654812,88.76837944922205,87.90932741654812,False,0.17242407728788567,118
Madrid,network,Morning,28,0.4,1750,262,Uniform,99.30189670344389,99.94244443265413,99.30189670344389,True,0.22970959488095413,26
Madrid,network,Morning,28,0.4,1750,262,Shared,99.70063434588303,99.34419358889795,99.34419358889795,True,0.26739678349105955,19
Madrid,network,Morning,28,0.4,1750,262,Pooled,99.6500684386279,99.80815969614211,99.6500684386279,True,0.2324550256949811,18
Madrid,network,Morning,28,0.4,1750,262,Local,100.0,98.97505776186637,98.97505776186637,False,0.27821155759915117,0
Madrid,network,Morning,28,0.4,1750,262,Regional,99.09716286953933,100.0,99.09716286953933,True,0.21725924690927326,29
Madrid,network,Morning,28,0.5,1750,262,Population,91.63723707003739,92.89338514669628,91.63723707003739,False,0.17242407728788567,86
Madrid,network,Morning,28,0.5,1750,262,Uniform,99.23273763123625,99.76266224987171,99.23273763123625,True,0.21823880302394746,27
Madrid,network,Morning,28,0.5,1750,262,Shared,99.66159552927016,99.4677094942519,99.4677094942519,True,0.2226742369642995,17
Madrid,network,Morning,28,0.5,1750,262,Pooled,99.69750021872913,99.75840592149913,99.69750021872913,True,0.2200505019988885,16
Madrid,network,Morning,28,0.5,1750,262,Local,100.0,98.69340573453472,98.69340573453472,False,0.2662583911715032,0
Madrid,network,Morning,28,0.5,1750,262,Regional,98.86463668442323,100.0,98.86463668442323,False,0.2000421779635481,31
Madrid,network,Morning,28,0.6,1750,262,Population,94.5026213459743,95.68292356529076,94.5026213459743,False,0.17242407728788567,66
Madrid,network,Morning,28,0.6,1750,262,Uniform,99.00174678559122,99.83598460139888,99.00174678559122,True,0.1944430524909552,34
Madrid,network,Morning,28,0.6,1750,262,Shared,99.64159517141644,99.34013453282176,99.34013453282176,True,0.23448808489631998,18
Madrid,network,Morning,28,0.6,1750,262,Pooled,99.63178428430066,99.71143831619331,99.63178428430066,True,0.21451677102542163,19
Madrid,network,Morning,28,0.6,1750,262,Local,100.0,98.43838260127,98.43838260127,False,0.27527975879302874,0
Madrid,network,Morning,28,0.6,1750,262,Regional,98.58950370882371,100.0,98.58950370882371,False,0.18279875594376735,38
Madrid,network,Morning,28,0.7,1750,262,Population,96.43744355472226,97.57977935457052,96.43744355472226,False,0.17242407728788567,50
Madrid,network,Morning,28,0.7,1750,262,Uniform,99.03326824913088,99.76341465797546,99.03326824913088,True,0.1921884491573677,36
Madrid,network,Morning,28,0.7,1750,262,Shared,99.4913839128024,99.54536283532049,99.4913839128024,True,0.2051596445637435,25
Madrid,network,Morning,28,0.7,1750,262,Pooled,99.62794972174808,99.62556631810521,99.62556631810521,True,0.19663871237223446,22
Madrid,network,Morning,28,0.7,1750,262,Local,100.0,98.34075282267754,98.34075282267754,False,0.2468206532816583,0
Madrid,network,Morning,28,0.7,1750,262,Regional,98.70538775839809,100.00000000000001,98.70538775839809,False,0.17973810118568684,40
Madrid,network,Morning,28,1.0,1750,262,Population,98.79217874891961,99.75454252192743,98.79217874891961,False,0.17242407728788567,35
Madrid,network,Morning,28,1.0,1750,262,Uniform,98.79217874891961,99.75454252192743,98.79217874891961,False,0.17242407728788567,35
Madrid,network,Morning,28,1.0,1750,262,Shared,99.4874829530921,99.49645286795455,99.4874829530921,True,0.19359606719819733,24
Madrid,network,Morning,28,1.0,1750,262,Pooled,99.59174571429372,99.51434850681873,99.51434850681873,True,0.18282110547221558,22
Madrid,network,Morning,28,1.0,1750,262,Local,100.0,98.20380456355959,98.20380456355959,False,0.23098985741040245,0
Madrid,network,Morning,28,1.0,1750,262,Regional,98.2896922319652,100.0,98.2896922319652,False,0.14648256502489862,40
Madrid,network,Morning,30,0.1,1750,262,Population,86.86296205748083,86.5713849059457,86.5713849059457,False,0.17242407728788567,94
Madrid,network,Morning,30,0.1,1750,262,Uniform,99.99451676726558,99.99999999999999,99.99451676726558,True,0.2229073927753739,1
Madrid,network,Morning,30,0.1,1750,262,Shared,99.9955202276165,99.99945309634252,99.9955202276165,True,0.21909059888224414,1
Madrid,network,Morning,30,0.1,1750,262,Pooled,99.9955202276165,99.99945309634252,99.9955202276165,True,0.21909059888224414,1
Madrid,network,Morning,30,0.1,1750,262,Local,99.99999999999999,99.97858571296332,99.97858571296332,True,0.2229073927753739,0
Madrid,network,Morning,30,0.1,1750,262,Regional,99.99451676726558,99.99999999999999,99.99451676726558,True,0.2229073927753739,1
Madrid,network,Morning,30,0.2,1750,262,Population,75.59788770633541,75.1844115433804,75.1844115433804,False,0.17242407728788567,151
Madrid,network,Morning,30,0.2,1750,262,Uniform,99.98686234855064,99.9944840541235,99.98686234855064,True,0.23680048182564462,4
Madrid,network,Morning,30,0.2,1750,262,Shared,99.98565947103778,99.99710799122057,99.98565947103778,True,0.2397479408975683,4
Madrid,network,Morning,30,0.2,1750,262,Pooled,99.99391604899786,99.99728454296631,99.99391604899786,True,0.23680048182564462,3
Madrid,network,Morning,30,0.2,1750,262,Local,100.0,99.93824277415419,99.93824277415419,True,0.24443406961190414,0
Madrid,network,Morning,30,0.2,1750,262,Regional,99.97835979088853,100.0,99.97835979088853,True,0.23680048182564464,4
Madrid,network,Morning,30,0.3,1750,262,Population,70.41979415283157,70.0966825880434,70.0966825880434,False,0.17242407728788567,162
Madrid,network,Morning,30,0.3,1750,262,Uniform,99.94568762270573,99.97741287892244,99.94568762270573,True,0.2525389614529216,6
Madrid,network,Morning,30,0.3,1750,262,Shared,99.89376165967191,99.97688819057936,99.89376165967191,True,0.2639893431323109,6
Madrid,network,Morning,30,0.3,1750,262,Pooled,99.98778945993875,99.97004512327499,99.97004512327499,True,0.2639893431323109,2
Madrid,network,Morning,30,0.3,1750,262,Local,100.0,99.91436110133807,99.91436110133807,True,0.2639893431323109,0
Madrid,network,Morning,30,0.3,1750,262,Regional,99.88159771361384,100.0,99.88159771361384,True,0.2563557553460514,6
Madrid,network,Morning,30,0.4,1750,262,Population,70.94356469031624,70.74325012864048,70.74325012864048,False,0.17242407728788567,163
Madrid,network,Morning,30,0.4,1750,262,Uniform,99.72299988177639,99.96430653271783,99.72299988177639,True,0.301157315771317,12
Madrid,network,Morning,30,0.4,1750,262,Shared,99.67534277016429,99.90908538145152,99.67534277016429,True,0.30085160124884763,13
Madrid,network,Morning,30,0.4,1750,262,Pooled,99.81542234300031,99.93864991662369,99.81542234300031,True,0.3049741096644467,8
Madrid,network,Morning,30,0.4,1750,262,Local,100.0,99.5011039799423,99.5011039799423,True,0.31611877682136674,0
Madrid,network,Morning,30,0.4,1750,262,Regional,99.62175741261892,100.0,99.62175741261892,True,0.301157315771317,13
Madrid,network,Morning,30,0.5,1750,262,Population,75.71701702789392,76.04679808832633,75.71701702789392,False,0.17242407728788567,156
Madrid,network,Morning,30,0.5,1750,262,Uniform,98.84107504651318,99.79020996481746,98.84107504651318,False,0.2747246567548496,24
Madrid,network,Morning,30,0.5,1750,262,Shared,98.85165391296415,99.56038579407337,98.85165391296415,False,0.301442214006758,25
Madrid,network,Morning,30,0.5,1750,262,Pooled,99.71664999072715,99.49989444924302,99.49989444924302,True,0.2899918323273687,11
Madrid,network,Morning,30,0.5,1750,262,Local,100.0,98.68466091974454,98.68466091974454,False,0.31963883906715745,0
Madrid,network,Morning,30,0.5,1750,262,Regional,98.14153746719444,100.00000000000001,98.14153746719444,False,0.26152119740196944,27
Madrid,network,Morning,30,0.6,1750,262,Population,81.65035852157746,82.49641118531032,81.65035852157746,False,0.17242407728788567,123
Madrid,network,Morning,30,0.6,1750,262,Uniform,98.44076701165194,99.35710859525044,98.44076701165194,False,0.2582004313461429,37
Madrid,network,Morning,30,0.6,1750,262,Shared,98.72977101747081,98.8628375494978,98.72977101747081,False,0.2960806653390146,32
Madrid,network,Morning,30,0.6,1750,262,Pooled,99.33348246388158,99.12782773227508,99.12782773227508,True,0.29256958596835414,22
Madrid,network,Morning,30,0.6,1750,262,Local,100.0,97.27134974762222,97.27134974762222,False,0.336542446186895,0
Madrid,network,Morning,30,0.6,1750,262,Regional,96.72911666320853,100.0,96.72911666320853,False,0.2461774464928865,48
Madrid,network,Morning,30,0.7,1750,262,Population,87.96042083259992,89.25190719547308,87.96042083259992,False,0.17242407728788567,87
Madrid,network,Morning,30,0.7,1750,262,Uniform,98.50167911081738,99.25207011904229,98.50167911081738,False,0.22454264560943443,39
Madrid,network,Morning,30,0.7,1750,262,Shared,98.66701355764768,98.69923811451704,98.66701355764768,False,0.2519325376927511,30
Madrid,network,Morning,30,0.7,1750,262,Pooled,99.06183652811711,99.27106679526541,99.06183652811711,True,0.23221296065580466,26
Madrid,network,Morning,30,0.7,1750,262,Local,100.0,96.51616212242983,96.51616212242983,False,0.3044263301028009,0
Madrid,network,Morning,30,0.7,1750,262,Regional,96.75190407576548,100.0,96.75190407576548,False,0.18196737026308799,49
Madrid,network,Morning,30,1.0,1750,262,Population,97.48894798104398,99.01401369922706,97.48894798104398,False,0.17242407728788567,51
Madrid,network,Morning,30,1.0,1750,262,Uniform,97.48894798104398,99.01401369922706,97.48894798104398,False,0.17242407728788567,51
Madrid,network,Morning,30,1.0,1750,262,Shared,98.49268280118818,98.45146854394552,98.45146854394552,False,0.19427148715160492,38
Madrid,network,Morning,30,1.0,1750,262,Pooled,98.9260337539708,98.84261570012546,98.84261570012546,False,0.18282110547221558,35
Madrid,network,Morning,30,1.0,1750,262,Local,100.0,94.7631576743104,94.7631576743104,False,0.27062619683061495,0
Madrid,network,Morning,30,1.0,1750,262,Regional,95.13325847522897,100.00000000000001,95.13325847522897,False,0.14039064689125347,63
Madrid,network,Morning,32,0.1,1750,262,Population,83.7684125007846,83.77467572703947,83.7684125007846,False,0.17242407728788567,97
Madrid,network,Morning,32,0.1,1750,262,Uniform,100.0,99.99999999999997,99.99999999999997,True,0.2229073927753739,0
Madrid,network,Morning,32,0.1,1750,262,Shared,99.99977382005906,99.99977378496934,99.99977378496934,True,0.21909059888224414,1
Madrid,network,Morning,32,0.1,1750,262,Pooled,100.0,100.0,100.0,True,0.2229073927753739,0
Madrid,network,Morning,32,0.1,1750,262,Local,100.0,100.0,100.0,True,0.2229073927753739,0
Madrid,network,Morning,32,0.1,1750,262,Regional,100.0,100.0,100.0,True,0.2229073927753739,0
Madrid,network,Morning,32,0.2,1750,262,Population,67.61745898121919,67.6744992243251,67.61745898121919,False,0.17242407728788567,155
Madrid,network,Morning,32,0.2,1750,262,Uniform,99.99800496624857,100.0,99.99800496624857,True,0.24356473479069804,1
Madrid,network,Morning,32,0.2,1750,262,Shared,99.99800496624857,100.0,99.99800496624857,True,0.24356473479069804,1
Madrid,network,Morning,32,0.2,1750,262,Pooled,99.99800496624857,100.0,99.99800496624857,True,0.24356473479069804,1
Madrid,network,Morning,32,0.2,1750,262,Local,99.99999999999999,99.99740588039883,99.99740588039883,True,0.243564734790698,0
Madrid,network,Morning,32,0.2,1750,262,Regional,99.99800496624857,100.0,99.99800496624857,True,0.24356473479069804,1
Madrid,network,Morning,32,0.3,1750,262,Population,57.6052946686985,57.83337854731749,57.6052946686985,False,0.17242407728788567,174
Madrid,network,Morning,32,0.3,1750,262,Uniform,99.99464905183115,100.0,99.99464905183115,True,0.26661307809772183,2
Madrid,network,Morning,32,0.3,1750,262,Shared,99.99293701476482,99.99775989071816,99.99293701476482,True,0.26661307809772183,2
Madrid,network,Morning,32,0.3,1750,262,Pooled,99.99464905183115,100.0,99.99464905183115,True,0.26661307809772183,2
Madrid,network,Morning,32,0.3,1750,262,Local,100.0,99.96989768991983,99.96989768991983,True,0.2742466658839814,0
Madrid,network,Morning,32,0.3,1750,262,Regional,99.99464905183115,100.0,99.99464905183115,True,0.26661307809772183,2
Madrid,network,Morning,32,0.4,1750,262,Population,52.61741535968702,52.96311683762465,52.61741535968702,False,0.17242407728788567,185
Madrid,network,Morning,32,0.4,1750,262,Uniform,99.97982678445742,99.98872927845859,99.97982678445742,True,0.327569158500756,2
Madrid,network,Morning,32,0.4,1750,262,Shared,99.9165845319311,99.98257486446533,99.9165845319311,True,0.3313859523938858,3
Madrid,network,Morning,32,0.4,1750,262,Pooled,99.98463052012644,99.98499560867302,99.98463052012644,True,0.3313859523938858,1
Madrid,network,Morning,32,0.4,1750,262,Local,100.0,99.96082268466779,99.96082268466779,True,0.3352027462870156,0
Madrid,network,Morning,32,0.4,1750,262,Regional,99.89377156317863,100.0,99.89377156317863,True,0.3237523646076263,4
Madrid,network,Morning,32,0.5,1750,262,Population,51.18131934617787,51.57652781375406,51.18131934617787,False,0.17242407728788567,201
Madrid,network,Morning,32,0.5,1750,262,Uniform,99.92922314552585,99.9751248377749,99.92922314552585,True,0.32375236460762624,4
Madrid,network,Morning,32,0.5,1750,262,Shared,99.9287144429229,99.97651762167516,99.9287144429229,True,0.3275691585007561,4
Madrid,network,Morning,32,0.5,1750,262,Pooled,99.97772072538409,99.96712573919646,99.96712573919646,True,0.32756915850075596,3
Madrid,network,Morning,32,0.5,1750,262,Local,100.0,99.89160156080925,99.89160156080925,True,0.3313859523938858,0
Madrid,network,Morning,32,0.5,1750,262,Regional,99.89223576783773,100.0,99.89223576783773,True,0.3278748730232254,5
Madrid,network,Morning,32,0.6,1750,262,Population,53.98134097832266,54.686742986341706,53.98134097832266,False,0.17242407728788567,197
Madrid,network,Morning,32,0.6,1750,262,Uniform,98.75131476080956,99.70103625669947,98.75131476080956,False,0.33169166691635515,22
Madrid,network,Morning,32,0.6,1750,262,Shared,98.54538022784902,99.75831002298708,98.54538022784902,False,0.33845591988140855,23
Madrid,network,Morning,32,0.6,1750,262,Pooled,99.49474615274006,99.41332232451221,99.41332232451221,True,0.33932525470261476,14
Madrid,network,Morning,32,0.6,1750,262,Local,100.0,98.2692586080933,98.2692586080933,False,0.3545924302751339,0
Madrid,network,Morning,32,0.6,1750,262,Regional,98.05387232172205,100.0,98.05387232172205,False,0.31642449134383605,24
Madrid,network,Morning,32,0.7,1750,262,Population,63.067241503133886,64.91100100081346,63.067241503133886,False,0.17242407728788567,154
Madrid,network,Morning,32,0.7,1750,262,Uniform,97.75863248982527,98.75530407643514,97.75863248982527,False,0.28903151413852013,38
Madrid,network,Morning,32,0.7,1750,262,Shared,96.83378962388493,98.98070014021542,96.83378962388493,False,0.29284830803164996,44
Madrid,network,Morning,32,0.7,1750,262,Pooled,99.16264689770234,98.40748215059101,98.40748215059101,False,0.30429868971103924,24
Madrid,network,Morning,32,0.7,1750,262,Local,100.0,96.07582398368561,96.07582398368561,False,0.3421159193064802,0
Madrid,network,Morning,32,0.7,1750,262,Regional,94.36972623246353,100.0,94.36972623246353,False,0.25849716299348197,56
Madrid,network,Morning,32,1.0,1750,262,Population,93.87873912891519,97.56379602774263,93.87873912891519,False,0.17242407728788567,71
Madrid,network,Morning,32,1.0,1750,262,Uniform,93.87873912891519,97.56379602774263,93.87873912891519,False,0.17242407728788567,71
Madrid,network,Morning,32,1.0,1750,262,Shared,95.53116226984056,96.47587045504758,95.53116226984056,False,0.215334868294909,62
Madrid,network,Morning,32,1.0,1750,262,Pooled,97.14305176581101,97.18802820427958,97.14305176581101,False,0.1999544970362331,49
Madrid,network,Morning,32,1.0,1750,262,Local,100.0,88.7139484436413,88.7139484436413,False,0.3257161766732031,0
Madrid,network,Morning,32,1.0,1750,262,Regional,86.72249876314287,100.0,86.72249876314287,False,0.15129893981021486,96
Madrid,network,Afternoon,28,0.1,1750,262,Population,99.20026613099638,99.21758889286191,99.20026613099638,True,0.17242407728788567,26
Madrid,network,Afternoon,28,0.1,1750,262,Uniform,99.99126296851686,99.99445623124099,99.99126296851686,True,0.19314908661925703,1
Madrid,network,Afternoon,28,0.1,1750,262,Shared,99.98042242009699,99.99547327769615,99.98042242009699,True,0.18933229272612725,3
Madrid,network,Afternoon,28,0.1,1750,262,Pooled,100.0,99.99789431108468,99.99789431108468,True,0.18933229272612728,0
Madrid,network,Afternoon,28,0.1,1750,262,Local,100.0,99.99789431108468,99.99789431108468,True,0.18933229272612728,0
Madrid,network,Afternoon,28,0.1,1750,262,Regional,99.9942493501683,100.0,99.9942493501683,True,0.1855154988329975,1
Madrid,network,Afternoon,28,0.2,1750,262,Population,99.2974082523059,99.2963693923952,99.2963693923952,True,0.17242407728788567,26
Madrid,network,Afternoon,28,0.2,1750,262,Uniform,99.97681227194853,99.98071135530154,99.97681227194853,True,0.2083982526077328,3
Madrid,network,Afternoon,28,0.2,1750,262,Shared,99.98169197194001,99.97828679424734,99.97828679424734,True,0.2083982526077328,4
Madrid,network,Afternoon,28,0.2,1750,262,Pooled,99.99956909771639,99.99611514069608,99.99611514069608,True,0.20076466482147323,1
Madrid,network,Afternoon,28,0.2,1750,262,Local,100.0,99.9875327253346,99.9875327253346,True,0.19694787092834345,0
Madrid,network,Afternoon,28,0.2,1750,262,Regional,99.99313899972863,100.0,99.99313899972863,True,0.20076466482147323,2
Madrid,network,Afternoon,28,0.3,1750,262,Population,99.46254400996207,99.4363725285546,99.4363725285546,True,0.17242407728788567,23
Madrid,network,Afternoon,28,0.3,1750,262,Uniform,99.99617378119692,99.9954869335913,99.9954869335913,True,0.18081136053461824,2
Madrid,network,Afternoon,28,0.3,1750,262,Shared,99.99069087915746,99.98754063777734,99.98754063777734,True,0.1769945666414885,4
Madrid,network,Afternoon,28,0.3,1750,262,Pooled,99.99564630090296,99.99999999999999,99.99564630090296,True,0.1769945666414885,2
Madrid,network,Afternoon,28,0.3,1750,262,Local,100.0,99.97026682190231,99.97026682190231,True,0.18081136053461824,0
Madrid,network,Afternoon,28,0.3,1750,262,Regional,99.99564630090296,99.99999999999999,99.99564630090296,True,0.1769945666414885,2
Madrid,network,Afternoon,28,0.4,1750,262,Population,99.68868190068896,99.65569207183925,99.65569207183925,True,0.17242407728788567,19
Madrid,network,Afternoon,28,0.4,1750,262,Uniform,99.96938263721506,99.97801710214621,99.96938263721506,True,0.18920108745592706,5
Madrid,network,Afternoon,28,0.4,1750,262,Shared,99.98099483789102,99.97737802247788,99.97737802247788,True,0.18156749966966754,5
Madrid,network,Afternoon,28,0.4,1750,262,Pooled,99.99277973902625,99.9874904404208,99.9874904404208,True,0.17775070577653776,3
Madrid,network,Afternoon,28,0.4,1750,262,Local,100.00000000000001,99.9649200485273,99.9649200485273,True,0.1759927040793682,0
Madrid,network,Afternoon,28,0.4,1750,262,Regional,99.96089458047167,100.0,99.96089458047167,True,0.18156749966966754,5
Madrid,network,Afternoon,28,0.5,1750,262,Population,99.83357437388467,99.8409743093056,99.83357437388467,True,0.17242407728788567,11
Madrid,network,Afternoon,28,0.5,1750,262,Uniform,99.97866273824256,99.97846876898384,99.97846876898384,True,0.17599270407936818,4
Madrid,network,Afternoon,28,0.5,1750,262,Shared,99.98019518905299,99.97898335583511,99.97898335583511,True,0.16860728339475592,4
Madrid,network,Afternoon,28,0.5,1750,262,Pooled,99.9928256191867,99.98847224737135,99.98847224737135,True,0.16760731710246438,3
Madrid,network,Afternoon,28,0.5,1750,262,Local,100.0,99.94863705862275,99.94863705862275,True,0.1714241109955941,0
Madrid,network,Afternoon,28,0.5,1750,262,Regional,99.9791119201208,100.0,99.9791119201208,True,0.17142411099559413,4
Madrid,network,Afternoon,28,0.6,1750,262,Population,99.91580149870224,99.92957337378051,99.91580149870224,True,0.17242407728788567,6
Madrid,network,Afternoon,28,0.6,1750,262,Uniform,99.95941536209219,99.9852396604892,99.95941536209219,True,0.1759927040793682,5
Madrid,network,Afternoon,28,0.6,1750,262,Shared,99.9939597216491,99.98444779744271,99.98444779744271,True,0.17524090488872385,2
Madrid,network,Afternoon,28,0.6,1750,262,Pooled,99.99350182962759,99.9853636508228,99.9853636508228,True,0.17905769878185362,3
Madrid,network,Afternoon,28,0.6,1750,262,Local,100.0,99.95531583082779,99.95531583082779,True,0.17242407728788564,0
Madrid,network,Afternoon,28,0.6,1750,262,Regional,99.93274847670472,100.0,99.93274847670472,True,0.1731821126927637,6
Madrid,network,Afternoon,28,0.7,1750,262,Population,99.93163381154692,99.94033281758438,99.93163381154692,True,0.17242407728788567,4
Madrid,network,Afternoon,28,0.7,1750,262,Uniform,99.96592355661946,99.97068981977763,99.96592355661946,True,0.17317587647853003,4
Madrid,network,Afternoon,28,0.7,1750,262,Shared,99.98832054623759,99.97115030001522,99.97115030001522,True,0.17524090488872385,3
Madrid,network,Afternoon,28,0.7,1750,262,Pooled,99.98385319835147,99.98174338973917,99.98174338973917,True,0.17524090488872385,3
Madrid,network,Afternoon,28,0.7,1750,262,Local,100.0,99.94454235902914,99.94454235902914,True,0.17242407728788567,0
Madrid,network,Afternoon,28,0.7,1750,262,Regional,99.92920198556173,99.99999999999999,99.92920198556173,True,0.1693653187996339,7
Madrid,network,Afternoon,28,1.0,1750,262,Population,99.97460810390207,99.9748670287406,99.97460810390207,True,0.17242407728788567,4
Madrid,network,Afternoon,28,1.0,1750,262,Uniform,99.97460810390207,99.9748670287406,99.97460810390207,True,0.17242407728788567,4
Madrid,network,Afternoon,28,1.0,1750,262,Shared,99.99002756651386,99.9738357053458,99.9738357053458,True,0.17524090488872385,3
Madrid,network,Afternoon,28,1.0,1750,262,Pooled,99.97970190711712,99.98528363422523,99.97970190711712,True,0.17142411099559407,4
Madrid,network,Afternoon,28,1.0,1750,262,Local,100.0,99.92891106403704,99.92891106403704,True,0.1686072833947559,0
Madrid,network,Afternoon,28,1.0,1750,262,Regional,99.93306618063913,100.0,99.93306618063913,True,0.16173173101337435,7
Madrid,network,Afternoon,30,0.1,1750,262,Population,98.1773696771984,98.17002714436984,98.17002714436984,False,0.17242407728788567,42
Madrid,network,Afternoon,30,0.1,1750,262,Uniform,99.99966086575883,99.99715469867198,99.99715469867198,True,0.197835215333593,1
Madrid,network,Afternoon,30,0.1,1750,262,Shared,99.99022832779853,99.98765731709375,99.98765731709375,True,0.20165200922672272,3
Madrid,network,Afternoon,30,0.1,1750,262,Pooled,99.99999999999999,99.99831445000926,99.99831445000926,True,0.19401842144046322,0
Madrid,network,Afternoon,30,0.1,1750,262,Local,99.99999999999999,99.99831445000927,99.99831445000927,True,0.19401842144046322,0
Madrid,network,Afternoon,30,0.1,1750,262,Regional,99.99747571572948,99.99999999999999,99.99747571572948,True,0.19783521533359294,1
Madrid,network,Afternoon,30,0.2,1750,262,Population,98.22055630770333,98.20889235561022,98.20889235561022,False,0.17242407728788567,44
Madrid,network,Afternoon,30,0.2,1750,262,Uniform,99.9862077635759,99.98466819636192,99.98466819636192,True,0.2169191847992418,2
Madrid,network,Afternoon,30,0.2,1750,262,Shared,99.97208812214305,99.9767898054762,99.97208812214305,True,0.21464406055872648,5
Madrid,network,Afternoon,30,0.2,1750,262,Pooled,99.9910829478778,99.98996494822977,99.98996494822977,True,0.21464406055872645,2
Madrid,network,Afternoon,30,0.2,1750,262,Local,100.0,99.97385437726443,99.97385437726443,True,0.21846085445185623,0
Madrid,network,Afternoon,30,0.2,1750,262,Regional,99.95002670764751,100.0,99.95002670764751,True,0.21310239090611202,5
Madrid,network,Afternoon,30,0.3,1750,262,Population,98.60322137884025,98.57681103423079,98.57681103423079,False,0.17242407728788567,38
Madrid,network,Afternoon,30,0.3,1750,262,Uniform,99.98923096601904,99.98979256576739,99.98923096601904,True,0.19783521533359288,3
Madrid,network,Afternoon,30,0.3,1750,262,Shared,99.98999696237064,99.99145023426384,99.98999696237064,True,0.19401842144046313,3
Madrid,network,Afternoon,30,0.3,1750,262,Pooled,99.99951865698387,99.99346020511337,99.99346020511337,True,0.18638483365420358,1
Madrid,network,Afternoon,30,0.3,1750,262,Local,100.0,99.98177674292707,99.98177674292707,True,0.18638483365420358,0
Madrid,network,Afternoon,30,0.3,1750,262,Regional,99.97777262991946,100.0,99.97777262991946,True,0.18256803976107383,4
Madrid,network,Afternoon,30,0.4,1750,262,Population,99.12454809956145,99.06357023888363,99.06357023888363,True,0.17242407728788567,32
Madrid,network,Afternoon,30,0.4,1750,262,Uniform,99.99052695185748,99.98805831666282,99.98805831666282,True,0.1825680397610738,2
Madrid,network,Afternoon,30,0.4,1750,262,Shared,99.98528046251882,99.98206570069112,99.98206570069112,True,0.1816987049398677,2
Madrid,network,Afternoon,30,0.4,1750,262,Pooled,99.99816610573768,99.98673286601563,99.98673286601563,True,0.17875124586794405,1
Madrid,network,Afternoon,30,0.4,1750,262,Local,100.00000000000001,99.98456404482242,99.98456404482242,True,0.17875124586794405,0
Madrid,network,Afternoon,30,0.4,1750,262,Regional,99.97063538564238,100.0,99.97063538564238,True,0.17875124586794405,4
Madrid,network,Afternoon,30,0.5,1750,262,Population,99.56237803929605,99.56047671266785,99.56047671266785,True,0.17242407728788567,20
Madrid,network,Afternoon,30,0.5,1750,262,Uniform,99.96738064288364,99.94953630133678,99.94953630133678,True,0.18933039645629854,6
Madrid,network,Afternoon,30,0.5,1750,262,Shared,99.97348924412339,99.95851884603236,99.95851884603236,True,0.17788001477690923,5
Madrid,network,Afternoon,30,0.5,1750,262,Pooled,99.98335296192612,99.98416761110586,99.98335296192612,True,0.17788001477690923,4
Madrid,network,Afternoon,30,0.5,1750,262,Local,100.0,99.93129332902127,99.93129332902127,True,0.17406322088377946,0
Madrid,network,Afternoon,30,0.5,1750,262,Regional,99.93567127029023,99.99999999999999,99.93567127029023,True,0.19214722405713675,9
Madrid,network,Afternoon,30,0.6,1750,262,Population,99.79099305998791,99.81404227542883,99.79099305998791,True,0.17242407728788567,8
Madrid,network,Afternoon,30,0.6,1750,262,Uniform,99.97452227703616,99.96480964147068,99.96480964147068,True,0.18362629186562773,5
Madrid,network,Afternoon,30,0.6,1750,262,Shared,99.97946170558139,99.97875745971326,99.97875745971326,True,0.18287449267498343,4
Madrid,network,Afternoon,30,0.6,1750,262,Pooled,99.9887095367285,99.98350315229422,99.98350315229422,True,0.17905769878185362,2
Madrid,network,Afternoon,30,0.6,1750,262,Local,100.0,99.92400027546331,99.92400027546331,True,0.18005766507414517,0
Madrid,network,Afternoon,30,0.6,1750,262,Regional,99.92559463271786,100.0,99.92559463271786,True,0.1759927040793682,6
Madrid,network,Afternoon,30,0.7,1750,262,Population,99.8592682326145,99.86974776728991,99.8592682326145,True,0.17242407728788567,6
Madrid,network,Afternoon,30,0.7,1750,262,Uniform,99.95817051383852,99.96807442207663,99.95817051383852,True,0.17599270407936823,6
Madrid,network,Afternoon,30,0.7,1750,262,Shared,99.97612167774798,99.97218483952095,99.97218483952095,True,0.17242407728788567,4
Madrid,network,Afternoon,30,0.7,1750,262,Pooled,99.97609472993295,99.97730825828135,99.97609472993295,True,0.17905769878185362,4
Madrid,network,Afternoon,30,0.7,1750,262,Local,100.0,99.88612547785327,99.88612547785327,True,0.18005766507414517,0
Madrid,network,Afternoon,30,0.7,1750,262,Regional,99.9041459080971,100.0,99.9041459080971,True,0.1693653187996339,8
Madrid,network,Afternoon,30,1.0,1750,262,Population,99.97363885044665,99.96620782999787,99.96620782999787,True,0.17242407728788567,4
Madrid,network,Afternoon,30,1.0,1750,262,Uniform,99.97363885044665,99.96620782999787,99.96620782999787,True,0.17242407728788567,4
Madrid,network,Afternoon,30,1.0,1750,262,Shared,99.97547768047536,99.9710751605438,99.9710751605438,True,0.1676073171024643,4
Madrid,network,Afternoon,30,1.0,1750,262,Pooled,99.97737592966905,99.97643968974728,99.97643968974728,True,0.1686072833947559,4
Madrid,network,Afternoon,30,1.0,1750,262,Local,100.0,99.91581794430573,99.91581794430573,True,0.1686072833947559,0
Madrid,network,Afternoon,30,1.0,1750,262,Regional,99.90043958384261,99.99999999999999,99.90043958384261,True,0.16173173101337435,8
Madrid,network,Afternoon,32,0.1,1750,262,Population,95.93616243152417,95.92291137685258,95.92291137685258,False,0.17242407728788567,60
Madrid,network,Afternoon,32,0.1,1750,262,Uniform,99.98008050067413,99.9826440225141,99.98008050067413,True,0.2270218819298067,2
Madrid,network,Afternoon,32,0.1,1750,262,Shared,99.95048339881468,99.93126101768921,99.93126101768921,True,0.23083867582293643,5
Madrid,network,Afternoon,32,0.1,1750,262,Pooled,99.98937705018352,99.98827240494333,99.98827240494333,True,0.22455277258550138,2
Madrid,network,Afternoon,32,0.1,1750,262,Local,100.0,99.94244684829792,99.94244684829792,True,0.2207359786923716,0
Madrid,network,Afternoon,32,0.1,1750,262,Regional,99.9298873156081,100.0,99.9298873156081,True,0.21938829414354713,6
Madrid,network,Afternoon,32,0.2,1750,262,Population,95.31705541767008,95.14736042804726,95.14736042804726,False,0.17242407728788567,74
Madrid,network,Afternoon,32,0.2,1750,262,Uniform,99.95796667131616,99.91837184414102,99.91837184414102,True,0.238472263609196,7
Madrid,network,Afternoon,32,0.2,1750,262,Shared,99.8375838062384,99.93325237173968,99.8375838062384,True,0.22702188192980668,13
Madrid,network,Afternoon,32,0.2,1750,262,Pooled,99.96217437681861,99.96808641485562,99.96217437681861,True,0.22702188192980668,5
Madrid,network,Afternoon,32,0.2,1750,262,Local,100.0,99.86834603187211,99.86834603187211,True,0.22702188192980668,0
Madrid,network,Afternoon,32,0.2,1750,262,Regional,99.89722278793681,100.0,99.89722278793681,True,0.23465546971606624,9
Madrid,network,Afternoon,32,0.3,1750,262,Population,96.26032030101014,96.07360093335096,96.07360093335096,False,0.17242407728788567,64
Madrid,network,Afternoon,32,0.3,1750,262,Uniform,99.87543623716499,99.93310411506559,99.87543623716499,True,0.20030432467789833,12
Madrid,network,Afternoon,32,0.3,1750,262,Shared,99.82426817990954,99.80230283774821,99.80230283774821,True,0.17647612162742873,14
Madrid,network,Afternoon,32,0.3,1750,262,Pooled,99.92153099619722,99.96516612271094,99.92153099619722,True,0.19556009109307762,8
Madrid,network,Afternoon,32,0.3,1750,262,Local,100.0,99.66887673403892,99.66887673403892,True,0.19761888328903782,0
Madrid,network,Afternoon,32,0.3,1750,262,Regional,99.80326145996321,100.0,99.80326145996321,True,0.19174329719994782,14
Madrid,network,Afternoon,32,0.4,1750,262,Population,97.43341917647611,97.26959053123169,97.26959053123169,False,0.17242407728788567,51
Madrid,network,Afternoon,32,0.4,1750,262,Uniform,99.86848497757815,99.87761567905545,99.86848497757815,True,0.20097658927331516,10
Madrid,network,Afternoon,32,0.4,1750,262,Shared,99.81996964906884,99.88744350608245,99.81996964906884,True,0.18060724463596858,13
Madrid,network,Afternoon,32,0.4,1750,262,Pooled,99.89141977949302,99.9685747338161,99.89141977949302,True,0.1834342894602807,9
Madrid,network,Afternoon,32,0.4,1750,262,Local,100.0,99.72364208339928,99.72364208339928,True,0.17961749556715093,0
Madrid,network,Afternoon,32,0.4,1750,262,Regional,99.72819942355564,100.0,99.72819942355564,True,0.17338969720020064,14
Madrid,network,Afternoon,32,0.5,1750,262,Population,98.58959445010773,98.56636288899637,98.56636288899637,False,0.17242407728788567,33
Madrid,network,Afternoon,32,0.5,1750,262,Uniform,99.83838881402522,99.89081005454331,99.83838881402522,True,0.19139108492208745,12
Madrid,network,Afternoon,32,0.5,1750,262,Shared,99.90591997371216,99.89306819579863,99.89306819579863,True,0.173848785109053,9
Madrid,network,Afternoon,32,0.5,1750,262,Pooled,99.96100494578752,99.9210685167225,99.9210685167225,True,0.17384878510905302,5
Madrid,network,Afternoon,32,0.5,1750,262,Local,100.0,99.80367212872557,99.80367212872557,True,0.16721516361508507,0
Madrid,network,Afternoon,32,0.5,1750,262,Regional,99.72761177559538,100.0,99.72761177559538,True,0.18921909703997045,13
Madrid,network,Afternoon,32,0.6,1750,262,Population,99.28441178620156,99.37195266760092,99.28441178620156,True,0.17242407728788567,16
Madrid,network,Afternoon,32,0.6,1750,262,Uniform,99.84115053536829,99.85186001572598,99.84115053536829,True,0.19314719034942832,11
Madrid,network,Afternoon,32,0.6,1750,262,Shared,99.90933864155944,99.88029805427445,99.88029805427445,True,0.17907570836589695,8
Madrid,network,Afternoon,32,0.6,1750,262,Pooled,99.93854299972999,99.91070721039077,99.91070721039077,True,0.17612824929397328,7
Madrid,network,Afternoon,32,0.6,1750,262,Local,100.0,99.75569235572927,99.75569235572927,True,0.17253727297404248,0
Madrid,network,Afternoon,32,0.6,1750,262,Regional,99.64185787588343,100.0,99.64185787588343,True,0.17482125628865747,14
Madrid,network,Afternoon,32,0.7,1750,262,Population,99.4524856530355,99.51696773538482,99.4524856530355,True,0.17242407728788567,15
Madrid,network,Afternoon,32,0.7,1750,262,Uniform,99.79775933167315,99.78397855578578,99.78397855578578,True,0.1769926703716598,12
Madrid,network,Afternoon,32,0.7,1750,262,Shared,99.86981824639513,99.86238998226325,99.86238998226325,True,0.17437157006751772,10
Madrid,network,Afternoon,32,0.7,1750,262,Pooled,99.88308925455719,99.9067412648206,99.88308925455719,True,0.16479048950162614,9
Madrid,network,Afternoon,32,0.7,1750,262,Local,100.0,99.64286437200822,99.64286437200822,True,0.17556545122760786,0
Madrid,network,Afternoon,32,0.7,1750,262,Regional,99.57441338471818,100.0,99.57441338471818,True,0.16086239619216822,18
Madrid,network,Afternoon,32,1.0,1750,262,Population,99.77084642628698,99.81140591512501,99.77084642628698,True,0.17242407728788567,12
Madrid,network,Afternoon,32,1.0,1750,262,Uniform,99.77084642628698,99.81140591512501,99.77084642628698,True,0.17242407728788567,12
Madrid,network,Afternoon,32,1.0,1750,262,Shared,99.88908436949443,99.79281278101071,99.79281278101071,True,0.16666658549444702,12
Madrid,network,Afternoon,32,1.0,1750,262,Pooled,99.85164485550479,99.8912206346118,99.85164485550479,True,0.16292118838812839,10
Madrid,network,Afternoon,32,1.0,1750,262,Local,100.0,99.55975702924916,99.55975702924916,True,0.17241454138567827,0
Madrid,network,Afternoon,32,1.0,1750,262,Regional,99.42962042759052,100.0,99.42962042759052,True,0.14559522061964913,21
