CUSEC,poblacion,pob_65,pct_65,pct_unipersonal,dist_m,t_min_A,t_min_B,servida_A,servida_B,alcanzable,frac_C_uniforme_manana_10_12,frac_C_uniforme_manana_10_12_u32,frac_C2_uniforme_diaria_manana_10_12,frac_C2_uniforme_diaria_manana_10_12_u32,frac_D_observada_manana_10_12,frac_D_observada_manana_10_12_u32,delta_manana_10_12,frac_C_uniforme_tarde_16_18,frac_C_uniforme_tarde_16_18_u32,frac_C2_uniforme_diaria_tarde_16_18,frac_C2_uniforme_diaria_tarde_16_18_u32,frac_D_observada_tarde_16_18,frac_D_observada_tarde_16_18_u32,delta_tarde_16_18,distrito,previous_reachable,origin_node,origin_snap_m
4625001001,873.0,186.822,21.4,45.7,211.30947910816255,2.817459721442168,3.9131385020030094,True,True,True,0.8459627329192546,0.951552795031056,0.8527950310559006,0.951552795031056,0.8360248447204969,0.9490683229813665,-0.0099378881987577,0.7726708074534161,0.9322981366459628,0.768944099378882,0.929192546583851,0.7490683229813665,0.9260869565217392,-0.0236024844720496,1,True,60707942,38.885060470107
4625001002,1067.0,195.261,18.3,39.7,408.3277179512035,5.444369572682715,7.561624406503769,True,True,True,0.8459627329192546,0.951552795031056,0.8527950310559006,0.951552795031056,0.8354037267080745,0.9490683229813665,-0.0105590062111801,0.7726708074534161,0.9322981366459628,0.768944099378882,0.929192546583851,0.7484472049689441,0.9260869565217392,-0.0242236024844719,1,True,90694064,33.134154571594706
4625001003,1000.0,196.0,19.6,44.9,453.97763637578817,6.053035151677176,8.406993266218299,True,True,True,0.8459627329192546,0.951552795031056,0.8527950310559006,0.951552795031056,0.8347826086956521,0.948447204968944,-0.0111801242236024,0.7726708074534161,0.9322981366459628,0.768944099378882,0.929192546583851,0.7484472049689441,0.9267080745341616,-0.0242236024844719,1,True,79451210,26.276434908345134
4625001005,1074.0,245.946,22.9,43.0,116.13501354507784,1.548466847267704,2.1506483989829226,True,True,True,0.8459627329192546,0.951552795031056,0.8527950310559006,0.951552795031056,0.8366459627329192,0.9496894409937888,-0.0093167701863353,0.7726708074534161,0.9322981366459628,0.768944099378882,0.929192546583851,0.7496894409937889,0.9267080745341616,-0.0229813664596272,1,True,60707895,23.865475778406427
4625001007,803.0,186.296,23.2,40.4,478.1318516695837,6.375091355594449,8.854293549436735,True,True,True,0.8459627329192546,0.951552795031056,0.8527950310559006,0.951552795031056,0.837888198757764,0.9496894409937888,-0.0080745341614906,0.7726708074534161,0.9322981366459628,0.768944099378882,0.929192546583851,0.753416149068323,0.927329192546584,-0.0192546583850931,1,True,7580117485,27.364124736278015
4625001008,997.0,199.4,20.0,37.3,285.92014070789975,3.8122685427719967,5.294817420516663,True,True,True,0.8459627329192546,0.951552795031056,0.8527950310559006,0.951552795031056,0.8391304347826087,0.9496894409937888,-0.0068322981366458,0.7726708074534161,0.9322981366459628,0.768944099378882,0.929192546583851,0.7559006211180124,0.9279503105590062,-0.0167701863354037,1,True,60707987,5.413053696285817
4625001009,1102.0,281.01,25.5,32.4,643.7849796534426,8.58379972871257,11.921944067656348,True,True,True,0.8459627329192546,0.951552795031056,0.8527950310559006,0.951552795031056,0.8453416149068324,0.9503105590062112,-0.0006211180124222,0.7726708074534161,0.9322981366459628,0.768944099378882,0.929192546583851,0.7614906832298136,0.9298136645962732,-0.0111801242236024,1,True,12400873409,48.58910749690285
4625001010,1043.0,193.998,18.6,44.0,720.8091352320498,9.610788469760667,13.348317319112034,True,True,True,0.8459627329192546,0.951552795031056,0.8527950310559006,0.951552795031056,0.8173913043478261,0.9409937888198758,-0.0285714285714284,0.7726708074534161,0.9322981366459628,0.768944099378882,0.929192546583851,0.7354037267080745,0.920496894409938,-0.0372670807453415,1,True,191777641,26.078424845131398
4625001011,1430.0,278.85,19.5,44.9,676.7281410975042,9.023041881300058,12.532002612916749,True,True,True,0.8459627329192546,0.951552795031056,0.8527950310559006,0.951552795031056,0.8322981366459627,0.9478260869565216,-0.0136645962732918,0.7726708074534161,0.9322981366459628,0.768944099378882,0.929192546583851,0.7434782608695653,0.9267080745341616,-0.0291925465838508,1,True,95191110,18.505025310018084
4625001012,885.0,93.81,10.6,43.1,411.23165486399176,5.4830887315198895,7.615401015999847,True,True,True,0.8459627329192546,0.951552795031056,0.8527950310559006,0.951552795031056,0.8180124223602484,0.9440993788819876,-0.0279503105590062,0.7726708074534161,0.9322981366459628,0.768944099378882,0.929192546583851,0.7341614906832298,0.922360248447205,-0.0385093167701863,1,True,2944745311,21.7554858804342
4625001013,1429.0,328.67,23.0,38.6,301.1415350492258,4.015220467323011,5.576695093504182,True,True,True,0.8459627329192546,0.951552795031056,0.8527950310559006,0.951552795031056,0.8254658385093168,0.9453416149068324,-0.0204968944099378,0.7726708074534161,0.9322981366459628,0.768944099378882,0.929192546583851,0.739751552795031,0.9254658385093169,-0.032919254658385,1,True,83885140,14.675700250650364
4625001014,874.0,106.628,12.2,47.0,553.8991331246237,7.385321774994984,10.2573913541597,True,True,True,0.8459627329192546,0.951552795031056,0.8527950310559006,0.951552795031056,0.8279503105590063,0.9465838509316772,-0.0180124223602483,0.7726708074534161,0.9322981366459628,0.768944099378882,0.929192546583851,0.7428571428571429,0.9260869565217392,-0.0298136645962732,1,True,95191560,8.695627447200236
4625001017,726.0,198.924,27.4,44.4,291.49759150041336,3.886634553338844,5.3981035463039495,True,True,True,0.8459627329192546,0.951552795031056,0.8527950310559006,0.951552795031056,0.8248447204968944,0.9459627329192548,-0.0211180124223602,0.7726708074534161,0.9322981366459628,0.768944099378882,0.929192546583851,0.7391304347826086,0.924223602484472,-0.0335403726708074,1,True,83883026,32.521273280953515
4625001019,2084.0,268.836,12.9,40.1,393.136835190854,5.241824469211385,7.28031176279359,True,True,True,0.8459627329192546,0.951552795031056,0.8527950310559006,0.951552795031056,0.8304347826086956,0.9465838509316772,-0.0155279503105589,0.7726708074534161,0.9322981366459628,0.768944099378882,0.929192546583851,0.7409937888198758,0.9267080745341616,-0.0316770186335403,1,True,603997195,18.576437445354127
4625001022,1438.0,312.046,21.7,41.8,693.4255673059905,9.24567423074654,12.841214209370197,True,True,True,0.8459627329192546,0.951552795031056,0.8527950310559006,0.951552795031056,0.8322981366459627,0.9472049689440992,-0.0136645962732918,0.7726708074534161,0.9322981366459628,0.768944099378882,0.929192546583851,0.7447204968944099,0.9279503105590062,-0.0279503105590062,1,True,29935850,13.59284594595071
4625001023,948.0,157.36800000000002,16.6,44.4,804.9384466926922,10.732512622569232,14.906267531346154,True,True,True,0.8459627329192546,0.951552795031056,0.8527950310559006,0.951552795031056,0.8335403726708075,0.9478260869565216,-0.0124223602484471,0.7726708074534161,0.9322981366459628,0.768944099378882,0.929192546583851,0.7490683229813665,0.927329192546584,-0.0236024844720496,1,True,29935857,11.934358696975917
4625001024,1162.0,226.59,19.5,40.6,544.6029517075225,7.261372689433633,10.085239846435602,True,True,True,0.8459627329192546,0.951552795031056,0.8527950310559006,0.951552795031056,0.8341614906832299,0.9478260869565216,-0.0118012422360247,0.7726708074534161,0.9322981366459628,0.768944099378882,0.929192546583851,0.7447204968944099,0.9267080745341616,-0.0279503105590062,1,True,30378592,18.850995181400858
4625001025,1028.0,188.124,18.3,48.3,563.4094854191017,7.512126472254686,10.43350898924262,True,True,True,0.8459627329192546,0.951552795031056,0.8527950310559006,0.951552795031056,0.8347826086956521,0.948447204968944,-0.0111801242236024,0.7726708074534161,0.9322981366459628,0.768944099378882,0.929192546583851,0.7484472049689441,0.9260869565217392,-0.0242236024844719,1,True,59836756,13.515574783962787
4625001026,1639.0,275.35200000000003,16.8,42.4,763.1977457093731,10.175969942791635,14.133291587210609,True,True,True,0.8459627329192546,0.951552795031056,0.8527950310559006,0.951552795031056,0.8354037267080745,0.948447204968944,-0.0105590062111801,0.7726708074534161,0.9322981366459628,0.768944099378882,0.929192546583851,0.7496894409937889,0.9267080745341616,-0.0229813664596272,1,True,7661412787,16.599777204680976
4625001028,874.0,202.768,23.2,41.1,673.8118093459228,8.984157457945635,12.47799646936894,True,True,True,0.8459627329192546,0.951552795031056,0.8527950310559006,0.951552795031056,0.837888198757764,0.948447204968944,-0.0080745341614906,0.7726708074534161,0.9322981366459628,0.768944099378882,0.929192546583851,0.753416149068323,0.927329192546584,-0.0192546583850931,1,True,11918521202,20.150132441240334
4625001030,900.0,243.9,27.1,35.3,630.7738066594056,8.410317422125408,11.68099641961862,True,True,True,0.8459627329192546,0.951552795031056,0.8527950310559006,0.951552795031056,0.8416149068322981,0.9503105590062112,-0.0043478260869564,0.7726708074534161,0.9322981366459628,0.768944099378882,0.929192546583851,0.7577639751552795,0.929192546583851,-0.0149068322981366,1,True,7580714260,19.296517889907772
4625001031,858.0,205.062,23.9,38.3,729.1548484816612,9.722064646422147,13.502867564475205,True,True,True,0.8459627329192546,0.951552795031056,0.8527950310559006,0.951552795031056,0.8416149068322981,0.9503105590062112,-0.0043478260869564,0.7726708074534161,0.9322981366459628,0.768944099378882,0.929192546583851,0.7571428571428571,0.929192546583851,-0.0155279503105589,1,True,25767434,18.232391773930534
4625001032,1468.0,384.616,26.2,36.3,940.2307564835792,12.536410086447724,17.411680675621838,True,False,False,0.8459627329192546,0.951552795031056,0.8527950310559006,0.951552795031056,0.8385093167701864,0.9496894409937888,-0.0074534161490682,0.7726708074534161,0.9322981366459628,0.768944099378882,0.929192546583851,0.7565217391304347,0.9298136645962732,-0.0161490683229813,1,False,207515787,16.520401274247
4625001034,1801.0,401.6230000000001,22.3,33.6,1008.695206330618,13.44926941774158,18.679540857974416,True,False,False,0.8459627329192546,0.951552795031056,0.8527950310559006,0.951552795031056,0.8347826086956521,0.9472049689440992,-0.0111801242236024,0.7726708074534161,0.9322981366459628,0.768944099378882,0.929192546583851,0.7515527950310559,0.9279503105590062,-0.0211180124223602,1,False,597615439,15.770280990026016
4625002001,1038.0,271.956,26.2,38.1,658.4529418347558,8.779372557796746,12.193572996939928,True,True,True,0.8459627329192546,0.951552795031056,0.8527950310559006,0.951552795031056,0.8440993788819876,0.9503105590062112,-0.001863354037267,0.7726708074534161,0.9322981366459628,0.768944099378882,0.929192546583851,0.7639751552795031,0.931055900621118,-0.0086956521739129,2,True,7612585553,18.43514679396158
4625002003,1032.0,234.264,22.7,35.7,716.9271074340611,9.559028099120814,13.276427915445575,True,True,True,0.8459627329192546,0.951552795031056,0.8527950310559006,0.951552795031056,0.8434782608695652,0.9509316770186336,-0.0024844720496893,0.7726708074534161,0.9322981366459628,0.768944099378882,0.929192546583851,0.7652173913043478,0.931055900621118,-0.0074534161490682,2,True,7699012373,41.81232771750606
4625002004,1576.0,340.41600000000005,21.6,33.2,347.27843515263606,4.63037913536848,6.431082132456222,True,True,True,0.8459627329192546,0.951552795031056,0.8527950310559006,0.951552795031056,0.8683229813664596,0.9608695652173912,0.0223602484472049,0.7726708074534161,0.9322981366459628,0.768944099378882,0.929192546583851,0.8099378881987578,0.9453416149068324,0.0372670807453416,2,True,108333479,36.48498089537141
4625002006,1353.0,320.661,23.7,34.4,455.8804464989785,6.078405953319713,8.442230490721823,True,True,True,0.8459627329192546,0.951552795031056,0.8527950310559006,0.951552795031056,0.8652173913043478,0.9596273291925466,0.0192546583850932,0.7726708074534161,0.9322981366459628,0.768944099378882,0.929192546583851,0.8024844720496894,0.9422360248447204,0.0298136645962733,2,True,12180991113,48.95519006603431
4625002008,1288.0,275.63199999999995,21.4,36.8,122.1434128996445,1.6285788386619264,2.26191505369712,True,True,True,0.8459627329192546,0.951552795031056,0.8527950310559006,0.951552795031056,0.8546583850931677,0.9540372670807452,0.0086956521739131,0.7726708074534161,0.9322981366459628,0.768944099378882,0.929192546583851,0.7869565217391304,0.9341614906832298,0.0142857142857143,2,True,112815883,13.81736698702345
4625002009,1139.0,197.047,17.3,37.4,368.8653947116328,4.918205262821769,6.830840642808012,True,True,True,0.8459627329192546,0.951552795031056,0.8527950310559006,0.951552795031056,0.8614906832298137,0.9571428571428572,0.015527950310559,0.7726708074534161,0.9322981366459628,0.768944099378882,0.929192546583851,0.7962732919254658,0.937888198757764,0.0236024844720497,2,True,112818510,31.21937690931131
4625002010,965.0,208.44,21.6,31.6,527.971685409517,7.039622472126894,9.777253433509577,True,True,True,0.8459627329192546,0.951552795031056,0.8527950310559006,0.951552795031056,0.8652173913043478,0.9596273291925466,0.0192546583850932,0.7726708074534161,0.9322981366459628,0.768944099378882,0.929192546583851,0.8024844720496894,0.9422360248447204,0.0298136645962733,2,True,10896112187,40.168613069622786
4625002013,1410.0,246.75,17.5,42.2,126.27037460947378,1.683604994792984,2.338340270545811,True,True,True,0.8459627329192546,0.951552795031056,0.8527950310559006,0.951552795031056,0.8521739130434782,0.9540372670807452,0.0062111801242236,0.7726708074534161,0.9322981366459628,0.768944099378882,0.929192546583851,0.7813664596273292,0.9329192546583852,0.0086956521739131,2,True,112820251,15.11298034821875
4625002014,865.0,185.975,21.5,31.6,185.48762405106007,2.473168320680801,3.4349560009455566,True,True,True,0.8459627329192546,0.951552795031056,0.8527950310559006,0.951552795031056,0.8509316770186336,0.9527950310559006,0.0049689440993789,0.7726708074534161,0.9322981366459628,0.768944099378882,0.929192546583851,0.7751552795031056,0.9322981366459628,0.0024844720496894,2,True,12384869090,62.44358377287554
4625002015,1186.0,180.272,15.2,42.4,429.4421086801506,5.725894782402007,7.95263164222501,True,True,True,0.8459627329192546,0.951552795031056,0.8527950310559006,0.951552795031056,0.8503105590062112,0.9527950310559006,0.0043478260869566,0.7726708074534161,0.9322981366459628,0.768944099378882,0.929192546583851,0.7739130434782608,0.9316770186335404,0.0012422360248447,2,True,112821750,27.669381075087347
4625002016,1467.0,315.405,21.5,39.6,461.1129707765779,6.1481729436877055,8.539129088455146,True,True,True,0.8459627329192546,0.951552795031056,0.8527950310559006,0.951552795031056,0.8478260869565217,0.9521739130434784,0.0018633540372671,0.7726708074534161,0.9322981366459628,0.768944099378882,0.929192546583851,0.7701863354037267,0.9316770186335404,-0.0024844720496893,2,True,2823693243,43.041689246476146
4625002018,613.0,180.222,29.4,35.3,301.960101082819,4.026134681104254,5.591853723755908,True,True,True,0.8459627329192546,0.951552795031056,0.8527950310559006,0.951552795031056,0.8571428571428571,0.9559006211180124,0.0111801242236024,0.7726708074534161,0.9322981366459628,0.768944099378882,0.929192546583851,0.7913043478260869,0.9354037267080744,0.0186335403726708,2,True,1336585191,20.055893278976793
4625002019,1150.0,198.95,17.3,45.3,452.39256292780175,6.031900839037358,8.377640054218551,True,True,True,0.8459627329192546,0.951552795031056,0.8527950310559006,0.951552795031056,0.8515527950310559,0.9540372670807452,0.0055900621118012,0.7726708074534161,0.9322981366459628,0.768944099378882,0.929192546583851,0.7788819875776397,0.9329192546583852,0.0062111801242236,2,True,112821463,77.2900170451259
4625002020,1032.0,205.368,19.9,32.9,882.4076849775475,11.765435799700636,16.34088305513977,True,False,False,0.8459627329192546,0.951552795031056,0.8527950310559006,0.951552795031056,0.8527950310559006,0.9546583850931676,0.0068322981366459,0.7726708074534161,0.9322981366459628,0.768944099378882,0.929192546583851,0.7807453416149068,0.9329192546583852,0.0080745341614907,2,False,7695181470,1.5662648240084702
4625002021,820.0,146.77999999999997,17.9,33.0,316.65875173162954,4.22211668975506,5.864050957993139,True,True,True,0.8459627329192546,0.951552795031056,0.8527950310559006,0.951552795031056,0.8596273291925466,0.9571428571428572,0.0136645962732919,0.7726708074534161,0.9322981366459628,0.768944099378882,0.929192546583851,0.7944099378881988,0.937888198757764,0.0217391304347827,2,True,112820626,51.36557128121401
4625002022,1239.0,308.511,24.9,32.4,561.3587975953658,7.484783967938211,10.39553328880307,True,True,True,0.8459627329192546,0.951552795031056,0.8527950310559006,0.951552795031056,0.8596273291925466,0.9565217391304348,0.0136645962732919,0.7726708074534161,0.9322981366459628,0.768944099378882,0.929192546583851,0.7944099378881988,0.9372670807453416,0.0217391304347827,2,True,10876485090,43.34039389730983
4625002023,1224.0,243.576,19.9,35.0,709.3162882814952,9.457550510419937,13.135486820027689,True,True,True,0.8459627329192546,0.951552795031056,0.8527950310559006,0.951552795031056,0.8577639751552795,0.9559006211180124,0.0118012422360248,0.7726708074534161,0.9322981366459628,0.768944099378882,0.929192546583851,0.7906832298136646,0.9354037267080744,0.0180124223602484,2,True,10876484973,42.198262613940706
4625002024,740.0,150.22,20.3,40.0,956.9978875220542,12.759971833627388,17.72218310226026,True,False,False,0.8459627329192546,0.951552795031056,0.8527950310559006,0.951552795031056,0.853416149068323,0.9546583850931676,0.0074534161490683,0.7726708074534161,0.9322981366459628,0.768944099378882,0.929192546583851,0.7832298136645963,0.9335403726708076,0.0105590062111802,2,False,7695181467,68.30715354290209
4625002025,781.0,138.237,17.7,37.5,461.9086344051932,6.1587817920692425,8.55386360009617,True,True,True,0.8459627329192546,0.951552795031056,0.8527950310559006,0.951552795031056,0.8552795031055901,0.9546583850931676,0.0093167701863354,0.7726708074534161,0.9322981366459628,0.768944099378882,0.929192546583851,0.7863354037267081,0.9347826086956522,0.0136645962732919,2,True,112820898,92.46586944176192
4625002026,1042.0,187.56,18.0,41.3,341.2111263789725,4.549481685052966,6.318724562573563,True,True,True,0.8459627329192546,0.951552795031056,0.8527950310559006,0.951552795031056,0.8552795031055901,0.95527950310559,0.0093167701863354,0.7726708074534161,0.9322981366459628,0.768944099378882,0.929192546583851,0.7894409937888198,0.9347826086956522,0.0167701863354037,2,True,112820941,20.32564066438177
4625002030,822.0,157.002,19.1,43.4,707.449010552426,9.432653474032346,13.100907602822703,True,True,True,0.8459627329192546,0.951552795031056,0.8527950310559006,0.951552795031056,0.8484472049689441,0.9521739130434784,0.0024844720496894,0.7726708074534161,0.9322981366459628,0.768944099378882,0.929192546583851,0.7714285714285715,0.9316770186335404,-0.0012422360248446,2,True,7619673139,75.83933305880004
4625002031,1097.0,181.005,16.5,38.0,810.5316358905028,10.807088478540038,15.009845109083384,True,False,False,0.8459627329192546,0.951552795031056,0.8527950310559006,0.951552795031056,0.8503105590062112,0.9527950310559006,0.0043478260869566,0.7726708074534161,0.9322981366459628,0.768944099378882,0.929192546583851,0.7776397515527951,0.9322981366459628,0.0049689440993789,2,False,112821515,84.67119928572951
4625002032,864.0,240.192,27.8,33.1,935.9764451544206,12.479685935392274,17.332897132489272,True,False,False,0.8459627329192546,0.951552795031056,0.8527950310559006,0.951552795031056,0.8515527950310559,0.9540372670807452,0.0055900621118012,0.7726708074534161,0.9322981366459628,0.768944099378882,0.929192546583851,0.7801242236024845,0.9329192546583852,0.0074534161490683,2,False,7232573472,3.2754487638117276
4625002033,1591.0,435.934,27.4,32.6,431.73002304991377,5.756400307332185,7.995000426850256,True,True,True,0.8459627329192546,0.951552795031056,0.8527950310559006,0.951552795031056,0.846583850931677,0.951552795031056,0.0006211180124223,0.7726708074534161,0.9322981366459628,0.768944099378882,0.929192546583851,0.7670807453416149,0.931055900621118,-0.0055900621118012,2,True,52748278,9.834271348021025
4625002035,1048.0,280.86400000000003,26.8,33.4,729.1656992793527,9.722209323724703,13.503068505173198,True,True,True,0.8459627329192546,0.951552795031056,0.8527950310559006,0.951552795031056,0.8496894409937888,0.9527950310559006,0.0037267080745342,0.7726708074534161,0.9322981366459628,0.768944099378882,0.929192546583851,0.7701863354037267,0.931055900621118,-0.0024844720496893,2,True,52748288,35.174002824927335
4625002036,786.0,209.076,26.6,27.4,780.927440897526,10.41236587863368,14.46161927588011,True,True,True,0.8459627329192546,0.951552795031056,0.8527950310559006,0.951552795031056,0.846583850931677,0.9509316770186336,0.0006211180124223,0.7726708074534161,0.9322981366459628,0.768944099378882,0.929192546583851,0.7670807453416149,0.931055900621118,-0.0055900621118012,2,True,25767365,96.1410443071387
4625002037,1340.0,321.6,24.0,35.5,948.4826744984096,12.646435659978795,17.56449397219277,True,False,False,0.8459627329192546,0.951552795031056,0.8527950310559006,0.951552795031056,0.8503105590062112,0.953416149068323,0.0043478260869566,0.7726708074534161,0.9322981366459628,0.768944099378882,0.929192546583851,0.7776397515527951,0.9322981366459628,0.0049689440993789,2,False,52748676,21.29827690044675
4625002039,1558.0,428.45,27.5,33.2,912.0801777496832,12.161069036662443,16.890373662031173,True,False,False,0.8459627329192546,0.951552795031056,0.8527950310559006,0.951552795031056,0.8490683229813665,0.9527950310559006,0.0031055900621118,0.7726708074534161,0.9322981366459628,0.768944099378882,0.929192546583851,0.7720496894409938,0.9316770186335404,-0.0006211180124222,2,False,12396954702,17.321789848909283
4625002041,763.0,211.351,27.7,36.0,967.289463364758,12.897192844863442,17.912767840088115,True,False,False,0.8459627329192546,0.951552795031056,0.8527950310559006,0.951552795031056,0.8546583850931677,0.9546583850931676,0.0086956521739131,0.7726708074534161,0.9322981366459628,0.768944099378882,0.929192546583851,0.7894409937888198,0.9347826086956522,0.0167701863354037,2,False,11009777656,9.844454903773713
4625002042,1072.0,284.08,26.5,40.2,581.2250323338773,7.749667097785029,10.763426524701428,True,True,True,0.8459627329192546,0.951552795031056,0.8527950310559006,0.951552795031056,0.8590062111801242,0.95527950310559,0.0130434782608696,0.7726708074534161,0.9322981366459628,0.768944099378882,0.929192546583851,0.7925465838509317,0.9366459627329192,0.0198757763975155,2,True,108325088,71.09765734306157
4625002043,706.0,196.268,27.8,35.0,164.71977486012983,2.196263664801731,3.050366201113515,True,True,True,0.8459627329192546,0.951552795031056,0.8527950310559006,0.951552795031056,0.8509316770186336,0.953416149068323,0.0049689440993789,0.7726708074534161,0.9322981366459628,0.768944099378882,0.929192546583851,0.7763975155279503,0.9322981366459628,0.0037267080745342,2,True,1342102529,28.700119855136226
4625002044,733.0,197.91,27.0,31.3,408.1337119151053,5.4417828255347365,7.558031702131578,True,True,True,0.8459627329192546,0.951552795031056,0.8527950310559006,0.951552795031056,0.8527950310559006,0.953416149068323,0.0068322981366459,0.7726708074534161,0.9322981366459628,0.768944099378882,0.929192546583851,0.7832298136645963,0.9329192546583852,0.0105590062111802,2,True,6727030343,105.71344978955447
4625002045,1391.0,339.404,24.4,30.6,783.9083496383903,10.452111328511869,14.516821289599818,True,True,True,0.8459627329192546,0.951552795031056,0.8527950310559006,0.951552795031056,0.8633540372670807,0.9577639751552796,0.017391304347826,0.7726708074534161,0.9322981366459628,0.768944099378882,0.929192546583851,0.8031055900621118,0.9409937888198758,0.0304347826086957,2,True,7021924275,64.9166675440446
4625002046,950.0,240.35,25.3,30.8,968.3225211217324,12.910966948289763,17.931898539291335,True,False,False,0.8459627329192546,0.951552795031056,0.8527950310559006,0.951552795031056,0.860248447204969,0.9559006211180124,0.0142857142857143,0.7726708074534161,0.9322981366459628,0.768944099378882,0.929192546583851,0.7937888198757764,0.9391304347826088,0.0211180124223603,2,False,11009814411,48.46232312502606
4625002047,827.0,200.961,24.3,32.6,833.3709853334002,11.111613137778669,15.432796024692594,True,False,False,0.8459627329192546,0.951552795031056,0.8527950310559006,0.951552795031056,0.853416149068323,0.953416149068323,0.0074534161490683,0.7726708074534161,0.9322981366459628,0.768944099378882,0.929192546583851,0.7863354037267081,0.9341614906832298,0.0136645962732919,2,False,108324392,43.19209376383448
4625002050,1131.0,268.047,23.7,35.9,408.1337119151053,5.4417828255347365,7.558031702131578,True,True,True,0.8459627329192546,0.951552795031056,0.8527950310559006,0.951552795031056,0.8552795031055901,0.95527950310559,0.0093167701863354,0.7726708074534161,0.9322981366459628,0.768944099378882,0.929192546583851,0.7881987577639752,0.9341614906832298,0.015527950310559,2,True,6727030343,62.2310371517604
4625002051,1408.0,322.432,22.9,32.5,581.2250323338773,7.749667097785029,10.763426524701428,True,True,True,0.8459627329192546,0.951552795031056,0.8527950310559006,0.951552795031056,0.8627329192546583,0.9577639751552796,0.0167701863354037,0.7726708074534161,0.9322981366459628,0.768944099378882,0.929192546583851,0.7975155279503106,0.9397515527950312,0.0248447204968944,2,True,108325088,75.97486927383962
4625002053,946.0,204.336,21.6,32.4,410.32095099326347,5.470946013243511,7.598536129504877,True,True,True,0.8459627329192546,0.951552795031056,0.8527950310559006,0.951552795031056,0.8677018633540373,0.9602484472049688,0.0217391304347827,0.7726708074534161,0.9322981366459628,0.768944099378882,0.929192546583851,0.808695652173913,0.9434782608695652,0.0360248447204969,2,True,6868151387,35.75313203034746
4625002054,731.0,170.32299999999998,23.3,28.0,383.4303982866932,5.112405310489242,7.100562931235059,True,True,True,0.8459627329192546,0.951552795031056,0.8527950310559006,0.951552795031056,0.8695652173913043,0.9608695652173912,0.0236024844720497,0.7726708074534161,0.9322981366459628,0.768944099378882,0.929192546583851,0.8105590062111802,0.9465838509316772,0.037888198757764,2,True,108324053,95.20855577744778
4625002055,1300.0,338.0,26.0,32.4,731.9246048643291,9.758994731524387,13.554159349339423,True,True,True,0.8459627329192546,0.951552795031056,0.8527950310559006,0.951552795031056,0.867080745341615,0.9596273291925466,0.0211180124223603,0.7726708074534161,0.9322981366459628,0.768944099378882,0.929192546583851,0.8105590062111802,0.9453416149068324,0.037888198757764,2,True,6844144056,76.42854543163523
4625002057,996.0,241.032,24.2,28.0,462.2972171428927,6.163962895238568,8.561059576720233,True,True,True,0.8459627329192546,0.951552795031056,0.8527950310559006,0.951552795031056,0.8739130434782608,0.962111801242236,0.0279503105590062,0.7726708074534161,0.9322981366459628,0.768944099378882,0.929192546583851,0.8149068322981367,0.9496894409937888,0.0422360248447205,2,True,6263611061,7.423290119402331
4625003001,858.0,227.37,26.5,34.4,819.2889210855382,10.923852281140508,15.172017057139596,True,False,False,0.8459627329192546,0.951552795031056,0.8527950310559006,0.951552795031056,0.831055900621118,0.9472049689440992,-0.0149068322981366,0.7726708074534161,0.9322981366459628,0.768944099378882,0.929192546583851,0.7472049689440994,0.9285714285714286,-0.0254658385093167,3,False,7673282709,37.876405281856776
4625003002,1655.0,321.06999999999994,19.4,38.7,528.5293613594182,7.047058151458909,9.787580765915152,True,True,True,0.8459627329192546,0.951552795031056,0.8527950310559006,0.951552795031056,0.8291925465838509,0.9453416149068324,-0.0167701863354037,0.7726708074534161,0.9322981366459628,0.768944099378882,0.929192546583851,0.7440993788819876,0.9254658385093169,-0.0285714285714284,3,True,6267801967,22.00198332284071
4625003004,1790.0,318.62,17.8,44.4,389.9228295969227,5.198971061292303,7.220793140683755,True,True,True,0.8459627329192546,0.951552795031056,0.8527950310559006,0.951552795031056,0.8254658385093168,0.9428571428571428,-0.0204968944099378,0.7726708074534161,0.9322981366459628,0.768944099378882,0.929192546583851,0.7403726708074534,0.924223602484472,-0.0322981366459627,3,True,30886289,14.485135915487339
4625003007,882.0,228.438,25.9,37.8,1045.2340166099052,13.93645355479874,19.356185492776028,True,False,False,0.8459627329192546,0.951552795031056,0.8527950310559006,0.951552795031056,0.8217391304347826,0.9397515527950312,-0.0242236024844719,0.7726708074534161,0.9322981366459628,0.768944099378882,0.929192546583851,0.7360248447204969,0.9229813664596274,-0.0366459627329192,3,False,10963821484,12.969096317896328
4625003008,1277.0,213.259,16.7,40.1,276.8713879426927,3.691618505902569,5.12724792486468,True,True,True,0.8459627329192546,0.951552795031056,0.8527950310559006,0.951552795031056,0.8173913043478261,0.9397515527950312,-0.0285714285714284,0.7726708074534161,0.9322981366459628,0.768944099378882,0.929192546583851,0.7316770186335404,0.9229813664596274,-0.0409937888198757,3,True,82765837,64.5181309119043
4625003010,1849.0,327.273,17.7,39.8,665.491556235633,8.87322074980844,12.323917708067276,True,True,True,0.8459627329192546,0.951552795031056,0.8527950310559006,0.951552795031056,0.8397515527950311,0.9496894409937888,-0.0062111801242235,0.7726708074534161,0.9322981366459628,0.768944099378882,0.929192546583851,0.7590062111801242,0.9298136645962732,-0.0136645962732918,3,True,34366738,12.763457880134267
4625003013,1824.0,417.696,22.9,40.3,569.4059511857872,7.592079349143831,10.544554651588651,True,True,True,0.8459627329192546,0.951552795031056,0.8527950310559006,0.951552795031056,0.8372670807453416,0.9478260869565216,-0.0086956521739129,0.7726708074534161,0.9322981366459628,0.768944099378882,0.929192546583851,0.7552795031055901,0.9298136645962732,-0.0173913043478259,3,True,6232377134,12.420886653835547
4625003015,1201.0,241.401,20.1,38.5,896.8627698137751,11.958170264183671,16.60856981136621,True,False,False,0.8459627329192546,0.951552795031056,0.8527950310559006,0.951552795031056,0.8341614906832299,0.9478260869565216,-0.0118012422360247,0.7726708074534161,0.9322981366459628,0.768944099378882,0.929192546583851,0.7503105590062111,0.9298136645962732,-0.0223602484472049,3,False,30886269,12.110903144164045
4625003017,1303.0,274.93300000000005,21.1,37.5,1029.7055073057818,13.729406764077089,19.068620505662626,True,False,False,0.8459627329192546,0.951552795031056,0.8527950310559006,0.951552795031056,0.831055900621118,0.9459627329192548,-0.0149068322981366,0.7726708074534161,0.9322981366459628,0.768944099378882,0.929192546583851,0.7472049689440994,0.9267080745341616,-0.0254658385093167,3,False,129607877,33.541938165972205
4625003018,891.0,190.674,21.4,36.8,845.9896803168084,11.279862404224112,15.66647556142238,True,False,False,0.8459627329192546,0.951552795031056,0.8527950310559006,0.951552795031056,0.8285714285714286,0.94472049689441,-0.0173913043478259,0.7726708074534161,0.9322981366459628,0.768944099378882,0.929192546583851,0.7434782608695653,0.9260869565217392,-0.0291925465838508,3,False,10746701230,55.0741558183558
4625003019,1200.0,240.0,20.0,35.5,782.4411037494909,10.432548049993215,14.48965006943502,True,True,True,0.8459627329192546,0.951552795031056,0.8527950310559006,0.951552795031056,0.8248447204968944,0.9428571428571428,-0.0211180124223602,0.7726708074534161,0.9322981366459628,0.768944099378882,0.929192546583851,0.7409937888198758,0.9254658385093169,-0.0316770186335403,3,True,9548689131,54.47066218818649
4625003020,1542.0,368.538,23.9,33.1,912.761359367938,12.170151458239172,16.902988136443295,True,False,False,0.8459627329192546,0.951552795031056,0.8527950310559006,0.951552795031056,0.8254658385093168,0.9434782608695652,-0.0204968944099378,0.7726708074534161,0.9322981366459628,0.768944099378882,0.929192546583851,0.7422360248447205,0.9254658385093169,-0.0304347826086955,3,False,9548689098,4.648196590751638
4625003021,1361.0,250.424,18.4,34.3,808.6473003185775,10.7819640042477,14.974950005899585,True,True,True,0.8459627329192546,0.951552795031056,0.8527950310559006,0.951552795031056,0.822360248447205,0.9397515527950312,-0.0236024844720496,0.7726708074534161,0.9322981366459628,0.768944099378882,0.929192546583851,0.737888198757764,0.9229813664596274,-0.034782608695652,3,True,10130711485,12.04271953882783
4625003023,1417.0,379.756,26.8,33.0,769.6812175428388,10.26241623390452,14.25335588042294,True,True,True,0.8459627329192546,0.951552795031056,0.8527950310559006,0.951552795031056,0.8204968944099379,0.9391304347826088,-0.0254658385093167,0.7726708074534161,0.9322981366459628,0.768944099378882,0.929192546583851,0.7366459627329193,0.922360248447205,-0.0360248447204968,3,True,6965086228,65.6362861285184
4625003025,998.0,227.544,22.8,32.1,929.8028020766968,12.397370694355953,17.218570408827713,True,False,False,0.8459627329192546,0.951552795031056,0.8527950310559006,0.951552795031056,0.824223602484472,0.941614906832298,-0.0217391304347825,0.7726708074534161,0.9322981366459628,0.768944099378882,0.929192546583851,0.7409937888198758,0.9254658385093169,-0.0316770186335403,3,False,10082921196,36.38862305671769
4625003026,1165.0,322.705,27.7,33.5,928.1378375465548,12.375171167287396,17.187737732343603,True,False,False,0.8459627329192546,0.951552795031056,0.8527950310559006,0.951552795031056,0.8229813664596274,0.9409937888198758,-0.0229813664596272,0.7726708074534161,0.9322981366459628,0.768944099378882,0.929192546583851,0.739751552795031,0.9248447204968944,-0.032919254658385,3,False,12110649155,23.846459820053806
4625003027,2294.0,601.0279999999999,26.2,28.8,746.5114875658154,9.953486500877537,13.824286806774357,True,True,True,0.8459627329192546,0.951552795031056,0.8527950310559006,0.951552795031056,0.8267080745341615,0.94472049689441,-0.0192546583850931,0.7726708074534161,0.9322981366459628,0.768944099378882,0.929192546583851,0.7447204968944099,0.9260869565217392,-0.0279503105590062,3,True,2932140246,6.023494481298381
4625003029,927.0,197.451,21.3,33.9,595.1050729039897,7.934734305386531,11.020464313036848,True,True,True,0.8459627329192546,0.951552795031056,0.8527950310559006,0.951552795031056,0.831055900621118,0.9453416149068324,-0.0149068322981366,0.7726708074534161,0.9322981366459628,0.768944099378882,0.929192546583851,0.7490683229813665,0.927329192546584,-0.0236024844720496,3,True,10130673158,68.2910178775786
4625003030,1081.0,230.253,21.3,27.8,835.5050817922543,11.140067757230058,15.472316329486189,True,False,False,0.8459627329192546,0.951552795031056,0.8527950310559006,0.951552795031056,0.8291925465838509,0.94472049689441,-0.0167701863354037,0.7726708074534161,0.9322981366459628,0.768944099378882,0.929192546583851,0.7472049689440994,0.9267080745341616,-0.0254658385093167,3,False,10130711514,63.014259033428374
4625003032,941.0,197.61,21.0,39.7,734.2106832682002,9.789475776909342,13.596494134596306,True,True,True,0.8459627329192546,0.951552795031056,0.8527950310559006,0.951552795031056,0.8316770186335404,0.9465838509316772,-0.0142857142857142,0.7726708074534161,0.9322981366459628,0.768944099378882,0.929192546583851,0.7490683229813665,0.927329192546584,-0.0236024844720496,3,True,11907185814,62.33689394556637
4625003033,1037.0,241.621,23.3,35.1,363.0604460245692,4.840805946994256,6.723341593047578,True,True,True,0.8459627329192546,0.951552795031056,0.8527950310559006,0.951552795031056,0.8459627329192546,0.951552795031056,0.0,0.7726708074534161,0.9322981366459628,0.768944099378882,0.929192546583851,0.7714285714285715,0.9316770186335404,-0.0012422360248446,3,True,7036940928,85.68405234831843
4625003034,1293.0,355.575,27.5,31.2,695.0820425605405,9.267760567473871,12.871889677047044,True,True,True,0.8459627329192546,0.951552795031056,0.8527950310559006,0.951552795031056,0.8347826086956521,0.9478260869565216,-0.0111801242236024,0.7726708074534161,0.9322981366459628,0.768944099378882,0.929192546583851,0.753416149068323,0.9298136645962732,-0.0192546583850931,3,True,96077592,56.23269434114069
4625003035,1621.0,427.944,26.4,35.8,425.6215932787541,5.674954577050055,7.881881357013965,True,True,True,0.8459627329192546,0.951552795031056,0.8527950310559006,0.951552795031056,0.8391304347826087,0.9490683229813665,-0.0068322981366458,0.7726708074534161,0.9322981366459628,0.768944099378882,0.929192546583851,0.7571428571428571,0.9304347826086956,-0.0155279503105589,3,True,112184497,36.19580747311068
4625003036,1527.0,390.912,25.6,30.3,226.52896164796,3.020386155306133,4.194980771258519,True,True,True,0.8459627329192546,0.951552795031056,0.8527950310559006,0.951552795031056,0.8397515527950311,0.9509316770186336,-0.0062111801242235,0.7726708074534161,0.9322981366459628,0.768944099378882,0.929192546583851,0.7596273291925466,0.9304347826086956,-0.0130434782608694,3,True,13867047486,26.577319994213905
4625003037,1205.0,285.585,23.7,34.2,175.59545949342638,2.3412727932456847,3.251767768396784,True,True,True,0.8459627329192546,0.951552795031056,0.8527950310559006,0.951552795031056,0.8416149068322981,0.9503105590062112,-0.0043478260869564,0.7726708074534161,0.9322981366459628,0.768944099378882,0.929192546583851,0.760248447204969,0.9304347826086956,-0.0124223602484471,3,True,128273923,40.33720855960974
4625003038,693.0,173.94299999999998,25.1,34.1,218.59156698718328,2.9145542264957767,4.047991981244135,True,True,True,0.8459627329192546,0.951552795031056,0.8527950310559006,0.951552795031056,0.8391304347826087,0.9490683229813665,-0.0068322981366458,0.7726708074534161,0.9322981366459628,0.768944099378882,0.929192546583851,0.7577639751552795,0.9304347826086956,-0.0149068322981366,3,True,13867047497,69.34257266883368
4625003040,988.0,198.588,20.1,32.7,852.0363019740649,11.360484026320863,15.778450036556755,True,False,False,0.8459627329192546,0.951552795031056,0.8527950310559006,0.951552795031056,0.8341614906832299,0.9478260869565216,-0.0118012422360247,0.7726708074534161,0.9322981366459628,0.768944099378882,0.929192546583851,0.7496894409937889,0.9298136645962732,-0.0229813664596272,3,False,12169005463,53.128395733646315
4625003041,1965.0,349.77,17.8,37.8,536.4427495251908,7.152569993669212,9.934124991207236,True,True,True,0.8459627329192546,0.951552795031056,0.8527950310559006,0.951552795031056,0.8347826086956521,0.948447204968944,-0.0111801242236024,0.7726708074534161,0.9322981366459628,0.768944099378882,0.929192546583851,0.7527950310559006,0.9298136645962732,-0.0198757763975154,3,True,127568176,27.869375369202924
4625003044,1545.0,421.785,27.3,32.7,414.8897788941785,5.531863718589047,7.683144053595897,True,True,True,0.8459627329192546,0.951552795031056,0.8527950310559006,0.951552795031056,0.8385093167701864,0.9490683229813665,-0.0074534161490682,0.7726708074534161,0.9322981366459628,0.768944099378882,0.929192546583851,0.7565217391304347,0.9298136645962732,-0.0161490683229813,3,True,1562728743,13.683420896202993
4625003046,1680.0,418.32,24.9,36.2,726.8217169252382,9.690956225669844,13.459661424541448,True,True,True,0.8459627329192546,0.951552795031056,0.8527950310559006,0.951552795031056,0.8347826086956521,0.9490683229813665,-0.0111801242236024,0.7726708074534161,0.9322981366459628,0.768944099378882,0.929192546583851,0.7527950310559006,0.9298136645962732,-0.0198757763975154,3,True,231516861,60.230642126135265
4625003047,1495.0,406.64,27.2,32.3,278.8630535187441,3.718174046916589,5.1641306207174855,True,True,True,0.8459627329192546,0.951552795031056,0.8527950310559006,0.951552795031056,0.8422360248447205,0.9503105590062112,-0.0037267080745341,0.7726708074534161,0.9322981366459628,0.768944099378882,0.929192546583851,0.762111801242236,0.9304347826086956,-0.0105590062111801,3,True,13347364573,52.303560197585675
4625003048,1753.0,496.099,28.3,31.2,868.0244068414651,11.5736587578862,16.074526052619724,True,False,False,0.8459627329192546,0.951552795031056,0.8527950310559006,0.951552795031056,0.8322981366459627,0.9478260869565216,-0.0136645962732918,0.7726708074534161,0.9322981366459628,0.768944099378882,0.929192546583851,0.7490683229813665,0.929192546583851,-0.0236024844720496,3,False,123789872,53.2602678063734
4625003049,1138.0,264.016,23.2,31.1,946.3328040503608,12.61777072067148,17.52468155648817,True,False,False,0.8459627329192546,0.951552795031056,0.8527950310559006,0.951552795031056,0.8304347826086956,0.9465838509316772,-0.0155279503105589,0.7726708074534161,0.9322981366459628,0.768944099378882,0.929192546583851,0.7472049689440994,0.9285714285714286,-0.0254658385093167,3,False,11878819864,31.658570517074327
4625003050,1295.0,337.995,26.1,36.1,966.5547912135002,12.887397216180004,17.899162800250004,True,False,False,0.8459627329192546,0.951552795031056,0.8527950310559006,0.951552795031056,0.831055900621118,0.9465838509316772,-0.0149068322981366,0.7726708074534161,0.9322981366459628,0.768944099378882,0.929192546583851,0.7478260869565218,0.9279503105590062,-0.0248447204968943,3,False,123789743,45.867226273967354
4625003052,2005.0,471.175,23.5,34.0,921.8055261270184,12.290740348360249,17.0704727060559,True,False,False,0.8459627329192546,0.951552795031056,0.8527950310559006,0.951552795031056,0.8329192546583851,0.9472049689440992,-0.0130434782608694,0.7726708074534161,0.9322981366459628,0.768944099378882,0.929192546583851,0.7484472049689441,0.9285714285714286,-0.0242236024844719,3,False,12173348272,14.371281764930488
4625003053,890.0,180.67,20.3,36.6,872.6411316958955,11.635215089278605,16.160020957331394,True,False,False,0.8459627329192546,0.951552795031056,0.8527950310559006,0.951552795031056,0.8322981366459627,0.9459627329192548,-0.0136645962732918,0.7726708074534161,0.9322981366459628,0.768944099378882,0.929192546583851,0.7484472049689441,0.9279503105590062,-0.0242236024844719,3,False,11238082306,34.85389645306564
4625003055,798.0,264.13800000000003,33.1,31.8,183.3968753506221,2.445291671341629,3.3962384324189285,True,True,True,0.8459627329192546,0.951552795031056,0.8527950310559006,0.951552795031056,0.8403726708074534,0.9496894409937888,-0.0055900621118012,0.7726708074534161,0.9322981366459628,0.768944099378882,0.929192546583851,0.760248447204969,0.9304347826086956,-0.0124223602484471,3,True,13908531299,66.4769514479447
4625004001,1204.0,372.036,30.9,33.4,502.2072829320081,6.696097105760106,9.30013486911126,True,True,True,0.8459627329192546,0.951552795031056,0.8527950310559006,0.951552795031056,0.8180124223602484,0.9397515527950312,-0.0279503105590062,0.7726708074534161,0.9322981366459628,0.768944099378882,0.929192546583851,0.7335403726708074,0.9236024844720496,-0.0391304347826086,4,True,10944134420,19.27038429797186
4625004002,763.0,176.253,23.1,36.9,636.2617945362477,8.483490593816638,11.782625824745333,True,True,True,0.8459627329192546,0.951552795031056,0.8527950310559006,0.951552795031056,0.8229813664596274,0.9434782608695652,-0.0229813664596272,0.7726708074534161,0.9322981366459628,0.768944099378882,0.929192546583851,0.7391304347826086,0.9254658385093169,-0.0335403726708074,4,True,11666982506,43.89942074614258
4625004003,1481.0,379.136,25.6,28.7,778.167014095998,10.37556018794664,14.410500261037004,True,True,True,0.8459627329192546,0.951552795031056,0.8527950310559006,0.951552795031056,0.8254658385093168,0.9453416149068324,-0.0204968944099378,0.7726708074534161,0.9322981366459628,0.768944099378882,0.929192546583851,0.7422360248447205,0.9260869565217392,-0.0304347826086955,4,True,247652391,23.765209068847614
4625004004,924.0,275.35200000000003,29.8,31.7,791.253904790151,10.55005206386868,14.652850088706495,True,True,True,0.8459627329192546,0.951552795031056,0.8527950310559006,0.951552795031056,0.824223602484472,0.9434782608695652,-0.0217391304347825,0.7726708074534161,0.9322981366459628,0.768944099378882,0.929192546583851,0.7391304347826086,0.9260869565217392,-0.0335403726708074,4,True,247652416,31.112079136673962
4625004005,1170.0,442.26,37.8,26.4,593.4036751534996,7.912049002046662,10.98895694728703,True,True,True,0.8459627329192546,0.951552795031056,0.8527950310559006,0.951552795031056,0.824223602484472,0.9422360248447204,-0.0217391304347825,0.7726708074534161,0.9322981366459628,0.768944099378882,0.929192546583851,0.7409937888198758,0.9248447204968944,-0.0316770186335403,4,True,1581269308,26.22175421851837
4625004006,1420.0,487.06,34.3,25.3,568.2250340311565,7.576333787082087,10.522685815391789,True,True,True,0.8459627329192546,0.951552795031056,0.8527950310559006,0.951552795031056,0.8260869565217391,0.94472049689441,-0.0198757763975154,0.7726708074534161,0.9322981366459628,0.768944099378882,0.929192546583851,0.7459627329192546,0.9260869565217392,-0.0267080745341614,4,True,11682307632,4.564752275489837
4625004007,1309.0,369.138,28.2,35.4,739.370350976979,9.858271346359718,13.69204353661072,True,True,True,0.8459627329192546,0.951552795031056,0.8527950310559006,0.951552795031056,0.8037267080745342,0.9347826086956522,-0.0422360248447204,0.7726708074534161,0.9322981366459628,0.768944099378882,0.929192546583851,0.7217391304347827,0.9142857142857144,-0.0509316770186334,4,True,12165781270,48.11259460055046
4625004008,904.0,252.216,27.9,32.6,731.97304473483,9.7596405964644,13.555056383978334,True,True,True,0.8459627329192546,0.951552795031056,0.8527950310559006,0.951552795031056,0.8068322981366459,0.9347826086956522,-0.0391304347826086,0.7726708074534161,0.9322981366459628,0.768944099378882,0.929192546583851,0.7229813664596273,0.9149068322981366,-0.0496894409937888,4,True,11751656740,22.27019769169566
4625004009,1135.0,253.105,22.3,30.4,746.3320809353648,9.951094412471532,13.820964461766016,True,True,True,0.8459627329192546,0.951552795031056,0.8527950310559006,0.951552795031056,0.8080745341614907,0.9347826086956522,-0.0378881987577639,0.7726708074534161,0.9322981366459628,0.768944099378882,0.929192546583851,0.7236024844720497,0.915527950310559,-0.0490683229813664,4,True,11756543192,26.340206945536007
4625004010,1134.0,315.252,27.8,29.2,832.6338730732668,11.101784974310222,15.419145797653089,True,False,False,0.8459627329192546,0.951552795031056,0.8527950310559006,0.951552795031056,0.8037267080745342,0.9341614906832298,-0.0422360248447204,0.7726708074534161,0.9322981366459628,0.768944099378882,0.929192546583851,0.7211180124223603,0.9149068322981366,-0.0515527950310558,4,False,193553373,56.393704936087296
4625004011,858.0,205.92,24.0,34.8,532.0681988514222,7.094242651352295,9.853114793544854,True,True,True,0.8459627329192546,0.951552795031056,0.8527950310559006,0.951552795031056,0.8105590062111802,0.9354037267080744,-0.0354037267080744,0.7726708074534161,0.9322981366459628,0.768944099378882,0.929192546583851,0.7248447204968944,0.917391304347826,-0.0478260869565216,4,True,243820509,6.361140830964498
4625004012,1709.0,338.38200000000006,19.8,33.0,467.687458421218,6.235832778949572,8.660878859652183,True,True,True,0.8459627329192546,0.951552795031056,0.8527950310559006,0.951552795031056,0.8136645962732919,0.9397515527950312,-0.0322981366459627,0.7726708074534161,0.9322981366459628,0.768944099378882,0.929192546583851,0.7298136645962733,0.9192546583850932,-0.0428571428571428,4,True,11728270207,21.752906388955665
4625004014,848.0,201.824,23.8,30.4,288.4413531766173,3.845884709021564,5.341506540307728,True,True,True,0.8459627329192546,0.951552795031056,0.8527950310559006,0.951552795031056,0.8136645962732919,0.9391304347826088,-0.0322981366459627,0.7726708074534161,0.9322981366459628,0.768944099378882,0.929192546583851,0.7298136645962733,0.9186335403726708,-0.0428571428571428,4,True,243820549,28.99700375010751
4625004015,1150.0,287.5,25.0,36.1,450.3417836559597,6.004557115412796,8.33966266029555,True,True,True,0.8459627329192546,0.951552795031056,0.8527950310559006,0.951552795031056,0.8192546583850931,0.9397515527950312,-0.0267080745341614,0.7726708074534161,0.9322981366459628,0.768944099378882,0.929192546583851,0.7347826086956522,0.9236024844720496,-0.0378881987577639,4,True,243982731,69.65818889890835
4625004016,1429.0,300.09,21.0,37.4,277.95239118649727,3.706031882486629,5.147266503453652,True,True,True,0.8459627329192546,0.951552795031056,0.8527950310559006,0.951552795031056,0.8167701863354038,0.9397515527950312,-0.0291925465838508,0.7726708074534161,0.9322981366459628,0.768944099378882,0.929192546583851,0.7329192546583851,0.920496894409938,-0.0397515527950309,4,True,243820552,51.73494509800652
4625004017,1231.0,407.461,33.1,26.6,559.878421947042,7.465045625960558,10.368118924945218,True,True,True,0.8459627329192546,0.951552795031056,0.8527950310559006,0.951552795031056,0.8248447204968944,0.94472049689441,-0.0211180124223602,0.7726708074534161,0.9322981366459628,0.768944099378882,0.929192546583851,0.7403726708074534,0.9260869565217392,-0.0322981366459627,4,True,11071271035,4.607026520372669
4625004018,2136.0,339.624,15.9,22.9,1378.8951947395658,18.38526926319421,25.535096198880847,False,False,False,0.8459627329192546,0.951552795031056,0.8527950310559006,0.951552795031056,0.8335403726708075,0.9472049689440992,-0.0124223602484471,0.7726708074534161,0.9322981366459628,0.768944099378882,0.929192546583851,0.7484472049689441,0.9285714285714286,-0.0242236024844719,4,False,2202582280,163.8853384996936
4625004019,1431.0,161.703,11.3,23.3,109.56928519904096,1.4609238026538796,2.0290608370192773,True,True,True,0.8459627329192546,0.951552795031056,0.8527950310559006,0.951552795031056,0.8322981366459627,0.9472049689440992,-0.0136645962732918,0.7726708074534161,0.9322981366459628,0.768944099378882,0.929192546583851,0.7527950310559006,0.929192546583851,-0.0198757763975154,4,True,11705758958,6.527355357686061
4625004020,1246.0,411.18,33.0,31.9,740.9879502113993,9.87983933615199,13.721999077988874,True,True,True,0.8459627329192546,0.951552795031056,0.8527950310559006,0.951552795031056,0.8248447204968944,0.9422360248447204,-0.0211180124223602,0.7726708074534161,0.9322981366459628,0.768944099378882,0.929192546583851,0.7409937888198758,0.9254658385093169,-0.0316770186335403,4,True,14002169637,13.863354148202852
4625004021,2017.0,540.556,26.8,25.7,464.2273047891261,6.189697397188346,8.59680194053937,True,True,True,0.8459627329192546,0.951552795031056,0.8527950310559006,0.951552795031056,0.8291925465838509,0.9459627329192548,-0.0167701863354037,0.7726708074534161,0.9322981366459628,0.768944099378882,0.929192546583851,0.7478260869565218,0.9260869565217392,-0.0248447204968943,4,True,11694977045,5.80093852155859
4625004022,1229.0,369.929,30.1,25.9,708.2715380742577,9.443620507656767,13.116139593967734,True,True,True,0.8459627329192546,0.951552795031056,0.8527950310559006,0.951552795031056,0.822360248447205,0.9428571428571428,-0.0236024844720496,0.7726708074534161,0.9322981366459628,0.768944099378882,0.929192546583851,0.7366459627329193,0.9254658385093169,-0.0360248447204968,4,True,11662614527,20.32968618131237
4625004023,916.0,292.20399999999995,31.9,32.5,333.8066840391353,4.45075578718847,6.181605259983986,True,True,True,0.8459627329192546,0.951552795031056,0.8527950310559006,0.951552795031056,0.8329192546583851,0.9472049689440992,-0.0130434782608694,0.7726708074534161,0.9322981366459628,0.768944099378882,0.929192546583851,0.7540372670807454,0.929192546583851,-0.0186335403726707,4,True,10940029075,3.291788983170608
4625004024,2425.0,324.95,13.4,23.4,799.5278098463045,10.66037079795073,14.806070552709349,True,True,True,0.8459627329192546,0.951552795031056,0.8527950310559006,0.951552795031056,0.8273291925465839,0.9459627329192548,-0.0186335403726707,0.7726708074534161,0.9322981366459628,0.768944099378882,0.929192546583851,0.7428571428571429,0.9279503105590062,-0.0298136645962732,4,True,1881096541,2.352755801587149
4625004025,1792.0,281.344,15.7,26.0,560.6988808933703,7.475985078578271,10.383312609136487,True,True,True,0.8459627329192546,0.951552795031056,0.8527950310559006,0.951552795031056,0.8335403726708075,0.9478260869565216,-0.0124223602484471,0.7726708074534161,0.9322981366459628,0.768944099378882,0.929192546583851,0.7503105590062111,0.929192546583851,-0.0223602484472049,4,True,11697238634,32.79347990127686
4625004026,1867.0,194.168,10.4,24.1,1086.0403021320185,14.480537361760248,20.111857446889235,True,False,False,0.8459627329192546,0.951552795031056,0.8527950310559006,0.951552795031056,0.8291925465838509,0.9465838509316772,-0.0167701863354037,0.7726708074534161,0.9322981366459628,0.768944099378882,0.929192546583851,0.7434782608695653,0.9285714285714286,-0.0291925465838508,4,False,257429533,6.5111188597470955
4625004027,1833.0,218.127,11.9,19.1,853.2347127552883,11.37646283673718,15.80064282880164,True,False,False,0.8459627329192546,0.951552795031056,0.8527950310559006,0.951552795031056,0.8279503105590063,0.9453416149068324,-0.0180124223602483,0.7726708074534161,0.9322981366459628,0.768944099378882,0.929192546583851,0.7422360248447205,0.9267080745341616,-0.0304347826086955,4,False,2288880081,4.092808303462195
4625004028,1529.0,276.749,18.1,26.9,758.4852285374926,10.113136380499904,14.04602275069431,True,True,True,0.8459627329192546,0.951552795031056,0.8527950310559006,0.951552795031056,0.8260869565217391,0.9453416149068324,-0.0198757763975154,0.7726708074534161,0.9322981366459628,0.768944099378882,0.929192546583851,0.7409937888198758,0.927329192546584,-0.0316770186335403,4,True,11071040389,37.36229088931232
4625004029,1283.0,201.431,15.7,23.4,375.17955456302775,5.002394060840371,6.947769528944959,True,True,True,0.8459627329192546,0.951552795031056,0.8527950310559006,0.951552795031056,0.8298136645962733,0.9453416149068324,-0.0161490683229813,0.7726708074534161,0.9322981366459628,0.768944099378882,0.929192546583851,0.746583850931677,0.9260869565217392,-0.026086956521739,4,True,11698547766,19.8856381869687
4625004030,1923.0,171.14700000000002,8.9,20.5,575.8764177159441,7.678352236212589,10.66437810585082,True,True,True,0.8459627329192546,0.951552795031056,0.8527950310559006,0.951552795031056,0.8298136645962733,0.9453416149068324,-0.0161490683229813,0.7726708074534161,0.9322981366459628,0.768944099378882,0.929192546583851,0.7459627329192546,0.9260869565217392,-0.0267080745341614,4,True,11657130710,36.081976076106486
4625005001,1156.0,349.112,30.2,33.0,1048.942504699246,13.985900062656611,19.424861198134185,True,False,False,0.8459627329192546,0.951552795031056,0.8527950310559006,0.951552795031056,0.8118012422360248,0.9372670807453416,-0.0341614906832298,0.7726708074534161,0.9322981366459628,0.768944099378882,0.929192546583851,0.7304347826086957,0.917391304347826,-0.0422360248447204,5,False,191777651,2.358308077840922
4625005002,942.0,195.93600000000004,20.8,28.9,1070.9829599577083,14.27977279943611,19.8330177769946,True,False,False,0.8459627329192546,0.951552795031056,0.8527950310559006,0.951552795031056,0.8142857142857143,0.9385093167701865,-0.0316770186335403,0.7726708074534161,0.9322981366459628,0.768944099378882,0.929192546583851,0.7316770186335404,0.9192546583850932,-0.0409937888198757,5,False,10045739951,8.457224560882894
4625005003,842.0,173.452,20.6,31.7,770.9041472232115,10.278721962976157,14.276002726355769,True,True,True,0.8459627329192546,0.951552795031056,0.8527950310559006,0.951552795031056,0.8136645962732919,0.9397515527950312,-0.0322981366459627,0.7726708074534161,0.9322981366459628,0.768944099378882,0.929192546583851,0.731055900621118,0.9192546583850932,-0.041614906832298,5,True,11708660853,5.342126304391421
4625005004,1493.0,338.911,22.7,26.4,654.1399263301888,8.721865684402518,12.11370233944794,True,True,True,0.8459627329192546,0.951552795031056,0.8527950310559006,0.951552795031056,0.8142857142857143,0.9397515527950312,-0.0316770186335403,0.7726708074534161,0.9322981366459628,0.768944099378882,0.929192546583851,0.731055900621118,0.9192546583850932,-0.041614906832298,5,True,1980219485,10.84808819360479
4625005005,1297.0,290.528,22.4,33.1,753.9787147014831,10.05304952935311,13.96256879076821,True,True,True,0.8459627329192546,0.951552795031056,0.8527950310559006,0.951552795031056,0.8105590062111802,0.9360248447204969,-0.0354037267080744,0.7726708074534161,0.9322981366459628,0.768944099378882,0.929192546583851,0.7260869565217392,0.9167701863354036,-0.0465838509316769,5,True,206357844,6.774691396548648
4625005006,1292.0,372.096,28.8,34.0,1041.0951475972067,13.881268634629423,19.27953977031864,True,False,False,0.8459627329192546,0.951552795031056,0.8527950310559006,0.951552795031056,0.8074534161490683,0.9354037267080744,-0.0385093167701863,0.7726708074534161,0.9322981366459628,0.768944099378882,0.929192546583851,0.724223602484472,0.915527950310559,-0.048447204968944,5,False,12110597501,70.96492920124827
4625005007,1072.0,259.424,24.2,36.3,847.3346889272508,11.297795852363343,15.69138312828242,True,False,False,0.8459627329192546,0.951552795031056,0.8527950310559006,0.951552795031056,0.8099378881987578,0.9354037267080744,-0.0360248447204968,0.7726708074534161,0.9322981366459628,0.768944099378882,0.929192546583851,0.7229813664596273,0.9161490683229814,-0.0496894409937888,5,False,11573058721,29.24181604776623
4625005008,1890.0,561.33,29.7,32.2,1084.165999709306,14.45554666279074,20.07714814276492,True,False,False,0.8459627329192546,0.951552795031056,0.8527950310559006,0.951552795031056,0.8099378881987578,0.9354037267080744,-0.0360248447204968,0.7726708074534161,0.9322981366459628,0.768944099378882,0.929192546583851,0.724223602484472,0.915527950310559,-0.048447204968944,5,False,191837683,10.718249146856559
4625005009,1040.0,248.56,23.9,29.6,1236.5556422996024,16.487408563994695,22.899178561103746,False,False,False,0.8459627329192546,0.951552795031056,0.8527950310559006,0.951552795031056,0.8105590062111802,0.9360248447204969,-0.0354037267080744,0.7726708074534161,0.9322981366459628,0.768944099378882,0.929192546583851,0.7279503105590062,0.917391304347826,-0.0447204968944099,5,False,7012547750,12.291953742342438
4625005010,879.0,266.337,30.3,31.9,680.5907723972568,9.074543631963424,12.603532822171422,True,True,True,0.8459627329192546,0.951552795031056,0.8527950310559006,0.951552795031056,0.8229813664596274,0.9453416149068324,-0.0229813664596272,0.7726708074534161,0.9322981366459628,0.768944099378882,0.929192546583851,0.7422360248447205,0.9248447204968944,-0.0304347826086955,5,True,11573058572,39.266258249137934
4625005011,1207.0,242.607,20.1,38.8,841.2462035719368,11.216616047625823,15.57863339948031,True,False,False,0.8459627329192546,0.951552795031056,0.8527950310559006,0.951552795031056,0.8192546583850931,0.9440993788819876,-0.0267080745341614,0.7726708074534161,0.9322981366459628,0.768944099378882,0.929192546583851,0.737888198757764,0.9229813664596274,-0.034782608695652,5,False,11610177297,13.460960081831514
4625005013,1318.0,321.592,24.4,33.7,964.4422835137416,12.859230446849889,17.860042287291506,True,False,False,0.8459627329192546,0.951552795031056,0.8527950310559006,0.951552795031056,0.8198757763975155,0.9440993788819876,-0.026086956521739,0.7726708074534161,0.9322981366459628,0.768944099378882,0.929192546583851,0.739751552795031,0.924223602484472,-0.032919254658385,5,False,138318567,22.265609487165637
4625005014,816.0,124.03199999999998,15.2,33.8,1088.4297808044594,14.512397077392787,20.15610705193443,True,False,False,0.8459627329192546,0.951552795031056,0.8527950310559006,0.951552795031056,0.8180124223602484,0.9428571428571428,-0.0279503105590062,0.7726708074534161,0.9322981366459628,0.768944099378882,0.929192546583851,0.737888198757764,0.922360248447205,-0.034782608695652,5,False,12182696845,33.51023844020349
4625005015,1319.0,258.524,19.6,35.3,987.4055372416908,13.165407163222548,18.28528772669798,True,False,False,0.8459627329192546,0.951552795031056,0.8527950310559006,0.951552795031056,0.8236024844720496,0.94472049689441,-0.0223602484472049,0.7726708074534161,0.9322981366459628,0.768944099378882,0.929192546583851,0.7422360248447205,0.9254658385093169,-0.0304347826086955,5,False,11573613271,21.236907114722722
4625005016,1171.0,255.278,21.8,30.7,1033.386957868452,13.778492771579364,19.136795516082447,True,False,False,0.8459627329192546,0.951552795031056,0.8527950310559006,0.951552795031056,0.8192546583850931,0.9428571428571428,-0.0267080745341614,0.7726708074534161,0.9322981366459628,0.768944099378882,0.929192546583851,0.7385093167701864,0.9229813664596274,-0.0341614906832297,5,False,11598465384,61.41134604080414
4625005017,540.0,99.9,18.5,39.1,634.3092256114674,8.457456341486232,11.7464671409531,True,True,True,0.8459627329192546,0.951552795031056,0.8527950310559006,0.951552795031056,0.8260869565217391,0.9459627329192548,-0.0198757763975154,0.7726708074534161,0.9322981366459628,0.768944099378882,0.929192546583851,0.7472049689440994,0.927329192546584,-0.0254658385093167,5,True,11572980395,26.764082748588667
4625005018,2431.0,607.75,25.0,34.5,794.9298110747651,10.599064147663537,14.720922427310466,True,True,True,0.8459627329192546,0.951552795031056,0.8527950310559006,0.951552795031056,0.8267080745341615,0.9459627329192548,-0.0192546583850931,0.7726708074534161,0.9322981366459628,0.768944099378882,0.929192546583851,0.7484472049689441,0.927329192546584,-0.0242236024844719,5,True,11606326234,19.728183656917235
4625005021,1295.0,253.82000000000005,19.6,43.1,694.0131877118333,9.25350916949111,12.852096068737652,True,True,True,0.8459627329192546,0.951552795031056,0.8527950310559006,0.951552795031056,0.8416149068322981,0.9496894409937888,-0.0043478260869564,0.7726708074534161,0.9322981366459628,0.768944099378882,0.929192546583851,0.7627329192546584,0.9304347826086956,-0.0099378881987577,5,True,11598097974,24.612336516546403
4625005022,1687.0,411.62799999999993,24.4,40.0,695.592920736489,9.274572276486522,12.88135038400906,True,True,True,0.8459627329192546,0.951552795031056,0.8527950310559006,0.951552795031056,0.8341614906832299,0.948447204968944,-0.0118012422360247,0.7726708074534161,0.9322981366459628,0.768944099378882,0.929192546583851,0.7540372670807454,0.929192546583851,-0.0186335403726707,5,True,11602334613,5.4909994716840655
4625005025,717.0,172.08,24.0,39.4,578.6296657884359,7.71506221051248,10.715364181267336,True,True,True,0.8459627329192546,0.951552795031056,0.8527950310559006,0.951552795031056,0.8385093167701864,0.948447204968944,-0.0074534161490682,0.7726708074534161,0.9322981366459628,0.768944099378882,0.929192546583851,0.7583850931677019,0.9298136645962732,-0.0142857142857142,5,True,11598098051,62.79376647647284
4625005026,1466.0,416.344,28.4,37.5,181.43841131566995,2.419178817542266,3.359970579919813,True,True,True,0.8459627329192546,0.951552795031056,0.8527950310559006,0.951552795031056,0.8385093167701864,0.948447204968944,-0.0074534161490682,0.7726708074534161,0.9322981366459628,0.768944099378882,0.929192546583851,0.7571428571428571,0.9298136645962732,-0.0155279503105589,5,True,364683945,15.42829284046811
4625005027,1791.0,440.58600000000007,24.6,31.4,533.0239314853941,7.10698575313859,9.870813546025818,True,True,True,0.8459627329192546,0.951552795031056,0.8527950310559006,0.951552795031056,0.8322981366459627,0.9472049689440992,-0.0136645962732918,0.7726708074534161,0.9322981366459628,0.768944099378882,0.929192546583851,0.7490683229813665,0.9285714285714286,-0.0236024844720496,5,True,11602334704,63.39135233483248
4625005028,1131.0,290.66700000000003,25.7,31.6,219.8464875087087,2.931286500116116,4.071231250161272,True,True,True,0.8459627329192546,0.951552795031056,0.8527950310559006,0.951552795031056,0.8341614906832299,0.9478260869565216,-0.0118012422360247,0.7726708074534161,0.9322981366459628,0.768944099378882,0.929192546583851,0.7478260869565218,0.9279503105590062,-0.0248447204968943,5,True,11594947956,30.881502244713882
4625005029,1175.0,265.55,22.6,34.6,915.4179241833984,12.205572322445317,16.95218378117405,True,False,False,0.8459627329192546,0.951552795031056,0.8527950310559006,0.951552795031056,0.8186335403726708,0.9434782608695652,-0.0273291925465838,0.7726708074534161,0.9322981366459628,0.768944099378882,0.929192546583851,0.7385093167701864,0.9217391304347826,-0.0341614906832297,5,False,181310396,24.429923643331186
4625005031,1057.0,126.84,12.0,28.3,701.3609334265709,9.351479112354282,12.988165433825394,True,True,True,0.8459627329192546,0.951552795031056,0.8527950310559006,0.951552795031056,0.824223602484472,0.9453416149068324,-0.0217391304347825,0.7726708074534161,0.9322981366459628,0.768944099378882,0.929192546583851,0.7434782608695653,0.9254658385093169,-0.0291925465838508,5,True,12180551121,21.18220670912232
4625005033,1730.0,392.71,22.7,25.7,731.9335501614377,9.7591140021525,13.554325002989582,True,True,True,0.8459627329192546,0.951552795031056,0.8527950310559006,0.951552795031056,0.8173913043478261,0.9428571428571428,-0.0285714285714284,0.7726708074534161,0.9322981366459628,0.768944099378882,0.929192546583851,0.7385093167701864,0.9217391304347826,-0.0341614906832297,5,True,12180466383,59.564713856798264
4625005034,1526.0,236.53,15.5,38.4,865.9411416696852,11.545881888929134,16.03594706795713,True,False,False,0.8459627329192546,0.951552795031056,0.8527950310559006,0.951552795031056,0.8180124223602484,0.941614906832298,-0.0279503105590062,0.7726708074534161,0.9322981366459628,0.768944099378882,0.929192546583851,0.7385093167701864,0.9211180124223602,-0.0341614906832297,5,False,190122274,20.517950590292404
4625005036,1226.0,252.556,20.6,27.5,571.56037908529,7.620805054470533,10.584451464542406,True,True,True,0.8459627329192546,0.951552795031056,0.8527950310559006,0.951552795031056,0.8136645962732919,0.9397515527950312,-0.0322981366459627,0.7726708074534161,0.9322981366459628,0.768944099378882,0.929192546583851,0.7329192546583851,0.9192546583850932,-0.0397515527950309,5,True,11708661051,41.61334451704885
4625005037,770.0,176.33,22.9,31.7,935.915588906516,12.478874518753548,17.331770164935485,True,False,False,0.8459627329192546,0.951552795031056,0.8527950310559006,0.951552795031056,0.822360248447205,0.94472049689441,-0.0236024844720496,0.7726708074534161,0.9322981366459628,0.768944099378882,0.929192546583851,0.7416149068322981,0.9254658385093169,-0.0310559006211179,5,False,1977229783,45.028536192991346
4625005038,1422.0,355.5,25.0,25.4,613.7852367680713,8.183803156907619,11.366393273482805,True,True,True,0.8459627329192546,0.951552795031056,0.8527950310559006,0.951552795031056,0.8248447204968944,0.9453416149068324,-0.0211180124223602,0.7726708074534161,0.9322981366459628,0.768944099378882,0.929192546583851,0.7447204968944099,0.9260869565217392,-0.0279503105590062,5,True,181300743,40.558139739350246
4625005039,1683.0,430.848,25.6,34.2,848.5574601696884,11.314099468929182,15.71402704017942,True,False,False,0.8459627329192546,0.951552795031056,0.8527950310559006,0.951552795031056,0.8298136645962733,0.9472049689440992,-0.0161490683229813,0.7726708074534161,0.9322981366459628,0.768944099378882,0.929192546583851,0.7515527950310559,0.9285714285714286,-0.0211180124223602,5,False,5382914521,10.583633678980643
4625005040,1857.0,447.537,24.1,30.2,969.155310497884,12.922070806638454,17.94732056477563,True,False,False,0.8459627329192546,0.951552795031056,0.8527950310559006,0.951552795031056,0.8267080745341615,0.9453416149068324,-0.0192546583850931,0.7726708074534161,0.9322981366459628,0.768944099378882,0.929192546583851,0.746583850931677,0.927329192546584,-0.026086956521739,5,False,11595531895,38.29848940307417
4625005041,1385.0,289.465,20.9,29.9,929.6017343610288,12.394689791480385,17.214846932611646,True,False,False,0.8459627329192546,0.951552795031056,0.8527950310559006,0.951552795031056,0.8267080745341615,0.94472049689441,-0.0192546583850931,0.7726708074534161,0.9322981366459628,0.768944099378882,0.929192546583851,0.7453416149068323,0.9260869565217392,-0.0273291925465838,5,False,5369977025,36.77871890370767
4625005042,1590.0,349.8,22.0,34.5,674.9706641389381,8.999608855185844,12.499456743313674,True,True,True,0.8459627329192546,0.951552795031056,0.8527950310559006,0.951552795031056,0.8267080745341615,0.9459627329192548,-0.0192546583850931,0.7726708074534161,0.9322981366459628,0.768944099378882,0.929192546583851,0.7490683229813665,0.9279503105590062,-0.0236024844720496,5,True,5381280139,25.302524937541513
4625005043,1996.0,353.292,17.7,29.1,534.4006906974287,7.125342542632383,9.896309086989422,True,True,True,0.8459627329192546,0.951552795031056,0.8527950310559006,0.951552795031056,0.8248447204968944,0.9453416149068324,-0.0211180124223602,0.7726708074534161,0.9322981366459628,0.768944099378882,0.929192546583851,0.7459627329192546,0.9260869565217392,-0.0267080745341614,5,True,181300740,27.693858815319196
4625005044,878.0,237.938,27.1,30.3,856.8285453466194,11.424380604621597,15.867195284196658,True,False,False,0.8459627329192546,0.951552795031056,0.8527950310559006,0.951552795031056,0.8273291925465839,0.9459627329192548,-0.0186335403726707,0.7726708074534161,0.9322981366459628,0.768944099378882,0.929192546583851,0.7478260869565218,0.9279503105590062,-0.0248447204968943,5,False,5381280121,38.26682061165047
4625006001,1373.0,354.23400000000004,25.8,32.4,837.746818601834,11.169957581357789,15.51382997410804,True,False,False,0.8459627329192546,0.951552795031056,0.8527950310559006,0.951552795031056,0.846583850931677,0.951552795031056,0.0006211180124223,0.7726708074534161,0.9322981366459628,0.768944099378882,0.929192546583851,0.7658385093167702,0.931055900621118,-0.0068322981366458,6,False,7020389999,26.02084628265508
4625006002,1547.0,417.69,27.0,25.7,886.7908281942085,11.823877709256116,16.422052373966828,True,False,False,0.8459627329192546,0.951552795031056,0.8527950310559006,0.951552795031056,0.8496894409937888,0.953416149068323,0.0037267080745342,0.7726708074534161,0.9322981366459628,0.768944099378882,0.929192546583851,0.7788819875776397,0.9322981366459628,0.0062111801242236,6,False,11534164097,55.98778253132214
4625006003,1033.0,206.6,20.0,30.7,835.1754182736383,11.135672243648514,15.466211449511825,True,False,False,0.8459627329192546,0.951552795031056,0.8527950310559006,0.951552795031056,0.8552795031055901,0.9546583850931676,0.0093167701863354,0.7726708074534161,0.9322981366459628,0.768944099378882,0.929192546583851,0.7913043478260869,0.9366459627329192,0.0186335403726708,6,False,11534005903,12.105009112333859
4625006004,1615.0,373.065,23.1,32.3,913.3845163179174,12.178460217572232,16.914528079961435,True,False,False,0.8459627329192546,0.951552795031056,0.8527950310559006,0.951552795031056,0.853416149068323,0.9546583850931676,0.0074534161490683,0.7726708074534161,0.9322981366459628,0.768944099378882,0.929192546583851,0.7900621118012422,0.9366459627329192,0.017391304347826,6,False,11534164137,45.884849997913214
4625006006,1204.0,374.444,31.1,24.9,764.8938036745282,10.198584048993707,14.164700068046818,True,True,True,0.8459627329192546,0.951552795031056,0.8527950310559006,0.951552795031056,0.846583850931677,0.951552795031056,0.0006211180124223,0.7726708074534161,0.9322981366459628,0.768944099378882,0.929192546583851,0.7658385093167702,0.931055900621118,-0.0068322981366458,6,True,10959898842,23.59948995257206
4625006007,1270.0,281.94,22.2,29.7,597.06304224404,7.960840563253868,11.05672300451926,True,True,True,0.8459627329192546,0.951552795031056,0.8527950310559006,0.951552795031056,0.860248447204969,0.9571428571428572,0.0142857142857143,0.7726708074534161,0.9322981366459628,0.768944099378882,0.929192546583851,0.8006211180124223,0.9403726708074536,0.0279503105590062,6,True,12111211044,42.62083169841047
4625006008,1915.0,540.03,28.2,28.2,438.4787693330039,5.846383591106718,8.119977209870441,True,True,True,0.8459627329192546,0.951552795031056,0.8527950310559006,0.951552795031056,0.8664596273291926,0.9577639751552796,0.0204968944099379,0.7726708074534161,0.9322981366459628,0.768944099378882,0.929192546583851,0.8130434782608695,0.94472049689441,0.0403726708074534,6,True,7600831641,87.8665833735468
4625006009,1390.0,294.68,21.2,38.7,279.4176413882621,3.7255685518434944,5.174400766449298,True,True,True,0.8459627329192546,0.951552795031056,0.8527950310559006,0.951552795031056,0.8751552795031056,0.9608695652173912,0.0291925465838509,0.7726708074534161,0.9322981366459628,0.768944099378882,0.929192546583851,0.8347826086956521,0.9559006211180124,0.062111801242236,6,True,6857422012,49.59767679079056
4625006011,834.0,145.116,17.4,35.5,632.0274928725935,8.427033238301247,11.704212830973953,True,True,True,0.8459627329192546,0.951552795031056,0.8527950310559006,0.951552795031056,0.8726708074534162,0.9602484472049688,0.0267080745341615,0.7726708074534161,0.9322981366459628,0.768944099378882,0.929192546583851,0.8329192546583851,0.9546583850931676,0.060248447204969,6,True,2697693980,33.80232818369248
4625006012,1123.0,248.183,22.1,37.9,805.005291159273,10.73340388212364,14.907505391838386,True,True,True,0.8459627329192546,0.951552795031056,0.8527950310559006,0.951552795031056,0.8770186335403727,0.962111801242236,0.031055900621118,0.7726708074534161,0.9322981366459628,0.768944099378882,0.929192546583851,0.8254658385093168,0.9521739130434784,0.0527950310559006,6,True,8702510905,35.68813365682436
4625006013,1430.0,306.02,21.4,29.3,397.2097632684449,5.296130176912599,7.355736356823054,True,True,True,0.8459627329192546,0.951552795031056,0.8527950310559006,0.951552795031056,0.877639751552795,0.9627329192546584,0.0316770186335404,0.7726708074534161,0.9322981366459628,0.768944099378882,0.929192546583851,0.8335403726708075,0.9559006211180124,0.0608695652173914,6,True,11769324139,50.170031964132576
4625006014,1579.0,356.85400000000004,22.6,32.2,446.7973440645131,5.957297920860175,8.274024890083576,True,True,True,0.8459627329192546,0.951552795031056,0.8527950310559006,0.951552795031056,0.8732919254658386,0.9614906832298136,0.0273291925465839,0.7726708074534161,0.9322981366459628,0.768944099378882,0.929192546583851,0.8291925465838509,0.953416149068323,0.0565217391304347,6,True,11769897034,46.85018290912158
4625006015,2117.0,474.208,22.4,32.2,59.81899981440224,0.7975866641920298,1.1077592558222635,True,True,True,0.8459627329192546,0.951552795031056,0.8527950310559006,0.951552795031056,0.8751552795031056,0.9614906832298136,0.0291925465838509,0.7726708074534161,0.9322981366459628,0.768944099378882,0.929192546583851,0.8329192546583851,0.95527950310559,0.060248447204969,6,True,11516300178,16.522377037728898
4625006016,862.0,212.914,24.7,31.1,408.42765417428666,5.445702055657156,7.563475077301605,True,True,True,0.8459627329192546,0.951552795031056,0.8527950310559006,0.951552795031056,0.8472049689440994,0.9521739130434784,0.0012422360248447,0.7726708074534161,0.9322981366459628,0.768944099378882,0.929192546583851,0.7745341614906832,0.9322981366459628,0.0018633540372671,6,True,4438932178,14.589101608704931
4625006017,1757.0,444.521,25.3,27.0,432.2064676001125,5.762752901334834,8.003823474076158,True,True,True,0.8459627329192546,0.951552795031056,0.8527950310559006,0.951552795031056,0.8490683229813665,0.9521739130434784,0.0031055900621118,0.7726708074534161,0.9322981366459628,0.768944099378882,0.929192546583851,0.7751552795031056,0.9322981366459628,0.0024844720496894,6,True,11540124204,46.009248160395956
4625006018,1021.0,286.901,28.1,25.7,724.360348521182,9.658137980282426,13.414080528170038,True,True,True,0.8459627329192546,0.951552795031056,0.8527950310559006,0.951552795031056,0.8459627329192546,0.9503105590062112,0.0,0.7726708074534161,0.9322981366459628,0.768944099378882,0.929192546583851,0.7664596273291926,0.9304347826086956,-0.0062111801242235,6,True,11538094478,18.365194492768637
4625006019,1011.0,232.53,23.0,30.9,499.192637906026,6.655901838747014,9.244308109370852,True,True,True,0.8459627329192546,0.951552795031056,0.8527950310559006,0.951552795031056,0.846583850931677,0.9509316770186336,0.0006211180124223,0.7726708074534161,0.9322981366459628,0.768944099378882,0.929192546583851,0.768944099378882,0.931055900621118,-0.0037267080745341,6,True,90772841,15.884137690115216
4625006021,811.0,223.025,27.5,27.5,508.6629312440177,6.782172416586904,9.419683911926256,True,True,True,0.8459627329192546,0.951552795031056,0.8527950310559006,0.951552795031056,0.8490683229813665,0.9521739130434784,0.0031055900621118,0.7726708074534161,0.9322981366459628,0.768944099378882,0.929192546583851,0.7739130434782608,0.9322981366459628,0.0012422360248447,6,True,11540124226,17.77485516261948
4625006022,1014.0,269.724,26.6,27.3,287.53769830811666,3.8338359774415554,5.324772190891049,True,True,True,0.8459627329192546,0.951552795031056,0.8527950310559006,0.951552795031056,0.8496894409937888,0.9521739130434784,0.0037267080745342,0.7726708074534161,0.9322981366459628,0.768944099378882,0.929192546583851,0.782608695652174,0.9341614906832298,0.0099378881987578,6,True,11543175026,7.8535752132500365
4625006023,1205.0,307.275,25.5,29.6,804.2644881577253,10.723526508769671,14.893786817735652,True,True,True,0.8459627329192546,0.951552795031056,0.8527950310559006,0.951552795031056,0.8677018633540373,0.9583850931677018,0.0217391304347827,0.7726708074534161,0.9322981366459628,0.768944099378882,0.929192546583851,0.8167701863354038,0.9478260869565216,0.0440993788819876,6,True,11226945277,19.896282444642427
4625006024,1562.0,374.88,24.0,33.4,649.3132744021565,8.657510325362084,12.024319896336229,True,True,True,0.8459627329192546,0.951552795031056,0.8527950310559006,0.951552795031056,0.8527950310559006,0.9546583850931676,0.0068322981366459,0.7726708074534161,0.9322981366459628,0.768944099378882,0.929192546583851,0.7894409937888198,0.9366459627329192,0.0167701863354037,6,True,11543175229,84.9402083262113
4625006026,1666.0,411.502,24.7,33.4,519.5502897931166,6.927337197241553,9.62130166283549,True,True,True,0.8459627329192546,0.951552795031056,0.8527950310559006,0.951552795031056,0.8708074534161491,0.9590062111801242,0.0248447204968944,0.7726708074534161,0.9322981366459628,0.768944099378882,0.929192546583851,0.8267080745341615,0.9496894409937888,0.0540372670807454,6,True,11513687990,5.102508671555894
4625006027,1253.0,294.455,23.5,30.5,306.32747452106105,4.084366326947481,5.67273100964928,True,True,True,0.8459627329192546,0.951552795031056,0.8527950310559006,0.951552795031056,0.8720496894409938,0.9596273291925466,0.0260869565217392,0.7726708074534161,0.9322981366459628,0.768944099378882,0.929192546583851,0.8291925465838509,0.9527950310559006,0.0565217391304347,6,True,11512138210,19.089104372003664
4625007001,1216.0,284.544,23.4,34.7,641.9628835348011,8.55950511379735,11.888201546940763,True,True,True,0.8459627329192546,0.951552795031056,0.8527950310559006,0.951552795031056,0.831055900621118,0.9472049689440992,-0.0149068322981366,0.7726708074534161,0.9322981366459628,0.768944099378882,0.929192546583851,0.7515527950310559,0.927329192546584,-0.0211180124223602,7,True,14076764030,61.874023868467724
4625007002,1892.0,361.37200000000007,19.1,31.0,314.06760551505545,4.187568073534073,5.816066768797323,True,True,True,0.8459627329192546,0.951552795031056,0.8527950310559006,0.951552795031056,0.8354037267080745,0.9472049689440992,-0.0105590062111801,0.7726708074534161,0.9322981366459628,0.768944099378882,0.929192546583851,0.7559006211180124,0.929192546583851,-0.0167701863354037,7,True,255099269,53.00660966451264
4625007003,1404.0,341.172,24.3,31.5,538.379643974255,7.17839525299007,9.969993406930652,True,True,True,0.8459627329192546,0.951552795031056,0.8527950310559006,0.951552795031056,0.8335403726708075,0.9472049689440992,-0.0124223602484471,0.7726708074534161,0.9322981366459628,0.768944099378882,0.929192546583851,0.7552795031055901,0.929192546583851,-0.0173913043478259,7,True,255099401,10.889291298560055
4625007004,960.0,211.2,22.0,36.2,554.2256284303996,7.389675045738661,10.26343756352592,True,True,True,0.8459627329192546,0.951552795031056,0.8527950310559006,0.951552795031056,0.8329192546583851,0.9472049689440992,-0.0130434782608694,0.7726708074534161,0.9322981366459628,0.768944099378882,0.929192546583851,0.7515527950310559,0.9285714285714286,-0.0211180124223602,7,True,1978126852,52.88534490683295
4625007005,1151.0,189.915,16.5,28.4,479.17658892021103,6.389021185602814,8.873640535559463,True,True,True,0.8459627329192546,0.951552795031056,0.8527950310559006,0.951552795031056,0.8335403726708075,0.9472049689440992,-0.0124223602484471,0.7726708074534161,0.9322981366459628,0.768944099378882,0.929192546583851,0.7515527950310559,0.9285714285714286,-0.0211180124223602,7,True,2932008477,22.529753165665124
4625007006,1156.0,223.108,19.3,35.3,496.1226740160406,6.614968986880541,9.187456926222971,True,True,True,0.8459627329192546,0.951552795031056,0.8527950310559006,0.951552795031056,0.8316770186335404,0.9478260869565216,-0.0142857142857142,0.7726708074534161,0.9322981366459628,0.768944099378882,0.929192546583851,0.7503105590062111,0.9279503105590062,-0.0223602484472049,7,True,1877436723,60.98598150583302
4625007007,1118.0,269.43800000000005,24.1,37.1,593.3874365237925,7.911832486983899,10.988656231922082,True,True,True,0.8459627329192546,0.951552795031056,0.8527950310559006,0.951552795031056,0.8341614906832299,0.9478260869565216,-0.0118012422360247,0.7726708074534161,0.9322981366459628,0.768944099378882,0.929192546583851,0.7515527950310559,0.9285714285714286,-0.0211180124223602,7,True,255088960,79.21769946415267
4625007008,778.0,182.83,23.5,33.2,644.0531631916185,8.58737550922158,11.926910429474416,True,True,True,0.8459627329192546,0.951552795031056,0.8527950310559006,0.951552795031056,0.8347826086956521,0.9478260869565216,-0.0111801242236024,0.7726708074534161,0.9322981366459628,0.768944099378882,0.929192546583851,0.7509316770186335,0.9279503105590062,-0.0217391304347825,7,True,14024334743,34.71283827558838
4625007009,1158.0,251.286,21.7,42.3,799.2784000796529,10.65704533439537,14.801451853326904,True,True,True,0.8459627329192546,0.951552795031056,0.8527950310559006,0.951552795031056,0.8335403726708075,0.948447204968944,-0.0124223602484471,0.7726708074534161,0.9322981366459628,0.768944099378882,0.929192546583851,0.7521739130434782,0.9285714285714286,-0.0204968944099378,7,True,12175026814,48.66752981703017
4625007010,2009.0,423.899,21.1,30.9,704.0229746424529,9.386972995232703,13.037462493378758,True,True,True,0.8459627329192546,0.951552795031056,0.8527950310559006,0.951552795031056,0.8434782608695652,0.948447204968944,-0.0024844720496893,0.7726708074534161,0.9322981366459628,0.768944099378882,0.929192546583851,0.7596273291925466,0.9298136645962732,-0.0130434782608694,7,True,9157828100,30.32068942685721
4625007012,1124.0,213.56,19.0,32.4,393.65431047710274,5.248724139694702,7.289894638464863,True,True,True,0.8459627329192546,0.951552795031056,0.8527950310559006,0.951552795031056,0.84472049689441,0.948447204968944,-0.0012422360248446,0.7726708074534161,0.9322981366459628,0.768944099378882,0.929192546583851,0.760248447204969,0.9298136645962732,-0.0124223602484471,7,True,1567974736,37.021075439602484
4625007013,1004.0,187.748,18.7,40.5,215.29720798427252,2.8706294397903003,3.986985333042084,True,True,True,0.8459627329192546,0.951552795031056,0.8527950310559006,0.951552795031056,0.84472049689441,0.948447204968944,-0.0012422360248446,0.7726708074534161,0.9322981366459628,0.768944099378882,0.929192546583851,0.760248447204969,0.9298136645962732,-0.0124223602484471,7,True,10130675013,26.041530354810025
4625007014,1036.0,224.812,21.7,33.2,344.99294510665027,4.599905934755337,6.3887582427157446,True,True,True,0.8459627329192546,0.951552795031056,0.8527950310559006,0.951552795031056,0.8440993788819876,0.948447204968944,-0.001863354037267,0.7726708074534161,0.9322981366459628,0.768944099378882,0.929192546583851,0.760248447204969,0.9298136645962732,-0.0124223602484471,7,True,12400816036,20.808193704111613
4625007015,1138.0,190.046,16.7,27.6,514.8921725070787,6.865228966761051,9.535040231612571,True,True,True,0.8459627329192546,0.951552795031056,0.8527950310559006,0.951552795031056,0.8434782608695652,0.948447204968944,-0.0024844720496893,0.7726708074534161,0.9322981366459628,0.768944099378882,0.929192546583851,0.760248447204969,0.9298136645962732,-0.0124223602484471,7,True,9157828235,71.91273352457938
4625007016,1927.0,470.18799999999993,24.4,31.7,300.4529064755,4.006038753006667,5.56394271250926,True,True,True,0.8459627329192546,0.951552795031056,0.8527950310559006,0.951552795031056,0.8428571428571429,0.948447204968944,-0.0031055900621117,0.7726708074534161,0.9322981366459628,0.768944099378882,0.929192546583851,0.760248447204969,0.929192546583851,-0.0124223602484471,7,True,255099374,4.28337038502266
4625007017,2063.0,439.419,21.3,34.4,264.3209084550953,3.524278779401271,4.894831638057321,True,True,True,0.8459627329192546,0.951552795031056,0.8527950310559006,0.951552795031056,0.8403726708074534,0.9478260869565216,-0.0055900621118012,0.7726708074534161,0.9322981366459628,0.768944099378882,0.929192546583851,0.7596273291925466,0.929192546583851,-0.0130434782608694,7,True,12401058421,85.86345244325562
4625007018,1250.0,302.5,24.2,33.1,264.29655679232434,3.523954090564325,4.8943806813393405,True,True,True,0.8459627329192546,0.951552795031056,0.8527950310559006,0.951552795031056,0.8360248447204969,0.9478260869565216,-0.0099378881987577,0.7726708074534161,0.9322981366459628,0.768944099378882,0.929192546583851,0.7577639751552795,0.9298136645962732,-0.0149068322981366,7,True,10130674953,22.361102779210015
4625007019,1680.0,339.36,20.2,27.7,217.82223150978425,2.9042964201304566,4.033745027958967,True,True,True,0.8459627329192546,0.951552795031056,0.8527950310559006,0.951552795031056,0.8428571428571429,0.948447204968944,-0.0031055900621117,0.7726708074534161,0.9322981366459628,0.768944099378882,0.929192546583851,0.7596273291925466,0.9298136645962732,-0.0130434782608694,7,True,255099352,2.908824558684168
4625007020,1722.0,430.5,25.0,31.3,454.8123967768585,6.0641652903581145,8.422451792164047,True,True,True,0.8459627329192546,0.951552795031056,0.8527950310559006,0.951552795031056,0.8360248447204969,0.9478260869565216,-0.0099378881987577,0.7726708074534161,0.9322981366459628,0.768944099378882,0.929192546583851,0.7552795031055901,0.9298136645962732,-0.0173913043478259,7,True,4725061395,25.116745061997253
4625007021,1394.0,299.71,21.5,33.1,1325.9474897992338,17.679299863989787,24.554583144430257,False,False,False,0.8459627329192546,0.951552795031056,0.8527950310559006,0.951552795031056,0.837888198757764,0.948447204968944,-0.0080745341614906,0.7726708074534161,0.9322981366459628,0.768944099378882,0.929192546583851,0.7583850931677019,0.931055900621118,-0.0142857142857142,7,False,10712237369,38.031501055934065
4625007022,1424.0,361.696,25.4,33.0,1024.205357880484,13.65607143840646,18.96676588667564,True,False,False,0.8459627329192546,0.951552795031056,0.8527950310559006,0.951552795031056,0.8366459627329192,0.948447204968944,-0.0093167701863353,0.7726708074534161,0.9322981366459628,0.768944099378882,0.929192546583851,0.7590062111801242,0.931055900621118,-0.0136645962732918,7,False,256627245,15.253761364826794
4625007023,767.0,201.72100000000003,26.3,36.8,906.9056403233232,12.092075204310984,16.794548894876364,True,False,False,0.8459627329192546,0.951552795031056,0.8527950310559006,0.951552795031056,0.8397515527950311,0.948447204968944,-0.0062111801242235,0.7726708074534161,0.9322981366459628,0.768944099378882,0.929192546583851,0.7590062111801242,0.931055900621118,-0.0136645962732918,7,False,11828314318,27.795021891089362
4625007024,1430.0,228.8,16.0,33.1,791.7017286560958,10.556023048747948,14.661143123261038,True,True,True,0.8459627329192546,0.951552795031056,0.8527950310559006,0.951552795031056,0.8416149068322981,0.9490683229813665,-0.0043478260869564,0.7726708074534161,0.9322981366459628,0.768944099378882,0.929192546583851,0.7596273291925466,0.9298136645962732,-0.0130434782608694,7,True,12593697782,65.1457426263885
4625007025,1025.0,244.975,23.9,33.7,553.1078083771692,7.374770778362254,10.242737192169797,True,True,True,0.8459627329192546,0.951552795031056,0.8527950310559006,0.951552795031056,0.837888198757764,0.948447204968944,-0.0080745341614906,0.7726708074534161,0.9322981366459628,0.768944099378882,0.929192546583851,0.7590062111801242,0.931055900621118,-0.0136645962732918,7,True,7717643558,66.45175037161543
4625007026,1197.0,154.413,12.9,29.5,570.7687039212477,7.61024938561664,10.569790813356445,True,True,True,0.8459627329192546,0.951552795031056,0.8527950310559006,0.951552795031056,0.8422360248447205,0.9490683229813665,-0.0037267080745341,0.7726708074534161,0.9322981366459628,0.768944099378882,0.929192546583851,0.760248447204969,0.9304347826086956,-0.0124223602484471,7,True,254993095,16.43312879875595
4625007027,3664.0,527.616,14.4,30.2,564.5094936194672,7.526793248259563,10.453879511471616,True,True,True,0.8459627329192546,0.951552795031056,0.8527950310559006,0.951552795031056,0.8422360248447205,0.9490683229813665,-0.0037267080745341,0.7726708074534161,0.9322981366459628,0.768944099378882,0.929192546583851,0.760248447204969,0.9304347826086956,-0.0124223602484471,7,True,14053426741,55.22006196577059
4625007030,1668.0,236.856,14.2,30.5,529.7990510496146,7.063987347328199,9.811093537955832,True,True,True,0.8459627329192546,0.951552795031056,0.8527950310559006,0.951552795031056,0.8440993788819876,0.9490683229813665,-0.001863354037267,0.7726708074534161,0.9322981366459628,0.768944099378882,0.929192546583851,0.7596273291925466,0.9304347826086956,-0.0130434782608694,7,True,1685977504,38.567265389425756
4625007031,1069.0,275.802,25.8,34.1,423.043234966702,5.640576466222693,7.834133980864851,True,True,True,0.8459627329192546,0.951552795031056,0.8527950310559006,0.951552795031056,0.8391304347826087,0.948447204968944,-0.0068322981366458,0.7726708074534161,0.9322981366459628,0.768944099378882,0.929192546583851,0.7590062111801242,0.931055900621118,-0.0136645962732918,7,True,4938755378,29.28169699835422
4625007032,1172.0,378.556,32.3,30.8,167.1331390149452,2.228441853532603,3.095058129906393,True,True,True,0.8459627329192546,0.951552795031056,0.8527950310559006,0.951552795031056,0.8403726708074534,0.948447204968944,-0.0055900621118012,0.7726708074534161,0.9322981366459628,0.768944099378882,0.929192546583851,0.7596273291925466,0.931055900621118,-0.0130434782608694,7,True,254992935,15.27389092335983
4625007036,1714.0,311.948,18.2,28.8,486.60478418471394,6.488063789129521,9.011199707124335,True,True,True,0.8459627329192546,0.951552795031056,0.8527950310559006,0.951552795031056,0.8397515527950311,0.948447204968944,-0.0062111801242235,0.7726708074534161,0.9322981366459628,0.768944099378882,0.929192546583851,0.7608695652173914,0.931055900621118,-0.0118012422360247,7,True,6490801590,26.97776060039187
4625007037,2008.0,327.30400000000003,16.3,25.8,827.1048329729002,11.028064439638673,15.31675616616482,True,False,False,0.8459627329192546,0.951552795031056,0.8527950310559006,0.951552795031056,0.8391304347826087,0.948447204968944,-0.0068322981366458,0.7726708074534161,0.9322981366459628,0.768944099378882,0.929192546583851,0.760248447204969,0.931055900621118,-0.0124223602484471,7,False,5370584128,11.719798202498083
4625007039,1377.0,380.052,27.6,19.8,1285.8981884335542,17.145309179114058,23.81292941543619,False,False,False,0.8459627329192546,0.951552795031056,0.8527950310559006,0.951552795031056,0.8385093167701864,0.948447204968944,-0.0074534161490682,0.7726708074534161,0.9322981366459628,0.768944099378882,0.929192546583851,0.7596273291925466,0.931055900621118,-0.0130434782608694,7,False,5405762285,11.547406743787889
4625007040,1245.0,347.355,27.9,29.1,1551.6108264895947,20.6881443531946,28.733533823881384,False,False,False,0.8459627329192546,0.951552795031056,0.8527950310559006,0.951552795031056,0.8385093167701864,0.948447204968944,-0.0074534161490682,0.7726708074534161,0.9322981366459628,0.768944099378882,0.929192546583851,0.7590062111801242,0.9304347826086956,-0.0136645962732918,7,False,5403386565,12.442033015754618
4625007041,1077.0,252.018,23.4,30.3,81.71410505967954,1.0895214007957272,1.5132241677718432,True,True,True,0.8459627329192546,0.951552795031056,0.8527950310559006,0.951552795031056,0.8434782608695652,0.948447204968944,-0.0024844720496893,0.7726708074534161,0.9322981366459628,0.768944099378882,0.929192546583851,0.7596273291925466,0.929192546583851,-0.0130434782608694,7,True,10130675026,18.89517773451931
4625007042,2243.0,444.114,19.8,28.8,1307.4254558530986,17.432339411374645,24.21158251579812,False,False,False,0.8459627329192546,0.951552795031056,0.8527950310559006,0.951552795031056,0.8385093167701864,0.948447204968944,-0.0074534161490682,0.7726708074534161,0.9322981366459628,0.768944099378882,0.929192546583851,0.7596273291925466,0.931055900621118,-0.0130434782608694,7,False,5405762307,9.855353121462365
4625008001,1881.0,411.939,21.9,37.1,755.5923267811047,10.074564357081393,13.99245049594638,True,True,True,0.8459627329192546,0.951552795031056,0.8527950310559006,0.951552795031056,0.8366459627329192,0.948447204968944,-0.0093167701863353,0.7726708074534161,0.9322981366459628,0.768944099378882,0.929192546583851,0.7527950310559006,0.9298136645962732,-0.0198757763975154,8,True,13339379832,67.02841905194117
4625008002,825.0,235.95,28.6,30.3,881.7073576310813,11.75609810174775,16.327914030205207,True,False,False,0.8459627329192546,0.951552795031056,0.8527950310559006,0.951552795031056,0.8360248447204969,0.948447204968944,-0.0099378881987577,0.7726708074534161,0.9322981366459628,0.768944099378882,0.929192546583851,0.7527950310559006,0.9285714285714286,-0.0198757763975154,8,False,13283866662,33.807793176700415
4625008003,823.0,199.989,24.3,26.6,742.7320236635907,9.90309364884788,13.754296734510945,True,True,True,0.8459627329192546,0.951552795031056,0.8527950310559006,0.951552795031056,0.8372670807453416,0.948447204968944,-0.0086956521739129,0.7726708074534161,0.9322981366459628,0.768944099378882,0.929192546583851,0.7540372670807454,0.929192546583851,-0.0186335403726707,8,True,6996799554,10.031107348349257
4625008004,1755.0,375.57,21.4,34.1,764.5101140126424,10.193468186835236,14.157594703937823,True,True,True,0.8459627329192546,0.951552795031056,0.8527950310559006,0.951552795031056,0.837888198757764,0.948447204968944,-0.0080745341614906,0.7726708074534161,0.9322981366459628,0.768944099378882,0.929192546583851,0.7546583850931677,0.9304347826086956,-0.0180124223602483,8,True,1562631948,22.3919112631274
4625008006,1028.0,302.232,29.4,32.4,644.2774304715913,8.590365739621214,11.93106352725169,True,True,True,0.8459627329192546,0.951552795031056,0.8527950310559006,0.951552795031056,0.8360248447204969,0.948447204968944,-0.0099378881987577,0.7726708074534161,0.9322981366459628,0.768944099378882,0.929192546583851,0.7540372670807454,0.9304347826086956,-0.0186335403726707,8,True,254902053,59.26804471618014
4625008007,1100.0,280.5,25.5,29.6,179.28868342157884,2.390515778954385,3.320160804103312,True,True,True,0.8459627329192546,0.951552795031056,0.8527950310559006,0.951552795031056,0.8385093167701864,0.9490683229813665,-0.0074534161490682,0.7726708074534161,0.9322981366459628,0.768944099378882,0.929192546583851,0.7577639751552795,0.9304347826086956,-0.0149068322981366,8,True,8328780026,53.35677448000111
4625008008,898.0,217.316,24.2,37.2,466.679685101116,6.222395801348214,8.642216390761408,True,True,True,0.8459627329192546,0.951552795031056,0.8527950310559006,0.951552795031056,0.837888198757764,0.9490683229813665,-0.0080745341614906,0.7726708074534161,0.9322981366459628,0.768944099378882,0.929192546583851,0.7559006211180124,0.9304347826086956,-0.0167701863354037,8,True,254902078,28.887462905067974
4625008009,851.0,182.965,21.5,33.7,622.4626655728986,8.29950220763865,11.527086399498124,True,True,True,0.8459627329192546,0.951552795031056,0.8527950310559006,0.951552795031056,0.8366459627329192,0.9490683229813665,-0.0093167701863353,0.7726708074534161,0.9322981366459628,0.768944099378882,0.929192546583851,0.7559006211180124,0.9298136645962732,-0.0167701863354037,8,True,254902074,12.671395676946622
4625008010,2266.0,335.36800000000005,14.8,29.1,712.4507682111292,9.499343576148387,13.19353274465054,True,True,True,0.8459627329192546,0.951552795031056,0.8527950310559006,0.951552795031056,0.8385093167701864,0.948447204968944,-0.0074534161490682,0.7726708074534161,0.9322981366459628,0.768944099378882,0.929192546583851,0.7571428571428571,0.9304347826086956,-0.0155279503105589,8,True,2104665511,27.62414543865873
4625008012,1389.0,391.698,28.2,33.8,578.5923923146582,7.714565230862109,10.71467393175293,True,True,True,0.8459627329192546,0.951552795031056,0.8527950310559006,0.951552795031056,0.8391304347826087,0.948447204968944,-0.0068322981366458,0.7726708074534161,0.9322981366459628,0.768944099378882,0.929192546583851,0.7590062111801242,0.9304347826086956,-0.0136645962732918,8,True,11022535378,8.65871758477678
4625008013,2093.0,542.087,25.9,26.3,733.6094102682488,9.781458803576651,13.585359449412016,True,True,True,0.8459627329192546,0.951552795031056,0.8527950310559006,0.951552795031056,0.837888198757764,0.948447204968944,-0.0080745341614906,0.7726708074534161,0.9322981366459628,0.768944099378882,0.929192546583851,0.7577639751552795,0.9304347826086956,-0.0149068322981366,8,True,254902071,48.17973280671532
4625008014,1804.0,483.472,26.8,32.2,388.15595181805134,5.175412690907352,7.188073181815766,True,True,True,0.8459627329192546,0.951552795031056,0.8527950310559006,0.951552795031056,0.8397515527950311,0.9490683229813665,-0.0062111801242235,0.7726708074534161,0.9322981366459628,0.768944099378882,0.929192546583851,0.7577639751552795,0.9316770186335404,-0.0149068322981366,8,True,13812215662,48.88356211035803
4625008015,1028.0,240.552,23.4,37.2,368.8883534962224,4.918511379949633,6.831265805485601,True,True,True,0.8459627329192546,0.951552795031056,0.8527950310559006,0.951552795031056,0.8391304347826087,0.9490683229813665,-0.0068322981366458,0.7726708074534161,0.9322981366459628,0.768944099378882,0.929192546583851,0.7565217391304347,0.9298136645962732,-0.0161490683229813,8,True,3316667401,50.66686660285649
4625008016,735.0,124.95,17.0,43.8,351.17861343962363,4.682381512528314,6.503307656289326,True,True,True,0.8459627329192546,0.951552795031056,0.8527950310559006,0.951552795031056,0.8403726708074534,0.9503105590062112,-0.0055900621118012,0.7726708074534161,0.9322981366459628,0.768944099378882,0.929192546583851,0.7590062111801242,0.9316770186335404,-0.0136645962732918,8,True,3316667385,21.187030434573092
4625008017,790.0,190.39,24.1,36.6,409.6021337777125,5.461361783702833,7.585224699587269,True,True,True,0.8459627329192546,0.951552795031056,0.8527950310559006,0.951552795031056,0.8397515527950311,0.9496894409937888,-0.0062111801242235,0.7726708074534161,0.9322981366459628,0.768944099378882,0.929192546583851,0.7590062111801242,0.931055900621118,-0.0136645962732918,8,True,3316667393,33.19129590418942
4625008018,2257.0,494.283,21.9,28.6,286.6029808159407,3.821373077545876,5.307462607702606,True,True,True,0.8459627329192546,0.951552795031056,0.8527950310559006,0.951552795031056,0.8409937888198757,0.9503105590062112,-0.0049689440993788,0.7726708074534161,0.9322981366459628,0.768944099378882,0.929192546583851,0.7596273291925466,0.9316770186335404,-0.0130434782608694,8,True,13458995474,45.36177267943456
4625008019,1998.0,351.648,17.6,27.2,569.4145355059511,7.592193806746015,10.544713620480575,True,True,True,0.8459627329192546,0.951552795031056,0.8527950310559006,0.951552795031056,0.8428571428571429,0.9503105590062112,-0.0031055900621117,0.7726708074534161,0.9322981366459628,0.768944099378882,0.929192546583851,0.762111801242236,0.9316770186335404,-0.0105590062111801,8,True,10970557219,11.799562349669328
4625008020,1840.0,309.12,16.8,22.5,616.9815899669004,8.226421199558674,11.425584999387048,True,True,True,0.8459627329192546,0.951552795031056,0.8527950310559006,0.951552795031056,0.8422360248447205,0.9503105590062112,-0.0037267080745341,0.7726708074534161,0.9322981366459628,0.768944099378882,0.929192546583851,0.7614906832298136,0.931055900621118,-0.0111801242236024,8,True,11833026863,54.57834859462383
4625008021,1445.0,294.78,20.4,23.7,916.1621137071072,12.215494849428104,16.965965068650142,True,False,False,0.8459627329192546,0.951552795031056,0.8527950310559006,0.951552795031056,0.8440993788819876,0.9503105590062112,-0.001863354037267,0.7726708074534161,0.9322981366459628,0.768944099378882,0.929192546583851,0.7645962732919255,0.9316770186335404,-0.0080745341614906,8,False,11833507537,105.6474454524942
4625008022,1384.0,388.904,28.1,27.4,476.0130849466082,6.346841132621443,8.815057128640893,True,True,True,0.8459627329192546,0.951552795031056,0.8527950310559006,0.951552795031056,0.8385093167701864,0.948447204968944,-0.0074534161490682,0.7726708074534161,0.9322981366459628,0.768944099378882,0.929192546583851,0.7583850931677019,0.931055900621118,-0.0142857142857142,8,True,5880167674,36.11586650209273
4625008023,947.0,252.849,26.7,27.4,620.9969087020852,8.279958782694468,11.499942753742316,True,True,True,0.8459627329192546,0.951552795031056,0.8527950310559006,0.951552795031056,0.8397515527950311,0.948447204968944,-0.0062111801242235,0.7726708074534161,0.9322981366459628,0.768944099378882,0.929192546583851,0.7614906832298136,0.931055900621118,-0.0111801242236024,8,True,255007169,17.682734091241272
4625008024,1574.0,338.41,21.5,29.5,892.359873032687,11.898131640435825,16.525182833938647,True,False,False,0.8459627329192546,0.951552795031056,0.8527950310559006,0.951552795031056,0.8403726708074534,0.9490683229813665,-0.0055900621118012,0.7726708074534161,0.9322981366459628,0.768944099378882,0.929192546583851,0.7608695652173914,0.9304347826086956,-0.0118012422360247,8,False,10842189005,35.07609696417877
4625008025,798.0,200.29800000000003,25.1,33.1,119.44844083162666,1.5926458777550223,2.2120081635486417,True,True,True,0.8459627329192546,0.951552795031056,0.8527950310559006,0.951552795031056,0.8397515527950311,0.948447204968944,-0.0062111801242235,0.7726708074534161,0.9322981366459628,0.768944099378882,0.929192546583851,0.762111801242236,0.931055900621118,-0.0105590062111801,8,True,255007086,68.68607175990665
4625008026,1465.0,471.7300000000001,32.2,32.7,49.40603560596901,0.6587471414129202,0.9149265852957223,True,True,True,0.8459627329192546,0.951552795031056,0.8527950310559006,0.951552795031056,0.8391304347826087,0.948447204968944,-0.0068322981366458,0.7726708074534161,0.9322981366459628,0.768944099378882,0.929192546583851,0.760248447204969,0.931055900621118,-0.0124223602484471,8,True,13341547688,20.247615449350377
4625008027,2152.0,329.256,15.3,27.6,822.437478156285,10.9658330420838,15.23032366956083,True,False,False,0.8459627329192546,0.951552795031056,0.8527950310559006,0.951552795031056,0.8422360248447205,0.9503105590062112,-0.0037267080745341,0.7726708074534161,0.9322981366459628,0.768944099378882,0.929192546583851,0.760248447204969,0.9316770186335404,-0.0124223602484471,8,False,2628382906,17.988111983614726
4625008028,750.0,243.75,32.5,25.5,811.3746448954926,10.818328598606564,15.02545638695356,True,False,False,0.8459627329192546,0.951552795031056,0.8527950310559006,0.951552795031056,0.8397515527950311,0.948447204968944,-0.0062111801242235,0.7726708074534161,0.9322981366459628,0.768944099378882,0.929192546583851,0.7596273291925466,0.9304347826086956,-0.0130434782608694,8,False,1334420845,64.31147966462271
4625008029,1952.0,302.56,15.5,29.0,872.4828782107978,11.63310504281064,16.157090337236998,True,False,False,0.8459627329192546,0.951552795031056,0.8527950310559006,0.951552795031056,0.8397515527950311,0.9496894409937888,-0.0062111801242235,0.7726708074534161,0.9322981366459628,0.768944099378882,0.929192546583851,0.7608695652173914,0.9304347826086956,-0.0118012422360247,8,False,11010559264,15.61045999142595
4625008030,2052.0,437.076,21.3,25.6,914.0794820452958,12.187726427270608,16.927397815653624,True,False,False,0.8459627329192546,0.951552795031056,0.8527950310559006,0.951552795031056,0.8409937888198757,0.9496894409937888,-0.0049689440993788,0.7726708074534161,0.9322981366459628,0.768944099378882,0.929192546583851,0.7608695652173914,0.931055900621118,-0.0118012422360247,8,False,11013591665,13.447009741353238
4625008031,1715.0,322.42,18.8,29.1,742.6830326494577,9.902440435326104,13.753389493508475,True,True,True,0.8459627329192546,0.951552795031056,0.8527950310559006,0.951552795031056,0.8440993788819876,0.9503105590062112,-0.001863354037267,0.7726708074534161,0.9322981366459628,0.768944099378882,0.929192546583851,0.7633540372670807,0.9316770186335404,-0.0093167701863353,8,True,10075788136,15.139286766760483
4625008032,1838.0,371.276,20.2,31.7,1036.5628811962374,13.820838415949831,19.19560891104144,True,False,False,0.8459627329192546,0.951552795031056,0.8527950310559006,0.951552795031056,0.84472049689441,0.9503105590062112,-0.0012422360248446,0.7726708074534161,0.9322981366459628,0.768944099378882,0.929192546583851,0.7658385093167702,0.9322981366459628,-0.0068322981366458,8,False,7031813837,26.064569177947508
4625008033,1668.0,503.736,30.2,32.1,873.0147278543232,11.640196371390976,16.16693940470969,True,False,False,0.8459627329192546,0.951552795031056,0.8527950310559006,0.951552795031056,0.8360248447204969,0.948447204968944,-0.0099378881987577,0.7726708074534161,0.9322981366459628,0.768944099378882,0.929192546583851,0.7527950310559006,0.9285714285714286,-0.0198757763975154,8,False,10990441385,52.843820342452666
4625008034,1544.0,342.768,22.2,27.2,380.4409131360106,5.072545508480141,7.045202095111307,True,True,True,0.8459627329192546,0.951552795031056,0.8527950310559006,0.951552795031056,0.8434782608695652,0.9503105590062112,-0.0024844720496893,0.7726708074534161,0.9322981366459628,0.768944099378882,0.929192546583851,0.762111801242236,0.9316770186335404,-0.0105590062111801,8,True,62817855,4.019909427251609
4625008035,2257.0,361.12,16.0,25.6,170.39356120592643,2.271914149412352,3.155436318628267,True,True,True,0.8459627329192546,0.951552795031056,0.8527950310559006,0.951552795031056,0.8434782608695652,0.9503105590062112,-0.0024844720496893,0.7726708074534161,0.9322981366459628,0.768944099378882,0.929192546583851,0.7633540372670807,0.9316770186335404,-0.0093167701863353,8,True,6772318274,1.0192105333623547
4625008036,1174.0,455.512,38.8,30.0,410.104203906948,5.468056052092639,7.59452229457311,True,True,True,0.8459627329192546,0.951552795031056,0.8527950310559006,0.951552795031056,0.8391304347826087,0.948447204968944,-0.0068322981366458,0.7726708074534161,0.9322981366459628,0.768944099378882,0.929192546583851,0.7590062111801242,0.931055900621118,-0.0136645962732918,8,True,255007152,23.05320386214199
4625008037,1378.0,472.654,34.3,22.6,208.78472093708567,2.7837962791611424,3.866383721057142,True,True,True,0.8459627329192546,0.951552795031056,0.8527950310559006,0.951552795031056,0.8397515527950311,0.948447204968944,-0.0062111801242235,0.7726708074534161,0.9322981366459628,0.768944099378882,0.929192546583851,0.7608695652173914,0.931055900621118,-0.0118012422360247,8,True,255007084,65.09564944181238
4625008038,1381.0,386.68,28.0,20.2,370.2151028615577,4.936201371487434,6.855835238176993,True,True,True,0.8459627329192546,0.951552795031056,0.8527950310559006,0.951552795031056,0.8397515527950311,0.948447204968944,-0.0062111801242235,0.7726708074534161,0.9322981366459628,0.768944099378882,0.929192546583851,0.7614906832298136,0.931055900621118,-0.0111801242236024,8,True,1692104851,68.52305810147656
4625008039,1023.0,260.865,25.5,23.4,111.70486219401256,1.489398162586834,2.0686085591483807,True,True,True,0.8459627329192546,0.951552795031056,0.8527950310559006,0.951552795031056,0.8440993788819876,0.9503105590062112,-0.001863354037267,0.7726708074534161,0.9322981366459628,0.768944099378882,0.929192546583851,0.7658385093167702,0.9322981366459628,-0.0068322981366458,8,True,11694668337,55.37894773289896
4625008040,1114.0,246.194,22.1,37.2,359.6239966063542,4.794986621418057,6.659703640858411,True,True,True,0.8459627329192546,0.951552795031056,0.8527950310559006,0.951552795031056,0.837888198757764,0.9490683229813665,-0.0080745341614906,0.7726708074534161,0.9322981366459628,0.768944099378882,0.929192546583851,0.7571428571428571,0.9304347826086956,-0.0155279503105589,8,True,12175726312,43.89852279813763
4625008041,1270.0,360.68,28.4,28.4,744.7181232939174,9.929574977252232,13.791076357294768,True,True,True,0.8459627329192546,0.951552795031056,0.8527950310559006,0.951552795031056,0.8391304347826087,0.948447204968944,-0.0068322981366458,0.7726708074534161,0.9322981366459628,0.768944099378882,0.929192546583851,0.7614906832298136,0.9304347826086956,-0.0111801242236024,8,True,10040479500,5.065017192455988
4625008042,2441.0,322.212,13.2,23.0,512.0648540092712,6.827531386790283,9.482682481653171,True,True,True,0.8459627329192546,0.951552795031056,0.8527950310559006,0.951552795031056,0.8422360248447205,0.9503105590062112,-0.0037267080745341,0.7726708074534161,0.9322981366459628,0.768944099378882,0.929192546583851,0.7608695652173914,0.9316770186335404,-0.0118012422360247,8,True,13458615137,12.497554305122094
4625009001,1299.0,341.63700000000006,26.3,31.3,365.4670644300314,4.872894192400418,6.767908600556136,True,True,True,0.8459627329192546,0.951552795031056,0.8527950310559006,0.951552795031056,0.8428571428571429,0.9503105590062112,-0.0031055900621117,0.7726708074534161,0.9322981366459628,0.768944099378882,0.929192546583851,0.7627329192546584,0.931055900621118,-0.0099378881987577,9,True,9235588656,24.47052055736952
4625009002,1024.0,326.656,31.9,35.3,307.43680591246283,4.0991574121661705,5.693274183564125,True,True,True,0.8459627329192546,0.951552795031056,0.8527950310559006,0.951552795031056,0.8391304347826087,0.9503105590062112,-0.0068322981366458,0.7726708074534161,0.9322981366459628,0.768944099378882,0.929192546583851,0.7596273291925466,0.9304347826086956,-0.0130434782608694,9,True,12413138792,39.28311803040189
4625009003,1112.0,261.32,23.5,36.3,145.5326721992352,1.940435629323136,2.695049485171022,True,True,True,0.8459627329192546,0.951552795031056,0.8527950310559006,0.951552795031056,0.8403726708074534,0.9503105590062112,-0.0055900621118012,0.7726708074534161,0.9322981366459628,0.768944099378882,0.929192546583851,0.760248447204969,0.931055900621118,-0.0124223602484471,9,True,112184712,75.12191390112571
4625009004,1045.0,242.44,23.2,34.0,291.53761871574915,3.887168249543322,5.398844791032391,True,True,True,0.8459627329192546,0.951552795031056,0.8527950310559006,0.951552795031056,0.8434782608695652,0.9503105590062112,-0.0024844720496893,0.7726708074534161,0.9322981366459628,0.768944099378882,0.929192546583851,0.762111801242236,0.931055900621118,-0.0105590062111801,9,True,13950979977,33.17218029238192
4625009005,2207.0,322.222,14.6,34.9,447.09658130892745,5.961287750785701,8.279566320535697,True,True,True,0.8459627329192546,0.951552795031056,0.8527950310559006,0.951552795031056,0.84472049689441,0.9503105590062112,-0.0012422360248446,0.7726708074534161,0.9322981366459628,0.768944099378882,0.929192546583851,0.7639751552795031,0.9322981366459628,-0.0086956521739129,9,True,13950980087,7.2480697110104835
4625009007,1630.0,311.33000000000004,19.1,30.2,675.7301093890215,9.009734791853624,12.513520544241144,True,True,True,0.8459627329192546,0.951552795031056,0.8527950310559006,0.951552795031056,0.84472049689441,0.9509316770186336,-0.0012422360248446,0.7726708074534161,0.9322981366459628,0.768944099378882,0.929192546583851,0.7664596273291926,0.9322981366459628,-0.0062111801242235,9,True,13958452326,44.909441754807126
4625009008,967.0,199.202,20.6,32.4,579.34033701651,7.724537826886801,10.728524759565,True,True,True,0.8459627329192546,0.951552795031056,0.8527950310559006,0.951552795031056,0.84472049689441,0.9509316770186336,-0.0012422360248446,0.7726708074534161,0.9322981366459628,0.768944099378882,0.929192546583851,0.7670807453416149,0.9316770186335404,-0.0055900621118012,9,True,12158045359,30.9802265217067
4625009009,1814.0,293.868,16.2,29.7,695.9425772585748,9.279234363447666,12.887825504788424,True,True,True,0.8459627329192546,0.951552795031056,0.8527950310559006,0.951552795031056,0.846583850931677,0.9509316770186336,0.0006211180124223,0.7726708074534161,0.9322981366459628,0.768944099378882,0.929192546583851,0.7701863354037267,0.9316770186335404,-0.0024844720496893,9,True,8809741992,81.74787537382126
4625009010,1722.0,332.346,19.3,35.5,726.6389614205596,9.688519485607458,13.456277063343691,True,True,True,0.8459627329192546,0.951552795031056,0.8527950310559006,0.951552795031056,0.8496894409937888,0.9521739130434784,0.0037267080745342,0.7726708074534161,0.9322981366459628,0.768944099378882,0.929192546583851,0.7751552795031056,0.9322981366459628,0.0024844720496894,9,True,7036901735,24.796973342801174
4625009012,1178.0,237.956,20.2,29.5,883.6972635317537,11.782630180423382,16.364764139476918,True,False,False,0.8459627329192546,0.951552795031056,0.8527950310559006,0.951552795031056,0.8478260869565217,0.951552795031056,0.0018633540372671,0.7726708074534161,0.9322981366459628,0.768944099378882,0.929192546583851,0.7726708074534161,0.9322981366459628,0.0,9,False,13931630340,57.71661710153613
4625009013,1805.0,344.755,19.1,33.5,800.0638448754112,10.667517931672148,14.815997127322426,True,True,True,0.8459627329192546,0.951552795031056,0.8527950310559006,0.951552795031056,0.84472049689441,0.9503105590062112,-0.0012422360248446,0.7726708074534161,0.9322981366459628,0.768944099378882,0.929192546583851,0.7677018633540372,0.9322981366459628,-0.0049689440993788,9,True,13977843780,35.451525017159604
4625009015,1238.0,162.178,13.1,30.6,689.7386571047701,9.1965154280636,12.772938094532778,True,True,True,0.8459627329192546,0.951552795031056,0.8527950310559006,0.951552795031056,0.84472049689441,0.9503105590062112,-0.0012422360248446,0.7726708074534161,0.9322981366459628,0.768944099378882,0.929192546583851,0.7670807453416149,0.9322981366459628,-0.0055900621118012,9,True,13977548417,7.079070103032597
4625009016,1449.0,360.801,24.9,31.5,914.9565594057768,12.199420792077028,16.943639988995873,True,False,False,0.8459627329192546,0.951552795031056,0.8527950310559006,0.951552795031056,0.8478260869565217,0.951552795031056,0.0018633540372671,0.7726708074534161,0.9322981366459628,0.768944099378882,0.929192546583851,0.7732919254658385,0.9322981366459628,0.0006211180124223,9,False,112137801,81.96057787554959
4625009017,933.0,209.925,22.5,23.7,214.05177093630488,2.854023612484065,3.9639216840056464,True,True,True,0.8459627329192546,0.951552795031056,0.8527950310559006,0.951552795031056,0.8478260869565217,0.951552795031056,0.0018633540372671,0.7726708074534161,0.9322981366459628,0.768944099378882,0.929192546583851,0.775776397515528,0.9322981366459628,0.0031055900621118,9,True,11862324562,6.394964690161446
4625009018,1840.0,288.88,15.7,24.0,349.96051198899283,4.666140159853238,6.4807502220183855,True,True,True,0.8459627329192546,0.951552795031056,0.8527950310559006,0.951552795031056,0.846583850931677,0.951552795031056,0.0006211180124223,0.7726708074534161,0.9322981366459628,0.768944099378882,0.929192546583851,0.7726708074534161,0.9322981366459628,0.0,9,True,255172083,79.36865464080554
4625009019,1365.0,323.505,23.7,26.4,680.1986876985592,9.069315835980792,12.596271994417767,True,True,True,0.8459627329192546,0.951552795031056,0.8527950310559006,0.951552795031056,0.8453416149068324,0.9509316770186336,-0.0006211180124222,0.7726708074534161,0.9322981366459628,0.768944099378882,0.929192546583851,0.7701863354037267,0.9322981366459628,-0.0024844720496893,9,True,254902247,83.54711789024127
4625009020,1630.0,435.21,26.7,23.8,617.2685438742766,8.23024725165702,11.430898960634751,True,True,True,0.8459627329192546,0.951552795031056,0.8527950310559006,0.951552795031056,0.8478260869565217,0.951552795031056,0.0018633540372671,0.7726708074534161,0.9322981366459628,0.768944099378882,0.929192546583851,0.7745341614906832,0.9322981366459628,0.0018633540372671,9,True,13375682436,14.611344779901197
4625009021,1847.0,470.985,25.5,22.5,651.2081571061377,8.682775428081838,12.059410316780331,True,True,True,0.8459627329192546,0.951552795031056,0.8527950310559006,0.951552795031056,0.8478260869565217,0.951552795031056,0.0018633540372671,0.7726708074534161,0.9322981366459628,0.768944099378882,0.929192546583851,0.7739130434782608,0.9322981366459628,0.0012422360248447,9,True,7146010481,21.685434830465177
4625009022,1187.0,384.588,32.4,29.5,901.6772031423192,12.022362708564254,16.697725984117017,True,False,False,0.8459627329192546,0.951552795031056,0.8527950310559006,0.951552795031056,0.8478260869565217,0.951552795031056,0.0018633540372671,0.7726708074534161,0.9322981366459628,0.768944099378882,0.929192546583851,0.7720496894409938,0.9322981366459628,-0.0006211180124222,9,False,1189715667,46.3014560217312
4625009023,1211.0,395.99700000000007,32.7,27.7,934.281971410342,12.45709295213789,17.301517989080402,True,False,False,0.8459627329192546,0.951552795031056,0.8527950310559006,0.951552795031056,0.846583850931677,0.951552795031056,0.0006211180124223,0.7726708074534161,0.9322981366459628,0.768944099378882,0.929192546583851,0.7714285714285715,0.9322981366459628,-0.0012422360248446,9,False,13978323701,17.107025486908988
4625009024,1063.0,246.616,23.2,27.9,898.7935303665786,11.983913738221052,16.644324636418126,True,False,False,0.8459627329192546,0.951552795031056,0.8527950310559006,0.951552795031056,0.84472049689441,0.9503105590062112,-0.0012422360248446,0.7726708074534161,0.9322981366459628,0.768944099378882,0.929192546583851,0.7677018633540372,0.9322981366459628,-0.0049689440993788,9,False,14005602794,2.8479430833965607
4625009025,1394.0,282.982,20.3,27.0,1063.9307258955346,14.185743011940458,19.702420849917303,True,False,False,0.8459627329192546,0.951552795031056,0.8527950310559006,0.951552795031056,0.8515527950310559,0.9540372670807452,0.0055900621118012,0.7726708074534161,0.9322981366459628,0.768944099378882,0.929192546583851,0.7813664596273292,0.9335403726708076,0.0086956521739131,9,False,255172206,19.41677994832192
4625009026,1686.0,313.596,18.6,30.2,1076.369230486298,14.351589739817303,19.932763527524035,True,False,False,0.8459627329192546,0.951552795031056,0.8527950310559006,0.951552795031056,0.8496894409937888,0.951552795031056,0.0037267080745342,0.7726708074534161,0.9322981366459628,0.768944099378882,0.929192546583851,0.7770186335403727,0.9322981366459628,0.0043478260869566,9,False,112597171,35.3335903566432
4625009028,1779.0,535.479,30.1,24.2,615.2157567409848,8.202876756546466,11.392884384092314,True,True,True,0.8459627329192546,0.951552795031056,0.8527950310559006,0.951552795031056,0.8509316770186336,0.9527950310559006,0.0049689440993789,0.7726708074534161,0.9322981366459628,0.768944099378882,0.929192546583851,0.7801242236024845,0.9335403726708076,0.0074534161490683,9,True,255172150,33.4301528934422
4625009029,1144.0,281.42400000000004,24.6,27.0,641.636225553457,8.555149674046095,11.88215232506402,True,True,True,0.8459627329192546,0.951552795031056,0.8527950310559006,0.951552795031056,0.8503105590062112,0.9527950310559006,0.0043478260869566,0.7726708074534161,0.9322981366459628,0.768944099378882,0.929192546583851,0.7776397515527951,0.9329192546583852,0.0049689440993789,9,True,255172142,76.069664297657
4625009030,1921.0,466.80300000000005,24.3,25.3,207.1343214411092,2.7617909525481226,3.8358207674279474,True,True,True,0.8459627329192546,0.951552795031056,0.8527950310559006,0.951552795031056,0.8509316770186336,0.9540372670807452,0.0049689440993789,0.7726708074534161,0.9322981366459628,0.768944099378882,0.929192546583851,0.782608695652174,0.9335403726708076,0.0099378881987578,9,True,255317510,26.176706175706073
4625009031,1894.0,308.722,16.3,28.3,376.8372898542446,5.024497198056594,6.978468330634159,True,True,True,0.8459627329192546,0.951552795031056,0.8527950310559006,0.951552795031056,0.8515527950310559,0.9540372670807452,0.0055900621118012,0.7726708074534161,0.9322981366459628,0.768944099378882,0.929192546583851,0.782608695652174,0.9335403726708076,0.0099378881987578,9,True,7502997309,10.33368220915767
4625009032,1072.0,171.52,16.0,26.5,273.8919576101935,3.651892768135913,5.0720732890776565,True,True,True,0.8459627329192546,0.951552795031056,0.8527950310559006,0.951552795031056,0.8521739130434782,0.9540372670807452,0.0062111801242236,0.7726708074534161,0.9322981366459628,0.768944099378882,0.929192546583851,0.7838509316770186,0.9341614906832298,0.0111801242236024,9,True,255317522,27.876028922484416
4625009033,898.0,165.23199999999997,18.4,33.7,235.2162983447756,3.136217311263674,4.355857376755103,True,True,True,0.8459627329192546,0.951552795031056,0.8527950310559006,0.951552795031056,0.8509316770186336,0.9540372670807452,0.0049689440993789,0.7726708074534161,0.9322981366459628,0.768944099378882,0.929192546583851,0.782608695652174,0.9335403726708076,0.0099378881987578,9,True,9685797092,47.994026738461024
4625009034,844.0,178.928,21.2,38.4,233.3521635183141,3.111362180244188,4.321336361450261,True,True,True,0.8459627329192546,0.951552795031056,0.8527950310559006,0.951552795031056,0.8503105590062112,0.9527950310559006,0.0043478260869566,0.7726708074534161,0.9322981366459628,0.768944099378882,0.929192546583851,0.7807453416149068,0.9335403726708076,0.0080745341614907,9,True,255317481,53.67394547385114
4625009035,994.0,345.912,34.8,26.8,323.6788213901097,4.315717618534796,5.994052247964995,True,True,True,0.8459627329192546,0.951552795031056,0.8527950310559006,0.951552795031056,0.8503105590062112,0.9521739130434784,0.0043478260869566,0.7726708074534161,0.9322981366459628,0.768944099378882,0.929192546583851,0.7776397515527951,0.9329192546583852,0.0049689440993789,9,True,11836811759,12.446960971041793
4625009036,750.0,276.75,36.9,22.0,370.8414882325834,4.944553176434445,6.867434967270063,True,True,True,0.8459627329192546,0.951552795031056,0.8527950310559006,0.951552795031056,0.8503105590062112,0.9521739130434784,0.0043478260869566,0.7726708074534161,0.9322981366459628,0.768944099378882,0.929192546583851,0.7782608695652173,0.9329192546583852,0.0055900621118012,9,True,12175520858,50.24977530509994
4625009037,927.0,252.144,27.2,32.5,319.98253300375694,4.266433773383425,5.925602463032535,True,True,True,0.8459627329192546,0.951552795031056,0.8527950310559006,0.951552795031056,0.8503105590062112,0.9527950310559006,0.0043478260869566,0.7726708074534161,0.9322981366459628,0.768944099378882,0.929192546583851,0.7807453416149068,0.9335403726708076,0.0080745341614907,9,True,255317489,45.09746817799137
4625009038,2230.0,254.22,11.4,30.1,465.2572240035955,6.203429653381274,8.615874518585104,True,True,True,0.8459627329192546,0.951552795031056,0.8527950310559006,0.951552795031056,0.853416149068323,0.9546583850931676,0.0074534161490683,0.7726708074534161,0.9322981366459628,0.768944099378882,0.929192546583851,0.7857142857142857,0.9347826086956522,0.0130434782608696,9,True,14014605822,20.9838158292086
4625009039,1703.0,313.352,18.4,28.9,730.7847880621339,9.743797174161788,13.53305163078026,True,True,True,0.8459627329192546,0.951552795031056,0.8527950310559006,0.951552795031056,0.8478260869565217,0.951552795031056,0.0018633540372671,0.7726708074534161,0.9322981366459628,0.768944099378882,0.929192546583851,0.7763975155279503,0.9322981366459628,0.0037267080745342,9,True,1417354253,51.02154312071544
4625009040,925.0,308.025,33.3,34.6,374.93814824345407,4.9991753099127205,6.943299041545445,True,True,True,0.8459627329192546,0.951552795031056,0.8527950310559006,0.951552795031056,0.8509316770186336,0.953416149068323,0.0049689440993789,0.7726708074534161,0.9322981366459628,0.768944099378882,0.929192546583851,0.7807453416149068,0.9335403726708076,0.0080745341614907,9,True,10902174260,16.462456458053133
4625009041,1622.0,313.04600000000005,19.3,29.5,506.4549356034338,6.752732474712451,9.378795103767294,True,True,True,0.8459627329192546,0.951552795031056,0.8527950310559006,0.951552795031056,0.8440993788819876,0.9509316770186336,-0.001863354037267,0.7726708074534161,0.9322981366459628,0.768944099378882,0.929192546583851,0.7670807453416149,0.9316770186335404,-0.0055900621118012,9,True,14074599104,17.960710340840492
4625009042,1372.0,307.328,22.4,25.5,289.7754976549226,3.863673302065635,5.366212919535603,True,True,True,0.8459627329192546,0.951552795031056,0.8527950310559006,0.951552795031056,0.8496894409937888,0.951552795031056,0.0037267080745342,0.7726708074534161,0.9322981366459628,0.768944099378882,0.929192546583851,0.7770186335403727,0.9322981366459628,0.0043478260869566,9,True,6369974907,51.79550948098368
4625010001,2025.0,506.25,25.0,33.5,176.98551477407833,2.3598068636543776,3.277509532853302,True,True,True,0.8459627329192546,0.951552795031056,0.8527950310559006,0.951552795031056,0.877639751552795,0.962111801242236,0.0316770186335404,0.7726708074534161,0.9322981366459628,0.768944099378882,0.929192546583851,0.8161490683229814,0.9496894409937888,0.0434782608695653,10,True,10887751453,5.412499125850939
4625010002,1601.0,315.397,19.7,32.4,517.2286776749305,6.896382368999075,9.57830884583205,True,True,True,0.8459627329192546,0.951552795031056,0.8527950310559006,0.951552795031056,0.8664596273291926,0.9602484472049688,0.0204968944099379,0.7726708074534161,0.9322981366459628,0.768944099378882,0.929192546583851,0.8043478260869565,0.9428571428571428,0.0316770186335404,10,True,10946347858,42.45121338564577
4625010003,1941.0,329.97,17.0,32.0,619.491231104514,8.259883081393522,11.472059835268778,True,True,True,0.8459627329192546,0.951552795031056,0.8527950310559006,0.951552795031056,0.8677018633540373,0.9608695652173912,0.0217391304347827,0.7726708074534161,0.9322981366459628,0.768944099378882,0.929192546583851,0.8068322981366459,0.9434782608695652,0.0341614906832298,10,True,10946347887,17.4640117928293
4625010004,1267.0,276.206,21.8,29.6,713.3561143958243,9.511414858610989,13.210298414737483,True,True,True,0.8459627329192546,0.951552795031056,0.8527950310559006,0.951552795031056,0.8720496894409938,0.9608695652173912,0.0260869565217392,0.7726708074534161,0.9322981366459628,0.768944099378882,0.929192546583851,0.8105590062111802,0.9453416149068324,0.037888198757764,10,True,10959392123,13.297464549036386
4625010005,1422.0,428.0220000000001,30.1,33.0,522.9293715587539,6.972391620783386,9.683877251088036,True,True,True,0.8459627329192546,0.951552795031056,0.8527950310559006,0.951552795031056,0.8726708074534162,0.962111801242236,0.0267080745341615,0.7726708074534161,0.9322981366459628,0.768944099378882,0.929192546583851,0.8136645962732919,0.9472049689440992,0.0409937888198758,10,True,10873391062,7.421987159566485
4625010006,1364.0,240.064,17.6,34.9,275.2573218832747,3.67009762511033,5.097357812653237,True,True,True,0.8459627329192546,0.951552795031056,0.8527950310559006,0.951552795031056,0.8726708074534162,0.962111801242236,0.0267080745341615,0.7726708074534161,0.9322981366459628,0.768944099378882,0.929192546583851,0.8136645962732919,0.948447204968944,0.0409937888198758,10,True,10897236396,49.865912918162756
4625010007,2109.0,423.909,20.1,25.7,313.6889283151111,4.182519044201482,5.809054228057613,True,True,True,0.8459627329192546,0.951552795031056,0.8527950310559006,0.951552795031056,0.8788819875776398,0.9627329192546584,0.0329192546583851,0.7726708074534161,0.9322981366459628,0.768944099378882,0.929192546583851,0.8161490683229814,0.9496894409937888,0.0434782608695653,10,True,253815273,88.07297967142435
4625010008,1754.0,420.96,24.0,32.5,350.4830364956283,4.673107153275045,6.490426601770896,True,True,True,0.8459627329192546,0.951552795031056,0.8527950310559006,0.951552795031056,0.8788819875776398,0.9627329192546584,0.0329192546583851,0.7726708074534161,0.9322981366459628,0.768944099378882,0.929192546583851,0.8161490683229814,0.9496894409937888,0.0434782608695653,10,True,10894809683,9.817292040719797
4625010009,1104.0,235.152,21.3,36.5,250.819669774083,3.34426226365444,4.644808699520056,True,True,True,0.8459627329192546,0.951552795031056,0.8527950310559006,0.951552795031056,0.8832298136645963,0.9639751552795032,0.0372670807453416,0.7726708074534161,0.9322981366459628,0.768944099378882,0.929192546583851,0.8198757763975155,0.951552795031056,0.0472049689440994,10,True,10894098624,46.8522262327372
4625010010,1135.0,299.64,26.4,29.1,166.54481276418494,2.2205975035224657,3.084163199336758,True,True,True,0.8459627329192546,0.951552795031056,0.8527950310559006,0.951552795031056,0.8832298136645963,0.9633540372670808,0.0372670807453416,0.7726708074534161,0.9322981366459628,0.768944099378882,0.929192546583851,0.8211180124223603,0.951552795031056,0.0484472049689441,10,True,10893564951,69.07812615573032
4625010011,926.0,276.874,29.9,34.8,275.1425336225894,3.668567114967858,5.095232104122024,True,True,True,0.8459627329192546,0.951552795031056,0.8527950310559006,0.951552795031056,0.8838509316770187,0.9658385093167702,0.037888198757764,0.7726708074534161,0.9322981366459628,0.768944099378882,0.929192546583851,0.8229813664596274,0.9521739130434784,0.0503105590062112,10,True,10893564629,19.567501999895768
4625010012,819.0,230.958,28.2,35.6,346.1668306940262,4.615557742587018,6.41049686470419,True,True,True,0.8459627329192546,0.951552795031056,0.8527950310559006,0.951552795031056,0.8701863354037267,0.9608695652173912,0.024223602484472,0.7726708074534161,0.9322981366459628,0.768944099378882,0.929192546583851,0.8111801242236025,0.9459627329192548,0.0385093167701864,10,True,10873390877,25.341393298467214
4625010013,1711.0,213.875,12.5,35.3,727.4142446604303,9.698856595472405,13.470634160378342,True,True,True,0.8459627329192546,0.951552795031056,0.8527950310559006,0.951552795031056,0.8639751552795031,0.9583850931677018,0.0180124223602484,0.7726708074534161,0.9322981366459628,0.768944099378882,0.929192546583851,0.8006211180124223,0.9397515527950312,0.0279503105590062,10,True,10911331961,25.097198147677492
4625010014,1107.0,236.898,21.4,33.9,777.1848356382094,10.362464475176123,14.39231177107795,True,True,True,0.8459627329192546,0.951552795031056,0.8527950310559006,0.951552795031056,0.8583850931677018,0.9565217391304348,0.0124223602484472,0.7726708074534161,0.9322981366459628,0.768944099378882,0.929192546583851,0.7937888198757764,0.9354037267080744,0.0211180124223603,10,True,111180006,6.629091851162762
4625010015,1002.0,227.454,22.7,35.4,846.6721275491744,11.288961700655664,15.679113473132864,True,False,False,0.8459627329192546,0.951552795031056,0.8527950310559006,0.951552795031056,0.8590062111801242,0.9565217391304348,0.0130434782608696,0.7726708074534161,0.9322981366459628,0.768944099378882,0.929192546583851,0.7950310559006211,0.9366459627329192,0.0223602484472049,10,False,10908424186,26.61219504475352
4625010016,1372.0,319.67600000000004,23.3,35.7,1079.966057771416,14.399547436952217,19.99937144021141,True,False,False,0.8459627329192546,0.951552795031056,0.8527950310559006,0.951552795031056,0.8583850931677018,0.9565217391304348,0.0124223602484472,0.7726708074534161,0.9322981366459628,0.768944099378882,0.929192546583851,0.7937888198757764,0.9354037267080744,0.0211180124223603,10,False,2025259075,31.392589411717008
4625010017,1191.0,252.492,21.2,35.8,763.6208942739971,10.181611923653296,14.141127671740689,True,True,True,0.8459627329192546,0.951552795031056,0.8527950310559006,0.951552795031056,0.8639751552795031,0.9577639751552796,0.0180124223602484,0.7726708074534161,0.9322981366459628,0.768944099378882,0.929192546583851,0.8006211180124223,0.9397515527950312,0.0279503105590062,10,True,10879204543,17.95095990079034
4625010018,1638.0,321.048,19.6,25.2,963.955325286168,12.852737670482242,17.851024542336447,True,False,False,0.8459627329192546,0.951552795031056,0.8527950310559006,0.951552795031056,0.8658385093167702,0.9602484472049688,0.0198757763975155,0.7726708074534161,0.9322981366459628,0.768944099378882,0.929192546583851,0.8031055900621118,0.9422360248447204,0.0304347826086957,10,False,10768650023,35.907067959684994
4625010019,1328.0,285.52,21.5,31.1,952.454145363454,12.699388604846057,17.63803972895285,True,False,False,0.8459627329192546,0.951552795031056,0.8527950310559006,0.951552795031056,0.8658385093167702,0.9602484472049688,0.0198757763975155,0.7726708074534161,0.9322981366459628,0.768944099378882,0.929192546583851,0.8037267080745342,0.9422360248447204,0.031055900621118,10,False,10867018005,32.62801728459228
4625010021,1796.0,335.852,18.7,34.5,823.4398616334156,10.979198155112204,15.248886326544726,True,False,False,0.8459627329192546,0.951552795031056,0.8527950310559006,0.951552795031056,0.8590062111801242,0.9565217391304348,0.0130434782608696,0.7726708074534161,0.9322981366459628,0.768944099378882,0.929192546583851,0.7956521739130434,0.9366459627329192,0.0229813664596273,10,False,10867693129,54.99048072675173
4625010022,2199.0,534.3570000000001,24.3,30.4,663.1687592626478,8.842250123501971,12.280902949308294,True,True,True,0.8459627329192546,0.951552795031056,0.8527950310559006,0.951552795031056,0.8577639751552795,0.9559006211180124,0.0118012422360248,0.7726708074534161,0.9322981366459628,0.768944099378882,0.929192546583851,0.7900621118012422,0.9354037267080744,0.017391304347826,10,True,10819976480,35.70854763964847
4625010023,1143.0,355.473,31.1,25.6,392.1652967261832,5.228870623015776,7.262320309744134,True,True,True,0.8459627329192546,0.951552795031056,0.8527950310559006,0.951552795031056,0.8565217391304348,0.95527950310559,0.0105590062111802,0.7726708074534161,0.9322981366459628,0.768944099378882,0.929192546583851,0.7857142857142857,0.9354037267080744,0.0130434782608696,10,True,10862363369,14.361152008379538
4625010024,2211.0,539.4839999999999,24.4,30.4,408.99517825252,5.453269043366931,7.573984782454072,True,True,True,0.8459627329192546,0.951552795031056,0.8527950310559006,0.951552795031056,0.8521739130434782,0.9540372670807452,0.0062111801242236,0.7726708074534161,0.9322981366459628,0.768944099378882,0.929192546583851,0.7813664596273292,0.9335403726708076,0.0086956521739131,10,True,10902429434,19.154423975833087
4625010025,1439.0,233.118,16.2,29.1,284.3977796314355,3.791970395085807,5.266625548730287,True,True,True,0.8459627329192546,0.951552795031056,0.8527950310559006,0.951552795031056,0.853416149068323,0.9546583850931676,0.0074534161490683,0.7726708074534161,0.9322981366459628,0.768944099378882,0.929192546583851,0.7838509316770186,0.9347826086956522,0.0111801242236024,10,True,2078695893,5.4657746748719855
4625010026,1786.0,501.866,28.1,25.5,519.7658107984198,6.930210810645597,9.625292792563329,True,True,True,0.8459627329192546,0.951552795031056,0.8527950310559006,0.951552795031056,0.8596273291925466,0.9571428571428572,0.0136645962732919,0.7726708074534161,0.9322981366459628,0.768944099378882,0.929192546583851,0.7987577639751553,0.9366459627329192,0.0260869565217392,10,True,10824327065,6.579081561929534
4625010027,938.0,287.028,30.6,27.9,719.0449227511964,9.58726563668262,13.31564671761475,True,True,True,0.8459627329192546,0.951552795031056,0.8527950310559006,0.951552795031056,0.8627329192546583,0.9577639751552796,0.0167701863354037,0.7726708074534161,0.9322981366459628,0.768944099378882,0.929192546583851,0.8006211180124223,0.9397515527950312,0.0279503105590062,10,True,255298294,19.900225348054917
4625010028,1281.0,338.184,26.4,28.8,207.3651946563164,2.7648692620842183,3.840096197339193,True,True,True,0.8459627329192546,0.951552795031056,0.8527950310559006,0.951552795031056,0.8583850931677018,0.9565217391304348,0.0124223602484472,0.7726708074534161,0.9322981366459628,0.768944099378882,0.929192546583851,0.7913043478260869,0.9354037267080744,0.0186335403726708,10,True,6161582550,42.76316341930806
4625010029,1926.0,375.57,19.5,24.2,808.3219909881832,10.777626546509111,14.968925759040433,True,True,True,0.8459627329192546,0.951552795031056,0.8527950310559006,0.951552795031056,0.8559006211180125,0.9546583850931676,0.0099378881987578,0.7726708074534161,0.9322981366459628,0.768944099378882,0.929192546583851,0.7857142857142857,0.9354037267080744,0.0130434782608696,10,True,7044924795,14.000965062220333
4625010030,1211.0,194.97100000000003,16.1,26.3,1561.398659764243,20.818648796856564,28.91478999563412,False,False,False,0.8459627329192546,0.951552795031056,0.8527950310559006,0.951552795031056,0.8701863354037267,0.9608695652173912,0.024223602484472,0.7726708074534161,0.9322981366459628,0.768944099378882,0.929192546583851,0.8099378881987578,0.9434782608695652,0.0372670807453416,10,False,10923878496,10.378343710711755
4625010031,1915.0,448.11,23.4,27.3,1802.2381999828588,24.02984266643811,33.37478148116404,False,False,False,0.8459627329192546,0.951552795031056,0.8527950310559006,0.951552795031056,0.8695652173913043,0.9608695652173912,0.0236024844720497,0.7726708074534161,0.9322981366459628,0.768944099378882,0.929192546583851,0.8093167701863354,0.9434782608695652,0.0366459627329193,10,False,255312202,15.899278270275639
4625010032,1644.0,376.476,22.9,30.1,1026.6386230201706,13.688514973602276,19.01182635222538,True,False,False,0.8459627329192546,0.951552795031056,0.8527950310559006,0.951552795031056,0.8664596273291926,0.9602484472049688,0.0204968944099379,0.7726708074534161,0.9322981366459628,0.768944099378882,0.929192546583851,0.8037267080745342,0.9428571428571428,0.031055900621118,10,False,10766302250,2.5118122727880796
4625010033,1203.0,227.367,18.9,25.4,1245.3897814666068,16.60519708622142,23.06277373086308,False,False,False,0.8459627329192546,0.951552795031056,0.8527950310559006,0.951552795031056,0.8726708074534162,0.9608695652173912,0.0267080745341615,0.7726708074534161,0.9322981366459628,0.768944099378882,0.929192546583851,0.8118012422360248,0.9453416149068324,0.0391304347826086,10,False,10775176640,23.659061059390517
4625010034,1517.0,324.638,21.4,27.6,1003.9314998859304,13.385753331812404,18.591324071961672,True,False,False,0.8459627329192546,0.951552795031056,0.8527950310559006,0.951552795031056,0.8726708074534162,0.9614906832298136,0.0267080745341615,0.7726708074534161,0.9322981366459628,0.768944099378882,0.929192546583851,0.8124223602484472,0.9472049689440992,0.039751552795031,10,False,13983352431,48.98458547731213
4625010035,1106.0,234.472,21.2,22.7,863.1262075181227,11.508349433574969,15.983818657743011,True,False,False,0.8459627329192546,0.951552795031056,0.8527950310559006,0.951552795031056,0.8708074534161491,0.9608695652173912,0.0248447204968944,0.7726708074534161,0.9322981366459628,0.768944099378882,0.929192546583851,0.8093167701863354,0.9440993788819876,0.0366459627329193,10,False,10769013004,4.2443719271276965
4625010036,881.0,212.32100000000003,24.1,29.4,471.9265874295101,6.292354499060135,8.739381248694631,True,True,True,0.8459627329192546,0.951552795031056,0.8527950310559006,0.951552795031056,0.8757763975155279,0.962111801242236,0.0298136645962733,0.7726708074534161,0.9322981366459628,0.768944099378882,0.929192546583851,0.8149068322981367,0.9496894409937888,0.0422360248447205,10,True,10768876056,37.16747086367709
4625010037,1121.0,255.588,22.8,29.1,88.2649426450833,1.1768659019344438,1.6345359749089496,True,True,True,0.8459627329192546,0.951552795031056,0.8527950310559006,0.951552795031056,0.8832298136645963,0.9652173913043478,0.0372670807453416,0.7726708074534161,0.9322981366459628,0.768944099378882,0.929192546583851,0.8198757763975155,0.951552795031056,0.0472049689440994,10,True,10758565371,10.63410921592705
4625010039,1949.0,76.011,3.9,24.8,1612.5086265342766,21.50011502045702,29.86127086174586,False,False,False,0.8459627329192546,0.951552795031056,0.8527950310559006,0.951552795031056,0.8590062111801242,0.9571428571428572,0.0130434782608696,0.7726708074534161,0.9322981366459628,0.768944099378882,0.929192546583851,0.8,0.9372670807453416,0.0273291925465839,10,False,10853390072,35.01428082593701
4625010040,1916.0,337.21600000000007,17.6,28.1,730.7459877476671,9.743279836635562,13.532333106438278,True,True,True,0.8459627329192546,0.951552795031056,0.8527950310559006,0.951552795031056,0.8937888198757764,0.9683229813664596,0.0478260869565217,0.7726708074534161,0.9322981366459628,0.768944099378882,0.929192546583851,0.8236024844720496,0.953416149068323,0.0509316770186335,10,True,4732202655,22.277487492826427
4625010041,794.0,215.968,27.2,30.7,3034.6782128578707,40.462376171438265,56.19774468255316,False,False,False,0.8459627329192546,0.951552795031056,0.8527950310559006,0.951552795031056,0.8795031055900621,0.962111801242236,0.0335403726708074,0.7726708074534161,0.9322981366459628,0.768944099378882,0.929192546583851,0.815527950310559,0.9503105590062112,0.0428571428571429,10,False,4922487199,12.894249042120185
4625010043,2432.0,362.36800000000005,14.9,25.4,952.8001066246594,12.704001421662127,17.64444641897518,True,False,False,0.8459627329192546,0.951552795031056,0.8527950310559006,0.951552795031056,0.8658385093167702,0.9583850931677018,0.0198757763975155,0.7726708074534161,0.9322981366459628,0.768944099378882,0.929192546583851,0.8024844720496894,0.9403726708074536,0.0298136645962733,10,False,10807065183,19.779403932647732
4625010044,1268.0,277.69199999999995,21.9,26.8,623.8948903428675,8.318598537904903,11.553609080423476,True,True,True,0.8459627329192546,0.951552795031056,0.8527950310559006,0.951552795031056,0.8726708074534162,0.9614906832298136,0.0267080745341615,0.7726708074534161,0.9322981366459628,0.768944099378882,0.929192546583851,0.8118012422360248,0.9472049689440992,0.0391304347826086,10,True,10959625239,13.792647769356954
4625010045,822.0,249.888,30.4,38.5,175.57080818437407,2.340944109124988,3.2513112626735943,True,True,True,0.8459627329192546,0.951552795031056,0.8527950310559006,0.951552795031056,0.8807453416149068,0.9627329192546584,0.0347826086956521,0.7726708074534161,0.9322981366459628,0.768944099378882,0.929192546583851,0.8186335403726708,0.951552795031056,0.0459627329192546,10,True,10893564957,61.34531025234199
4625010046,904.0,252.216,27.9,28.5,868.8058182654844,11.584077576873122,16.088996634546003,True,False,False,0.8459627329192546,0.951552795031056,0.8527950310559006,0.951552795031056,0.8577639751552795,0.9559006211180124,0.0118012422360248,0.7726708074534161,0.9322981366459628,0.768944099378882,0.929192546583851,0.7906832298136646,0.9354037267080744,0.0180124223602484,10,False,10867001004,24.081280835102064
4625010047,1257.0,321.79200000000003,25.6,25.6,475.8421815191691,6.344562420255588,8.811892250354985,True,True,True,0.8459627329192546,0.951552795031056,0.8527950310559006,0.951552795031056,0.8552795031055901,0.9546583850931676,0.0093167701863354,0.7726708074534161,0.9322981366459628,0.768944099378882,0.929192546583851,0.784472049689441,0.9347826086956522,0.0118012422360248,10,True,10817080927,47.019949449382395
4625010048,2154.0,454.494,21.1,24.1,580.5992829713591,7.741323772951455,10.751838573543688,True,True,True,0.8459627329192546,0.951552795031056,0.8527950310559006,0.951552795031056,0.8583850931677018,0.9565217391304348,0.0124223602484472,0.7726708074534161,0.9322981366459628,0.768944099378882,0.929192546583851,0.7925465838509317,0.9360248447204969,0.0198757763975155,10,True,10864676223,3.9168873031663205
4625010049,1511.0,306.733,20.3,23.6,211.88596535401956,2.8251462047202605,3.923814173222584,True,True,True,0.8459627329192546,0.951552795031056,0.8527950310559006,0.951552795031056,0.853416149068323,0.9546583850931676,0.0074534161490683,0.7726708074534161,0.9322981366459628,0.768944099378882,0.929192546583851,0.782608695652174,0.9341614906832298,0.0099378881987578,10,True,10902429354,27.285454192217582
4625010050,1214.0,280.434,23.1,28.3,805.8325705736196,10.744434274314926,14.922825380992952,True,True,True,0.8459627329192546,0.951552795031056,0.8527950310559006,0.951552795031056,0.8652173913043478,0.9583850931677018,0.0192546583850932,0.7726708074534161,0.9322981366459628,0.768944099378882,0.929192546583851,0.8006211180124223,0.9403726708074536,0.0279503105590062,10,True,10846209617,7.552000289622
4625010051,1340.0,234.5,17.5,28.3,522.5290051094166,6.967053401458888,9.67646305758179,True,True,True,0.8459627329192546,0.951552795031056,0.8527950310559006,0.951552795031056,0.8583850931677018,0.9565217391304348,0.0124223602484472,0.7726708074534161,0.9322981366459628,0.768944099378882,0.929192546583851,0.7956521739130434,0.9366459627329192,0.0229813664596273,10,True,5896031414,12.481051580131727
4625010052,2117.0,357.773,16.9,23.6,410.69540378870585,5.475938717182746,7.605470440531591,True,True,True,0.8459627329192546,0.951552795031056,0.8527950310559006,0.951552795031056,0.884472049689441,0.9658385093167702,0.0385093167701864,0.7726708074534161,0.9322981366459628,0.768944099378882,0.929192546583851,0.8198757763975155,0.951552795031056,0.0472049689440994,10,True,10804674158,25.624682736087895
4625010053,2311.0,342.028,14.8,29.7,197.72233623840532,2.636297816512071,3.661524745155656,True,True,True,0.8459627329192546,0.951552795031056,0.8527950310559006,0.951552795031056,0.8875776397515528,0.9670807453416148,0.0416149068322981,0.7726708074534161,0.9322981366459628,0.768944099378882,0.929192546583851,0.824223602484472,0.9521739130434784,0.0515527950310559,10,True,10758654023,5.822628913547887
4625010054,2570.0,316.11,12.3,35.6,1190.9526189278674,15.87936825237156,22.05467812829384,False,False,False,0.8459627329192546,0.951552795031056,0.8527950310559006,0.951552795031056,0.8850931677018633,0.9652173913043478,0.0391304347826086,0.7726708074534161,0.9322981366459628,0.768944099378882,0.929192546583851,0.8273291925465839,0.9540372670807452,0.0546583850931677,10,False,7316890169,92.94761741669747
4625010055,2578.0,152.102,5.9,30.0,1021.3656834646952,13.618209112862608,18.914179323420285,True,False,False,0.8459627329192546,0.951552795031056,0.8527950310559006,0.951552795031056,0.8770186335403727,0.9627329192546584,0.031055900621118,0.7726708074534161,0.9322981366459628,0.768944099378882,0.929192546583851,0.8149068322981367,0.9496894409937888,0.0422360248447205,10,False,10776025401,14.800073870647514
4625011001,1576.0,253.736,16.1,29.6,955.858868030814,12.744784907077516,17.701090148718773,True,False,False,0.8459627329192546,0.951552795031056,0.8527950310559006,0.951552795031056,0.8906832298136645,0.9652173913043478,0.0447204968944099,0.7726708074534161,0.9322981366459628,0.768944099378882,0.929192546583851,0.8484472049689441,0.9583850931677018,0.075776397515528,11,False,254010773,13.504175814030564
4625011002,1463.0,162.393,11.1,28.7,1116.0689076331878,14.880918768442502,20.66794273394792,True,False,False,0.8459627329192546,0.951552795031056,0.8527950310559006,0.951552795031056,0.8900621118012423,0.9652173913043478,0.0440993788819876,0.7726708074534161,0.9322981366459628,0.768944099378882,0.929192546583851,0.837888198757764,0.9571428571428572,0.0652173913043479,11,False,9212933908,162.73993384718355
4625011004,1255.0,263.55,21.0,30.2,898.4304317692229,11.979072423589637,16.637600588318936,True,False,False,0.8459627329192546,0.951552795031056,0.8527950310559006,0.951552795031056,0.8906832298136645,0.9652173913043478,0.0447204968944099,0.7726708074534161,0.9322981366459628,0.768944099378882,0.929192546583851,0.8503105590062112,0.9583850931677018,0.0776397515527951,11,False,254015117,14.967300802968156
4625011005,1682.0,304.442,18.1,33.1,742.1228992778908,9.894971990371875,13.74301665329427,True,True,True,0.8459627329192546,0.951552795031056,0.8527950310559006,0.951552795031056,0.8888198757763975,0.9645962732919254,0.0428571428571429,0.7726708074534161,0.9322981366459628,0.768944099378882,0.929192546583851,0.8540372670807453,0.9590062111801242,0.0813664596273292,11,True,254015168,6.782664041683311
4625011006,1239.0,271.341,21.9,32.5,4017.176946610488,53.562359288139845,74.39216567797202,False,False,False,0.8459627329192546,0.951552795031056,0.8527950310559006,0.951552795031056,0.8782608695652174,0.9627329192546584,0.0322981366459628,0.7726708074534161,0.9322981366459628,0.768944099378882,0.929192546583851,0.8298136645962733,0.95527950310559,0.0571428571428571,11,False,9471175150,148.63036535279323
4625011008,1986.0,383.298,19.3,36.2,667.8865891057491,8.905154521409989,12.36827016862498,True,True,True,0.8459627329192546,0.951552795031056,0.8527950310559006,0.951552795031056,0.884472049689441,0.9633540372670808,0.0385093167701864,0.7726708074534161,0.9322981366459628,0.768944099378882,0.929192546583851,0.8478260869565217,0.9590062111801242,0.0751552795031056,11,True,12640532656,12.052439259572695
4625011009,2276.0,375.54,16.5,29.4,352.5058863490294,4.700078484653726,6.527886784241286,True,True,True,0.8459627329192546,0.951552795031056,0.8527950310559006,0.951552795031056,0.8869565217391304,0.9633540372670808,0.0409937888198758,0.7726708074534161,0.9322981366459628,0.768944099378882,0.929192546583851,0.8559006211180125,0.9596273291925466,0.0832298136645963,11,True,254015133,23.25869740165033
4625011011,1483.0,341.09,23.0,36.2,844.9626543492806,11.266168724657074,15.647456562023716,True,False,False,0.8459627329192546,0.951552795031056,0.8527950310559006,0.951552795031056,0.8826086956521739,0.9633540372670808,0.0366459627329193,0.7726708074534161,0.9322981366459628,0.768944099378882,0.929192546583851,0.8440993788819876,0.9583850931677018,0.0714285714285715,11,False,254020004,21.353852309371522
4625011012,1755.0,401.895,22.9,38.3,914.7289729134832,12.196386305513109,16.939425424323762,True,False,False,0.8459627329192546,0.951552795031056,0.8527950310559006,0.951552795031056,0.8782608695652174,0.9627329192546584,0.0322981366459628,0.7726708074534161,0.9322981366459628,0.768944099378882,0.929192546583851,0.8397515527950311,0.9571428571428572,0.067080745341615,11,False,1635581212,8.976513474354308
4625011015,813.0,244.713,30.1,42.1,631.8285537872746,8.424380717163661,11.700528773838418,True,True,True,0.8459627329192546,0.951552795031056,0.8527950310559006,0.951552795031056,0.8813664596273292,0.9633540372670808,0.0354037267080745,0.7726708074534161,0.9322981366459628,0.768944099378882,0.929192546583851,0.8440993788819876,0.9583850931677018,0.0714285714285715,11,True,254020032,21.978384008451528
4625011017,778.0,140.04,18.0,36.5,593.5835045573264,7.914446727431019,10.992287121431971,True,True,True,0.8459627329192546,0.951552795031056,0.8527950310559006,0.951552795031056,0.8832298136645963,0.9633540372670808,0.0372670807453416,0.7726708074534161,0.9322981366459628,0.768944099378882,0.929192546583851,0.8478260869565217,0.9590062111801242,0.0751552795031056,11,True,254020142,37.70184925580447
4625011018,831.0,200.271,24.1,37.9,337.2135884412153,4.4961811792162045,6.244696082244729,True,True,True,0.8459627329192546,0.951552795031056,0.8527950310559006,0.951552795031056,0.8826086956521739,0.9633540372670808,0.0366459627329193,0.7726708074534161,0.9322981366459628,0.768944099378882,0.929192546583851,0.8472049689440994,0.9590062111801242,0.0745341614906832,11,True,254020120,19.57839771883133
4625011019,861.0,212.667,24.7,43.0,738.9705776756578,9.852941035675435,13.684640327326996,True,True,True,0.8459627329192546,0.951552795031056,0.8527950310559006,0.951552795031056,0.8788819875776398,0.9627329192546584,0.0329192546583851,0.7726708074534161,0.9322981366459628,0.768944099378882,0.929192546583851,0.8397515527950311,0.9571428571428572,0.067080745341615,11,True,254525999,32.25872392055683
4625011021,1120.0,232.96,20.8,44.7,753.05325890957,10.040710118794268,13.945430720547591,True,True,True,0.8459627329192546,0.951552795031056,0.8527950310559006,0.951552795031056,0.8807453416149068,0.9633540372670808,0.0347826086956521,0.7726708074534161,0.9322981366459628,0.768944099378882,0.929192546583851,0.8428571428571429,0.9577639751552796,0.0701863354037267,11,True,254019978,40.260143905105586
4625011022,937.0,166.78600000000003,17.8,37.6,599.8920315177868,7.99856042023716,11.109111694773834,True,True,True,0.8459627329192546,0.951552795031056,0.8527950310559006,0.951552795031056,0.8807453416149068,0.9633540372670808,0.0347826086956521,0.7726708074534161,0.9322981366459628,0.768944099378882,0.929192546583851,0.8440993788819876,0.9583850931677018,0.0714285714285715,11,True,254019995,26.27602793182795
4625011024,820.0,137.76,16.8,37.1,325.31238099110897,4.337498413214786,6.024303351687203,True,True,True,0.8459627329192546,0.951552795031056,0.8527950310559006,0.951552795031056,0.8819875776397516,0.9633540372670808,0.0360248447204969,0.7726708074534161,0.9322981366459628,0.768944099378882,0.929192546583851,0.8515527950310559,0.9590062111801242,0.0788819875776397,11,True,254020089,11.390305251044602
4625011026,1439.0,326.653,22.7,35.0,480.3890530362952,6.405187373817268,8.896093574746203,True,True,True,0.8459627329192546,0.951552795031056,0.8527950310559006,0.951552795031056,0.8795031055900621,0.9633540372670808,0.0335403726708074,0.7726708074534161,0.9322981366459628,0.768944099378882,0.929192546583851,0.8472049689440994,0.9590062111801242,0.0745341614906832,11,True,254020087,16.42694552918411
4625011028,1466.0,322.52,22.0,35.1,737.848605469161,9.837981406255482,13.663863064243722,True,True,True,0.8459627329192546,0.951552795031056,0.8527950310559006,0.951552795031056,0.8801242236024844,0.9633540372670808,0.0341614906832298,0.7726708074534161,0.9322981366459628,0.768944099378882,0.929192546583851,0.84472049689441,0.9577639751552796,0.0720496894409938,11,True,254016432,22.27139539743202
4625011030,1186.0,264.478,22.3,38.8,781.951715348386,10.42602287131181,14.480587321266402,True,True,True,0.8459627329192546,0.951552795031056,0.8527950310559006,0.951552795031056,0.8801242236024844,0.9633540372670808,0.0341614906832298,0.7726708074534161,0.9322981366459628,0.768944099378882,0.929192546583851,0.8409937888198757,0.9571428571428572,0.0683229813664596,11,True,254015172,41.75837960382817
4625011031,963.0,204.156,21.2,32.2,803.856339928061,10.718084532374144,14.88622851718631,True,True,True,0.8459627329192546,0.951552795031056,0.8527950310559006,0.951552795031056,0.8782608695652174,0.9627329192546584,0.0322981366459628,0.7726708074534161,0.9322981366459628,0.768944099378882,0.929192546583851,0.8416149068322981,0.9571428571428572,0.068944099378882,11,True,254016482,1.908593765745626
4625011032,1108.0,168.416,15.2,31.0,578.0014426338529,7.706685901784704,10.70373041914542,True,True,True,0.8459627329192546,0.951552795031056,0.8527950310559006,0.951552795031056,0.8770186335403727,0.9614906832298136,0.031055900621118,0.7726708074534161,0.9322981366459628,0.768944099378882,0.929192546583851,0.8372670807453416,0.9565217391304348,0.0645962732919255,11,True,5932951194,59.30514561288019
4625011033,1735.0,496.21,28.6,23.7,1016.1741708178728,13.5489889442383,18.818040200330973,True,False,False,0.8459627329192546,0.951552795031056,0.8527950310559006,0.951552795031056,0.8732919254658386,0.9596273291925466,0.0273291925465839,0.7726708074534161,0.9322981366459628,0.768944099378882,0.929192546583851,0.8304347826086956,0.953416149068323,0.0577639751552795,11,False,919015843,57.610725132871146
4625011034,1571.0,460.30300000000005,29.3,35.0,310.9111815197624,4.1454824202635,5.757614472588194,True,True,True,0.8459627329192546,0.951552795031056,0.8527950310559006,0.951552795031056,0.8770186335403727,0.9614906832298136,0.031055900621118,0.7726708074534161,0.9322981366459628,0.768944099378882,0.929192546583851,0.837888198757764,0.9565217391304348,0.0652173913043479,11,True,254524242,36.763921673835505
4625011035,998.0,273.452,27.4,34.3,559.8167445296865,7.464223260395822,10.366976750549751,True,True,True,0.8459627329192546,0.951552795031056,0.8527950310559006,0.951552795031056,0.8745341614906832,0.9614906832298136,0.0285714285714285,0.7726708074534161,0.9322981366459628,0.768944099378882,0.929192546583851,0.8329192546583851,0.9559006211180124,0.060248447204969,11,True,254524248,3.8313087787003592
4625011036,912.0,165.072,18.1,30.3,586.428321901636,7.819044292021812,10.859783738919182,True,True,True,0.8459627329192546,0.951552795031056,0.8527950310559006,0.951552795031056,0.8745341614906832,0.9608695652173912,0.0285714285714285,0.7726708074534161,0.9322981366459628,0.768944099378882,0.929192546583851,0.8322981366459627,0.9546583850931676,0.0596273291925466,11,True,254524258,59.57237382947415
4625011037,930.0,174.84,18.8,33.9,770.9308887098795,10.279078516131726,14.276497939071842,True,True,True,0.8459627329192546,0.951552795031056,0.8527950310559006,0.951552795031056,0.8732919254658386,0.9602484472049688,0.0273291925465839,0.7726708074534161,0.9322981366459628,0.768944099378882,0.929192546583851,0.831055900621118,0.9540372670807452,0.0583850931677019,11,True,3635626588,6.673493407610448
4625011038,1401.0,347.44800000000004,24.8,32.3,244.10165291735956,3.2546887055647944,4.520400979951103,True,True,True,0.8459627329192546,0.951552795031056,0.8527950310559006,0.951552795031056,0.8745341614906832,0.9614906832298136,0.0285714285714285,0.7726708074534161,0.9322981366459628,0.768944099378882,0.929192546583851,0.831055900621118,0.9546583850931676,0.0583850931677019,11,True,132194158,7.978218187605203
4625011039,1270.0,317.5,25.0,38.0,852.2892915093394,11.363857220124524,15.783135027950728,True,False,False,0.8459627329192546,0.951552795031056,0.8527950310559006,0.951552795031056,0.8714285714285714,0.9590062111801242,0.0254658385093168,0.7726708074534161,0.9322981366459628,0.768944099378882,0.929192546583851,0.8298136645962733,0.9527950310559006,0.0571428571428571,11,False,13061756034,63.371540023757554
4625011040,1129.0,273.218,24.2,28.1,343.56477717415845,4.580863695655446,6.362310688410342,True,True,True,0.8459627329192546,0.951552795031056,0.8527950310559006,0.951552795031056,0.8832298136645963,0.9627329192546584,0.0372670807453416,0.7726708074534161,0.9322981366459628,0.768944099378882,0.929192546583851,0.8571428571428571,0.9602484472049688,0.084472049689441,11,True,253318484,19.114827694532902
4625011041,2488.0,507.552,20.4,29.5,498.0056795998991,6.640075727998656,9.222327399998134,True,True,True,0.8459627329192546,0.951552795031056,0.8527950310559006,0.951552795031056,0.8819875776397516,0.9627329192546584,0.0360248447204969,0.7726708074534161,0.9322981366459628,0.768944099378882,0.929192546583851,0.8521739130434782,0.9590062111801242,0.0795031055900621,11,True,253318478,19.012356340705512
4625011042,1306.0,231.162,17.7,34.6,836.4000993696399,11.152001324928523,15.488890729067396,True,False,False,0.8459627329192546,0.951552795031056,0.8527950310559006,0.951552795031056,0.8788819875776398,0.9633540372670808,0.0329192546583851,0.7726708074534161,0.9322981366459628,0.768944099378882,0.929192546583851,0.84472049689441,0.9577639751552796,0.0720496894409938,11,False,11521937987,42.004548247049875
4625011044,981.0,172.65600000000003,17.6,27.9,2093.11798714259,27.90823982856787,38.76144420634426,False,False,False,0.8459627329192546,0.951552795031056,0.8527950310559006,0.951552795031056,0.8788819875776398,0.962111801242236,0.0329192546583851,0.7726708074534161,0.9322981366459628,0.768944099378882,0.929192546583851,0.8217391304347826,0.9521739130434784,0.0490683229813665,11,False,10971098073,69.25613325606601
4625011045,1082.0,177.44799999999998,16.4,29.9,245.9994705601558,3.2799929408020767,4.555545751113995,True,True,True,0.8459627329192546,0.951552795031056,0.8527950310559006,0.951552795031056,0.8832298136645963,0.9639751552795032,0.0372670807453416,0.7726708074534161,0.9322981366459628,0.768944099378882,0.929192546583851,0.8335403726708075,0.95527950310559,0.0608695652173914,11,True,254744495,81.30264839596758
4625011046,1515.0,292.395,19.3,29.1,385.4724757615236,5.139633010153648,7.138379180768955,True,True,True,0.8459627329192546,0.951552795031056,0.8527950310559006,0.951552795031056,0.8850931677018633,0.9645962732919254,0.0391304347826086,0.7726708074534161,0.9322981366459628,0.768944099378882,0.929192546583851,0.831055900621118,0.95527950310559,0.0583850931677019,11,True,10911551982,45.525044223223
4625011047,1427.0,275.411,19.3,27.5,521.8550110428961,6.958066813905281,9.663981685979556,True,True,True,0.8459627329192546,0.951552795031056,0.8527950310559006,0.951552795031056,0.886335403726708,0.9645962732919254,0.0403726708074534,0.7726708074534161,0.9322981366459628,0.768944099378882,0.929192546583851,0.8347826086956521,0.9559006211180124,0.062111801242236,11,True,6727504891,11.891251674250999
4625011048,1252.0,241.636,19.3,27.0,561.6052569199084,7.488070092265444,10.400097350368672,True,True,True,0.8459627329192546,0.951552795031056,0.8527950310559006,0.951552795031056,0.8850931677018633,0.9627329192546584,0.0391304347826086,0.7726708074534161,0.9322981366459628,0.768944099378882,0.929192546583851,0.8291925465838509,0.9540372670807452,0.0565217391304347,11,True,10040407222,20.816595014539384
4625011050,1217.0,428.384,35.2,29.3,958.2479379381932,12.776639172509244,17.745332184040617,True,False,False,0.8459627329192546,0.951552795031056,0.8527950310559006,0.951552795031056,0.8708074534161491,0.9590062111801242,0.0248447204968944,0.7726708074534161,0.9322981366459628,0.768944099378882,0.929192546583851,0.8285714285714286,0.9527950310559006,0.0559006211180125,11,False,480794074,19.200130607353458
4625011051,1105.0,312.715,28.3,24.7,402.26569985519234,5.363542664735898,7.449364812133192,True,True,True,0.8459627329192546,0.951552795031056,0.8527950310559006,0.951552795031056,0.886335403726708,0.9627329192546584,0.0403726708074534,0.7726708074534161,0.9322981366459628,0.768944099378882,0.929192546583851,0.8633540372670807,0.9602484472049688,0.0906832298136646,11,True,11462884081,23.813563961766985
4625011052,1857.0,386.256,20.8,22.1,294.84015663354273,3.931202088447236,5.460002900621161,True,True,True,0.8459627329192546,0.951552795031056,0.8527950310559006,0.951552795031056,0.8869565217391304,0.9627329192546584,0.0409937888198758,0.7726708074534161,0.9322981366459628,0.768944099378882,0.929192546583851,0.860248447204969,0.9602484472049688,0.0875776397515528,11,True,11557745426,57.451957005147435
4625011053,1707.0,310.674,18.2,23.2,763.8414705011814,10.184552940015752,14.145212416688544,True,True,True,0.8459627329192546,0.951552795031056,0.8527950310559006,0.951552795031056,0.8770186335403727,0.9614906832298136,0.031055900621118,0.7726708074534161,0.9322981366459628,0.768944099378882,0.929192546583851,0.837888198757764,0.9571428571428572,0.0652173913043479,11,True,254526022,42.94929925133679
4625011054,1192.0,187.144,15.7,23.3,665.7964291770231,8.877285722360309,12.329563503278203,True,True,True,0.8459627329192546,0.951552795031056,0.8527950310559006,0.951552795031056,0.8913043478260869,0.9652173913043478,0.0453416149068323,0.7726708074534161,0.9322981366459628,0.768944099378882,0.929192546583851,0.8527950310559006,0.9583850931677018,0.0801242236024845,11,True,254010796,40.90720806750297
4625011055,1239.0,301.077,24.3,26.0,855.9456755567483,11.412609007423312,15.85084584364349,True,False,False,0.8459627329192546,0.951552795031056,0.8527950310559006,0.951552795031056,0.8913043478260869,0.9652173913043478,0.0453416149068323,0.7726708074534161,0.9322981366459628,0.768944099378882,0.929192546583851,0.8428571428571429,0.9577639751552796,0.0701863354037267,11,False,254010789,25.221386498212368
4625012001,1834.0,394.31,21.5,36.2,318.7298489564234,4.249731319418979,5.902404610304136,True,True,True,0.8459627329192546,0.951552795031056,0.8527950310559006,0.951552795031056,0.8900621118012423,0.9614906832298136,0.0440993788819876,0.7726708074534161,0.9322981366459628,0.768944099378882,0.929192546583851,0.8701863354037267,0.9608695652173912,0.0975155279503106,12,True,253488516,33.6610026190916
4625012002,1193.0,249.337,20.9,31.0,559.8151561641165,7.464202082188222,10.36694733637253,True,True,True,0.8459627329192546,0.951552795031056,0.8527950310559006,0.951552795031056,0.8906832298136645,0.9627329192546584,0.0447204968944099,0.7726708074534161,0.9322981366459628,0.768944099378882,0.929192546583851,0.8677018633540373,0.9602484472049688,0.0950310559006212,12,True,253488566,59.69819262279509
4625012003,1568.0,373.184,23.8,30.3,612.7636431843711,8.170181909124949,11.347474873784652,True,True,True,0.8459627329192546,0.951552795031056,0.8527950310559006,0.951552795031056,0.8913043478260869,0.962111801242236,0.0453416149068323,0.7726708074534161,0.9322981366459628,0.768944099378882,0.929192546583851,0.8720496894409938,0.9602484472049688,0.0993788819875777,12,True,253496592,31.906315892969175
4625012006,1993.0,450.418,22.6,32.0,616.3933973106948,8.218578630809265,11.414692542790643,True,True,True,0.8459627329192546,0.951552795031056,0.8527950310559006,0.951552795031056,0.8906832298136645,0.9602484472049688,0.0447204968944099,0.7726708074534161,0.9322981366459628,0.768944099378882,0.929192546583851,0.8770186335403727,0.9627329192546584,0.1043478260869565,12,True,253488561,58.72067197398905
4625012008,1332.0,330.336,24.8,30.6,847.6891446342557,11.30252192845674,15.697947122856586,True,False,False,0.8459627329192546,0.951552795031056,0.8527950310559006,0.951552795031056,0.8913043478260869,0.9608695652173912,0.0453416149068323,0.7726708074534161,0.9322981366459628,0.768944099378882,0.929192546583851,0.8770186335403727,0.962111801242236,0.1043478260869565,12,False,253488564,22.02931590088237
4625012009,1005.0,294.465,29.3,37.6,766.2294729366304,10.216392972488404,14.189434684011673,True,True,True,0.8459627329192546,0.951552795031056,0.8527950310559006,0.951552795031056,0.8906832298136645,0.9602484472049688,0.0447204968944099,0.7726708074534161,0.9322981366459628,0.768944099378882,0.929192546583851,0.8782608695652174,0.9627329192546584,0.1055900621118013,12,True,253487899,43.63366311161619
4625012010,1441.0,393.393,27.3,33.4,853.4515907586514,11.379354543448686,15.804659088123174,True,False,False,0.8459627329192546,0.951552795031056,0.8527950310559006,0.951552795031056,0.8913043478260869,0.9602484472049688,0.0453416149068323,0.7726708074534161,0.9322981366459628,0.768944099378882,0.929192546583851,0.8770186335403727,0.9627329192546584,0.1043478260869565,12,False,4014270172,23.34302035850079
4625012011,1063.0,197.718,18.6,35.7,871.181559492391,11.61575412656521,16.132991842451684,True,False,False,0.8459627329192546,0.951552795031056,0.8527950310559006,0.951552795031056,0.8906832298136645,0.9602484472049688,0.0447204968944099,0.7726708074534161,0.9322981366459628,0.768944099378882,0.929192546583851,0.8788819875776398,0.9627329192546584,0.1062111801242237,12,False,253496596,19.411220933457056
4625012012,1646.0,314.386,19.1,30.5,792.1838896483599,10.562451861978133,14.670072030525183,True,True,True,0.8459627329192546,0.951552795031056,0.8527950310559006,0.951552795031056,0.8919254658385093,0.9608695652173912,0.0459627329192546,0.7726708074534161,0.9322981366459628,0.768944099378882,0.929192546583851,0.877639751552795,0.962111801242236,0.1049689440993789,12,True,7466383802,25.041240852983954
4625012013,2064.0,400.416,19.4,24.9,509.1734840329801,6.788979787106402,9.429138593203335,True,True,True,0.8459627329192546,0.951552795031056,0.8527950310559006,0.951552795031056,0.8906832298136645,0.9633540372670808,0.0447204968944099,0.7726708074534161,0.9322981366459628,0.768944099378882,0.929192546583851,0.8701863354037267,0.9602484472049688,0.0975155279503106,12,True,3020407139,60.03559131559325
4625012014,1688.0,254.888,15.1,24.2,656.0992563981481,8.747990085308642,12.149986229595337,True,True,True,0.8459627329192546,0.951552795031056,0.8527950310559006,0.951552795031056,0.8913043478260869,0.962111801242236,0.0453416149068323,0.7726708074534161,0.9322981366459628,0.768944099378882,0.929192546583851,0.8701863354037267,0.9602484472049688,0.0975155279503106,12,True,3447496647,45.075650376404184
4625012015,1209.0,213.993,17.7,29.3,762.534540893103,10.167127211908037,14.121010016538944,True,True,True,0.8459627329192546,0.951552795031056,0.8527950310559006,0.951552795031056,0.8888198757763975,0.9645962732919254,0.0428571428571429,0.7726708074534161,0.9322981366459628,0.768944099378882,0.929192546583851,0.8614906832298137,0.9602484472049688,0.0888198757763976,12,True,253488403,24.291272055366463
4625012016,1862.0,193.648,10.4,21.6,658.3225245560157,8.777633660746874,12.191157862148431,True,True,True,0.8459627329192546,0.951552795031056,0.8527950310559006,0.951552795031056,0.8888198757763975,0.9639751552795032,0.0428571428571429,0.7726708074534161,0.9322981366459628,0.768944099378882,0.929192546583851,0.860248447204969,0.9602484472049688,0.0875776397515528,12,True,253488405,48.477472493586674
4625012018,1470.0,295.47,20.1,33.6,319.608458854394,4.261446118058587,5.91867516397026,True,True,True,0.8459627329192546,0.951552795031056,0.8527950310559006,0.951552795031056,0.8807453416149068,0.9633540372670808,0.0347826086956521,0.7726708074534161,0.9322981366459628,0.768944099378882,0.929192546583851,0.8409937888198757,0.9571428571428572,0.0683229813664596,12,True,252108767,44.72609600046467
4625012019,1209.0,224.874,18.6,35.0,202.7872185733337,2.7038295809777826,3.755318862469143,True,True,True,0.8459627329192546,0.951552795031056,0.8527950310559006,0.951552795031056,0.8795031055900621,0.9633540372670808,0.0335403726708074,0.7726708074534161,0.9322981366459628,0.768944099378882,0.929192546583851,0.8472049689440994,0.9590062111801242,0.0745341614906832,12,True,1774851081,55.40014926239035
4625012020,1212.0,328.45200000000006,27.1,28.7,255.21557668777,3.402874355836933,4.726214383106852,True,True,True,0.8459627329192546,0.951552795031056,0.8527950310559006,0.951552795031056,0.8813664596273292,0.9633540372670808,0.0354037267080745,0.7726708074534161,0.9322981366459628,0.768944099378882,0.929192546583851,0.8515527950310559,0.9590062111801242,0.0788819875776397,12,True,252108721,31.726958623126315
4625012021,2006.0,427.278,21.3,31.7,793.7418579634042,10.58322477284539,14.698923295618595,True,True,True,0.8459627329192546,0.951552795031056,0.8527950310559006,0.951552795031056,0.884472049689441,0.9633540372670808,0.0385093167701864,0.7726708074534161,0.9322981366459628,0.768944099378882,0.929192546583851,0.8472049689440994,0.9590062111801242,0.0745341614906832,12,True,1702469410,22.34171320374658
4625012023,1131.0,266.916,23.6,32.4,164.9170431457068,2.198893908609425,3.0540193175130894,True,True,True,0.8459627329192546,0.951552795031056,0.8527950310559006,0.951552795031056,0.886335403726708,0.9627329192546584,0.0403726708074534,0.7726708074534161,0.9322981366459628,0.768944099378882,0.929192546583851,0.8627329192546583,0.9602484472049688,0.0900621118012422,12,True,11046671318,6.075768658836398
4625012024,1888.0,405.92,21.5,26.9,593.5562371047193,7.914083161396258,10.991782168605914,True,True,True,0.8459627329192546,0.951552795031056,0.8527950310559006,0.951552795031056,0.8888198757763975,0.9627329192546584,0.0428571428571429,0.7726708074534161,0.9322981366459628,0.768944099378882,0.929192546583851,0.8596273291925466,0.9602484472049688,0.0869565217391304,12,True,7021924278,83.41505225502279
4625012025,2389.0,391.796,16.4,26.8,894.636056885001,11.928480758466682,16.567334386759278,True,False,False,0.8459627329192546,0.951552795031056,0.8527950310559006,0.951552795031056,0.8944099378881988,0.968944099378882,0.0484472049689441,0.7726708074534161,0.9322981366459628,0.768944099378882,0.929192546583851,0.8422360248447205,0.9583850931677018,0.0695652173913043,12,False,11805785584,13.247688085784027
4625012026,1400.0,306.6,21.9,31.7,730.0571810277488,9.734095747036651,13.519577426439792,True,True,True,0.8459627329192546,0.951552795031056,0.8527950310559006,0.951552795031056,0.8950310559006212,0.9677018633540372,0.0490683229813665,0.7726708074534161,0.9322981366459628,0.768944099378882,0.929192546583851,0.8472049689440994,0.9583850931677018,0.0745341614906832,12,True,253705179,58.438940959233015
4625012027,1218.0,197.316,16.2,30.6,0.0,0.0,0.0,True,True,True,0.8459627329192546,0.951552795031056,0.8527950310559006,0.951552795031056,0.8913043478260869,0.9645962732919254,0.0453416149068323,0.7726708074534161,0.9322981366459628,0.768944099378882,0.929192546583851,0.8658385093167702,0.9608695652173912,0.0931677018633541,12,True,253705198,79.49719207234705
4625012028,1598.0,429.862,26.9,29.0,523.2057700638366,6.976076934184488,9.688995741922898,True,True,True,0.8459627329192546,0.951552795031056,0.8527950310559006,0.951552795031056,0.8913043478260869,0.9645962732919254,0.0453416149068323,0.7726708074534161,0.9322981366459628,0.768944099378882,0.929192546583851,0.8664596273291926,0.9608695652173912,0.0937888198757764,12,True,13201173301,55.059171061598086
4625012029,1330.0,244.72,18.4,30.7,840.3435569010901,11.2045807586812,15.561917720390555,True,False,False,0.8459627329192546,0.951552795031056,0.8527950310559006,0.951552795031056,0.8950310559006212,0.9683229813664596,0.0490683229813665,0.7726708074534161,0.9322981366459628,0.768944099378882,0.929192546583851,0.8440993788819876,0.9583850931677018,0.0714285714285715,12,False,11810210465,107.13176825605883
4625012030,1514.0,319.454,21.1,32.1,232.1454403447641,3.095272537930187,4.2989896360141495,True,True,True,0.8459627329192546,0.951552795031056,0.8527950310559006,0.951552795031056,0.8950310559006212,0.9664596273291924,0.0490683229813665,0.7726708074534161,0.9322981366459628,0.768944099378882,0.929192546583851,0.8540372670807453,0.9596273291925466,0.0813664596273292,12,True,253705203,72.94374393400527
4625012031,1373.0,260.87,19.0,29.8,343.8049460104377,4.5840659468058345,6.366758259452547,True,True,True,0.8459627329192546,0.951552795031056,0.8527950310559006,0.951552795031056,0.8937888198757764,0.9664596273291924,0.0478260869565217,0.7726708074534161,0.9322981366459628,0.768944099378882,0.929192546583851,0.853416149068323,0.9596273291925466,0.0807453416149068,12,True,253705201,70.99898830720606
4625012032,928.0,204.16,22.0,36.7,614.1073226527687,8.188097635370246,11.37235782690312,True,True,True,0.8459627329192546,0.951552795031056,0.8527950310559006,0.951552795031056,0.8937888198757764,0.9670807453416148,0.0478260869565217,0.7726708074534161,0.9322981366459628,0.768944099378882,0.929192546583851,0.8440993788819876,0.9583850931677018,0.0714285714285715,12,True,12400998512,16.142418910813486
4625012033,1379.0,353.024,25.6,29.3,516.3620662574124,6.884827550098832,9.56226048624838,True,True,True,0.8459627329192546,0.951552795031056,0.8527950310559006,0.951552795031056,0.8913043478260869,0.9652173913043478,0.0453416149068323,0.7726708074534161,0.9322981366459628,0.768944099378882,0.929192546583851,0.8571428571428571,0.9596273291925466,0.084472049689441,12,True,13201149893,26.36131352810347
4625012034,1052.0,191.464,18.2,31.8,729.2901266744651,9.723868355659535,13.5053727161938,True,True,True,0.8459627329192546,0.951552795031056,0.8527950310559006,0.951552795031056,0.8826086956521739,0.9633540372670808,0.0366459627329193,0.7726708074534161,0.9322981366459628,0.768944099378882,0.929192546583851,0.8372670807453416,0.9565217391304348,0.0645962732919255,12,True,252114091,26.006011168899096
4625012035,923.0,208.59800000000004,22.6,33.4,626.0413264610225,8.34721768614697,11.593357897426346,True,True,True,0.8459627329192546,0.951552795031056,0.8527950310559006,0.951552795031056,0.886335403726708,0.9652173913043478,0.0403726708074534,0.7726708074534161,0.9322981366459628,0.768944099378882,0.929192546583851,0.8409937888198757,0.9577639751552796,0.0683229813664596,12,True,252114093,83.57668291909329
4625012036,1500.0,310.5,20.7,28.3,595.3827576721677,7.938436768962237,11.025606623558664,True,True,True,0.8459627329192546,0.951552795031056,0.8527950310559006,0.951552795031056,0.8906832298136645,0.9652173913043478,0.0447204968944099,0.7726708074534161,0.9322981366459628,0.768944099378882,0.929192546583851,0.8509316770186336,0.9583850931677018,0.0782608695652175,12,True,5914231507,70.38899700523187
4625012037,2504.0,415.664,16.6,24.8,619.262629213287,8.256835056177161,11.467826466912724,True,True,True,0.8459627329192546,0.951552795031056,0.8527950310559006,0.951552795031056,0.8888198757763975,0.9677018633540372,0.0428571428571429,0.7726708074534161,0.9322981366459628,0.768944099378882,0.929192546583851,0.8285714285714286,0.95527950310559,0.0559006211180125,12,True,10123926425,39.5075281317873
4625012038,1937.0,323.479,16.7,22.5,482.337194799362,6.431162597324828,8.932170274062262,True,True,True,0.8459627329192546,0.951552795031056,0.8527950310559006,0.951552795031056,0.8900621118012423,0.9627329192546584,0.0440993788819876,0.7726708074534161,0.9322981366459628,0.768944099378882,0.929192546583851,0.8664596273291926,0.9602484472049688,0.0937888198757764,12,True,253496755,32.41761563954329
4625012039,1497.0,393.711,26.3,22.8,658.7620174388514,8.783493565851353,12.19929661923799,True,True,True,0.8459627329192546,0.951552795031056,0.8527950310559006,0.951552795031056,0.8906832298136645,0.962111801242236,0.0447204968944099,0.7726708074534161,0.9322981366459628,0.768944099378882,0.929192546583851,0.8695652173913043,0.9602484472049688,0.0968944099378882,12,True,11559605265,56.254702446131496
4625012040,1778.0,266.7,15.0,26.6,864.198495993554,11.522646613247383,16.003675851732478,True,False,False,0.8459627329192546,0.951552795031056,0.8527950310559006,0.951552795031056,0.8913043478260869,0.9645962732919254,0.0453416149068323,0.7726708074534161,0.9322981366459628,0.768944099378882,0.929192546583851,0.8658385093167702,0.9608695652173912,0.0931677018633541,12,False,11802644680,9.813155883923843
4625012041,2363.0,342.635,14.5,21.0,1039.4706904779807,13.85960920637307,19.24945723107371,True,False,False,0.8459627329192546,0.951552795031056,0.8527950310559006,0.951552795031056,0.8950310559006212,0.9701863354037268,0.0490683229813665,0.7726708074534161,0.9322981366459628,0.768944099378882,0.929192546583851,0.8198757763975155,0.95527950310559,0.0472049689440994,12,False,10123882133,19.098295438120054
4625012042,1492.0,177.548,11.9,24.9,764.909507324495,10.198793430993264,14.164990876379534,True,True,True,0.8459627329192546,0.951552795031056,0.8527950310559006,0.951552795031056,0.8944099378881988,0.968944099378882,0.0484472049689441,0.7726708074534161,0.9322981366459628,0.768944099378882,0.929192546583851,0.8335403726708075,0.9565217391304348,0.0608695652173914,12,True,1870431834,6.490829875926097
4625012043,1180.0,351.64,29.8,25.7,469.49145854527865,6.259886113937048,8.694286269357011,True,True,True,0.8459627329192546,0.951552795031056,0.8527950310559006,0.951552795031056,0.8888198757763975,0.9627329192546584,0.0428571428571429,0.7726708074534161,0.9322981366459628,0.768944099378882,0.929192546583851,0.860248447204969,0.9602484472049688,0.0875776397515528,12,True,11555357284,20.435136659135182
4625012044,1582.0,278.432,17.6,24.5,816.2423640181495,10.883231520241992,15.115599333669431,True,False,False,0.8459627329192546,0.951552795031056,0.8527950310559006,0.951552795031056,0.8894409937888199,0.9652173913043478,0.0434782608695653,0.7726708074534161,0.9322981366459628,0.768944099378882,0.929192546583851,0.8372670807453416,0.9571428571428572,0.0645962732919255,12,False,7609267934,49.340266906441485
4625012045,2076.0,209.676,10.1,19.7,999.7430190899908,13.32990692119988,18.51375961277761,True,False,False,0.8459627329192546,0.951552795031056,0.8527950310559006,0.951552795031056,0.8950310559006212,0.9695652173913044,0.0490683229813665,0.7726708074534161,0.9322981366459628,0.768944099378882,0.929192546583851,0.8254658385093168,0.9559006211180124,0.0527950310559006,12,False,11810210491,19.069407669109466
4625012046,1859.0,213.785,11.5,21.6,1051.165872224774,14.015544962996987,19.46603467082916,True,False,False,0.8459627329192546,0.951552795031056,0.8527950310559006,0.951552795031056,0.8962732919254658,0.970807453416149,0.0503105590062111,0.7726708074534161,0.9322981366459628,0.768944099378882,0.929192546583851,0.8192546583850931,0.95527950310559,0.046583850931677,12,False,11795389160,19.19825956121073
4625012047,1013.0,194.496,19.2,32.9,800.215559327303,10.669540791030707,14.818806654209316,True,True,True,0.8459627329192546,0.951552795031056,0.8527950310559006,0.951552795031056,0.8919254658385093,0.9652173913043478,0.0459627329192546,0.7726708074534161,0.9322981366459628,0.768944099378882,0.929192546583851,0.8527950310559006,0.9596273291925466,0.0801242236024845,12,True,11787255874,7.057118222160627
4625012048,1670.0,225.45,13.5,21.6,1154.771969826924,15.39695959769232,21.384666107906,False,False,False,0.8459627329192546,0.951552795031056,0.8527950310559006,0.951552795031056,0.8950310559006212,0.968944099378882,0.0490683229813665,0.7726708074534161,0.9322981366459628,0.768944099378882,0.929192546583851,0.8279503105590063,0.9559006211180124,0.0552795031055901,12,False,11793751149,31.246184041947306
4625013001,1896.0,434.184,22.9,29.6,439.4649748308238,5.859532997744318,8.138240274644886,True,True,True,0.8459627329192546,0.951552795031056,0.8527950310559006,0.951552795031056,0.8881987577639752,0.9627329192546584,0.0422360248447205,0.7726708074534161,0.9322981366459628,0.768944099378882,0.929192546583851,0.8645962732919255,0.9602484472049688,0.0919254658385093,13,True,11555357370,55.244881364489025
4625013002,2007.0,594.072,29.6,29.9,116.29086408766985,1.5505448545022642,2.153534520142033,True,True,True,0.8459627329192546,0.951552795031056,0.8527950310559006,0.951552795031056,0.8869565217391304,0.9627329192546584,0.0409937888198758,0.7726708074534161,0.9322981366459628,0.768944099378882,0.929192546583851,0.8621118012422361,0.9602484472049688,0.0894409937888199,13,True,1578871858,26.014794001441675
4625013003,789.0,227.232,28.8,30.1,411.3968313699437,5.485291084932583,7.618459840184142,True,True,True,0.8459627329192546,0.951552795031056,0.8527950310559006,0.951552795031056,0.8881987577639752,0.962111801242236,0.0422360248447205,0.7726708074534161,0.9322981366459628,0.768944099378882,0.929192546583851,0.8683229813664596,0.9602484472049688,0.0956521739130434,13,True,253488386,23.31149126213945
4625013004,1212.0,248.46,20.5,41.6,702.4293419226527,9.365724558968706,13.007950776345426,True,True,True,0.8459627329192546,0.951552795031056,0.8527950310559006,0.951552795031056,0.886335403726708,0.962111801242236,0.0403726708074534,0.7726708074534161,0.9322981366459628,0.768944099378882,0.929192546583851,0.8633540372670807,0.9602484472049688,0.0906832298136646,13,True,430238809,32.02524571353276
4625013005,1458.0,348.462,23.9,27.2,564.8980920450442,7.531974560600588,10.461075778611928,True,True,True,0.8459627329192546,0.951552795031056,0.8527950310559006,0.951552795031056,0.8881987577639752,0.9614906832298136,0.0422360248447205,0.7726708074534161,0.9322981366459628,0.768944099378882,0.929192546583851,0.8677018633540373,0.9602484472049688,0.0950310559006212,13,True,3020371211,10.950520717061798
4625013007,899.0,229.245,25.5,35.2,379.447263308484,5.059296844113121,7.026801172379335,True,True,True,0.8459627329192546,0.951552795031056,0.8527950310559006,0.951552795031056,0.8875776397515528,0.9614906832298136,0.0416149068322981,0.7726708074534161,0.9322981366459628,0.768944099378882,0.929192546583851,0.867080745341615,0.9602484472049688,0.0944099378881988,13,True,11478610343,26.86058057493335
4625013008,1338.0,416.11800000000005,31.1,34.4,544.9121159665575,7.265494879554103,10.09096511049181,True,True,True,0.8459627329192546,0.951552795031056,0.8527950310559006,0.951552795031056,0.8850931677018633,0.962111801242236,0.0391304347826086,0.7726708074534161,0.9322981366459628,0.768944099378882,0.929192546583851,0.8627329192546583,0.9602484472049688,0.0900621118012422,13,True,11466817899,2.507972419505282
4625013009,948.0,243.636,25.7,29.7,421.692276105322,5.6225636814042925,7.809116224172629,True,True,True,0.8459627329192546,0.951552795031056,0.8527950310559006,0.951552795031056,0.886335403726708,0.962111801242236,0.0403726708074534,0.7726708074534161,0.9322981366459628,0.768944099378882,0.929192546583851,0.8658385093167702,0.9602484472049688,0.0931677018633541,13,True,11478610417,11.234435889415428
4625013010,1335.0,452.565,33.9,26.4,663.3050635595483,8.84406751412731,12.283427102954596,True,True,True,0.8459627329192546,0.951552795031056,0.8527950310559006,0.951552795031056,0.8894409937888199,0.9608695652173912,0.0434782608695653,0.7726708074534161,0.9322981366459628,0.768944099378882,0.929192546583851,0.8720496894409938,0.9614906832298136,0.0993788819875777,13,True,11479576637,21.276001321668915
4625013011,692.0,247.044,35.7,35.5,525.0284266266876,7.00037902168917,9.72274864123496,True,True,True,0.8459627329192546,0.951552795031056,0.8527950310559006,0.951552795031056,0.8832298136645963,0.9627329192546584,0.0372670807453416,0.7726708074534161,0.9322981366459628,0.768944099378882,0.929192546583851,0.8571428571428571,0.9602484472049688,0.084472049689441,13,True,11476259779,7.476891991995072
4625013012,1914.0,547.404,28.6,34.8,821.184515725071,10.949126876334285,15.207120661575392,True,False,False,0.8459627329192546,0.951552795031056,0.8527950310559006,0.951552795031056,0.8850931677018633,0.962111801242236,0.0391304347826086,0.7726708074534161,0.9322981366459628,0.768944099378882,0.929192546583851,0.8627329192546583,0.9602484472049688,0.0900621118012422,13,False,11482569750,28.40852623685647
4625013013,855.0,265.905,31.1,39.6,738.9882966862859,9.853177289150477,13.684968457153442,True,True,True,0.8459627329192546,0.951552795031056,0.8527950310559006,0.951552795031056,0.8788819875776398,0.9627329192546584,0.0329192546583851,0.7726708074534161,0.9322981366459628,0.768944099378882,0.929192546583851,0.8490683229813665,0.9590062111801242,0.0763975155279503,13,True,4419113880,22.68555091322364
4625013014,1529.0,392.953,25.7,39.3,837.4862339214354,11.16648311895247,15.509004331878431,True,False,False,0.8459627329192546,0.951552795031056,0.8527950310559006,0.951552795031056,0.8826086956521739,0.9627329192546584,0.0366459627329193,0.7726708074534161,0.9322981366459628,0.768944099378882,0.929192546583851,0.8565217391304348,0.9602484472049688,0.0838509316770187,13,False,6813248680,30.996824444043508
4625013015,1017.0,267.471,26.3,43.6,392.0480042161304,5.22730672288174,7.260148226224639,True,True,True,0.8459627329192546,0.951552795031056,0.8527950310559006,0.951552795031056,0.8770186335403727,0.962111801242236,0.031055900621118,0.7726708074534161,0.9322981366459628,0.768944099378882,0.929192546583851,0.8397515527950311,0.9571428571428572,0.067080745341615,13,True,6443885796,26.743202469925546
4625013016,1886.0,247.066,13.1,32.5,305.575686266389,4.074342483551854,5.658809004933131,True,True,True,0.8459627329192546,0.951552795031056,0.8527950310559006,0.951552795031056,0.8782608695652174,0.9627329192546584,0.0322981366459628,0.7726708074534161,0.9322981366459628,0.768944099378882,0.929192546583851,0.8416149068322981,0.9571428571428572,0.068944099378882,13,True,4429146859,14.850980541897847
4625013017,1356.0,339.0,25.0,35.7,160.61732329928753,2.141564310657167,2.974394875912732,True,True,True,0.8459627329192546,0.951552795031056,0.8527950310559006,0.951552795031056,0.8788819875776398,0.9627329192546584,0.0329192546583851,0.7726708074534161,0.9322981366459628,0.768944099378882,0.929192546583851,0.8453416149068324,0.9577639751552796,0.0726708074534162,13,True,11473056842,12.705228485214942
4625013019,952.0,277.984,29.2,30.0,116.66737720999453,1.5555650294665933,2.1605069853702683,True,True,True,0.8459627329192546,0.951552795031056,0.8527950310559006,0.951552795031056,0.8832298136645963,0.9627329192546584,0.0372670807453416,0.7726708074534161,0.9322981366459628,0.768944099378882,0.929192546583851,0.8559006211180125,0.9602484472049688,0.0832298136645963,13,True,11473103043,38.53432489549774
4625013020,731.0,209.797,28.7,33.3,151.27722628176593,2.017029683756879,2.8014301163289987,True,True,True,0.8459627329192546,0.951552795031056,0.8527950310559006,0.951552795031056,0.8826086956521739,0.9627329192546584,0.0366459627329193,0.7726708074534161,0.9322981366459628,0.768944099378882,0.929192546583851,0.8540372670807453,0.9596273291925466,0.0813664596273292,13,True,11466508902,17.233728209987632
4625013021,1090.0,382.59,35.1,32.7,307.7943285093053,4.103924380124069,5.699894972394541,True,True,True,0.8459627329192546,0.951552795031056,0.8527950310559006,0.951552795031056,0.8801242236024844,0.9627329192546584,0.0341614906832298,0.7726708074534161,0.9322981366459628,0.768944099378882,0.929192546583851,0.8527950310559006,0.9590062111801242,0.0801242236024845,13,True,11465766684,15.937344780745642
4625013022,1149.0,312.528,27.2,30.5,719.8004900859014,9.59733986781202,13.329638705294474,True,True,True,0.8459627329192546,0.951552795031056,0.8527950310559006,0.951552795031056,0.8732919254658386,0.9602484472049688,0.0273291925465839,0.7726708074534161,0.9322981366459628,0.768944099378882,0.929192546583851,0.8329192546583851,0.9546583850931676,0.060248447204969,13,True,11631035147,20.869711138535884
4625013023,1579.0,388.434,24.6,34.2,718.5067187983299,9.580089583977731,13.30567997774685,True,True,True,0.8459627329192546,0.951552795031056,0.8527950310559006,0.951552795031056,0.8763975155279503,0.9602484472049688,0.0304347826086957,0.7726708074534161,0.9322981366459628,0.768944099378882,0.929192546583851,0.837888198757764,0.95527950310559,0.0652173913043479,13,True,11631035145,35.95720449152595
4625013024,1653.0,421.515,25.5,34.9,780.3806019988267,10.405074693317689,14.451492629607896,True,True,True,0.8459627329192546,0.951552795031056,0.8527950310559006,0.951552795031056,0.877639751552795,0.9627329192546584,0.0316770186335404,0.7726708074534161,0.9322981366459628,0.768944099378882,0.929192546583851,0.8434782608695652,0.9571428571428572,0.0708074534161491,13,True,11631035269,27.53107675835313
4625013025,1865.0,511.01,27.4,31.5,1700.0112639431086,22.66681685257479,31.481690073020538,False,False,False,0.8459627329192546,0.951552795031056,0.8527950310559006,0.951552795031056,0.8745341614906832,0.9602484472049688,0.0285714285714285,0.7726708074534161,0.9322981366459628,0.768944099378882,0.929192546583851,0.8335403726708075,0.9546583850931676,0.0608695652173914,13,False,1619634569,29.810594696442855
4625013026,1039.0,297.154,28.6,26.8,718.9556052536416,9.586074736715222,13.31399268988225,True,True,True,0.8459627329192546,0.951552795031056,0.8527950310559006,0.951552795031056,0.8720496894409938,0.9596273291925466,0.0260869565217392,0.7726708074534161,0.9322981366459628,0.768944099378882,0.929192546583851,0.8285714285714286,0.9527950310559006,0.0559006211180125,13,True,11653906705,9.682356145989248
4625013027,1401.0,347.44800000000004,24.8,38.3,984.9355458946432,13.132473945261909,18.239547146197093,True,False,False,0.8459627329192546,0.951552795031056,0.8527950310559006,0.951552795031056,0.8826086956521739,0.9627329192546584,0.0366459627329193,0.7726708074534161,0.9322981366459628,0.768944099378882,0.929192546583851,0.8565217391304348,0.9602484472049688,0.0838509316770187,13,False,11524505144,4.393523564988708
4625013028,1303.0,329.659,25.3,33.6,966.4537877394196,12.886050503192257,17.8972923655448,True,False,False,0.8459627329192546,0.951552795031056,0.8527950310559006,0.951552795031056,0.8677018633540373,0.9583850931677018,0.0217391304347827,0.7726708074534161,0.9322981366459628,0.768944099378882,0.929192546583851,0.8167701863354038,0.9478260869565216,0.0440993788819876,13,False,159719609,14.357068595226243
4625013029,859.0,306.663,35.7,36.2,784.1972574402798,10.455963432537065,14.522171434079253,True,True,True,0.8459627329192546,0.951552795031056,0.8527950310559006,0.951552795031056,0.8888198757763975,0.9614906832298136,0.0428571428571429,0.7726708074534161,0.9322981366459628,0.768944099378882,0.929192546583851,0.868944099378882,0.9602484472049688,0.0962732919254658,13,True,2612373431,16.64996216816916
4625013030,1047.0,283.737,27.1,29.3,668.8643275257829,8.918191033677102,12.386376435662644,True,True,True,0.8459627329192546,0.951552795031056,0.8527950310559006,0.951552795031056,0.8894409937888199,0.9608695652173912,0.0434782608695653,0.7726708074534161,0.9322981366459628,0.768944099378882,0.929192546583851,0.8720496894409938,0.9608695652173912,0.0993788819875777,13,True,11559605436,31.15143715370345
4625014001,1875.0,570.0,30.4,30.7,119.61104098439118,1.5948138797918825,2.215019277488726,True,True,True,0.8459627329192546,0.951552795031056,0.8527950310559006,0.951552795031056,0.853416149068323,0.9546583850931676,0.0074534161490683,0.7726708074534161,0.9322981366459628,0.768944099378882,0.929192546583851,0.7900621118012422,0.9372670807453416,0.017391304347826,14,True,322616948,17.751343539082164
4625014002,1437.0,356.376,24.8,33.7,306.2279204845983,4.083038939794643,5.670887416381449,True,True,True,0.8459627329192546,0.951552795031056,0.8527950310559006,0.951552795031056,0.8503105590062112,0.9521739130434784,0.0043478260869566,0.7726708074534161,0.9322981366459628,0.768944099378882,0.929192546583851,0.7763975155279503,0.9329192546583852,0.0037267080745342,14,True,257843483,31.698010593407496
4625014003,790.0,165.9,21.0,41.9,398.3492594103525,5.3113234588047,7.37683813722875,True,True,True,0.8459627329192546,0.951552795031056,0.8527950310559006,0.951552795031056,0.8503105590062112,0.9521739130434784,0.0043478260869566,0.7726708074534161,0.9322981366459628,0.768944099378882,0.929192546583851,0.7801242236024845,0.9341614906832298,0.0074534161490683,14,True,257846648,39.24940159690656
4625014004,1160.0,349.16,30.1,35.5,501.0665461975613,6.68088728263415,9.279010114769653,True,True,True,0.8459627329192546,0.951552795031056,0.8527950310559006,0.951552795031056,0.8540372670807453,0.95527950310559,0.0080745341614907,0.7726708074534161,0.9322981366459628,0.768944099378882,0.929192546583851,0.7913043478260869,0.937888198757764,0.0186335403726708,14,True,2306542487,38.22864494598695
4625014005,863.0,183.819,21.3,41.6,315.84822580235743,4.211309677364764,5.8490412185621725,True,True,True,0.8459627329192546,0.951552795031056,0.8527950310559006,0.951552795031056,0.8540372670807453,0.9559006211180124,0.0080745341614907,0.7726708074534161,0.9322981366459628,0.768944099378882,0.929192546583851,0.7919254658385093,0.9385093167701865,0.0192546583850932,14,True,257843497,89.21769727821714
4625014006,1027.0,205.4,20.0,41.2,533.9334703626196,7.119112938168261,9.887656858567029,True,True,True,0.8459627329192546,0.951552795031056,0.8527950310559006,0.951552795031056,0.8515527950310559,0.9540372670807452,0.0055900621118012,0.7726708074534161,0.9322981366459628,0.768944099378882,0.929192546583851,0.7863354037267081,0.9354037267080744,0.0136645962732919,14,True,257843534,36.22339296395978
4625014007,1023.0,173.91,17.0,34.8,393.0967739997592,5.241290319996788,7.279569888884428,True,True,True,0.8459627329192546,0.951552795031056,0.8527950310559006,0.951552795031056,0.8503105590062112,0.9521739130434784,0.0043478260869566,0.7726708074534161,0.9322981366459628,0.768944099378882,0.929192546583851,0.784472049689441,0.9341614906832298,0.0118012422360248,14,True,257843500,27.453974857251104
4625014008,984.0,204.672,20.8,36.9,525.6903769658412,7.009205026211215,9.735006980848908,True,True,True,0.8459627329192546,0.951552795031056,0.8527950310559006,0.951552795031056,0.8509316770186336,0.9521739130434784,0.0049689440993789,0.7726708074534161,0.9322981366459628,0.768944099378882,0.929192546583851,0.7850931677018633,0.9347826086956522,0.0124223602484472,14,True,257843683,17.32788657883601
4625014009,1183.0,256.711,21.7,31.4,697.4801668146141,9.299735557528187,12.916299385455815,True,True,True,0.8459627329192546,0.951552795031056,0.8527950310559006,0.951552795031056,0.8496894409937888,0.9521739130434784,0.0037267080745342,0.7726708074534161,0.9322981366459628,0.768944099378882,0.929192546583851,0.7795031055900621,0.9341614906832298,0.0068322981366459,14,True,257843605,20.086038518483324
4625014010,1544.0,369.016,23.9,35.5,734.8284395773481,9.797712527697977,13.607934066247187,True,True,True,0.8459627329192546,0.951552795031056,0.8527950310559006,0.951552795031056,0.8478260869565217,0.951552795031056,0.0018633540372671,0.7726708074534161,0.9322981366459628,0.768944099378882,0.929192546583851,0.7745341614906832,0.9322981366459628,0.0018633540372671,14,True,257843579,20.08565188718063
4625014012,1000.0,202.0,20.2,37.6,742.0486039015609,9.893981385354143,13.741640812991866,True,True,True,0.8459627329192546,0.951552795031056,0.8527950310559006,0.951552795031056,0.846583850931677,0.9503105590062112,0.0006211180124223,0.7726708074534161,0.9322981366459628,0.768944099378882,0.929192546583851,0.7714285714285715,0.9304347826086956,-0.0012422360248446,14,True,257843715,41.35170527652711
4625014013,1473.0,319.641,21.7,37.5,894.3855922540772,11.92514123005436,16.56269615285328,True,False,False,0.8459627329192546,0.951552795031056,0.8527950310559006,0.951552795031056,0.8391304347826087,0.9496894409937888,-0.0068322981366458,0.7726708074534161,0.9322981366459628,0.768944099378882,0.929192546583851,0.7614906832298136,0.9304347826086956,-0.0111801242236024,14,False,257843725,21.923365017306708
4625014014,1206.0,301.5,25.0,26.0,793.7044153029934,10.582725537373248,14.698229913018398,True,True,True,0.8459627329192546,0.951552795031056,0.8527950310559006,0.951552795031056,0.8366459627329192,0.948447204968944,-0.0093167701863353,0.7726708074534161,0.9322981366459628,0.768944099378882,0.929192546583851,0.7596273291925466,0.9298136645962732,-0.0130434782608694,14,True,257843709,44.98421785527862
4625014015,1173.0,226.389,19.3,36.8,112.49090823512785,1.499878776468371,2.083164967317182,True,True,True,0.8459627329192546,0.951552795031056,0.8527950310559006,0.951552795031056,0.8509316770186336,0.9527950310559006,0.0049689440993789,0.7726708074534161,0.9322981366459628,0.768944099378882,0.929192546583851,0.784472049689441,0.9341614906832298,0.0118012422360248,14,True,257843463,4.4008496721965376
4625014016,1502.0,331.94200000000006,22.1,38.1,712.8467694553766,9.504623592738357,13.200866101025497,True,True,True,0.8459627329192546,0.951552795031056,0.8527950310559006,0.951552795031056,0.8472049689440994,0.9509316770186336,0.0012422360248447,0.7726708074534161,0.9322981366459628,0.768944099378882,0.929192546583851,0.7732919254658385,0.9316770186335404,0.0006211180124223,14,True,257843714,17.977498929269753
4625014018,1386.0,429.66,31.0,30.2,446.5270959638153,5.95369461285087,8.269020295626209,True,True,True,0.8459627329192546,0.951552795031056,0.8527950310559006,0.951552795031056,0.8490683229813665,0.9521739130434784,0.0031055900621118,0.7726708074534161,0.9322981366459628,0.768944099378882,0.929192546583851,0.7795031055900621,0.9341614906832298,0.0068322981366459,14,True,257847836,24.793754478040697
4625014019,1658.0,356.47,21.5,23.8,309.73259122132646,4.12976788295102,5.735788726320862,True,True,True,0.8459627329192546,0.951552795031056,0.8527950310559006,0.951552795031056,0.8496894409937888,0.9521739130434784,0.0037267080745342,0.7726708074534161,0.9322981366459628,0.768944099378882,0.929192546583851,0.7819875776397516,0.9341614906832298,0.0093167701863354,14,True,257843732,9.428623314945106
4625014020,2188.0,555.752,25.4,25.7,1020.3037556176432,13.604050074901917,18.894513992919325,True,False,False,0.8459627329192546,0.951552795031056,0.8527950310559006,0.951552795031056,0.8577639751552795,0.9559006211180124,0.0118012422360248,0.7726708074534161,0.9322981366459628,0.768944099378882,0.929192546583851,0.8024844720496894,0.9403726708074536,0.0298136645962733,14,False,1624649663,99.73617522691026
4625014021,1338.0,322.458,24.1,29.1,703.9751169892713,9.386334893190284,13.036576240542065,True,True,True,0.8459627329192546,0.951552795031056,0.8527950310559006,0.951552795031056,0.8627329192546583,0.9571428571428572,0.0167701863354037,0.7726708074534161,0.9322981366459628,0.768944099378882,0.929192546583851,0.8062111801242235,0.9422360248447204,0.0335403726708074,14,True,429821273,35.28193048745381
4625014022,937.0,250.179,26.7,31.0,660.4293793203137,8.805725057604183,12.23017369111692,True,True,True,0.8459627329192546,0.951552795031056,0.8527950310559006,0.951552795031056,0.8503105590062112,0.9521739130434784,0.0043478260869566,0.7726708074534161,0.9322981366459628,0.768944099378882,0.929192546583851,0.7838509316770186,0.9341614906832298,0.0111801242236024,14,True,3008657707,58.9355118534885
4625014023,967.0,238.849,24.7,34.2,769.1149542040747,10.254866056054333,14.242869522297685,True,True,True,0.8459627329192546,0.951552795031056,0.8527950310559006,0.951552795031056,0.8347826086956521,0.948447204968944,-0.0111801242236024,0.7726708074534161,0.9322981366459628,0.768944099378882,0.929192546583851,0.7546583850931677,0.929192546583851,-0.0180124223602483,14,True,9235238766,39.5870355620195
4625014024,1253.0,310.744,24.8,30.1,284.65628374766135,3.795417116635485,5.271412661993728,True,True,True,0.8459627329192546,0.951552795031056,0.8527950310559006,0.951552795031056,0.8596273291925466,0.9565217391304348,0.0136645962732919,0.7726708074534161,0.9322981366459628,0.768944099378882,0.929192546583851,0.7987577639751553,0.9397515527950312,0.0260869565217392,14,True,11544793768,28.976630459786154
4625015001,1197.0,175.95899999999995,14.7,29.1,219.42336565619252,2.9256448754159,4.063395660299862,True,True,True,0.8459627329192546,0.951552795031056,0.8527950310559006,0.951552795031056,0.831055900621118,0.9478260869565216,-0.0149068322981366,0.7726708074534161,0.9322981366459628,0.768944099378882,0.929192546583851,0.7546583850931677,0.929192546583851,-0.0180124223602483,15,True,11584474607,20.155468538770048
4625015002,1053.0,186.381,17.7,33.3,846.8572176829067,11.291429569105423,15.68254106820198,True,False,False,0.8459627329192546,0.951552795031056,0.8527950310559006,0.951552795031056,0.8341614906832299,0.948447204968944,-0.0118012422360247,0.7726708074534161,0.9322981366459628,0.768944099378882,0.929192546583851,0.7546583850931677,0.929192546583851,-0.0180124223602483,15,False,11581738035,23.470727766249848
4625015003,1168.0,286.16,24.5,32.3,635.8760146235575,8.478346861647433,11.7754817522881,True,True,True,0.8459627329192546,0.951552795031056,0.8527950310559006,0.951552795031056,0.831055900621118,0.9478260869565216,-0.0149068322981366,0.7726708074534161,0.9322981366459628,0.768944099378882,0.929192546583851,0.7552795031055901,0.929192546583851,-0.0173913043478259,15,True,2281497842,26.040216582332178
4625015004,1008.0,214.704,21.3,30.5,530.1757751275475,7.069010335033967,9.8180699097694,True,True,True,0.8459627329192546,0.951552795031056,0.8527950310559006,0.951552795031056,0.8298136645962733,0.9465838509316772,-0.0161490683229813,0.7726708074534161,0.9322981366459628,0.768944099378882,0.929192546583851,0.7515527950310559,0.9285714285714286,-0.0211180124223602,15,True,11577778708,34.27171041291124
4625015005,1684.0,225.65600000000003,13.4,30.1,320.3340752297615,4.271121003063485,5.9321125042548415,True,True,True,0.8459627329192546,0.951552795031056,0.8527950310559006,0.951552795031056,0.8322981366459627,0.9478260869565216,-0.0136645962732918,0.7726708074534161,0.9322981366459628,0.768944099378882,0.929192546583851,0.7552795031055901,0.929192546583851,-0.0173913043478259,15,True,11577794629,40.64410472748511
4625015006,1649.0,293.522,17.8,28.9,506.4554410727824,6.752739214303768,9.378804464310788,True,True,True,0.8459627329192546,0.951552795031056,0.8527950310559006,0.951552795031056,0.8341614906832299,0.948447204968944,-0.0118012422360247,0.7726708074534161,0.9322981366459628,0.768944099378882,0.929192546583851,0.7565217391304347,0.9298136645962732,-0.0161490683229813,15,True,11584662341,42.62892694564969
4625015007,1100.0,147.4,13.4,27.1,567.007566970962,7.5601008929461635,10.500140129091893,True,True,True,0.8459627329192546,0.951552795031056,0.8527950310559006,0.951552795031056,0.8341614906832299,0.9490683229813665,-0.0118012422360247,0.7726708074534161,0.9322981366459628,0.768944099378882,0.929192546583851,0.7583850931677019,0.9298136645962732,-0.0142857142857142,15,True,11594615309,45.642343431868795
4625015008,1406.0,147.63,10.5,27.6,536.2475116669701,7.149966822226267,9.93050947531426,True,True,True,0.8459627329192546,0.951552795031056,0.8527950310559006,0.951552795031056,0.8347826086956521,0.9490683229813665,-0.0111801242236024,0.7726708074534161,0.9322981366459628,0.768944099378882,0.929192546583851,0.7596273291925466,0.9298136645962732,-0.0130434782608694,15,True,11594615321,3.085201676346312
4625015010,1151.0,168.046,14.6,26.8,430.4569246749333,5.739425662332446,7.971424531017287,True,True,True,0.8459627329192546,0.951552795031056,0.8527950310559006,0.951552795031056,0.8341614906832299,0.9490683229813665,-0.0118012422360247,0.7726708074534161,0.9322981366459628,0.768944099378882,0.929192546583851,0.7571428571428571,0.9298136645962732,-0.0155279503105589,15,True,257821363,9.561930827520737
4625015011,1161.0,168.345,14.5,29.7,400.2028726066316,5.336038301421754,7.411164307530214,True,True,True,0.8459627329192546,0.951552795031056,0.8527950310559006,0.951552795031056,0.8341614906832299,0.9490683229813665,-0.0118012422360247,0.7726708074534161,0.9322981366459628,0.768944099378882,0.929192546583851,0.7565217391304347,0.9298136645962732,-0.0161490683229813,15,True,257821308,44.50706677221436
4625015012,1472.0,251.712,17.1,27.3,238.1208526187688,3.174944701583583,4.409645418866088,True,True,True,0.8459627329192546,0.951552795031056,0.8527950310559006,0.951552795031056,0.8304347826086956,0.9472049689440992,-0.0155279503105589,0.7726708074534161,0.9322981366459628,0.768944099378882,0.929192546583851,0.7521739130434782,0.9285714285714286,-0.0204968944099378,15,True,11577209868,26.55031902849599
4625015013,1233.0,288.522,23.4,26.7,671.928259198345,8.959043455977932,12.44311591108046,True,True,True,0.8459627329192546,0.951552795031056,0.8527950310559006,0.951552795031056,0.8347826086956521,0.9496894409937888,-0.0111801242236024,0.7726708074534161,0.9322981366459628,0.768944099378882,0.929192546583851,0.760248447204969,0.9298136645962732,-0.0124223602484471,15,True,11865873927,84.85192876348236
4625015014,1493.0,319.50199999999995,21.4,28.9,288.1366350292295,3.841821800389728,5.3358636116524,True,True,True,0.8459627329192546,0.951552795031056,0.8527950310559006,0.951552795031056,0.8273291925465839,0.9465838509316772,-0.0186335403726707,0.7726708074534161,0.9322981366459628,0.768944099378882,0.929192546583851,0.7496894409937889,0.9285714285714286,-0.0229813664596272,15,True,251047553,31.159340696660983
4625015015,1492.0,287.956,19.3,28.9,205.70498485975028,2.7427331314633374,3.809351571476857,True,True,True,0.8459627329192546,0.951552795031056,0.8527950310559006,0.951552795031056,0.8322981366459627,0.9478260869565216,-0.0136645962732918,0.7726708074534161,0.9322981366459628,0.768944099378882,0.929192546583851,0.7565217391304347,0.929192546583851,-0.0161490683229813,15,True,11579011880,31.170136954887106
4625015016,1626.0,284.55,17.5,30.3,120.25520288435288,1.6034027051247046,2.22694820156209,True,True,True,0.8459627329192546,0.951552795031056,0.8527950310559006,0.951552795031056,0.8304347826086956,0.9472049689440992,-0.0155279503105589,0.7726708074534161,0.9322981366459628,0.768944099378882,0.929192546583851,0.7521739130434782,0.9285714285714286,-0.0204968944099378,15,True,11580403681,25.37793321671246
4625015017,1515.0,274.21500000000003,18.1,29.6,339.9195500524673,4.532260667366231,6.294806482453097,True,True,True,0.8459627329192546,0.951552795031056,0.8527950310559006,0.951552795031056,0.8329192546583851,0.9478260869565216,-0.0130434782608694,0.7726708074534161,0.9322981366459628,0.768944099378882,0.929192546583851,0.7559006211180124,0.9298136645962732,-0.0167701863354037,15,True,11579900266,12.820363827519499
4625015018,1993.0,566.012,28.4,28.2,487.2531313047031,6.496708417396042,9.02320613527228,True,True,True,0.8459627329192546,0.951552795031056,0.8527950310559006,0.951552795031056,0.831055900621118,0.9472049689440992,-0.0149068322981366,0.7726708074534161,0.9322981366459628,0.768944099378882,0.929192546583851,0.7546583850931677,0.9285714285714286,-0.0180124223602483,15,True,10261396130,12.388641397029756
4625015019,1053.0,280.098,26.6,26.5,699.3149916711096,9.32419988894813,12.950277623539067,True,True,True,0.8459627329192546,0.951552795031056,0.8527950310559006,0.951552795031056,0.8304347826086956,0.9472049689440992,-0.0155279503105589,0.7726708074534161,0.9322981366459628,0.768944099378882,0.929192546583851,0.7527950310559006,0.9285714285714286,-0.0198757763975154,15,True,1973991050,26.14041733577236
4625015020,1511.0,296.156,19.6,25.6,488.27209711945983,6.510294628259463,9.042075872582588,True,True,True,0.8459627329192546,0.951552795031056,0.8527950310559006,0.951552795031056,0.8279503105590063,0.9465838509316772,-0.0180124223602483,0.7726708074534161,0.9322981366459628,0.768944099378882,0.929192546583851,0.7503105590062111,0.9285714285714286,-0.0223602484472049,15,True,252629824,41.76656716644066
4625015021,2221.0,435.316,19.6,26.2,587.4480849349372,7.832641132465826,10.87866823953587,True,True,True,0.8459627329192546,0.951552795031056,0.8527950310559006,0.951552795031056,0.8267080745341615,0.9465838509316772,-0.0192546583850931,0.7726708074534161,0.9322981366459628,0.768944099378882,0.929192546583851,0.7484472049689441,0.927329192546584,-0.0242236024844719,15,True,251047050,16.21958127345243
4625015022,1446.0,227.022,15.7,25.3,470.6408638378955,6.275211517838605,8.71557155255362,True,True,True,0.8459627329192546,0.951552795031056,0.8527950310559006,0.951552795031056,0.8248447204968944,0.9453416149068324,-0.0211180124223602,0.7726708074534161,0.9322981366459628,0.768944099378882,0.929192546583851,0.746583850931677,0.9260869565217392,-0.026086956521739,15,True,251048523,49.99945710146862
4625015023,1571.0,386.46600000000007,24.6,24.4,584.6624466387127,7.79549928851617,10.82708234516135,True,True,True,0.8459627329192546,0.951552795031056,0.8527950310559006,0.951552795031056,0.824223602484472,0.9453416149068324,-0.0217391304347825,0.7726708074534161,0.9322981366459628,0.768944099378882,0.929192546583851,0.7453416149068323,0.9260869565217392,-0.0273291925465838,15,True,11595495767,55.49523535429002
4625015024,1680.0,384.72,22.9,24.3,587.8505443864638,7.838007258486184,10.88612119234192,True,True,True,0.8459627329192546,0.951552795031056,0.8527950310559006,0.951552795031056,0.8217391304347826,0.9440993788819876,-0.0242236024844719,0.7726708074534161,0.9322981366459628,0.768944099378882,0.929192546583851,0.7416149068322981,0.9254658385093169,-0.0310559006211179,15,True,251048521,76.23585367730558
4625015025,1398.0,237.66,17.0,30.1,465.7894758083161,6.210526344110884,8.625731033487337,True,True,True,0.8459627329192546,0.951552795031056,0.8527950310559006,0.951552795031056,0.8186335403726708,0.9428571428571428,-0.0273291925465838,0.7726708074534161,0.9322981366459628,0.768944099378882,0.929192546583851,0.7385093167701864,0.9229813664596274,-0.0341614906832297,15,True,2453013142,53.98782546330877
4625015026,1416.0,198.24,14.0,29.0,371.61990994170606,4.954932132556081,6.8818501841056685,True,True,True,0.8459627329192546,0.951552795031056,0.8527950310559006,0.951552795031056,0.8267080745341615,0.9465838509316772,-0.0192546583850931,0.7726708074534161,0.9322981366459628,0.768944099378882,0.929192546583851,0.7490683229813665,0.9279503105590062,-0.0236024844720496,15,True,251048536,25.889153762862065
4625015027,977.0,158.274,16.2,35.5,439.04720780698295,5.853962770759773,8.130503848277463,True,True,True,0.8459627329192546,0.951552795031056,0.8527950310559006,0.951552795031056,0.8267080745341615,0.9465838509316772,-0.0192546583850931,0.7726708074534161,0.9322981366459628,0.768944099378882,0.929192546583851,0.7478260869565218,0.9279503105590062,-0.0248447204968943,15,True,11595531623,23.463960001342784
4625015028,1176.0,129.36,11.0,24.8,811.6297194850071,10.821729593133428,15.030179990463091,True,False,False,0.8459627329192546,0.951552795031056,0.8527950310559006,0.951552795031056,0.8279503105590063,0.9465838509316772,-0.0180124223602483,0.7726708074534161,0.9322981366459628,0.768944099378882,0.929192546583851,0.7490683229813665,0.9285714285714286,-0.0236024844720496,15,False,252629829,29.885505203195006
4625015029,1048.0,293.44,28.0,22.0,107.10323921715802,1.4280431895621069,1.98339331883626,True,True,True,0.8459627329192546,0.951552795031056,0.8527950310559006,0.951552795031056,0.8484472049689441,0.951552795031056,0.0024844720496894,0.7726708074534161,0.9322981366459628,0.768944099378882,0.929192546583851,0.7763975155279503,0.9335403726708076,0.0037267080745342,15,True,13835867389,25.99723796887283
4625015030,1878.0,516.45,27.5,30.1,309.784504786638,4.130460063821841,5.736750088641446,True,True,True,0.8459627329192546,0.951552795031056,0.8527950310559006,0.951552795031056,0.8211180124223603,0.9440993788819876,-0.0248447204968943,0.7726708074534161,0.9322981366459628,0.768944099378882,0.929192546583851,0.7409937888198758,0.9254658385093169,-0.0316770186335403,15,True,13358139190,3.068157767070262
4625015031,926.0,275.022,29.7,31.1,526.9879442429271,7.02650592323903,9.759036004498652,True,True,True,0.8459627329192546,0.951552795031056,0.8527950310559006,0.951552795031056,0.8335403726708075,0.948447204968944,-0.0124223602484471,0.7726708074534161,0.9322981366459628,0.768944099378882,0.929192546583851,0.7559006211180124,0.929192546583851,-0.0167701863354037,15,True,257821316,13.352873204510086
4625015032,929.0,172.794,18.6,28.1,636.9700096008687,8.492933461344915,11.795740918534603,True,True,True,0.8459627329192546,0.951552795031056,0.8527950310559006,0.951552795031056,0.8248447204968944,0.9453416149068324,-0.0211180124223602,0.7726708074534161,0.9322981366459628,0.768944099378882,0.929192546583851,0.7434782608695653,0.9254658385093169,-0.0291925465838508,15,True,11595495731,41.35803417384457
4625015033,1317.0,271.302,20.6,24.9,648.4732276232704,8.646309701643608,12.00876347450501,True,True,True,0.8459627329192546,0.951552795031056,0.8527950310559006,0.951552795031056,0.837888198757764,0.9496894409937888,-0.0080745341614906,0.7726708074534161,0.9322981366459628,0.768944099378882,0.929192546583851,0.7627329192546584,0.9298136645962732,-0.0099378881987577,15,True,10222040996,2.8301537270061465
4625015034,1840.0,215.28,11.7,22.1,708.7082269718009,9.449443026290677,13.124226425403718,True,True,True,0.8459627329192546,0.951552795031056,0.8527950310559006,0.951552795031056,0.8428571428571429,0.9503105590062112,-0.0031055900621117,0.7726708074534161,0.9322981366459628,0.768944099378882,0.929192546583851,0.7670807453416149,0.9304347826086956,-0.0055900621118012,15,True,257843688,23.775532862048472
4625015035,1510.0,155.53000000000003,10.3,22.6,730.523439204742,9.740312522729896,13.528211837124852,True,True,True,0.8459627329192546,0.951552795031056,0.8527950310559006,0.951552795031056,0.8347826086956521,0.948447204968944,-0.0111801242236024,0.7726708074534161,0.9322981366459628,0.768944099378882,0.929192546583851,0.7590062111801242,0.9298136645962732,-0.0136645962732918,15,True,8331446292,44.929375772724285
4625015036,1171.0,241.22600000000003,20.6,26.5,714.8394931148714,9.53119324153162,13.23776839101614,True,True,True,0.8459627329192546,0.951552795031056,0.8527950310559006,0.951552795031056,0.8347826086956521,0.9496894409937888,-0.0111801242236024,0.7726708074534161,0.9322981366459628,0.768944099378882,0.929192546583851,0.760248447204969,0.9298136645962732,-0.0124223602484471,15,True,11594615346,37.368016506747054
4625015037,1869.0,291.564,15.6,26.6,381.99847735965767,5.093313031462103,7.0740458770307,True,True,True,0.8459627329192546,0.951552795031056,0.8527950310559006,0.951552795031056,0.8472049689440994,0.9509316770186336,0.0012422360248447,0.7726708074534161,0.9322981366459628,0.768944099378882,0.929192546583851,0.7732919254658385,0.9322981366459628,0.0006211180124223,15,True,2324942879,46.99183084953841
4625015038,2242.0,186.086,8.3,26.0,875.8010546943178,11.677347395924231,16.218538049894768,True,False,False,0.8459627329192546,0.951552795031056,0.8527950310559006,0.951552795031056,0.8440993788819876,0.9503105590062112,-0.001863354037267,0.7726708074534161,0.9322981366459628,0.768944099378882,0.929192546583851,0.7701863354037267,0.931055900621118,-0.0024844720496893,15,False,1935760001,39.97742535158543
4625015039,1294.0,260.094,20.1,27.8,850.5840981685261,11.341121308913682,15.751557373491226,True,False,False,0.8459627329192546,0.951552795031056,0.8527950310559006,0.951552795031056,0.8298136645962733,0.9472049689440992,-0.0161490683229813,0.7726708074534161,0.9322981366459628,0.768944099378882,0.929192546583851,0.7527950310559006,0.9285714285714286,-0.0198757763975154,15,False,252629837,30.882173129254777
4625015040,1525.0,135.725,8.9,25.0,654.9634974782059,8.73284663304275,12.128953657003818,True,True,True,0.8459627329192546,0.951552795031056,0.8527950310559006,0.951552795031056,0.8372670807453416,0.9490683229813665,-0.0086956521739129,0.7726708074534161,0.9322981366459628,0.768944099378882,0.929192546583851,0.762111801242236,0.9298136645962732,-0.0105590062111801,15,True,257821344,39.22465065409354
4625016001,1694.0,372.68,22.0,28.6,755.8518297415798,10.078024396554396,13.997256106325551,True,True,True,0.8459627329192546,0.951552795031056,0.8527950310559006,0.951552795031056,0.824223602484472,0.9453416149068324,-0.0217391304347825,0.7726708074534161,0.9322981366459628,0.768944099378882,0.929192546583851,0.7409937888198758,0.9267080745341616,-0.0316770186335403,16,True,257607922,32.952707034195576
4625016002,1935.0,410.22,21.2,29.7,463.6430114661988,6.18190681954932,8.585981693818498,True,True,True,0.8459627329192546,0.951552795031056,0.8527950310559006,0.951552795031056,0.8198757763975155,0.941614906832298,-0.026086956521739,0.7726708074534161,0.9322981366459628,0.768944099378882,0.929192546583851,0.7360248447204969,0.924223602484472,-0.0366459627329192,16,True,257607903,55.34199099670719
4625016003,1953.0,408.177,20.9,27.1,496.0019918150613,6.613359890867484,9.185222070649282,True,True,True,0.8459627329192546,0.951552795031056,0.8527950310559006,0.951552795031056,0.822360248447205,0.9434782608695652,-0.0236024844720496,0.7726708074534161,0.9322981366459628,0.768944099378882,0.929192546583851,0.739751552795031,0.9248447204968944,-0.032919254658385,16,True,257607924,18.898513895725667
4625016004,844.0,130.82,15.5,35.0,558.8770840437971,7.451694453917296,10.349575630440688,True,True,True,0.8459627329192546,0.951552795031056,0.8527950310559006,0.951552795031056,0.824223602484472,0.9440993788819876,-0.0217391304347825,0.7726708074534161,0.9322981366459628,0.768944099378882,0.929192546583851,0.739751552795031,0.9254658385093169,-0.032919254658385,16,True,1636781029,22.08811830538848
4625016005,1700.0,300.9,17.7,26.2,745.9666102888841,9.946221470518454,13.814196486831186,True,True,True,0.8459627329192546,0.951552795031056,0.8527950310559006,0.951552795031056,0.8248447204968944,0.9465838509316772,-0.0211180124223602,0.7726708074534161,0.9322981366459628,0.768944099378882,0.929192546583851,0.7416149068322981,0.9279503105590062,-0.0310559006211179,16,True,7136290379,26.190759526264536
4625016006,1934.0,404.206,20.9,29.0,517.1279031006977,6.895038708009305,9.576442650012922,True,True,True,0.8459627329192546,0.951552795031056,0.8527950310559006,0.951552795031056,0.8167701863354038,0.9409937888198758,-0.0291925465838508,0.7726708074534161,0.9322981366459628,0.768944099378882,0.929192546583851,0.7354037267080745,0.920496894409938,-0.0372670807453415,16,True,1973252960,40.836324656546765
4625016008,1721.0,263.31300000000005,15.3,27.8,451.7899037993021,6.023865383990694,8.366479699987075,True,True,True,0.8459627329192546,0.951552795031056,0.8527950310559006,0.951552795031056,0.8192546583850931,0.941614906832298,-0.0267080745341614,0.7726708074534161,0.9322981366459628,0.768944099378882,0.929192546583851,0.7354037267080745,0.9229813664596274,-0.0372670807453415,16,True,7020786012,14.568208078222703
4625016009,1333.0,186.62,14.0,26.6,622.5245526227556,8.300327368303408,11.528232455976957,True,True,True,0.8459627329192546,0.951552795031056,0.8527950310559006,0.951552795031056,0.8167701863354038,0.9409937888198758,-0.0291925465838508,0.7726708074534161,0.9322981366459628,0.768944099378882,0.929192546583851,0.7347826086956522,0.9217391304347826,-0.0378881987577639,16,True,257608313,26.821611789089353
4625016010,1090.0,210.37,19.3,29.6,535.6822883773456,7.142430511697941,9.92004237735825,True,True,True,0.8459627329192546,0.951552795031056,0.8527950310559006,0.951552795031056,0.8180124223602484,0.941614906832298,-0.0279503105590062,0.7726708074534161,0.9322981366459628,0.768944099378882,0.929192546583851,0.7354037267080745,0.922360248447205,-0.0372670807453415,16,True,11712294699,18.41431400455182
4625016011,1456.0,269.36,18.5,28.7,331.7287636601212,4.423050182134947,6.143125252965205,True,True,True,0.8459627329192546,0.951552795031056,0.8527950310559006,0.951552795031056,0.8192546583850931,0.941614906832298,-0.0267080745341614,0.7726708074534161,0.9322981366459628,0.768944099378882,0.929192546583851,0.7366459627329193,0.924223602484472,-0.0360248447204968,16,True,257608176,55.40761603285833
4625016012,1004.0,175.7,17.5,23.8,310.0914505850688,4.134552674467584,5.742434270093867,True,True,True,0.8459627329192546,0.951552795031056,0.8527950310559006,0.951552795031056,0.8229813664596274,0.9440993788819876,-0.0229813664596272,0.7726708074534161,0.9322981366459628,0.768944099378882,0.929192546583851,0.739751552795031,0.9248447204968944,-0.032919254658385,16,True,11725757401,15.215408751122247
4625016013,1369.0,279.276,20.4,29.1,500.5034886948732,6.673379849264975,9.268583123979132,True,True,True,0.8459627329192546,0.951552795031056,0.8527950310559006,0.951552795031056,0.824223602484472,0.9459627329192548,-0.0217391304347825,0.7726708074534161,0.9322981366459628,0.768944099378882,0.929192546583851,0.7409937888198758,0.9267080745341616,-0.0316770186335403,16,True,11725757462,35.58240143060145
4625016014,1377.0,337.365,24.5,20.8,554.7549926302979,7.39673323507064,10.273240604264778,True,True,True,0.8459627329192546,0.951552795031056,0.8527950310559006,0.951552795031056,0.824223602484472,0.9465838509316772,-0.0217391304347825,0.7726708074534161,0.9322981366459628,0.768944099378882,0.929192546583851,0.7422360248447205,0.9279503105590062,-0.0304347826086955,16,True,257608046,19.957818914528467
4625016015,1446.0,455.49,31.5,21.9,231.9602892887502,3.0928038571833363,4.295560912754634,True,True,True,0.8459627329192546,0.951552795031056,0.8527950310559006,0.951552795031056,0.8204968944099379,0.9434782608695652,-0.0254658385093167,0.7726708074534161,0.9322981366459628,0.768944099378882,0.929192546583851,0.7385093167701864,0.9248447204968944,-0.0341614906832297,16,True,257607978,34.72296477689559
4625016016,1335.0,435.21,32.6,27.0,240.20989632850163,3.202798617713355,4.448331413490771,True,True,True,0.8459627329192546,0.951552795031056,0.8527950310559006,0.951552795031056,0.8198757763975155,0.9428571428571428,-0.026086956521739,0.7726708074534161,0.9322981366459628,0.768944099378882,0.929192546583851,0.7366459627329193,0.924223602484472,-0.0360248447204968,16,True,10833806130,16.31871068428802
4625016017,1868.0,259.652,13.9,24.5,354.725879747259,4.729678396630121,6.56899777309739,True,True,True,0.8459627329192546,0.951552795031056,0.8527950310559006,0.951552795031056,0.8236024844720496,0.9453416149068324,-0.0223602484472049,0.7726708074534161,0.9322981366459628,0.768944099378882,0.929192546583851,0.7447204968944099,0.9260869565217392,-0.0279503105590062,16,True,1974060027,5.901597447190106
4625016018,898.0,233.48,26.0,24.9,130.59962789357857,1.741328371914381,2.4185116276588627,True,True,True,0.8459627329192546,0.951552795031056,0.8527950310559006,0.951552795031056,0.8217391304347826,0.9453416149068324,-0.0242236024844719,0.7726708074534161,0.9322981366459628,0.768944099378882,0.929192546583851,0.739751552795031,0.9254658385093169,-0.032919254658385,16,True,11763748814,19.079012238585577
4625016019,1816.0,177.96800000000002,9.8,32.7,679.2376017600351,9.056501356800466,12.578474106667311,True,True,True,0.8459627329192546,0.951552795031056,0.8527950310559006,0.951552795031056,0.824223602484472,0.9453416149068324,-0.0217391304347825,0.7726708074534161,0.9322981366459628,0.768944099378882,0.929192546583851,0.7409937888198758,0.9279503105590062,-0.0316770186335403,16,True,2846561649,52.77860762293276
4625016020,1569.0,335.766,21.4,26.8,1056.3924865902338,14.085233154536455,19.56282382574508,True,False,False,0.8459627329192546,0.951552795031056,0.8527950310559006,0.951552795031056,0.8285714285714286,0.9472049689440992,-0.0173913043478259,0.7726708074534161,0.9322981366459628,0.768944099378882,0.929192546583851,0.7453416149068323,0.9285714285714286,-0.0273291925465838,16,False,11725757482,28.81106120955702
4625016021,1331.0,319.44,24.0,24.9,916.044099505755,12.2139213267434,16.963779620476945,True,False,False,0.8459627329192546,0.951552795031056,0.8527950310559006,0.951552795031056,0.8273291925465839,0.9472049689440992,-0.0186335403726707,0.7726708074534161,0.9322981366459628,0.768944099378882,0.929192546583851,0.7459627329192546,0.9285714285714286,-0.0267080745341614,16,False,10184475548,16.07584154390499
4625016022,1058.0,208.426,19.7,29.0,747.6244648886404,9.968326198515204,13.844897497937785,True,True,True,0.8459627329192546,0.951552795031056,0.8527950310559006,0.951552795031056,0.8267080745341615,0.9465838509316772,-0.0192546583850931,0.7726708074534161,0.9322981366459628,0.768944099378882,0.929192546583851,0.746583850931677,0.9285714285714286,-0.026086956521739,16,True,257848766,26.886176834491074
4625016023,2386.0,384.1460000000001,16.1,24.3,2677.173322275835,35.69564429701112,49.57728374584879,False,False,False,0.8459627329192546,0.951552795031056,0.8527950310559006,0.951552795031056,0.8335403726708075,0.9472049689440992,-0.0124223602484471,0.7726708074534161,0.9322981366459628,0.768944099378882,0.929192546583851,0.7546583850931677,0.9298136645962732,-0.0180124223602483,16,False,11889829506,35.71932044330067
4625016024,1393.0,352.42900000000003,25.3,24.3,84.3520116241507,1.1246934883220092,1.562074289336124,True,True,True,0.8459627329192546,0.951552795031056,0.8527950310559006,0.951552795031056,0.8204968944099379,0.9434782608695652,-0.0254658385093167,0.7726708074534161,0.9322981366459628,0.768944099378882,0.929192546583851,0.7391304347826086,0.9248447204968944,-0.0335403726708074,16,True,10833678391,7.092387214398054
4625016025,1245.0,271.41,21.8,28.4,173.654329129525,2.3153910550603327,3.215820909806018,True,True,True,0.8459627329192546,0.951552795031056,0.8527950310559006,0.951552795031056,0.8204968944099379,0.9428571428571428,-0.0254658385093167,0.7726708074534161,0.9322981366459628,0.768944099378882,0.929192546583851,0.737888198757764,0.9248447204968944,-0.034782608695652,16,True,1632907547,44.143177360798816
4625016026,1400.0,362.6,25.9,26.3,310.70280103054097,4.142704013740547,5.753755574639649,True,True,True,0.8459627329192546,0.951552795031056,0.8527950310559006,0.951552795031056,0.824223602484472,0.9459627329192548,-0.0217391304347825,0.7726708074534161,0.9322981366459628,0.768944099378882,0.929192546583851,0.7416149068322981,0.9267080745341616,-0.0310559006211179,16,True,11763748988,37.91489791948805
4625016027,1319.0,357.449,27.1,34.4,420.0729270579177,5.600972360772236,7.779128278850327,True,True,True,0.8459627329192546,0.951552795031056,0.8527950310559006,0.951552795031056,0.8217391304347826,0.9409937888198758,-0.0242236024844719,0.7726708074534161,0.9322981366459628,0.768944099378882,0.929192546583851,0.7366459627329193,0.9248447204968944,-0.0360248447204968,16,True,6768929347,27.912727005184326
4625016028,1390.0,351.67,25.3,28.2,604.0246449166144,8.053661932221527,11.1856415725299,True,True,True,0.8459627329192546,0.951552795031056,0.8527950310559006,0.951552795031056,0.8229813664596274,0.9428571428571428,-0.0229813664596272,0.7726708074534161,0.9322981366459628,0.768944099378882,0.929192546583851,0.7385093167701864,0.9248447204968944,-0.0341614906832297,16,True,11820033507,29.223652862271575
4625016029,1847.0,90.503,4.9,21.9,337.8713298336575,4.504951064448767,6.2568764784010655,True,True,True,0.8459627329192546,0.951552795031056,0.8527950310559006,0.951552795031056,0.8217391304347826,0.9459627329192548,-0.0242236024844719,0.7726708074534161,0.9322981366459628,0.768944099378882,0.929192546583851,0.7428571428571429,0.9260869565217392,-0.0298136645962732,16,True,257608354,10.79964644070204
4625016030,1980.0,209.88,10.6,23.7,374.46042967081553,4.992805728944207,6.934452401311399,True,True,True,0.8459627329192546,0.951552795031056,0.8527950310559006,0.951552795031056,0.8204968944099379,0.9453416149068324,-0.0254658385093167,0.7726708074534161,0.9322981366459628,0.768944099378882,0.929192546583851,0.7409937888198758,0.9260869565217392,-0.0316770186335403,16,True,11756849255,49.241862145649236
4625016031,1537.0,325.844,21.2,31.9,358.06802930307003,4.7742403907076,6.630889431538334,True,True,True,0.8459627329192546,0.951552795031056,0.8527950310559006,0.951552795031056,0.8198757763975155,0.941614906832298,-0.026086956521739,0.7726708074534161,0.9322981366459628,0.768944099378882,0.929192546583851,0.7360248447204969,0.9248447204968944,-0.0366459627329192,16,True,1636773426,15.79264715784461
4625016032,2679.0,176.81399999999996,6.6,29.3,695.5243759304019,9.273658345738692,12.880081035748184,True,True,True,0.8459627329192546,0.951552795031056,0.8527950310559006,0.951552795031056,0.8260869565217391,0.9465838509316772,-0.0198757763975154,0.7726708074534161,0.9322981366459628,0.768944099378882,0.929192546583851,0.7459627329192546,0.9279503105590062,-0.0267080745341614,16,True,5363843835,4.78556434398053
4625016033,1819.0,143.701,7.9,29.4,946.6541316360308,12.622055088480414,17.530632067333908,True,False,False,0.8459627329192546,0.951552795031056,0.8527950310559006,0.951552795031056,0.8285714285714286,0.9472049689440992,-0.0173913043478259,0.7726708074534161,0.9322981366459628,0.768944099378882,0.929192546583851,0.7490683229813665,0.9285714285714286,-0.0236024844720496,16,False,11892512661,29.90055101701575
4625017001,1437.0,326.199,22.7,32.3,1794.7808350828582,23.930411134438103,33.23668213116404,False,False,False,0.8459627329192546,0.951552795031056,0.8527950310559006,0.951552795031056,0.8503105590062112,0.9527950310559006,0.0043478260869566,0.7726708074534161,0.9322981366459628,0.768944099378882,0.929192546583851,0.7869565217391304,0.9341614906832298,0.0142857142857143,17,False,8276441830,61.21491986835329
4625017002,691.0,134.054,19.4,26.2,2144.6822953407286,28.59576393787638,39.71633880260608,False,False,False,0.8459627329192546,0.951552795031056,0.8527950310559006,0.951552795031056,0.8347826086956521,0.9490683229813665,-0.0111801242236024,0.7726708074534161,0.9322981366459628,0.768944099378882,0.929192546583851,0.7571428571428571,0.9298136645962732,-0.0155279503105589,17,False,781443256,34.115361673301
4625017003,1206.0,328.032,27.2,27.6,1479.9836231579611,19.73311497543948,27.40710413255483,False,False,False,0.8459627329192546,0.951552795031056,0.8527950310559006,0.951552795031056,0.8391304347826087,0.9496894409937888,-0.0068322981366458,0.7726708074534161,0.9322981366459628,0.768944099378882,0.929192546583851,0.7639751552795031,0.9304347826086956,-0.0086956521739129,17,False,6802610908,26.026884805509418
4625017006,2569.0,357.091,13.9,22.1,2686.4025720447758,35.818700960597,49.74819577860694,False,False,False,0.8459627329192546,0.951552795031056,0.8527950310559006,0.951552795031056,0.8453416149068324,0.9509316770186336,-0.0006211180124222,0.7726708074534161,0.9322981366459628,0.768944099378882,0.929192546583851,0.7701863354037267,0.9322981366459628,-0.0024844720496893,17,False,641913835,65.90417391292482
4625017007,739.0,175.143,23.7,29.0,3279.719141567125,43.72958855422835,60.73553965865048,False,False,False,0.8459627329192546,0.951552795031056,0.8527950310559006,0.951552795031056,0.8366459627329192,0.9490683229813665,-0.0093167701863353,0.7726708074534161,0.9322981366459628,0.768944099378882,0.929192546583851,0.7608695652173914,0.9304347826086956,-0.0118012422360247,17,False,11937056057,35.307062865447485
4625018001,1520.0,320.72,21.1,24.9,197.4522271326973,2.632696361769297,3.6565227246795775,True,True,True,0.8459627329192546,0.951552795031056,0.8527950310559006,0.951552795031056,0.8354037267080745,0.9478260869565216,-0.0105590062111801,0.7726708074534161,0.9322981366459628,0.768944099378882,0.929192546583851,0.7521739130434782,0.9298136645962732,-0.0204968944099378,18,True,343507067,18.273063954801984
4625018002,1071.0,220.62600000000003,20.6,28.0,262.8514939135413,3.5046865855138845,4.867620257658173,True,True,True,0.8459627329192546,0.951552795031056,0.8527950310559006,0.951552795031056,0.8354037267080745,0.9478260869565216,-0.0105590062111801,0.7726708074534161,0.9322981366459628,0.768944099378882,0.929192546583851,0.7521739130434782,0.9298136645962732,-0.0204968944099378,18,True,343505893,12.774124487390399
4625018003,1005.0,256.275,25.5,22.1,751.3018407306597,10.017357876408797,13.912997050567771,True,True,True,0.8459627329192546,0.951552795031056,0.8527950310559006,0.951552795031056,0.8366459627329192,0.948447204968944,-0.0093167701863353,0.7726708074534161,0.9322981366459628,0.768944099378882,0.929192546583851,0.7540372670807454,0.9298136645962732,-0.0186335403726707,18,True,571522822,74.6208104181165
4625018004,2391.0,466.245,19.5,26.0,2029.2632134275664,27.05684284570089,37.5789483968068,False,False,False,0.8459627329192546,0.951552795031056,0.8527950310559006,0.951552795031056,0.8316770186335404,0.9472049689440992,-0.0142857142857142,0.7726708074534161,0.9322981366459628,0.768944099378882,0.929192546583851,0.7496894409937889,0.9285714285714286,-0.0229813664596272,18,False,115577973,56.24484198905887
4625018005,1255.0,248.49,19.8,31.7,534.1415549298058,7.121887399064076,9.891510276477884,True,True,True,0.8459627329192546,0.951552795031056,0.8527950310559006,0.951552795031056,0.8354037267080745,0.9478260869565216,-0.0105590062111801,0.7726708074534161,0.9322981366459628,0.768944099378882,0.929192546583851,0.7521739130434782,0.9298136645962732,-0.0204968944099378,18,True,7246577342,23.120664446860264
4625018006,1451.0,281.494,19.4,28.9,581.3275534856532,7.751034046475376,10.765325064549131,True,True,True,0.8459627329192546,0.951552795031056,0.8527950310559006,0.951552795031056,0.8360248447204969,0.9478260869565216,-0.0099378881987577,0.7726708074534161,0.9322981366459628,0.768944099378882,0.929192546583851,0.7521739130434782,0.9298136645962732,-0.0204968944099378,18,True,571522865,29.89454356906789
4625018007,1764.0,252.252,14.3,31.4,1257.4727221505775,16.766302962007693,23.286531891677352,False,False,False,0.8459627329192546,0.951552795031056,0.8527950310559006,0.951552795031056,0.8366459627329192,0.948447204968944,-0.0093167701863353,0.7726708074534161,0.9322981366459628,0.768944099378882,0.929192546583851,0.7552795031055901,0.9298136645962732,-0.0173913043478259,18,False,5900603036,14.330434248790613
4625018008,1971.0,374.49,19.0,27.6,440.082017142599,5.867760228567989,8.149666984122208,True,True,True,0.8459627329192546,0.951552795031056,0.8527950310559006,0.951552795031056,0.8354037267080745,0.9478260869565216,-0.0105590062111801,0.7726708074534161,0.9322981366459628,0.768944099378882,0.929192546583851,0.7527950310559006,0.9298136645962732,-0.0198757763975154,18,True,12641739652,57.23235523522864
4625018009,1610.0,333.27,20.7,25.5,588.4362108365146,7.845816144486861,10.89696686734286,True,True,True,0.8459627329192546,0.951552795031056,0.8527950310559006,0.951552795031056,0.8366459627329192,0.9478260869565216,-0.0093167701863353,0.7726708074534161,0.9322981366459628,0.768944099378882,0.929192546583851,0.7540372670807454,0.9298136645962732,-0.0186335403726707,18,True,571522869,60.11887655382892
4625018010,1039.0,187.02,18.0,25.1,81.95550594090466,1.0927400792120625,1.5176945544611975,True,True,True,0.8459627329192546,0.951552795031056,0.8527950310559006,0.951552795031056,0.8354037267080745,0.9478260869565216,-0.0105590062111801,0.7726708074534161,0.9322981366459628,0.768944099378882,0.929192546583851,0.7521739130434782,0.9298136645962732,-0.0204968944099378,18,True,11811382011,16.027115192356312
4625019001,1356.0,283.404,20.9,26.4,1442.7243664339985,19.236324885786647,26.7171178969259,False,False,False,0.8459627329192546,0.951552795031056,0.8527950310559006,0.951552795031056,0.8583850931677018,0.9565217391304348,0.0124223602484472,0.7726708074534161,0.9322981366459628,0.768944099378882,0.929192546583851,0.7987577639751553,0.9372670807453416,0.0260869565217392,19,False,14055952014,49.65701203760051
4625019002,717.0,184.986,25.8,29.7,1002.2503400644222,13.363337867525628,18.560191482674487,True,False,False,0.8459627329192546,0.951552795031056,0.8527950310559006,0.951552795031056,0.8658385093167702,0.9596273291925466,0.0198757763975155,0.7726708074534161,0.9322981366459628,0.768944099378882,0.929192546583851,0.8055900621118013,0.9434782608695652,0.0329192546583851,19,False,12305894085,20.532515442582113
4625019003,1686.0,347.31600000000003,20.6,26.2,545.5704356497188,7.274272475329583,10.103156215735533,True,True,True,0.8459627329192546,0.951552795031056,0.8527950310559006,0.951552795031056,0.8658385093167702,0.9583850931677018,0.0198757763975155,0.7726708074534161,0.9322981366459628,0.768944099378882,0.929192546583851,0.8031055900621118,0.9409937888198758,0.0304347826086957,19,True,12305981257,15.122939770576581
4625019004,1189.0,278.226,23.4,26.8,50.35916992691132,0.6714555990254841,0.932577220868728,True,True,True,0.8459627329192546,0.951552795031056,0.8527950310559006,0.951552795031056,0.867080745341615,0.9596273291925466,0.0211180124223603,0.7726708074534161,0.9322981366459628,0.768944099378882,0.929192546583851,0.8068322981366459,0.9434782608695652,0.0341614906832298,19,True,14068108738,13.996357120011238
4625019005,2224.0,502.624,22.6,22.5,1799.6954772715758,23.99593969695434,33.32769402354769,False,False,False,0.8459627329192546,0.951552795031056,0.8527950310559006,0.951552795031056,0.8695652173913043,0.9602484472049688,0.0236024844720497,0.7726708074534161,0.9322981366459628,0.768944099378882,0.929192546583851,0.8080745341614907,0.9440993788819876,0.0354037267080745,19,False,12312642925,46.45369152463441
4625019006,1801.0,405.225,22.5,27.8,2602.854835544721,34.70473114059627,48.20101547305037,False,False,False,0.8459627329192546,0.951552795031056,0.8527950310559006,0.951552795031056,0.8695652173913043,0.9608695652173912,0.0236024844720497,0.7726708074534161,0.9322981366459628,0.768944099378882,0.929192546583851,0.8136645962732919,0.9453416149068324,0.0409937888198758,19,False,13384188169,29.97921137683095
4625019007,765.0,212.67,27.8,32.0,3943.092776062956,52.57457034750608,73.02023659375844,False,False,False,0.8459627329192546,0.951552795031056,0.8527950310559006,0.951552795031056,0.8658385093167702,0.9590062111801242,0.0198757763975155,0.7726708074534161,0.9322981366459628,0.768944099378882,0.929192546583851,0.8062111801242235,0.941614906832298,0.0335403726708074,19,False,429652573,277.60377825407295
4625019008,1986.0,395.214,19.9,38.0,19735.43818579022,263.1391758105364,365.4710775146338,False,False,False,0.8459627329192546,0.951552795031056,0.8527950310559006,0.951552795031056,0.8565217391304348,0.9565217391304348,0.0105590062111802,0.7726708074534161,0.9322981366459628,0.768944099378882,0.929192546583851,0.7968944099378882,0.9366459627329192,0.024223602484472,19,False,2260264555,1901.7556104330142
4625019009,750.0,216.75,28.9,26.0,15202.784050867647,202.703787344902,281.53303797903044,False,False,False,0.8459627329192546,0.951552795031056,0.8527950310559006,0.951552795031056,0.8559006211180125,0.9565217391304348,0.0099378881987578,0.7726708074534161,0.9322981366459628,0.768944099378882,0.929192546583851,0.7962732919254658,0.9366459627329192,0.0236024844720497,19,False,2189839962,25.792154835487842
4625019011,1039.0,171.435,16.5,29.7,1183.7305622387053,15.783074163182745,21.92093633775381,False,False,False,0.8459627329192546,0.951552795031056,0.8527950310559006,0.951552795031056,0.8527950310559006,0.9546583850931676,0.0068322981366459,0.7726708074534161,0.9322981366459628,0.768944099378882,0.929192546583851,0.7857142857142857,0.9347826086956522,0.0130434782608696,19,False,12334034740,30.436000340043506
4625019012,2552.0,273.064,10.7,37.4,2670.614059759801,35.60818746346402,49.45581592147781,False,False,False,0.8459627329192546,0.951552795031056,0.8527950310559006,0.951552795031056,0.8459627329192546,0.951552795031056,0.0,0.7726708074534161,0.9322981366459628,0.768944099378882,0.929192546583851,0.7714285714285715,0.9322981366459628,-0.0012422360248446,19,False,3081366489,83.78497455941694
4625019013,1633.0,365.792,22.4,27.5,1119.3886343386623,14.925181791182167,20.72941915441968,True,False,False,0.8459627329192546,0.951552795031056,0.8527950310559006,0.951552795031056,0.8540372670807453,0.9546583850931676,0.0080745341614907,0.7726708074534161,0.9322981366459628,0.768944099378882,0.929192546583851,0.7863354037267081,0.9347826086956522,0.0136645962732919,19,False,7045108748,26.976127513484737
4625019014,1573.0,424.71,27.0,27.3,956.9363474191456,12.759151298921944,17.721043470724922,True,False,False,0.8459627329192546,0.951552795031056,0.8527950310559006,0.951552795031056,0.8540372670807453,0.9546583850931676,0.0080745341614907,0.7726708074534161,0.9322981366459628,0.768944099378882,0.929192546583851,0.7869565217391304,0.9354037267080744,0.0142857142857143,19,False,9280655867,31.22160811073481
4625019015,1033.0,279.94300000000004,27.1,25.6,584.5831069168912,7.794441425558549,10.825613091053542,True,True,True,0.8459627329192546,0.951552795031056,0.8527950310559006,0.951552795031056,0.8695652173913043,0.9608695652173912,0.0236024844720497,0.7726708074534161,0.9322981366459628,0.768944099378882,0.929192546583851,0.8099378881987578,0.9440993788819876,0.0372670807453416,19,True,14067071128,22.87116355461023
4625019016,1507.0,313.456,20.8,45.4,16303.97699444549,217.38635992593987,301.9254998971388,False,False,False,0.8459627329192546,0.951552795031056,0.8527950310559006,0.951552795031056,0.8559006211180125,0.9565217391304348,0.0099378881987578,0.7726708074534161,0.9322981366459628,0.768944099378882,0.929192546583851,0.7968944099378882,0.9366459627329192,0.024223602484472,19,False,2200123448,175.10024461098035
