CUSEC,CUMUN,CSEC,CDIS,CMUN,CPRO,CCA,CUDIS,CLAU2,NPRO,NCA,CNUT0,CNUT1,CNUT2,CNUT3,NMUN,Shape_Leng,Shape_Area,Edad media de la población,Población,Porcentaje de hogares unipersonales,Porcentaje de población de 65 y más años,Porcentaje de población española,Porcentaje de población menor de 18 años,Tamaño medio del hogar,poblacion,pct_65,pob_65,origin_node,origin_snap_m
2807901001,28079,001,01,079,28,13,2807901,28079,Madrid,Comunidad de Madrid,ES,3,0,0,Madrid,3988.55165345,657933.138285,47.1,1135.0,43.2,23.5,78.0,8.4,2.1,1135.0,23.5,266.725,255881090,57.3478911618255
2807901002,28079,002,01,079,28,13,2807901,28079,Madrid,Comunidad de Madrid,ES,3,0,0,Madrid,913.694020802,27447.3049742,42.7,906.0,51.1,14.7,72.1,6.7,1.9,906.0,14.7,133.182,5308201467,36.59624857440831
2807901003,28079,003,01,079,28,13,2807901,28079,Madrid,Comunidad de Madrid,ES,3,0,0,Madrid,1827.86431435,74334.9504027,43.8,1854.0,49.2,17.1,67.3,7.2,2.0,1854.0,17.1,317.034,5308237825,8.650155446607277
2807901004,28079,004,01,079,28,13,2807901,28079,Madrid,Comunidad de Madrid,ES,3,0,0,Madrid,1042.18919598,50318.3134336,46.9,1252.0,45.0,23.5,81.6,7.9,2.0,1252.0,23.5,294.22,11678526184,52.32661808434207
2807901006,28079,006,01,079,28,13,2807901,28079,Madrid,Comunidad de Madrid,ES,3,0,0,Madrid,1269.13991893,49225.1061563,46.9,1702.0,47.8,21.2,79.0,6.4,1.9,1702.0,21.2,360.824,26213219,9.590570267794634
2807901007,28079,007,01,079,28,13,2807901,28079,Madrid,Comunidad de Madrid,ES,3,0,0,Madrid,805.624182323,21545.2806127,46.4,845.0,47.2,21.7,80.6,8.2,1.9,845.0,21.7,183.365,26213575,30.440863194722088
2807901008,28079,008,01,079,28,13,2807901,28079,Madrid,Comunidad de Madrid,ES,3,0,0,Madrid,763.958935044,27674.4425301,47.9,785.0,46.8,23.8,78.3,7.5,1.9,785.0,23.8,186.83,9077087092,16.672627315305622
2807901009,28079,009,01,079,28,13,2807901,28079,Madrid,Comunidad de Madrid,ES,3,0,0,Madrid,1443.83483182,69407.9134209,45.3,1392.0,44.9,20.0,79.5,9.6,1.9,1392.0,20.0,278.4,3835579694,20.242603737473807
2807901011,28079,011,01,079,28,13,2807901,28079,Madrid,Comunidad de Madrid,ES,3,0,0,Madrid,996.172808649,46918.6718488,45.3,1108.0,45.6,18.8,77.9,7.7,2.0,1108.0,18.8,208.304,26213248,38.1159568989098
2807901012,28079,012,01,079,28,13,2807901,28079,Madrid,Comunidad de Madrid,ES,3,0,0,Madrid,817.921359052,24837.3082099,43.6,780.0,45.8,16.7,73.7,6.2,2.1,780.0,16.7,130.26,26480871,44.3269937701513
2807901013,28079,013,01,079,28,13,2807901,28079,Madrid,Comunidad de Madrid,ES,3,0,0,Madrid,915.860008849,32208.4538461,42.8,1202.0,51.4,14.1,75.3,7.9,1.9,1202.0,14.1,169.482,26472361,25.561791113950655
2807901014,28079,014,01,079,28,13,2807901,28079,Madrid,Comunidad de Madrid,ES,3,0,0,Madrid,735.933314625,28217.4774042,44.2,1400.0,45.1,17.5,82.1,9.5,2.0,1400.0,17.5,245.0,26472366,15.39053217141435
2807901015,28079,015,01,079,28,13,2807901,28079,Madrid,Comunidad de Madrid,ES,3,0,0,Madrid,1189.97351671,43100.1775212,45.6,1441.0,44.7,19.6,80.3,8.3,2.0,1441.0,19.6,282.43600000000004,12430425469,17.445692325462836
2807901016,28079,016,01,079,28,13,2807901,28079,Madrid,Comunidad de Madrid,ES,3,0,0,Madrid,803.458884505,25367.2077178,44.4,1122.0,42.2,16.5,78.8,8.8,2.0,1122.0,16.5,185.13,12311890966,24.80890274180657
2807901018,28079,018,01,079,28,13,2807901,28079,Madrid,Comunidad de Madrid,ES,3,0,0,Madrid,1670.07344642,145928.253381,48.1,1717.0,49.1,24.2,85.3,7.9,1.9,1717.0,24.2,415.514,8291670193,37.59306424943415
2807901019,28079,019,01,079,28,13,2807901,28079,Madrid,Comunidad de Madrid,ES,3,0,0,Madrid,1301.53838019,41009.82798,46.3,1320.0,44.4,20.1,83.9,6.8,1.9,1320.0,20.1,265.32000000000005,4437824303,32.38973989962273
2807901020,28079,020,01,079,28,13,2807901,28079,Madrid,Comunidad de Madrid,ES,3,0,0,Madrid,953.681818931,35018.680381,45.3,1249.0,46.3,19.6,81.8,9.2,2.0,1249.0,19.6,244.804,3907316613,1.2194517610843552
2807901021,28079,021,01,079,28,13,2807901,28079,Madrid,Comunidad de Madrid,ES,3,0,0,Madrid,1005.17611939,53528.0988598,47.0,1745.0,44.9,21.0,85.0,7.0,2.0,1745.0,21.0,366.45,319483033,7.089342929162722
2807901022,28079,022,01,079,28,13,2807901,28079,Madrid,Comunidad de Madrid,ES,3,0,0,Madrid,902.179796863,45295.1567271,44.2,1255.0,48.7,17.1,77.5,10.0,1.9,1255.0,17.1,214.605,3907973173,10.680169176914466
2807901023,28079,023,01,079,28,13,2807901,28079,Madrid,Comunidad de Madrid,ES,3,0,0,Madrid,695.459068745,22895.5473786,42.3,1448.0,48.0,13.4,69.9,8.8,2.0,1448.0,13.4,194.032,21990698,38.78406221249163
2807901024,28079,024,01,079,28,13,2807901,28079,Madrid,Comunidad de Madrid,ES,3,0,0,Madrid,573.438512037,20979.7750857,42.8,1195.0,51.6,13.4,74.9,6.0,1.8,1195.0,13.4,160.13,21990657,33.71001536372553
2807901025,28079,025,01,079,28,13,2807901,28079,Madrid,Comunidad de Madrid,ES,3,0,0,Madrid,1190.35728639,41283.1449475,42.9,1047.0,41.9,14.6,73.4,9.4,2.2,1047.0,14.6,152.862,21951277,87.29151399878415
2807901026,28079,026,01,079,28,13,2807901,28079,Madrid,Comunidad de Madrid,ES,3,0,0,Madrid,981.998412604,50134.5880977,43.6,1444.0,45.7,16.2,70.8,7.8,2.0,1444.0,16.2,233.928,347617892,19.33001887968676
2807901027,28079,027,01,079,28,13,2807901,28079,Madrid,Comunidad de Madrid,ES,3,0,0,Madrid,889.954984749,33942.8588964,43.2,1174.0,48.7,13.9,72.5,7.5,1.9,1174.0,13.9,163.186,26341187,63.4472219284158
2807901028,28079,028,01,079,28,13,2807901,28079,Madrid,Comunidad de Madrid,ES,3,0,0,Madrid,953.274228447,34858.9072857,43.2,1310.0,44.6,13.2,71.3,7.8,2.0,1310.0,13.2,172.92,21947163,29.76975612484496
2807901029,28079,029,01,079,28,13,2807901,28079,Madrid,Comunidad de Madrid,ES,3,0,0,Madrid,663.100309053,22492.2496419,42.3,1360.0,42.1,14.3,72.1,9.1,2.1,1360.0,14.3,194.48,390826857,51.9061306833993
2807901030,28079,030,01,079,28,13,2807901,28079,Madrid,Comunidad de Madrid,ES,3,0,0,Madrid,744.974366664,17862.6757092,42.7,1013.0,47.8,13.6,71.3,9.5,2.1,1013.0,13.6,137.768,21943997,19.390851411487294
2807901031,28079,031,01,079,28,13,2807901,28079,Madrid,Comunidad de Madrid,ES,3,0,0,Madrid,903.515222253,27229.3754207,42.5,1138.0,46.9,13.4,73.6,9.8,2.0,1138.0,13.4,152.49200000000002,1776967747,13.120236798637427
2807901032,28079,032,01,079,28,13,2807901,28079,Madrid,Comunidad de Madrid,ES,3,0,0,Madrid,1117.54299553,57142.4264472,41.7,2130.0,44.1,12.4,78.9,10.1,2.1,2130.0,12.4,264.12,21990665,28.6561537233705
2807901033,28079,033,01,079,28,13,2807901,28079,Madrid,Comunidad de Madrid,ES,3,0,0,Madrid,814.41293649,18123.7588347,43.1,1234.0,50.6,12.7,68.9,6.7,1.9,1234.0,12.7,156.718,3801862434,26.79424611232417
2807901034,28079,034,01,079,28,13,2807901,28079,Madrid,Comunidad de Madrid,ES,3,0,0,Madrid,811.689761236,22904.5256918,40.0,1541.0,48.3,9.4,58.6,9.9,2.1,1541.0,9.4,144.854,21943623,36.28499478297537
2807901035,28079,035,01,079,28,13,2807901,28079,Madrid,Comunidad de Madrid,ES,3,0,0,Madrid,878.540864269,30108.0597979,43.2,1416.0,45.2,16.6,73.5,10.5,2.1,1416.0,16.6,235.056,13168551277,32.833667519919885
2807901036,28079,036,01,079,28,13,2807901,28079,Madrid,Comunidad de Madrid,ES,3,0,0,Madrid,598.877114602,16691.1778906,41.3,1209.0,47.9,10.9,69.6,8.4,2.0,1209.0,10.9,131.781,21943860,9.144388608777962
2807901037,28079,037,01,079,28,13,2807901,28079,Madrid,Comunidad de Madrid,ES,3,0,0,Madrid,549.491607057,15968.814103,43.1,1072.0,49.3,14.2,74.5,10.2,2.0,1072.0,14.2,152.224,21990676,41.932490143340196
2807901038,28079,038,01,079,28,13,2807901,28079,Madrid,Comunidad de Madrid,ES,3,0,0,Madrid,541.252604991,13558.8812524,40.2,1269.0,49.5,10.9,64.9,11.4,2.1,1269.0,10.9,138.321,14038383018,31.375777016602186
2807901039,28079,039,01,079,28,13,2807901,28079,Madrid,Comunidad de Madrid,ES,3,0,0,Madrid,1447.70295009,84881.4602983,42.2,1039.0,47.4,13.9,71.3,9.1,2.0,1039.0,13.9,144.421,14038383053,41.51761142290453
2807901040,28079,040,01,079,28,13,2807901,28079,Madrid,Comunidad de Madrid,ES,3,0,0,Madrid,493.386506844,13453.3053697,41.3,827.0,44.8,12.3,71.3,11.1,2.1,827.0,12.3,101.721,14038377632,56.70791738810307
2807901041,28079,041,01,079,28,13,2807901,28079,Madrid,Comunidad de Madrid,ES,3,0,0,Madrid,821.420508671,18436.0515272,41.6,983.0,45.0,13.0,67.8,8.2,2.0,983.0,13.0,127.79,14037595845,32.75990126277863
2807901042,28079,042,01,079,28,13,2807901,28079,Madrid,Comunidad de Madrid,ES,3,0,0,Madrid,607.31625414,16616.2924247,43.0,1010.0,49.8,15.2,71.1,7.5,2.0,1010.0,15.2,153.52,21941530,35.675484929912635
2807901043,28079,043,01,079,28,13,2807901,28079,Madrid,Comunidad de Madrid,ES,3,0,0,Madrid,567.861740529,14494.1187466,40.9,1169.0,47.3,10.7,61.9,10.7,2.0,1169.0,10.7,125.083,21947312,39.35907482732184
2807901045,28079,045,01,079,28,13,2807901,28079,Madrid,Comunidad de Madrid,ES,3,0,0,Madrid,821.4593811,27222.5018789,42.6,1308.0,48.0,14.1,68.7,7.6,1.9,1308.0,14.1,184.428,21947541,16.207379470884444
2807901046,28079,046,01,079,28,13,2807901,28079,Madrid,Comunidad de Madrid,ES,3,0,0,Madrid,678.706162443,22826.4923253,44.3,1492.0,48.9,17.4,70.8,8.5,2.0,1492.0,17.4,259.608,26310499,14.49199293524159
2807901047,28079,047,01,079,28,13,2807901,28079,Madrid,Comunidad de Madrid,ES,3,0,0,Madrid,864.702402634,30656.1593892,40.5,2200.0,47.9,9.9,63.9,10.4,2.0,2200.0,9.9,217.8,622204637,28.57405759239607
2807901048,28079,048,01,079,28,13,2807901,28079,Madrid,Comunidad de Madrid,ES,3,0,0,Madrid,513.361998294,15296.6270163,41.9,1189.0,49.0,13.2,69.6,9.5,2.1,1189.0,13.2,156.94799999999998,21941787,60.420200492805066
2807901049,28079,049,01,079,28,13,2807901,28079,Madrid,Comunidad de Madrid,ES,3,0,0,Madrid,559.680020993,14609.2672685,41.5,1280.0,50.9,12.4,63.5,8.0,1.9,1280.0,12.4,158.72,26310538,6.144448501577589
2807901050,28079,050,01,079,28,13,2807901,28079,Madrid,Comunidad de Madrid,ES,3,0,0,Madrid,805.777773373,19208.4075174,42.0,1341.0,48.7,12.3,65.6,8.4,2.0,1341.0,12.3,164.94299999999998,26493398,13.985414327057526
2807901051,28079,051,01,079,28,13,2807901,28079,Madrid,Comunidad de Madrid,ES,3,0,0,Madrid,602.860974742,16109.7336621,41.7,1430.0,51.8,10.9,61.6,8.3,1.9,1430.0,10.9,155.87,26310534,11.522250865349312
2807901053,28079,053,01,079,28,13,2807901,28079,Madrid,Comunidad de Madrid,ES,3,0,0,Madrid,899.119975677,49446.061086,43.7,1331.0,49.7,14.8,70.2,6.6,1.9,1331.0,14.8,196.988,14046217947,97.65620508374941
2807901054,28079,054,01,079,28,13,2807901,28079,Madrid,Comunidad de Madrid,ES,3,0,0,Madrid,564.724842468,15592.1038788,42.7,864.0,49.7,13.9,70.0,7.4,2.0,864.0,13.9,120.096,1619574687,49.172127388223856
2807901055,28079,055,01,079,28,13,2807901,28079,Madrid,Comunidad de Madrid,ES,3,0,0,Madrid,688.287874404,16603.2246567,45.0,1051.0,44.4,17.9,80.5,9.1,1.9,1051.0,17.9,188.129,12770906061,16.668043305606368
2807901056,28079,056,01,079,28,13,2807901,28079,Madrid,Comunidad de Madrid,ES,3,0,0,Madrid,560.391436145,18257.1287139,47.2,893.0,46.3,22.7,85.1,9.2,2.0,893.0,22.7,202.71099999999998,14037595853,69.30819072402588
2807901057,28079,057,01,079,28,13,2807901,28079,Madrid,Comunidad de Madrid,ES,3,0,0,Madrid,1155.69956502,61918.5096389,48.7,1411.0,48.5,27.9,83.5,8.1,1.9,1411.0,27.9,393.66900000000004,14038377602,52.21568346874707
2807901058,28079,058,01,079,28,13,2807901,28079,Madrid,Comunidad de Madrid,ES,3,0,0,Madrid,941.862243611,43465.7007062,45.2,710.0,39.1,20.3,78.2,8.9,2.1,710.0,20.3,144.13,6407761754,24.57153873637934
2807901059,28079,059,01,079,28,13,2807901,28079,Madrid,Comunidad de Madrid,ES,3,0,0,Madrid,923.120645067,35533.0751757,44.3,1554.0,48.5,18.3,73.4,6.8,2.0,1554.0,18.3,284.382,14046217928,6.46888579110754
2807901061,28079,061,01,079,28,13,2807901,28079,Madrid,Comunidad de Madrid,ES,3,0,0,Madrid,721.957590717,17993.0843964,43.3,837.0,45.2,18.0,75.4,10.3,2.0,837.0,18.0,150.66,26487804,34.402727857462665
2807901062,28079,062,01,079,28,13,2807901,28079,Madrid,Comunidad de Madrid,ES,3,0,0,Madrid,1079.13025491,43253.3796939,46.6,950.0,51.2,21.2,75.9,6.1,1.8,950.0,21.2,201.4,12098493573,9.056905656521584
2807901063,28079,063,01,079,28,13,2807901,28079,Madrid,Comunidad de Madrid,ES,3,0,0,Madrid,744.885041843,25603.4309408,44.9,754.0,46.5,17.4,73.1,6.8,2.0,754.0,17.4,131.196,26487782,45.3667181942806
2807901064,28079,064,01,079,28,13,2807901,28079,Madrid,Comunidad de Madrid,ES,3,0,0,Madrid,936.475773563,40536.7275444,45.6,810.0,49.1,18.4,74.7,6.7,1.9,810.0,18.4,149.04,167302531,32.73149681174184
2807901065,28079,065,01,079,28,13,2807901,28079,Madrid,Comunidad de Madrid,ES,3,0,0,Madrid,617.014769721,20342.0113215,45.0,755.0,45.5,17.6,74.3,7.0,1.9,755.0,17.6,132.88000000000002,26310541,7.096865553756377
2807901066,28079,066,01,079,28,13,2807901,28079,Madrid,Comunidad de Madrid,ES,3,0,0,Madrid,791.804944301,33821.2952299,44.4,1262.0,49.3,17.0,69.1,5.8,1.9,1262.0,17.0,214.54,26310563,14.073011619838258
2807901067,28079,067,01,079,28,13,2807901,28079,Madrid,Comunidad de Madrid,ES,3,0,0,Madrid,1113.46539156,41260.3686633,43.8,1210.0,45.0,16.0,68.1,7.1,2.0,1210.0,16.0,193.6,26310454,51.950463061102
2807901068,28079,068,01,079,28,13,2807901,28079,Madrid,Comunidad de Madrid,ES,3,0,0,Madrid,1123.6438826,32597.5216684,45.3,806.0,47.1,20.1,71.2,7.2,2.0,806.0,20.1,162.006,21968370,26.484462293259842
2807901069,28079,069,01,079,28,13,2807901,28079,Madrid,Comunidad de Madrid,ES,3,0,0,Madrid,925.751313576,40804.21808,41.0,967.0,52.5,10.9,62.1,5.5,1.9,967.0,10.9,105.403,21734304,42.06403460019937
2807901071,28079,071,01,079,28,13,2807901,28079,Madrid,Comunidad de Madrid,ES,3,0,0,Madrid,958.466018076,57869.9085829,46.8,743.0,44.7,22.6,79.0,7.9,2.0,743.0,22.6,167.918,11687665737,10.676455571796048
2807901072,28079,072,01,079,28,13,2807901,28079,Madrid,Comunidad de Madrid,ES,3,0,0,Madrid,2489.50402531,238354.571088,45.4,1507.0,47.6,18.7,74.3,7.1,2.0,1507.0,18.7,281.80899999999997,21968149,43.72413816471997
2807901073,28079,073,01,079,28,13,2807901,28079,Madrid,Comunidad de Madrid,ES,3,0,0,Madrid,1731.63927971,149981.722077,44.4,1731.0,43.6,17.0,78.3,9.7,2.1,1731.0,17.0,294.27,25901888,37.15162596341772
2807901074,28079,074,01,079,28,13,2807901,28079,Madrid,Comunidad de Madrid,ES,3,0,0,Madrid,1387.49424399,78577.9347183,42.8,1655.0,50.5,13.7,67.6,6.7,1.9,1655.0,13.7,226.735,25906403,29.577115449011337
2807901075,28079,075,01,079,28,13,2807901,28079,Madrid,Comunidad de Madrid,ES,3,0,0,Madrid,1002.38814733,32525.8374808,43.5,1412.0,51.3,14.0,65.5,5.7,1.9,1412.0,14.0,197.68,25906429,46.666257247035475
2807901076,28079,076,01,079,28,13,2807901,28079,Madrid,Comunidad de Madrid,ES,3,0,0,Madrid,790.401470054,31649.3355275,43.6,1375.0,50.2,15.6,65.0,7.0,2.0,1375.0,15.6,214.5,25906431,24.322966217355066
2807901077,28079,077,01,079,28,13,2807901,28079,Madrid,Comunidad de Madrid,ES,3,0,0,Madrid,811.886762509,36028.5263517,44.4,1284.0,44.8,16.8,77.7,9.1,2.0,1284.0,16.8,215.71200000000002,1718376823,28.874570330147474
2807901079,28079,079,01,079,28,13,2807901,28079,Madrid,Comunidad de Madrid,ES,3,0,0,Madrid,1036.40534645,38834.9226951,43.0,1458.0,49.0,14.3,72.2,7.4,1.9,1458.0,14.3,208.49400000000003,25906271,12.591717571099865
2807901081,28079,081,01,079,28,13,2807901,28079,Madrid,Comunidad de Madrid,ES,3,0,0,Madrid,1169.00900102,34002.6220202,42.4,1578.0,50.6,13.5,67.1,6.1,1.9,1578.0,13.5,213.03,25906276,22.743461046671634
2807901082,28079,082,01,079,28,13,2807901,28079,Madrid,Comunidad de Madrid,ES,3,0,0,Madrid,1081.98972566,55129.0111522,43.4,1656.0,49.8,14.9,71.4,7.1,1.9,1656.0,14.9,246.74400000000003,3927597013,64.70092100320902
2807901084,28079,084,01,079,28,13,2807901,28079,Madrid,Comunidad de Madrid,ES,3,0,0,Madrid,1852.62154755,118380.419343,46.0,1535.0,49.5,21.2,80.7,9.1,1.9,1535.0,21.2,325.42,8935124345,49.79637194388278
2807901087,28079,087,01,079,28,13,2807901,28079,Madrid,Comunidad de Madrid,ES,3,0,0,Madrid,1668.70414556,70387.2872133,42.5,1413.0,43.6,14.4,77.1,10.6,2.3,1413.0,14.4,203.472,12925704322,7.1042077270742015
2807901088,28079,088,01,079,28,13,2807901,28079,Madrid,Comunidad de Madrid,ES,3,0,0,Madrid,1175.43602764,60017.453854,43.7,1129.0,47.7,16.0,77.7,8.2,1.9,1129.0,16.0,180.64,12335183608,16.67864258240987
2807901089,28079,089,01,079,28,13,2807901,28079,Madrid,Comunidad de Madrid,ES,3,0,0,Madrid,792.278045153,35039.1983771,46.2,1446.0,45.9,21.9,79.8,8.4,1.9,1446.0,21.9,316.674,12912990837,55.995719297478466
2807901090,28079,090,01,079,28,13,2807901,28079,Madrid,Comunidad de Madrid,ES,3,0,0,Madrid,696.422977106,28187.410713,43.6,792.0,47.1,16.8,77.5,9.5,2.0,792.0,16.8,133.056,11854143076,43.03350625696205
2807901091,28079,091,01,079,28,13,2807901,28079,Madrid,Comunidad de Madrid,ES,3,0,0,Madrid,732.353172128,24011.7681131,44.3,1034.0,52.2,16.9,78.8,8.2,1.9,1034.0,16.9,174.74599999999998,13626409524,19.238829358958682
2807901092,28079,092,01,079,28,13,2807901,28079,Madrid,Comunidad de Madrid,ES,3,0,0,Madrid,410.944374507,10436.9588532,43.9,777.0,51.6,17.9,74.9,8.9,1.9,777.0,17.9,139.083,13621341892,42.84204225776453
2807901093,28079,093,01,079,28,13,2807901,28079,Madrid,Comunidad de Madrid,ES,3,0,0,Madrid,729.859634909,26758.840772,43.0,1562.0,50.6,14.6,69.6,5.4,1.9,1562.0,14.6,228.05200000000002,11854160288,12.492928562693296
2807901094,28079,094,01,079,28,13,2807901,28079,Madrid,Comunidad de Madrid,ES,3,0,0,Madrid,962.558268522,34768.1695766,42.4,1504.0,49.6,14.6,72.2,8.6,1.9,1504.0,14.6,219.58399999999997,26058801,37.05321138438172
2807901095,28079,095,01,079,28,13,2807901,28079,Madrid,Comunidad de Madrid,ES,3,0,0,Madrid,787.160244248,32318.9768273,43.4,1435.0,48.9,12.9,71.7,5.0,1.9,1435.0,12.9,185.115,59633358,67.86456527756283
2807901096,28079,096,01,079,28,13,2807901,28079,Madrid,Comunidad de Madrid,ES,3,0,0,Madrid,654.361441158,20981.6258796,43.4,1114.0,47.4,13.7,63.5,7.6,2.1,1114.0,13.7,152.618,26066582,4.91978816807277
2807901097,28079,097,01,079,28,13,2807901,28079,Madrid,Comunidad de Madrid,ES,3,0,0,Madrid,764.788682657,26481.5684189,43.8,1461.0,50.1,17.0,74.7,6.8,1.9,1461.0,17.0,248.37,26058806,12.877117693820615
2807901098,28079,098,01,079,28,13,2807901,28079,Madrid,Comunidad de Madrid,ES,3,0,0,Madrid,699.561189342,18097.9731259,43.7,1162.0,50.5,13.4,71.9,6.2,1.9,1162.0,13.4,155.708,26058807,45.68426480942904
2807901099,28079,099,01,079,28,13,2807901,28079,Madrid,Comunidad de Madrid,ES,3,0,0,Madrid,663.911287784,24088.6038256,42.0,1296.0,48.7,13.4,72.8,7.0,1.9,1296.0,13.4,173.66400000000002,26066558,19.305737026300786
2807901100,28079,100,01,079,28,13,2807901,28079,Madrid,Comunidad de Madrid,ES,3,0,0,Madrid,811.087499674,24231.5246148,43.1,1177.0,51.3,15.3,76.4,6.6,1.8,1177.0,15.3,180.08100000000002,1474148377,29.275165243633413
2807901101,28079,101,01,079,28,13,2807901,28079,Madrid,Comunidad de Madrid,ES,3,0,0,Madrid,636.190161256,21383.9169008,42.2,1279.0,47.2,12.7,65.4,6.5,1.9,1279.0,12.7,162.433,26058808,57.14538944439679
2807901102,28079,102,01,079,28,13,2807901,28079,Madrid,Comunidad de Madrid,ES,3,0,0,Madrid,915.663342616,42850.9102998,42.9,1114.0,52.6,15.2,72.7,8.6,1.9,1114.0,15.2,169.328,13622249923,12.709565658905673
2807901103,28079,103,01,079,28,13,2807901,28079,Madrid,Comunidad de Madrid,ES,3,0,0,Madrid,825.101891774,35681.8408912,45.8,1357.0,49.2,21.4,82.5,8.3,1.9,1357.0,21.4,290.39799999999997,32638870,31.521138533814437
2807901104,28079,104,01,079,28,13,2807901,28079,Madrid,Comunidad de Madrid,ES,3,0,0,Madrid,745.391715793,22768.8393266,42.0,1251.0,49.5,12.8,74.7,6.9,1.9,1251.0,12.8,160.12800000000001,26067277,9.937826040263547
2807901105,28079,105,01,079,28,13,2807901,28079,Madrid,Comunidad de Madrid,ES,3,0,0,Madrid,928.234501852,33827.1490645,43.3,1277.0,53.9,14.7,81.5,8.3,1.7,1277.0,14.7,187.71899999999997,2584038764,44.27010223263008
2807901106,28079,106,01,079,28,13,2807901,28079,Madrid,Comunidad de Madrid,ES,3,0,0,Madrid,599.145597911,21581.2947221,45.9,1150.0,42.2,24.4,85.6,9.9,2.1,1150.0,24.4,280.6,11854129018,31.51418930484132
2807901107,28079,107,01,079,28,13,2807901,28079,Madrid,Comunidad de Madrid,ES,3,0,0,Madrid,1675.09537166,89349.5179393,46.8,1176.0,44.7,25.7,87.2,9.4,2.0,1176.0,25.7,302.232,11533572614,36.975182156584324
2807901108,28079,108,01,079,28,13,2807901,28079,Madrid,Comunidad de Madrid,ES,3,0,0,Madrid,1541.41085986,107745.793792,44.2,1373.0,43.9,17.8,78.3,9.4,2.0,1373.0,17.8,244.394,3509180965,29.629657310950094
2807901109,28079,109,01,079,28,13,2807901,28079,Madrid,Comunidad de Madrid,ES,3,0,0,Madrid,643.978096575,16337.0746348,43.6,1019.0,42.5,17.5,73.3,8.8,2.0,1019.0,17.5,178.325,8007694245,12.564616707986604
2807901110,28079,110,01,079,28,13,2807901,28079,Madrid,Comunidad de Madrid,ES,3,0,0,Madrid,992.979612648,39574.4713303,44.5,847.0,48.8,17.7,77.0,7.0,2.0,847.0,17.7,149.91899999999998,8436282769,8.974208562537038
2807901111,28079,111,01,079,28,13,2807901,28079,Madrid,Comunidad de Madrid,ES,3,0,0,Madrid,828.118707304,37169.3168276,43.2,987.0,51.1,16.8,72.8,7.9,1.9,987.0,16.8,165.81600000000003,13994487447,7.190839494853166
2807901112,28079,112,01,079,28,13,2807901,28079,Madrid,Comunidad de Madrid,ES,3,0,0,Madrid,967.291982896,53294.7132332,43.5,1110.0,47.5,15.5,74.8,6.2,1.9,1110.0,15.5,172.05,4503373429,30.124171704293943
2807901113,28079,113,01,079,28,13,2807901,28079,Madrid,Comunidad de Madrid,ES,3,0,0,Madrid,606.493774416,22080.6001557,43.0,1066.0,47.1,14.5,69.0,7.3,2.0,1066.0,14.5,154.57,325172869,56.419034798193344
2807901114,28079,114,01,079,28,13,2807901,28079,Madrid,Comunidad de Madrid,ES,3,0,0,Madrid,856.993147173,34270.2393044,42.3,1642.0,46.4,12.8,69.4,7.4,2.0,1642.0,12.8,210.17600000000002,26066599,70.81249435166083
2807901115,28079,115,01,079,28,13,2807901,28079,Madrid,Comunidad de Madrid,ES,3,0,0,Madrid,928.772161711,49291.1321068,43.4,1049.0,47.4,16.7,71.2,7.4,2.0,1049.0,16.7,175.183,26066659,25.281574248283533
2807901116,28079,116,01,079,28,13,2807901,28079,Madrid,Comunidad de Madrid,ES,3,0,0,Madrid,1069.86332171,54030.5608133,42.1,1399.0,52.8,13.2,63.7,6.0,1.9,1399.0,13.2,184.668,26066603,17.48628822133637
2807901117,28079,117,01,079,28,13,2807901,28079,Madrid,Comunidad de Madrid,ES,3,0,0,Madrid,1745.25714649,101737.871133,44.5,1599.0,46.3,16.4,71.4,6.8,2.0,1599.0,16.4,262.236,5302457522,46.66008942841829
2807901118,28079,118,01,079,28,13,2807901,28079,Madrid,Comunidad de Madrid,ES,3,0,0,Madrid,794.676631991,35510.8638746,42.7,894.0,46.5,14.8,62.1,7.2,2.0,894.0,14.8,132.312,6535530205,77.17122024766269
2807901119,28079,119,01,079,28,13,2807901,28079,Madrid,Comunidad de Madrid,ES,3,0,0,Madrid,1363.76728875,86940.1143283,40.9,1105.0,49.8,12.7,57.1,5.3,2.0,1105.0,12.7,140.335,25906743,27.3488825195142
2807901120,28079,120,01,079,28,13,2807901,28079,Madrid,Comunidad de Madrid,ES,3,0,0,Madrid,941.218458256,49763.366915,43.5,828.0,51.3,16.7,67.0,6.4,1.9,828.0,16.7,138.27599999999998,21734278,18.682835269499172
2807901121,28079,121,01,079,28,13,2807901,28079,Madrid,Comunidad de Madrid,ES,3,0,0,Madrid,1269.98220133,71062.7073737,43.3,1791.0,44.7,16.5,66.2,8.2,2.0,1791.0,16.5,295.515,12326169570,7.168989279888598
2807901123,28079,123,01,079,28,13,2807901,28079,Madrid,Comunidad de Madrid,ES,3,0,0,Madrid,900.182502859,31927.8001173,44.8,755.0,48.4,18.3,71.7,7.2,2.0,755.0,18.3,138.165,21734245,2.696535174553581
2807901124,28079,124,01,079,28,13,2807901,28079,Madrid,Comunidad de Madrid,ES,3,0,0,Madrid,1641.01631542,68871.315028,43.3,770.0,45.2,18.6,70.1,8.8,2.1,770.0,18.6,143.22000000000003,12364869807,5.607654745774928
2807902001,28079,001,02,079,28,13,2807902,28079,Madrid,Comunidad de Madrid,ES,3,0,0,Madrid,790.476173705,28221.9536999,44.4,1185.0,44.9,17.3,82.1,10.0,2.0,1185.0,17.3,205.005,8811619093,12.808960995827052
2807902002,28079,002,02,079,28,13,2807902,28079,Madrid,Comunidad de Madrid,ES,3,0,0,Madrid,793.354920913,27503.5652876,48.1,1469.0,45.6,25.5,83.9,8.2,2.0,1469.0,25.5,374.595,26480806,14.83222761536955
2807902003,28079,003,02,079,28,13,2807902,28079,Madrid,Comunidad de Madrid,ES,3,0,0,Madrid,1647.87695631,84809.6397532,49.6,1144.0,30.7,30.5,89.7,10.9,2.4,1144.0,30.5,348.92,1474148325,50.026971354425115
2807902004,28079,004,02,079,28,13,2807902,28079,Madrid,Comunidad de Madrid,ES,3,0,0,Madrid,614.721345965,15166.6224012,45.2,1015.0,27.9,22.9,90.1,15.5,2.6,1015.0,22.9,232.435,26480811,28.586869535359458
2807902005,28079,005,02,079,28,13,2807902,28079,Madrid,Comunidad de Madrid,ES,3,0,0,Madrid,438.353498391,11570.0050545,48.2,804.0,35.3,24.9,88.3,10.1,2.3,804.0,24.9,200.196,26480810,42.622716926817354
2807902006,28079,006,02,079,28,13,2807902,28079,Madrid,Comunidad de Madrid,ES,3,0,0,Madrid,1193.65930341,39956.5606329,47.6,2102.0,29.9,25.8,92.5,10.4,2.3,2102.0,25.8,542.316,26480822,29.288185655918433
2807902007,28079,007,02,079,28,13,2807902,28079,Madrid,Comunidad de Madrid,ES,3,0,0,Madrid,493.846339822,14114.4949662,46.8,739.0,24.0,24.2,93.4,17.2,2.6,739.0,24.2,178.838,26480817,78.1842907395022
2807902008,28079,008,02,079,28,13,2807902,28079,Madrid,Comunidad de Madrid,ES,3,0,0,Madrid,1068.89811274,30715.9693266,47.0,1626.0,39.3,24.5,86.2,9.2,2.1,1626.0,24.5,398.37,12155379115,44.46334261822657
2807902009,28079,009,02,079,28,13,2807902,28079,Madrid,Comunidad de Madrid,ES,3,0,0,Madrid,1921.98017255,133427.79064,46.3,1862.0,34.6,19.1,95.6,10.7,2.3,1862.0,19.1,355.64200000000005,857042621,72.73340244599765
2807902010,28079,010,02,079,28,13,2807902,28079,Madrid,Comunidad de Madrid,ES,3,0,0,Madrid,1409.2521504,91248.3770218,45.9,1081.0,30.6,23.2,92.5,14.0,2.4,1081.0,23.2,250.792,1492591630,40.12514910943944
2807902011,28079,011,02,079,28,13,2807902,28079,Madrid,Comunidad de Madrid,ES,3,0,0,Madrid,1916.68839801,180094.461196,44.6,1201.0,23.2,21.9,93.1,17.0,2.6,1201.0,21.9,263.019,12223071940,11.487700913545606
2807902013,28079,013,02,079,28,13,2807902,28079,Madrid,Comunidad de Madrid,ES,3,0,0,Madrid,640.591130791,21725.5248164,50.1,1196.0,38.7,32.7,93.8,11.8,2.1,1196.0,32.7,391.09200000000004,12223013916,66.750855276593
2807902014,28079,014,02,079,28,13,2807902,28079,Madrid,Comunidad de Madrid,ES,3,0,0,Madrid,725.104367298,25271.7584864,45.6,1084.0,40.2,22.6,84.2,10.4,2.1,1084.0,22.6,244.984,3907331704,88.90760462654858
2807902015,28079,015,02,079,28,13,2807902,28079,Madrid,Comunidad de Madrid,ES,3,0,0,Madrid,1205.75647845,47678.9733799,44.1,1589.0,33.2,18.4,91.3,12.8,2.4,1589.0,18.4,292.376,3908009663,33.454841255730926
2807902016,28079,016,02,079,28,13,2807902,28079,Madrid,Comunidad de Madrid,ES,3,0,0,Madrid,2834.5535094,254295.996198,46.6,1992.0,26.5,26.8,94.4,14.4,2.4,1992.0,26.8,533.856,1269959748,51.608731359606985
2807902017,28079,017,02,079,28,13,2807902,28079,Madrid,Comunidad de Madrid,ES,3,0,0,Madrid,938.646194272,45152.5007386,48.5,1746.0,24.1,31.1,94.6,9.5,2.5,1746.0,31.1,543.0060000000001,255063130,32.91737442486707
2807902018,28079,018,02,079,28,13,2807902,28079,Madrid,Comunidad de Madrid,ES,3,0,0,Madrid,2086.67613969,105516.500263,47.5,1940.0,32.6,26.0,94.7,12.2,2.4,1940.0,26.0,504.4,249398604,8.502039451880663
2807902019,28079,019,02,079,28,13,2807902,28079,Madrid,Comunidad de Madrid,ES,3,0,0,Madrid,862.697520336,37924.8439886,48.7,1431.0,33.1,25.1,96.3,8.3,2.3,1431.0,25.1,359.181,12430257329,17.406558329803396
2807902020,28079,020,02,079,28,13,2807902,28079,Madrid,Comunidad de Madrid,ES,3,0,0,Madrid,970.463774832,36521.1350059,47.7,1090.0,34.6,24.2,91.7,9.5,2.2,1090.0,24.2,263.78,26495393,22.44459426542056
2807902021,28079,021,02,079,28,13,2807902,28079,Madrid,Comunidad de Madrid,ES,3,0,0,Madrid,594.628675202,16209.600013,46.0,1098.0,43.1,22.2,87.4,10.3,2.1,1098.0,22.2,243.75599999999997,12430173590,96.78627006000352
2807902022,28079,022,02,079,28,13,2807902,28079,Madrid,Comunidad de Madrid,ES,3,0,0,Madrid,540.523978267,13149.1209221,44.1,1080.0,42.0,18.6,76.9,10.8,2.1,1080.0,18.6,200.88,12430173592,81.94817286205802
2807902023,28079,023,02,079,28,13,2807902,28079,Madrid,Comunidad de Madrid,ES,3,0,0,Madrid,639.114109868,24437.6704893,47.1,1201.0,41.2,25.2,85.3,9.5,2.1,1201.0,25.2,302.652,1607113093,53.441148643660135
2807902024,28079,024,02,079,28,13,2807902,28079,Madrid,Comunidad de Madrid,ES,3,0,0,Madrid,655.183351812,26340.1428479,47.5,1655.0,42.7,23.8,88.8,10.2,2.1,1655.0,23.8,393.89,2522904758,78.90704288165743
2807902025,28079,025,02,079,28,13,2807902,28079,Madrid,Comunidad de Madrid,ES,3,0,0,Madrid,489.832976305,12416.1432912,44.1,800.0,36.9,22.8,81.9,12.3,2.3,800.0,22.8,182.4,1607113040,76.3080361956532
2807902026,28079,026,02,079,28,13,2807902,28079,Madrid,Comunidad de Madrid,ES,3,0,0,Madrid,689.362629309,22348.0182954,48.0,1307.0,42.9,27.1,89.0,9.1,2.0,1307.0,27.1,354.19700000000006,2523072818,30.613840243432833
2807902027,28079,027,02,079,28,13,2807902,28079,Madrid,Comunidad de Madrid,ES,3,0,0,Madrid,770.107118365,20944.1261577,50.0,962.0,31.6,33.4,93.1,9.5,2.2,962.0,33.4,321.308,5341505121,11.37996834324755
2807902028,28079,028,02,079,28,13,2807902,28079,Madrid,Comunidad de Madrid,ES,3,0,0,Madrid,471.437679003,12175.0139025,43.5,957.0,51.6,15.5,72.4,7.8,1.9,957.0,15.5,148.335,8665300399,41.199378791124445
2807902029,28079,029,02,079,28,13,2807902,28079,Madrid,Comunidad de Madrid,ES,3,0,0,Madrid,482.269826311,12374.4795302,42.3,758.0,42.0,14.5,76.1,7.8,2.1,758.0,14.5,109.91,255095624,46.44741997945941
2807902030,28079,030,02,079,28,13,2807902,28079,Madrid,Comunidad de Madrid,ES,3,0,0,Madrid,611.947025778,18080.1515373,48.9,1272.0,33.5,30.5,92.3,11.6,2.2,1272.0,30.5,387.96,13946257188,32.12052715543206
2807902031,28079,031,02,079,28,13,2807902,28079,Madrid,Comunidad de Madrid,ES,3,0,0,Madrid,529.2375187,14621.8504876,51.1,1083.0,30.2,37.9,95.3,9.4,2.3,1083.0,37.9,410.457,5341505128,38.22346975497609
2807902032,28079,032,02,079,28,13,2807902,28079,Madrid,Comunidad de Madrid,ES,3,0,0,Madrid,531.705859939,13710.5397342,48.0,630.0,32.3,30.0,92.4,11.3,2.2,630.0,30.0,189.0,8014586850,9.27828791762792
2807902033,28079,033,02,079,28,13,2807902,28079,Madrid,Comunidad de Madrid,ES,3,0,0,Madrid,623.807055012,16279.4228438,45.4,1245.0,36.4,25.2,91.7,13.7,2.2,1245.0,25.2,313.74,11813369499,13.317706794776967
2807902034,28079,034,02,079,28,13,2807902,28079,Madrid,Comunidad de Madrid,ES,3,0,0,Madrid,476.899744189,12931.1854263,46.5,892.0,31.7,24.7,91.1,12.8,2.4,892.0,24.7,220.32399999999998,11716592214,65.30083291557771
2807902035,28079,035,02,079,28,13,2807902,28079,Madrid,Comunidad de Madrid,ES,3,0,0,Madrid,472.121882404,13229.6413475,45.9,988.0,36.8,24.6,88.3,13.4,2.2,988.0,24.6,243.04800000000003,249398249,47.46585793990358
2807902036,28079,036,02,079,28,13,2807902,28079,Madrid,Comunidad de Madrid,ES,3,0,0,Madrid,613.025379738,16898.141439,48.6,936.0,32.3,27.1,91.2,11.1,2.2,936.0,27.1,253.65600000000003,3293612851,9.5640603087421
2807902037,28079,037,02,079,28,13,2807902,28079,Madrid,Comunidad de Madrid,ES,3,0,0,Madrid,788.003177354,30134.8190694,48.4,1260.0,29.5,26.2,91.3,11.3,2.3,1260.0,26.2,330.12,13006089943,30.50976691715751
2807902038,28079,038,02,079,28,13,2807902,28079,Madrid,Comunidad de Madrid,ES,3,0,0,Madrid,748.95114679,19586.2969047,50.1,1014.0,32.8,28.8,88.3,8.8,2.2,1014.0,28.8,292.032,5368050498,34.295308450547914
2807902039,28079,039,02,079,28,13,2807902,28079,Madrid,Comunidad de Madrid,ES,3,0,0,Madrid,458.795110375,12223.0656629,44.8,728.0,32.1,23.5,90.9,15.1,2.3,728.0,23.5,171.08,315280329,67.15648922987623
2807902040,28079,040,02,079,28,13,2807902,28079,Madrid,Comunidad de Madrid,ES,3,0,0,Madrid,601.540061457,22621.0213664,47.2,1721.0,35.8,27.0,88.8,10.6,2.2,1721.0,27.0,464.67,26879279,68.34562979857776
2807902041,28079,041,02,079,28,13,2807902,28079,Madrid,Comunidad de Madrid,ES,3,0,0,Madrid,829.568803862,28724.1097554,44.7,1986.0,42.4,17.6,81.0,10.5,2.1,1986.0,17.6,349.53600000000006,12878947515,58.53890337454513
2807902042,28079,042,02,079,28,13,2807902,28079,Madrid,Comunidad de Madrid,ES,3,0,0,Madrid,725.824426677,28359.5622913,46.8,1800.0,34.0,25.6,87.1,10.8,2.3,1800.0,25.6,460.8,1868858238,64.27111439324811
2807902043,28079,043,02,079,28,13,2807902,28079,Madrid,Comunidad de Madrid,ES,3,0,0,Madrid,565.882411817,14854.8838465,47.6,969.0,38.4,25.5,85.6,9.6,2.2,969.0,25.5,247.095,249397673,47.70870545221988
2807902044,28079,044,02,079,28,13,2807902,28079,Madrid,Comunidad de Madrid,ES,3,0,0,Madrid,714.923218109,28889.8819873,45.0,1721.0,29.0,20.5,82.6,12.2,2.5,1721.0,20.5,352.805,250961679,23.390035676567784
2807902045,28079,045,02,079,28,13,2807902,28079,Madrid,Comunidad de Madrid,ES,3,0,0,Madrid,595.781453755,18427.8571986,43.0,1078.0,33.6,18.6,77.2,12.1,2.5,1078.0,18.6,200.50800000000004,249397678,18.456942239487766
2807902046,28079,046,02,079,28,13,2807902,28079,Madrid,Comunidad de Madrid,ES,3,0,0,Madrid,730.712274811,22278.649415,43.1,1310.0,43.2,16.3,77.9,11.1,2.2,1310.0,16.3,213.53,12432955899,19.274830665686228
2807902047,28079,047,02,079,28,13,2807902,28079,Madrid,Comunidad de Madrid,ES,3,0,0,Madrid,2733.69186218,268496.42158,42.7,1629.0,37.9,15.9,73.3,11.1,2.4,1629.0,15.9,259.011,7159758809,39.927101391979335
2807902048,28079,048,02,079,28,13,2807902,28079,Madrid,Comunidad de Madrid,ES,3,0,0,Madrid,759.350693175,24549.0437125,44.2,1213.0,32.8,18.2,80.1,11.8,2.4,1213.0,18.2,220.766,1837483635,53.24564447591723
2807902049,28079,049,02,079,28,13,2807902,28079,Madrid,Comunidad de Madrid,ES,3,0,0,Madrid,1319.30016375,59732.0419906,44.1,1682.0,22.7,19.5,96.0,15.1,2.7,1682.0,19.5,327.99,12384396367,13.661178021838959
2807902050,28079,050,02,079,28,13,2807902,28079,Madrid,Comunidad de Madrid,ES,3,0,0,Madrid,823.029357375,26069.4513029,43.8,1579.0,38.1,21.0,74.9,12.3,2.3,1579.0,21.0,331.59,12039976804,50.02307026532568
2807902051,28079,051,02,079,28,13,2807902,28079,Madrid,Comunidad de Madrid,ES,3,0,0,Madrid,1563.87992827,119429.08448,44.6,1983.0,28.8,21.8,91.2,15.2,2.5,1983.0,21.8,432.29400000000004,7899679927,47.82926279961187
2807902052,28079,052,02,079,28,13,2807902,28079,Madrid,Comunidad de Madrid,ES,3,0,0,Madrid,1200.07022073,46016.3145753,41.3,1715.0,23.4,11.7,95.0,16.5,2.6,1715.0,11.7,200.655,321521647,44.29491275255816
2807902053,28079,053,02,079,28,13,2807902,28079,Madrid,Comunidad de Madrid,ES,3,0,0,Madrid,1009.41103795,55475.5928327,48.3,1647.0,33.2,28.6,90.8,9.8,2.2,1647.0,28.6,471.04200000000003,10874864256,25.46897785507808
2807902054,28079,054,02,079,28,13,2807902,28079,Madrid,Comunidad de Madrid,ES,3,0,0,Madrid,548.362817524,18803.3963724,44.7,1138.0,42.3,20.6,82.9,11.5,2.2,1138.0,20.6,234.42800000000003,267335047,68.18163880279246
2807902055,28079,055,02,079,28,13,2807902,28079,Madrid,Comunidad de Madrid,ES,3,0,0,Madrid,518.194458106,16684.8677265,46.4,1266.0,33.3,24.6,84.8,11.4,2.4,1266.0,24.6,311.43600000000004,267335109,29.52122484394689
2807902056,28079,056,02,079,28,13,2807902,28079,Madrid,Comunidad de Madrid,ES,3,0,0,Madrid,625.529947825,16094.3295476,46.5,1077.0,38.9,23.2,85.1,10.1,2.2,1077.0,23.2,249.86399999999998,3592871205,62.64758227498915
2807902057,28079,057,02,079,28,13,2807902,28079,Madrid,Comunidad de Madrid,ES,3,0,0,Madrid,628.233092659,24346.1762001,44.9,1532.0,32.6,21.2,78.2,11.3,2.5,1532.0,21.2,324.784,5368006182,80.47952637478572
2807902058,28079,058,02,079,28,13,2807902,28079,Madrid,Comunidad de Madrid,ES,3,0,0,Madrid,604.347016758,21581.3814939,45.5,1598.0,40.4,22.0,79.5,9.4,2.1,1598.0,22.0,351.56,13647668869,13.797776113059971
2807902059,28079,059,02,079,28,13,2807902,28079,Madrid,Comunidad de Madrid,ES,3,0,0,Madrid,498.61500841,11691.3565548,47.3,720.0,35.6,26.1,84.2,9.6,2.2,720.0,26.1,187.92,12878947513,43.87042739429778
2807902060,28079,060,02,079,28,13,2807902,28079,Madrid,Comunidad de Madrid,ES,3,0,0,Madrid,832.756881845,24700.0095863,46.9,1297.0,38.4,26.1,85.4,10.4,2.2,1297.0,26.1,338.51700000000005,31010371,42.35851734707437
2807902061,28079,061,02,079,28,13,2807902,28079,Madrid,Comunidad de Madrid,ES,3,0,0,Madrid,535.539636243,15413.2789043,43.4,870.0,48.3,15.8,82.6,10.5,2.0,870.0,15.8,137.46,11812646336,38.72513788846608
2807902062,28079,062,02,079,28,13,2807902,28079,Madrid,Comunidad de Madrid,ES,3,0,0,Madrid,567.389314653,17719.7159836,43.3,1063.0,40.0,18.7,79.3,11.4,2.2,1063.0,18.7,198.78099999999998,11812646307,47.09883253816473
2807902063,28079,063,02,079,28,13,2807902,28079,Madrid,Comunidad de Madrid,ES,3,0,0,Madrid,819.880483407,39159.0323866,44.6,1705.0,42.0,19.2,81.4,10.6,2.0,1705.0,19.2,327.36,8381762250,57.235059393166694
2807902064,28079,064,02,079,28,13,2807902,28079,Madrid,Comunidad de Madrid,ES,3,0,0,Madrid,760.777635729,28515.7821545,46.7,1720.0,40.1,25.1,85.9,9.6,2.1,1720.0,25.1,431.72,11813369541,42.12642967927852
2807902065,28079,065,02,079,28,13,2807902,28079,Madrid,Comunidad de Madrid,ES,3,0,0,Madrid,870.194298582,28699.2915755,45.9,1432.0,49.3,20.1,83.2,8.3,1.9,1432.0,20.1,287.832,11812646281,20.23010033333581
2807902066,28079,066,02,079,28,13,2807902,28079,Madrid,Comunidad de Madrid,ES,3,0,0,Madrid,1305.58849479,61228.3383378,44.8,2458.0,37.8,18.8,86.1,11.8,2.2,2458.0,18.8,462.10400000000004,12878947585,46.11000425024427
2807902067,28079,067,02,079,28,13,2807902,28079,Madrid,Comunidad de Madrid,ES,3,0,0,Madrid,1168.82515068,62481.5767472,41.5,1384.0,43.5,13.2,80.8,12.9,2.1,1384.0,13.2,182.688,14032212351,11.341045540986036
2807902068,28079,068,02,079,28,13,2807902,28079,Madrid,Comunidad de Madrid,ES,3,0,0,Madrid,497.942933388,15478.9014595,44.2,1130.0,44.2,17.0,74.0,7.9,2.1,1130.0,17.0,192.1,2873438703,65.10362765813348
2807902069,28079,069,02,079,28,13,2807902,28079,Madrid,Comunidad de Madrid,ES,3,0,0,Madrid,498.112277501,15499.9776022,46.5,891.0,32.8,23.6,85.0,12.0,2.3,891.0,23.6,210.276,6322652297,33.05737845061517
2807902070,28079,070,02,079,28,13,2807902,28079,Madrid,Comunidad de Madrid,ES,3,0,0,Madrid,1073.93381963,42647.7263797,47.4,1337.0,37.8,26.0,87.7,10.4,2.1,1337.0,26.0,347.62,5342461332,34.81305913372243
2807902071,28079,071,02,079,28,13,2807902,28079,Madrid,Comunidad de Madrid,ES,3,0,0,Madrid,997.512449138,46158.7552824,46.5,1407.0,41.1,24.2,87.9,10.7,2.1,1407.0,24.2,340.494,170909702,29.299457288743728
2807902072,28079,072,02,079,28,13,2807902,28079,Madrid,Comunidad de Madrid,ES,3,0,0,Madrid,1182.87631469,71348.0489554,45.5,1621.0,42.6,21.0,87.7,9.3,2.1,1621.0,21.0,340.41,11703627708,6.192279200566251
2807902073,28079,073,02,079,28,13,2807902,28079,Madrid,Comunidad de Madrid,ES,3,0,0,Madrid,1136.63584299,54033.5215906,46.0,1749.0,41.2,21.4,87.7,10.1,2.1,1749.0,21.4,374.286,318340612,29.74306887691325
2807902074,28079,074,02,079,28,13,2807902,28079,Madrid,Comunidad de Madrid,ES,3,0,0,Madrid,977.1029531,41473.1553776,46.0,1729.0,41.3,22.7,84.6,9.1,2.1,1729.0,22.7,392.48299999999995,12878944596,27.364225963908435
2807902075,28079,075,02,079,28,13,2807902,28079,Madrid,Comunidad de Madrid,ES,3,0,0,Madrid,742.413065591,30703.7464389,43.7,1900.0,39.2,17.8,81.4,11.7,2.3,1900.0,17.8,338.2,5406530354,46.4244836348671
2807902077,28079,077,02,079,28,13,2807902,28079,Madrid,Comunidad de Madrid,ES,3,0,0,Madrid,504.508606374,15272.0498616,46.5,1145.0,38.4,21.3,81.3,8.6,2.1,1145.0,21.3,243.885,5406530356,62.80692934469198
2807902078,28079,078,02,079,28,13,2807902,28079,Madrid,Comunidad de Madrid,ES,3,0,0,Madrid,487.540798249,14828.6111091,46.3,846.0,43.9,22.9,79.3,9.1,2.1,846.0,22.9,193.73399999999998,31010121,59.679212000176065
2807902079,28079,079,02,079,28,13,2807902,28079,Madrid,Comunidad de Madrid,ES,3,0,0,Madrid,645.542586866,24246.7763692,47.8,1200.0,41.7,26.8,85.8,8.1,2.2,1200.0,26.8,321.6,11812640356,75.56484406410385
2807902080,28079,080,02,079,28,13,2807902,28079,Madrid,Comunidad de Madrid,ES,3,0,0,Madrid,1014.6530678,47180.5070329,48.6,926.0,32.5,30.2,86.0,11.0,2.3,926.0,30.2,279.652,4280529240,54.16361057999359
2807902081,28079,081,02,079,28,13,2807902,28079,Madrid,Comunidad de Madrid,ES,3,0,0,Madrid,729.402238126,21050.469786,47.1,1100.0,43.8,24.3,80.8,8.6,2.1,1100.0,24.3,267.3,11812646215,67.00715563371104
2807902082,28079,082,02,079,28,13,2807902,28079,Madrid,Comunidad de Madrid,ES,3,0,0,Madrid,872.546519373,29515.8774983,43.4,1205.0,45.5,17.3,77.5,9.1,2.1,1205.0,17.3,208.465,11812646212,19.987811719074607
2807902083,28079,083,02,079,28,13,2807902,28079,Madrid,Comunidad de Madrid,ES,3,0,0,Madrid,5445.46207009,849670.751516,38.2,2027.0,24.8,10.0,88.6,20.4,2.6,2027.0,10.0,202.7,14033986166,53.228401677584124
2807902085,28079,085,02,079,28,13,2807902,28079,Madrid,Comunidad de Madrid,ES,3,0,0,Madrid,675.142683809,27096.1766121,49.7,1215.0,20.8,38.1,94.5,10.7,2.5,1215.0,38.1,462.915,7113160343,13.44091702658292
2807902086,28079,086,02,079,28,13,2807902,28079,Madrid,Comunidad de Madrid,ES,3,0,0,Madrid,826.176563967,30651.6000418,47.8,1278.0,37.6,29.3,90.7,11.5,2.2,1278.0,29.3,374.454,9741918401,9.724598710888545
2807902087,28079,087,02,079,28,13,2807902,28079,Madrid,Comunidad de Madrid,ES,3,0,0,Madrid,1589.02561752,90313.9420562,46.8,2188.0,28.9,25.4,95.6,13.6,2.5,2188.0,25.4,555.752,1789638240,18.128455690570416
2807902088,28079,088,02,079,28,13,2807902,28079,Madrid,Comunidad de Madrid,ES,3,0,0,Madrid,426.793550607,9701.11884566,45.8,713.0,32.5,22.6,87.4,10.5,2.3,713.0,22.6,161.138,11813369480,46.32586175613758
2807902089,28079,089,02,079,28,13,2807902,28079,Madrid,Comunidad de Madrid,ES,3,0,0,Madrid,590.981608841,15768.3910858,49.6,1045.0,33.8,34.2,91.8,13.3,2.3,1045.0,34.2,357.39,318893168,41.62571055794356
2807902090,28079,090,02,079,28,13,2807902,28079,Madrid,Comunidad de Madrid,ES,3,0,0,Madrid,810.528326181,36252.7192092,45.2,1776.0,27.7,19.0,95.3,12.6,2.5,1776.0,19.0,337.44,26483376,51.29170450212172
2807902091,28079,091,02,079,28,13,2807902,28079,Madrid,Comunidad de Madrid,ES,3,0,0,Madrid,597.488883872,22772.4153555,47.9,1131.0,33.6,28.1,94.7,10.8,2.2,1131.0,28.1,317.81100000000004,11815607493,44.9950313524302
2807902092,28079,092,02,079,28,13,2807902,28079,Madrid,Comunidad de Madrid,ES,3,0,0,Madrid,1133.20139585,36967.2788892,50.0,1853.0,34.7,32.0,91.8,9.1,2.2,1853.0,32.0,592.96,12430173587,28.628896612801455
2807902093,28079,093,02,079,28,13,2807902,28079,Madrid,Comunidad de Madrid,ES,3,0,0,Madrid,1329.14659804,88939.5807532,46.3,1462.0,21.7,22.6,96.3,11.5,2.6,1462.0,22.6,330.41200000000003,12430248405,33.9251554614879
2807902094,28079,094,02,079,28,13,2807902,28079,Madrid,Comunidad de Madrid,ES,3,0,0,Madrid,828.419986185,35978.875663,49.4,1686.0,18.7,34.9,97.8,11.2,2.7,1686.0,34.9,588.414,2445378012,47.21221152988206
2807902095,28079,095,02,079,28,13,2807902,28079,Madrid,Comunidad de Madrid,ES,3,0,0,Madrid,1208.93494171,79220.0257152,43.4,1787.0,30.9,16.3,92.2,14.4,2.4,1787.0,16.3,291.281,12155376642,33.36656620641757
2807902096,28079,096,02,079,28,13,2807902,28079,Madrid,Comunidad de Madrid,ES,3,0,0,Madrid,875.668371884,45244.7804358,45.0,1694.0,19.1,19.0,97.4,11.8,2.7,1694.0,19.0,321.86,7120339827,33.94840636912345
2807902097,28079,097,02,079,28,13,2807902,28079,Madrid,Comunidad de Madrid,ES,3,0,0,Madrid,702.843967347,25881.3159709,40.0,1142.0,24.3,9.0,93.0,18.5,2.6,1142.0,9.0,102.78,5276493536,34.067461005228274
2807902098,28079,098,02,079,28,13,2807902,28079,Madrid,Comunidad de Madrid,ES,3,0,0,Madrid,959.314802416,45396.9535237,38.3,1348.0,28.2,8.5,84.6,17.0,2.4,1348.0,8.5,114.58,248937981,43.08750942023878
2807902099,28079,099,02,079,28,13,2807902,28079,Madrid,Comunidad de Madrid,ES,3,0,0,Madrid,1923.59825955,196005.598919,35.8,2112.0,26.3,5.2,88.5,24.4,2.7,2112.0,5.2,109.824,1837483568,36.142116584183825
2807902100,28079,100,02,079,28,13,2807902,28079,Madrid,Comunidad de Madrid,ES,3,0,0,Madrid,1355.58667392,113138.507646,40.5,1732.0,29.7,10.1,89.1,15.8,2.5,1732.0,10.1,174.93200000000002,12432907227,44.99390231737301
2807902101,28079,101,02,079,28,13,2807902,28079,Madrid,Comunidad de Madrid,ES,3,0,0,Madrid,1123.47434043,63589.6347015,37.6,1590.0,26.2,8.0,92.0,24.7,2.6,1590.0,8.0,127.2,12183699730,19.11111589420442
2807902102,28079,102,02,079,28,13,2807902,28079,Madrid,Comunidad de Madrid,ES,3,0,0,Madrid,1138.71632354,75492.9519741,43.8,1705.0,19.1,15.3,96.5,12.3,2.8,1705.0,15.3,260.865,12430248474,30.613966349628353
2807902103,28079,103,02,079,28,13,2807902,28079,Madrid,Comunidad de Madrid,ES,3,0,0,Madrid,3464.82090838,588343.706022,37.9,2564.0,31.2,8.9,90.2,21.7,2.4,2564.0,8.9,228.19600000000003,2718580467,22.676840339008113
2807902104,28079,104,02,079,28,13,2807902,28079,Madrid,Comunidad de Madrid,ES,3,0,0,Madrid,1001.27547352,51174.1373426,39.4,1400.0,29.9,11.7,93.3,20.5,2.5,1400.0,11.7,163.79999999999998,12384349783,10.010518486919315
2807902105,28079,105,02,079,28,13,2807902,28079,Madrid,Comunidad de Madrid,ES,3,0,0,Madrid,3051.97419714,255819.522143,40.5,1662.0,30.9,14.4,89.2,21.1,2.5,1662.0,14.4,239.328,2623166310,50.47884992441111
2807902106,28079,106,02,079,28,13,2807902,28079,Madrid,Comunidad de Madrid,ES,3,0,0,Madrid,1863.50669198,173611.284366,40.9,2350.0,28.3,11.5,94.6,16.1,2.5,2350.0,11.5,270.25,14032650913,2.3627794006635203
2807902107,28079,107,02,079,28,13,2807902,28079,Madrid,Comunidad de Madrid,ES,3,0,0,Madrid,1489.34308727,132547.36739,46.0,1321.0,28.0,23.9,91.1,11.6,2.5,1321.0,23.9,315.719,12015404687,40.541111353460444
2807902108,28079,108,02,079,28,13,2807902,28079,Madrid,Comunidad de Madrid,ES,3,0,0,Madrid,778.505598688,28331.5917156,48.5,978.0,33.7,24.7,95.0,10.1,2.3,978.0,24.7,241.56599999999997,5485102444,9.771395761585623
2807902109,28079,109,02,079,28,13,2807902,28079,Madrid,Comunidad de Madrid,ES,3,0,0,Madrid,728.681076316,28685.1813926,47.5,1378.0,36.6,23.6,90.6,8.8,2.2,1378.0,23.6,325.208,3908194651,30.20871144226877
2807902110,28079,110,02,079,28,13,2807902,28079,Madrid,Comunidad de Madrid,ES,3,0,0,Madrid,987.980405488,37406.3978784,40.1,1611.0,28.7,9.9,95.0,19.9,2.5,1611.0,9.9,159.489,12358266678,51.10289718105738
2807902111,28079,111,02,079,28,13,2807902,28079,Madrid,Comunidad de Madrid,ES,3,0,0,Madrid,1070.17891904,52101.1545842,41.3,1374.0,31.5,10.3,92.7,16.5,2.3,1374.0,10.3,141.52200000000002,12432907188,42.93994419100999
2807902112,28079,112,02,079,28,13,2807902,28079,Madrid,Comunidad de Madrid,ES,3,0,0,Madrid,697.535422569,27667.5103525,43.2,1521.0,28.5,14.7,95.7,14.3,2.5,1521.0,14.7,223.58700000000002,12384580363,47.23207801264282
2807902113,28079,113,02,079,28,13,2807902,28079,Madrid,Comunidad de Madrid,ES,3,0,0,Madrid,1394.08079172,75260.1263512,34.9,1690.0,20.3,6.8,92.3,28.9,2.9,1690.0,6.8,114.92,11208049510,11.217564798919122
2807902114,28079,114,02,079,28,13,2807902,28079,Madrid,Comunidad de Madrid,ES,3,0,0,Madrid,1039.86444605,41831.5727147,38.8,1182.0,39.4,8.0,94.0,16.2,2.1,1182.0,8.0,94.56,12391608689,27.313084629388616
2807903001,28079,001,03,079,28,13,2807903,28079,Madrid,Comunidad de Madrid,ES,3,0,0,Madrid,650.952785914,24795.4914973,49.6,1678.0,28.1,29.3,95.7,8.6,2.4,1678.0,29.3,491.654,4670742612,20.886872504529734
2807903002,28079,002,03,079,28,13,2807903,28079,Madrid,Comunidad de Madrid,ES,3,0,0,Madrid,1559.99655919,68856.0655816,45.4,886.0,43.7,20.8,82.3,9.8,2.1,886.0,20.8,184.28799999999998,6285659101,47.135606510354876
2807903003,28079,003,03,079,28,13,2807903,28079,Madrid,Comunidad de Madrid,ES,3,0,0,Madrid,617.468348823,17785.283441,47.8,917.0,33.2,25.7,85.7,11.9,2.3,917.0,25.7,235.66899999999998,31010807,47.03248673217717
2807903004,28079,004,03,079,28,13,2807903,28079,Madrid,Comunidad de Madrid,ES,3,0,0,Madrid,688.069956963,21100.5641752,45.1,1005.0,45.7,20.3,83.3,10.9,2.0,1005.0,20.3,204.015,3694144517,28.00888084484677
2807903005,28079,005,03,079,28,13,2807903,28079,Madrid,Comunidad de Madrid,ES,3,0,0,Madrid,404.767996179,9931.13851661,45.4,700.0,40.6,20.6,80.4,9.4,2.1,700.0,20.6,144.20000000000002,31010774,42.43813481504752
2807903006,28079,006,03,079,28,13,2807903,28079,Madrid,Comunidad de Madrid,ES,3,0,0,Madrid,703.67534511,28384.9557474,51.5,2012.0,32.5,36.4,92.8,8.6,2.2,2012.0,36.4,732.368,12570826638,67.89225193658942
2807903007,28079,007,03,079,28,13,2807903,28079,Madrid,Comunidad de Madrid,ES,3,0,0,Madrid,467.273198353,13577.4487334,43.6,1021.0,44.9,16.4,75.6,9.4,2.1,1021.0,16.4,167.444,11495561224,51.28268390802565
2807903008,28079,008,03,079,28,13,2807903,28079,Madrid,Comunidad de Madrid,ES,3,0,0,Madrid,500.29767387,15624.9452725,47.3,1082.0,40.7,27.5,86.9,10.6,2.1,1082.0,27.5,297.55,340170453,62.649814186023626
2807903009,28079,009,03,079,28,13,2807903,28079,Madrid,Comunidad de Madrid,ES,3,0,0,Madrid,556.6673161,17784.7651164,48.9,1009.0,35.5,30.6,86.1,10.4,2.3,1009.0,30.6,308.754,12388260339,22.65765765192018
2807903010,28079,010,03,079,28,13,2807903,28079,Madrid,Comunidad de Madrid,ES,3,0,0,Madrid,718.764526681,21039.5032651,50.5,1017.0,39.5,33.7,93.6,9.9,2.1,1017.0,33.7,342.72900000000004,3264583448,55.01321174782995
2807903011,28079,011,03,079,28,13,2807903,28079,Madrid,Comunidad de Madrid,ES,3,0,0,Madrid,526.448707757,17306.296298,46.7,1057.0,37.3,25.7,87.8,11.7,2.2,1057.0,25.7,271.649,3643198200,21.904964097307282
2807903012,28079,012,03,079,28,13,2807903,28079,Madrid,Comunidad de Madrid,ES,3,0,0,Madrid,502.899016648,15806.4424738,47.7,1010.0,35.3,26.0,89.5,12.5,2.3,1010.0,26.0,262.6,5484492530,77.16826918287089
2807903013,28079,013,03,079,28,13,2807903,28079,Madrid,Comunidad de Madrid,ES,3,0,0,Madrid,476.699416464,14125.2578486,46.7,1043.0,36.2,23.8,92.0,13.0,2.3,1043.0,23.8,248.234,14053364161,64.5926796636135
2807903014,28079,014,03,079,28,13,2807903,28079,Madrid,Comunidad de Madrid,ES,3,0,0,Madrid,583.093511662,20923.4313963,45.7,1280.0,35.5,23.6,89.8,13.4,2.3,1280.0,23.6,302.08,9716273475,27.374687401813997
2807903015,28079,015,03,079,28,13,2807903,28079,Madrid,Comunidad de Madrid,ES,3,0,0,Madrid,484.057007941,14564.3659449,46.8,1051.0,33.2,24.9,81.4,10.5,2.3,1051.0,24.9,261.69899999999996,4668493561,56.58552459251471
2807903016,28079,016,03,079,28,13,2807903,28079,Madrid,Comunidad de Madrid,ES,3,0,0,Madrid,492.282677625,15102.1420464,45.1,818.0,40.2,20.4,84.5,9.1,2.2,818.0,20.4,166.87199999999996,340172216,24.624658439894866
2807903017,28079,017,03,079,28,13,2807903,28079,Madrid,Comunidad de Madrid,ES,3,0,0,Madrid,570.127217898,18889.8534047,47.7,1234.0,30.6,27.9,89.3,13.1,2.3,1234.0,27.9,344.286,3690063083,63.09961538430322
2807903018,28079,018,03,079,28,13,2807903,28079,Madrid,Comunidad de Madrid,ES,3,0,0,Madrid,697.883785388,26830.5428973,49.4,1820.0,42.3,30.4,87.9,10.7,2.0,1820.0,30.4,553.28,13640905289,67.3357820477413
2807903019,28079,019,03,079,28,13,2807903,28079,Madrid,Comunidad de Madrid,ES,3,0,0,Madrid,916.65081915,50206.7936085,50.7,1794.0,34.9,33.3,94.1,12.0,2.3,1794.0,33.3,597.4019999999999,12256250776,67.77447714124382
2807903020,28079,020,03,079,28,13,2807903,28079,Madrid,Comunidad de Madrid,ES,3,0,0,Madrid,840.953912841,38073.5794809,44.8,1429.0,41.8,22.0,85.0,13.9,2.2,1429.0,22.0,314.38,12349507425,13.899496605526297
2807903021,28079,021,03,079,28,13,2807903,28079,Madrid,Comunidad de Madrid,ES,3,0,0,Madrid,816.727271576,35530.3276446,44.6,2014.0,39.7,21.1,85.7,13.3,2.2,2014.0,21.1,424.954,14014706732,51.75181196419934
2807903022,28079,022,03,079,28,13,2807903,28079,Madrid,Comunidad de Madrid,ES,3,0,0,Madrid,404.49503176,9419.26422771,45.7,1082.0,42.8,21.2,76.3,9.0,2.2,1082.0,21.2,229.384,10915615223,57.993551686509754
2807903023,28079,023,03,079,28,13,2807903,28079,Madrid,Comunidad de Madrid,ES,3,0,0,Madrid,585.136021522,21212.3987264,47.7,953.0,39.6,27.6,90.8,11.5,2.1,953.0,27.6,263.028,6450890247,56.56705379352193
2807903024,28079,024,03,079,28,13,2807903,28079,Madrid,Comunidad de Madrid,ES,3,0,0,Madrid,578.990044482,19796.6995379,48.6,1182.0,31.7,29.5,91.7,11.8,2.3,1182.0,29.5,348.69,12323271548,25.49162164690787
2807903025,28079,025,03,079,28,13,2807903,28079,Madrid,Comunidad de Madrid,ES,3,0,0,Madrid,928.254701199,35781.4670648,44.5,1408.0,41.2,19.3,89.4,12.3,2.0,1408.0,19.3,271.744,3430449657,7.788054619867211
2807903026,28079,026,03,079,28,13,2807903,28079,Madrid,Comunidad de Madrid,ES,3,0,0,Madrid,1127.07522606,44754.0732844,46.8,1722.0,34.9,23.2,90.7,11.2,2.3,1722.0,23.2,399.504,30922256,17.63365751463996
2807903027,28079,027,03,079,28,13,2807903,28079,Madrid,Comunidad de Madrid,ES,3,0,0,Madrid,604.965411729,20374.1510543,45.4,1238.0,32.9,23.1,87.6,13.5,2.3,1238.0,23.1,285.978,3701939112,16.476144716502528
2807903028,28079,028,03,079,28,13,2807903,28079,Madrid,Comunidad de Madrid,ES,3,0,0,Madrid,812.009507433,34903.1837286,45.5,1447.0,33.1,24.7,88.5,13.3,2.3,1447.0,24.7,357.409,8552795850,62.3228380769927
2807903029,28079,029,03,079,28,13,2807903,28079,Madrid,Comunidad de Madrid,ES,3,0,0,Madrid,1081.88498671,71025.1865541,45.4,1616.0,27.9,25.3,91.7,14.2,2.5,1616.0,25.3,408.848,30922126,16.831717780645626
2807903030,28079,030,03,079,28,13,2807903,28079,Madrid,Comunidad de Madrid,ES,3,0,0,Madrid,805.695623528,27404.7869497,51.3,785.0,21.5,39.8,98.1,15.3,2.8,785.0,39.8,312.42999999999995,8409858920,41.85509588686548
2807903031,28079,031,03,079,28,13,2807903,28079,Madrid,Comunidad de Madrid,ES,3,0,0,Madrid,616.765591964,21491.9648581,46.9,1117.0,35.0,26.8,92.9,14.2,2.4,1117.0,26.8,299.356,6520883557,44.055161136416025
2807903032,28079,032,03,079,28,13,2807903,28079,Madrid,Comunidad de Madrid,ES,3,0,0,Madrid,1223.26761665,55522.2296102,49.5,1111.0,34.7,30.6,92.7,12.7,2.3,1111.0,30.6,339.966,8079116321,38.15248002519909
2807903033,28079,033,03,079,28,13,2807903,28079,Madrid,Comunidad de Madrid,ES,3,0,0,Madrid,1663.26280133,102183.105419,49.4,1420.0,27.8,31.6,93.6,11.2,2.4,1420.0,31.6,448.72,8008093020,41.27067186284269
2807903034,28079,034,03,079,28,13,2807903,28079,Madrid,Comunidad de Madrid,ES,3,0,0,Madrid,1076.50612458,39958.6372194,47.5,1383.0,23.6,29.9,94.1,13.2,2.7,1383.0,29.9,413.517,12392889375,11.257576403516627
2807903035,28079,035,03,079,28,13,2807903,28079,Madrid,Comunidad de Madrid,ES,3,0,0,Madrid,1078.11688084,45104.5678687,47.9,1120.0,28.8,28.6,95.7,16.0,2.5,1120.0,28.6,320.32,2581972261,12.274673706761012
2807903036,28079,036,03,079,28,13,2807903,28079,Madrid,Comunidad de Madrid,ES,3,0,0,Madrid,750.576035285,18475.4432654,48.2,893.0,21.3,29.6,95.0,14.0,2.8,893.0,29.6,264.32800000000003,8491080870,20.495378235498176
2807903037,28079,037,03,079,28,13,2807903,28079,Madrid,Comunidad de Madrid,ES,3,0,0,Madrid,990.774481119,44416.8445051,48.4,1306.0,18.4,33.7,97.3,15.9,2.8,1306.0,33.7,440.12200000000007,8725030937,7.048122706902027
2807903038,28079,038,03,079,28,13,2807903,28079,Madrid,Comunidad de Madrid,ES,3,0,0,Madrid,769.050530799,31803.7367974,50.9,1009.0,19.8,37.9,97.0,15.3,2.7,1009.0,37.9,382.411,4414003056,13.784251756199248
2807903039,28079,039,03,079,28,13,2807903,28079,Madrid,Comunidad de Madrid,ES,3,0,0,Madrid,1034.58619255,43231.8910997,48.4,852.0,19.5,31.7,96.5,17.4,2.9,852.0,31.7,270.084,319925799,72.8510299311378
2807903040,28079,040,03,079,28,13,2807903,28079,Madrid,Comunidad de Madrid,ES,3,0,0,Madrid,689.236878764,14414.1397118,49.6,772.0,18.4,33.6,97.4,16.2,2.9,772.0,33.6,259.392,3679135994,19.636074064278514
2807903041,28079,041,03,079,28,13,2807903,28079,Madrid,Comunidad de Madrid,ES,3,0,0,Madrid,937.0411913,26679.4454616,48.4,1156.0,32.8,28.6,94.6,14.4,2.4,1156.0,28.6,330.616,5486163473,20.71411173454936
2807903042,28079,042,03,079,28,13,2807903,28079,Madrid,Comunidad de Madrid,ES,3,0,0,Madrid,774.648856136,33096.8892556,47.8,1119.0,34.5,28.1,93.3,14.9,2.4,1119.0,28.1,314.439,2587534580,9.788276880697953
2807903044,28079,044,03,079,28,13,2807903,28079,Madrid,Comunidad de Madrid,ES,3,0,0,Madrid,1120.27445008,75645.7413053,46.1,1140.0,29.2,25.9,91.8,17.6,2.5,1140.0,25.9,295.26,8068605908,3.554367578657298
2807903045,28079,045,03,079,28,13,2807903,28079,Madrid,Comunidad de Madrid,ES,3,0,0,Madrid,2099.71167615,91821.4701149,50.6,993.0,27.7,35.7,95.6,11.4,2.5,993.0,35.7,354.50100000000003,4234075381,11.268910581946967
2807903046,28079,046,03,079,28,13,2807903,28079,Madrid,Comunidad de Madrid,ES,3,0,0,Madrid,1052.2724436,38828.7536232,46.8,909.0,25.9,29.2,93.7,16.6,2.6,909.0,29.2,265.428,8512365334,24.940726487079115
2807903047,28079,047,03,079,28,13,2807903,28079,Madrid,Comunidad de Madrid,ES,3,0,0,Madrid,1415.74579706,67044.3859998,46.1,1584.0,32.5,23.2,89.7,12.2,2.4,1584.0,23.2,367.48799999999994,2681625964,35.41786669409241
2807903048,28079,048,03,079,28,13,2807903,28079,Madrid,Comunidad de Madrid,ES,3,0,0,Madrid,1639.98588091,135433.751201,44.8,1115.0,34.7,24.0,86.2,15.7,2.4,1115.0,24.0,267.6,12329996621,8.732826458344228
2807903049,28079,049,03,079,28,13,2807903,28079,Madrid,Comunidad de Madrid,ES,3,0,0,Madrid,681.651925755,28705.8952479,47.9,1797.0,26.1,28.9,91.0,14.4,2.5,1797.0,28.9,519.333,13782248598,69.85492243925015
2807903050,28079,050,03,079,28,13,2807903,28079,Madrid,Comunidad de Madrid,ES,3,0,0,Madrid,585.753445746,21432.3840661,47.2,1401.0,44.6,24.9,86.0,12.0,2.1,1401.0,24.9,348.849,6483369662,67.83991899940094
2807903051,28079,051,03,079,28,13,2807903,28079,Madrid,Comunidad de Madrid,ES,3,0,0,Madrid,558.429744193,19396.1988223,47.8,1091.0,33.4,26.2,87.4,11.5,2.4,1091.0,26.2,285.842,14127912443,64.63484851884634
2807903052,28079,052,03,079,28,13,2807903,28079,Madrid,Comunidad de Madrid,ES,3,0,0,Madrid,679.841721108,17975.4984407,45.2,969.0,31.5,24.9,86.4,15.4,2.4,969.0,24.9,241.28099999999998,12946802014,22.589776006276107
2807903053,28079,053,03,079,28,13,2807903,28079,Madrid,Comunidad de Madrid,ES,3,0,0,Madrid,512.450400644,16315.8998903,44.4,1445.0,31.1,23.0,79.2,15.0,2.5,1445.0,23.0,332.35,12946802071,47.02682525718326
2807903054,28079,054,03,079,28,13,2807903,28079,Madrid,Comunidad de Madrid,ES,3,0,0,Madrid,602.479490362,22200.1902803,48.9,1274.0,35.5,27.7,85.6,10.8,2.3,1274.0,27.7,352.89799999999997,13782248590,60.203176800722844
2807903055,28079,055,03,079,28,13,2807903,28079,Madrid,Comunidad de Madrid,ES,3,0,0,Madrid,563.850247008,19844.3095378,46.5,927.0,47.7,22.9,75.8,8.2,2.0,927.0,22.9,212.283,4414718748,58.27114747294562
2807903056,28079,056,03,079,28,13,2807903,28079,Madrid,Comunidad de Madrid,ES,3,0,0,Madrid,567.849407442,20109.2768544,44.9,1125.0,29.9,24.8,86.1,15.8,2.5,1125.0,24.8,279.0,7393169037,26.524571959367062
2807903057,28079,057,03,079,28,13,2807903,28079,Madrid,Comunidad de Madrid,ES,3,0,0,Madrid,533.4476663,17826.8961533,45.6,1098.0,31.7,25.1,88.6,14.7,2.5,1098.0,25.1,275.598,13433509488,64.97598597491472
2807903058,28079,058,03,079,28,13,2807903,28079,Madrid,Comunidad de Madrid,ES,3,0,0,Madrid,527.362685367,17410.0398347,46.3,1211.0,43.4,24.4,78.8,10.2,2.1,1211.0,24.4,295.484,11053144808,56.718423966088345
2807903059,28079,059,03,079,28,13,2807903,28079,Madrid,Comunidad de Madrid,ES,3,0,0,Madrid,723.927644846,22328.4790461,45.5,1145.0,36.4,23.0,82.9,13.5,2.3,1145.0,23.0,263.35,8369551414,5.605917073157953
2807903060,28079,060,03,079,28,13,2807903,28079,Madrid,Comunidad de Madrid,ES,3,0,0,Madrid,506.379546294,15333.8352807,44.3,778.0,36.7,21.1,81.8,15.9,2.2,778.0,21.1,164.15800000000002,3964030736,59.51181288084948
2807903061,28079,061,03,079,28,13,2807903,28079,Madrid,Comunidad de Madrid,ES,3,0,0,Madrid,468.989636943,13574.5203456,47.9,869.0,50.3,28.0,76.1,8.9,1.9,869.0,28.0,243.32,3963996973,56.30598493809118
2807903063,28079,063,03,079,28,13,2807903,28079,Madrid,Comunidad de Madrid,ES,3,0,0,Madrid,469.552874033,13587.2098998,45.4,773.0,36.8,24.8,84.9,13.3,2.3,773.0,24.8,191.704,9221626424,51.69181494523968
2807903064,28079,064,03,079,28,13,2807903,28079,Madrid,Comunidad de Madrid,ES,3,0,0,Madrid,524.767381203,17212.338769,48.1,966.0,28.9,30.0,90.0,13.0,2.5,966.0,30.0,289.8,8957222283,71.7356594145243
2807903065,28079,065,03,079,28,13,2807903,28079,Madrid,Comunidad de Madrid,ES,3,0,0,Madrid,738.503956461,31533.9759056,45.8,1497.0,30.8,24.3,84.6,12.4,2.4,1497.0,24.3,363.77099999999996,9206536246,25.00008708891133
2807903066,28079,066,03,079,28,13,2807903,28079,Madrid,Comunidad de Madrid,ES,3,0,0,Madrid,519.868873536,16863.8297235,47.6,860.0,35.3,25.6,84.4,11.4,2.3,860.0,25.6,220.16,3697043154,64.86975267364
2807903067,28079,067,03,079,28,13,2807903,28079,Madrid,Comunidad de Madrid,ES,3,0,0,Madrid,639.237470807,24546.5105394,46.8,1228.0,33.0,25.9,86.6,13.4,2.4,1228.0,25.9,318.05199999999996,3964030746,31.989412125653566
2807903069,28079,069,03,079,28,13,2807903,28079,Madrid,Comunidad de Madrid,ES,3,0,0,Madrid,1438.5224677,128183.542641,44.3,814.0,33.1,19.7,77.8,13.9,2.6,814.0,19.7,160.358,6505483450,35.28981904143649
2807903070,28079,070,03,079,28,13,2807903,28079,Madrid,Comunidad de Madrid,ES,3,0,0,Madrid,1363.98888072,88382.0467659,46.2,683.0,38.0,22.6,80.5,12.9,2.4,683.0,22.6,154.358,26486591,25.583642577236013
2807903071,28079,071,03,079,28,13,2807903,28079,Madrid,Comunidad de Madrid,ES,3,0,0,Madrid,2399.03203105,239152.613027,48.0,1371.0,39.2,27.3,78.8,12.1,2.3,1371.0,27.3,374.283,13202678516,2.7665788519320906
2807903073,28079,073,03,079,28,13,2807903,28079,Madrid,Comunidad de Madrid,ES,3,0,0,Madrid,4908.81014437,1394589.70805,47.4,1643.0,29.8,27.5,86.7,12.7,2.5,1643.0,27.5,451.825,1150115420,11.403319785923582
2807903074,28079,074,03,079,28,13,2807903,28079,Madrid,Comunidad de Madrid,ES,3,0,0,Madrid,820.72574498,25250.6086128,48.6,1105.0,30.3,29.0,92.9,13.0,2.4,1105.0,29.0,320.45,2642887397,41.07733697393486
2807903076,28079,076,03,079,28,13,2807903,28079,Madrid,Comunidad de Madrid,ES,3,0,0,Madrid,861.794494663,21701.7150583,50.6,1019.0,28.7,31.4,93.5,13.4,2.5,1019.0,31.4,319.966,3299367151,36.06286615154623
2807903077,28079,077,03,079,28,13,2807903,28079,Madrid,Comunidad de Madrid,ES,3,0,0,Madrid,870.133295692,33874.6996953,47.6,1598.0,32.2,27.4,92.8,14.7,2.6,1598.0,27.4,437.852,7296533254,57.13448622547005
2807903078,28079,078,03,079,28,13,2807903,28079,Madrid,Comunidad de Madrid,ES,3,0,0,Madrid,940.344824807,51492.0818145,47.3,1484.0,30.3,27.2,94.6,16.8,2.6,1484.0,27.2,403.64799999999997,3632285744,22.00614219354103
2807903079,28079,079,03,079,28,13,2807903,28079,Madrid,Comunidad de Madrid,ES,3,0,0,Madrid,659.809381348,23597.6968219,47.5,1260.0,36.6,29.1,90.8,12.7,2.2,1260.0,29.1,366.66,6520883566,52.77878200019181
2807903080,28079,080,03,079,28,13,2807903,28079,Madrid,Comunidad de Madrid,ES,3,0,0,Madrid,1529.65802927,103013.604962,45.4,1785.0,24.5,25.9,91.2,17.2,2.8,1785.0,25.9,462.315,150987809,11.565718794922585
2807903081,28079,081,03,079,28,13,2807903,28079,Madrid,Comunidad de Madrid,ES,3,0,0,Madrid,1956.83089779,159199.126897,47.1,1801.0,21.0,29.5,95.8,16.3,3.0,1801.0,29.5,531.295,3271653784,29.979686748861905
2807903082,28079,082,03,079,28,13,2807903,28079,Madrid,Comunidad de Madrid,ES,3,0,0,Madrid,1605.27953782,76111.3001682,45.8,1432.0,20.7,25.9,94.3,16.8,2.9,1432.0,25.9,370.888,13353154964,32.07257430984238
2807903084,28079,084,03,079,28,13,2807903,28079,Madrid,Comunidad de Madrid,ES,3,0,0,Madrid,758.892700722,27555.7224082,45.1,1520.0,27.3,24.1,90.8,16.8,2.7,1520.0,24.1,366.32,2535767444,33.45078169904222
2807903085,28079,085,03,079,28,13,2807903,28079,Madrid,Comunidad de Madrid,ES,3,0,0,Madrid,1404.69936921,48957.9225142,48.1,858.0,32.2,33.5,94.6,15.9,2.5,858.0,33.5,287.43,8043128719,24.615690552438515
2807903086,28079,086,03,079,28,13,2807903,28079,Madrid,Comunidad de Madrid,ES,3,0,0,Madrid,1121.14389552,68277.8354586,47.2,1038.0,36.2,26.7,90.8,13.9,2.4,1038.0,26.7,277.14599999999996,2682741558,29.29991830228294
2807903087,28079,087,03,079,28,13,2807903,28079,Madrid,Comunidad de Madrid,ES,3,0,0,Madrid,1135.78261737,38732.910678,47.0,1674.0,26.9,27.9,95.0,16.9,2.6,1674.0,27.9,467.046,1890102349,25.22279354065487
2807903088,28079,088,03,079,28,13,2807903,28079,Madrid,Comunidad de Madrid,ES,3,0,0,Madrid,487.411597669,11778.6535705,45.1,656.0,32.3,23.3,90.9,16.5,2.4,656.0,23.3,152.848,13782248597,26.492824679219694
2807903089,28079,089,03,079,28,13,2807903,28079,Madrid,Comunidad de Madrid,ES,3,0,0,Madrid,693.781880693,28273.1748594,51.3,1741.0,23.0,37.5,96.8,10.4,2.5,1741.0,37.5,652.875,3264584258,59.727332092857324
2807903090,28079,090,03,079,28,13,2807903,28079,Madrid,Comunidad de Madrid,ES,3,0,0,Madrid,970.199348443,22589.1559183,52.2,1075.0,14.7,43.7,97.6,14.2,2.7,1075.0,43.7,469.775,4280744938,7.673190102067075
2807903091,28079,091,03,079,28,13,2807903,28079,Madrid,Comunidad de Madrid,ES,3,0,0,Madrid,2280.40454188,224520.681471,51.3,1568.0,21.2,38.8,95.9,13.8,2.7,1568.0,38.8,608.3839999999999,2614040623,24.643552720368195
2807903092,28079,092,03,079,28,13,2807903,28079,Madrid,Comunidad de Madrid,ES,3,0,0,Madrid,1618.10366414,80325.4186407,46.1,2193.0,24.9,27.0,94.1,15.4,2.6,2193.0,27.0,592.11,8441429415,9.284576372515376
2807903093,28079,093,03,079,28,13,2807903,28079,Madrid,Comunidad de Madrid,ES,3,0,0,Madrid,889.335485299,22380.4380328,51.8,1167.0,20.2,41.2,97.3,15.4,2.7,1167.0,41.2,480.80400000000003,8625760803,28.918156832883586
2807903094,28079,094,03,079,28,13,2807903,28079,Madrid,Comunidad de Madrid,ES,3,0,0,Madrid,630.817733921,23369.7641961,49.5,791.0,13.2,34.3,95.5,13.9,2.9,791.0,34.3,271.313,12903291558,4.668884843504665
2807903095,28079,095,03,079,28,13,2807903,28079,Madrid,Comunidad de Madrid,ES,3,0,0,Madrid,1266.4358628,81828.2291478,48.6,1850.0,29.2,26.8,94.2,10.9,2.4,1850.0,26.8,495.8,6364776289,2.0142717896382334
2807903096,28079,096,03,079,28,13,2807903,28079,Madrid,Comunidad de Madrid,ES,3,0,0,Madrid,894.390669406,38905.7402524,46.4,1924.0,29.5,21.9,96.0,11.8,2.4,1924.0,21.9,421.356,6133592986,74.85871948363113
2807903097,28079,097,03,079,28,13,2807903,28079,Madrid,Comunidad de Madrid,ES,3,0,0,Madrid,755.109027336,29475.8897289,42.3,1274.0,21.4,15.9,89.6,16.7,2.6,1274.0,15.9,202.56600000000003,7963549842,45.517773926647166
2807903098,28079,098,03,079,28,13,2807903,28079,Madrid,Comunidad de Madrid,ES,3,0,0,Madrid,1289.61445987,75120.8224874,43.2,1914.0,35.6,16.6,90.3,11.7,2.2,1914.0,16.6,317.724,3338757331,32.754317793077306
2807903099,28079,099,03,079,28,13,2807903,28079,Madrid,Comunidad de Madrid,ES,3,0,0,Madrid,965.784488564,56332.8957782,45.1,1392.0,40.2,23.1,90.0,12.8,2.1,1392.0,23.1,321.552,30922123,29.2310587019291
2807903100,28079,100,03,079,28,13,2807903,28079,Madrid,Comunidad de Madrid,ES,3,0,0,Madrid,796.401268138,38432.6877709,47.9,1178.0,30.6,23.3,94.6,9.7,2.4,1178.0,23.3,274.474,3649642777,49.59306630477094
2807903101,28079,101,03,079,28,13,2807903,28079,Madrid,Comunidad de Madrid,ES,3,0,0,Madrid,1279.78282167,74363.3600218,39.9,1401.0,26.5,15.4,94.4,22.8,2.5,1401.0,15.4,215.75400000000002,3430046502,17.88960732550377
2807904001,28079,001,04,079,28,13,2807904,28079,Madrid,Comunidad de Madrid,ES,3,0,0,Madrid,1320.58663493,108754.347627,45.4,1070.0,48.7,22.5,72.2,11.7,2.0,1070.0,22.5,240.75,25901851,62.488280125016864
2807904002,28079,002,04,079,28,13,2807904,28079,Madrid,Comunidad de Madrid,ES,3,0,0,Madrid,962.134759893,55681.5179813,47.1,1038.0,38.6,26.1,78.4,12.5,2.3,1038.0,26.1,270.918,4576234360,16.550293239203448
2807904003,28079,003,04,079,28,13,2807904,28079,Madrid,Comunidad de Madrid,ES,3,0,0,Madrid,765.623094659,30506.3560174,46.3,799.0,41.1,24.4,77.2,11.3,2.2,799.0,24.4,194.956,26513105,60.65007007026417
2807904004,28079,004,04,079,28,13,2807904,28079,Madrid,Comunidad de Madrid,ES,3,0,0,Madrid,1064.16554708,59369.7154977,47.5,886.0,41.1,24.8,79.8,9.9,2.3,886.0,24.8,219.72799999999998,26513117,18.855724343358204
2807904005,28079,005,04,079,28,13,2807904,28079,Madrid,Comunidad de Madrid,ES,3,0,0,Madrid,1534.43685156,142433.843879,46.7,777.0,41.3,24.7,80.7,12.7,2.2,777.0,24.7,191.91899999999998,1465071278,20.796927441519777
2807904006,28079,006,04,079,28,13,2807904,28079,Madrid,Comunidad de Madrid,ES,3,0,0,Madrid,1228.52123408,93085.4489822,45.7,952.0,43.8,25.5,75.3,10.1,2.1,952.0,25.5,242.76,1963430776,36.451969976257395
2807904007,28079,007,04,079,28,13,2807904,28079,Madrid,Comunidad de Madrid,ES,3,0,0,Madrid,961.153806316,56122.4766147,43.9,1351.0,46.1,20.8,74.0,11.5,2.1,1351.0,20.8,281.008,4269562180,2.7804480340501483
2807904008,28079,008,04,079,28,13,2807904,28079,Madrid,Comunidad de Madrid,ES,3,0,0,Madrid,689.208634914,29391.5695959,43.6,1091.0,50.5,19.8,71.1,8.5,2.0,1091.0,19.8,216.018,28096822,76.25614220456984
2807904009,28079,009,04,079,28,13,2807904,28079,Madrid,Comunidad de Madrid,ES,3,0,0,Madrid,1290.17342585,68262.2550665,47.4,1708.0,31.1,28.6,84.7,13.7,2.6,1708.0,28.6,488.48800000000006,5310390437,45.95666182995232
2807904010,28079,010,04,079,28,13,2807904,28079,Madrid,Comunidad de Madrid,ES,3,0,0,Madrid,787.035965269,31732.2866662,43.6,762.0,33.8,19.6,79.0,13.8,2.6,762.0,19.6,149.352,13115290124,48.995501687412485
2807904011,28079,011,04,079,28,13,2807904,28079,Madrid,Comunidad de Madrid,ES,3,0,0,Madrid,1001.7548885,45505.3957211,45.0,1400.0,39.5,22.6,79.5,12.3,2.3,1400.0,22.6,316.40000000000003,4802462914,12.17971219204966
2807904012,28079,012,04,079,28,13,2807904,28079,Madrid,Comunidad de Madrid,ES,3,0,0,Madrid,1539.77610368,72959.9572704,46.8,1219.0,37.9,25.4,82.0,11.6,2.3,1219.0,25.4,309.626,13115335748,41.60715616384838
2807904013,28079,013,04,079,28,13,2807904,28079,Madrid,Comunidad de Madrid,ES,3,0,0,Madrid,670.638022753,23011.6286108,46.6,888.0,37.4,24.6,78.6,12.2,2.3,888.0,24.6,218.44800000000004,12811200945,62.485439118882184
2807904014,28079,014,04,079,28,13,2807904,28079,Madrid,Comunidad de Madrid,ES,3,0,0,Madrid,1221.3167389,53595.6231549,46.3,1168.0,41.1,25.7,79.2,12.8,2.3,1168.0,25.7,300.176,13088588684,50.68422924217334
2807904015,28079,015,04,079,28,13,2807904,28079,Madrid,Comunidad de Madrid,ES,3,0,0,Madrid,865.809135722,37184.1055377,47.3,1271.0,36.6,26.1,80.1,10.5,2.3,1271.0,26.1,331.731,5205019875,18.28949178454967
2807904016,28079,016,04,079,28,13,2807904,28079,Madrid,Comunidad de Madrid,ES,3,0,0,Madrid,898.070467371,33608.2808313,43.8,1382.0,42.3,22.4,78.7,12.8,2.3,1382.0,22.4,309.568,4802462917,32.248145954116964
2807904017,28079,017,04,079,28,13,2807904,28079,Madrid,Comunidad de Madrid,ES,3,0,0,Madrid,652.766770441,24774.7033652,46.6,1298.0,39.9,26.2,81.7,10.1,2.1,1298.0,26.2,340.07599999999996,2700622628,7.9502779463362065
2807904018,28079,018,04,079,28,13,2807904,28079,Madrid,Comunidad de Madrid,ES,3,0,0,Madrid,667.01176128,26299.4945953,47.2,1218.0,39.0,26.4,86.5,12.1,2.2,1218.0,26.4,321.55199999999996,4823888754,59.20589247104403
2807904019,28079,019,04,079,28,13,2807904,28079,Madrid,Comunidad de Madrid,ES,3,0,0,Madrid,766.786170897,29618.9245766,45.3,713.0,42.0,23.8,81.4,12.6,2.2,713.0,23.8,169.69400000000002,13115366416,5.759026007852442
2807904020,28079,020,04,079,28,13,2807904,28079,Madrid,Comunidad de Madrid,ES,3,0,0,Madrid,790.942027314,27815.8652635,44.6,779.0,38.1,23.8,79.7,11.9,2.1,779.0,23.8,185.40200000000002,7985633311,34.40788125860218
2807904021,28079,021,04,079,28,13,2807904,28079,Madrid,Comunidad de Madrid,ES,3,0,0,Madrid,493.449658164,15170.0971778,45.6,838.0,39.4,22.2,81.3,11.3,2.2,838.0,22.2,186.03599999999997,29491599,64.00032035699579
2807904023,28079,023,04,079,28,13,2807904,28079,Madrid,Comunidad de Madrid,ES,3,0,0,Madrid,873.296203912,39714.0041675,45.6,874.0,45.7,24.5,76.7,9.7,2.1,874.0,24.5,214.13,1505184350,43.110456122832765
2807904024,28079,024,04,079,28,13,2807904,28079,Madrid,Comunidad de Madrid,ES,3,0,0,Madrid,550.252594646,18620.8325367,43.7,1309.0,43.3,19.1,75.0,9.2,2.1,1309.0,19.1,250.019,4802462852,86.84925471547191
2807904025,28079,025,04,079,28,13,2807904,28079,Madrid,Comunidad de Madrid,ES,3,0,0,Madrid,550.341024529,18699.2579728,45.6,922.0,45.0,24.5,80.2,9.7,2.0,922.0,24.5,225.89,4802462856,86.7210158516138
2807904026,28079,026,04,079,28,13,2807904,28079,Madrid,Comunidad de Madrid,ES,3,0,0,Madrid,562.941458642,19662.8621343,46.8,854.0,39.5,26.7,83.5,10.5,2.2,854.0,26.7,228.018,4802463138,87.56263514380893
2807904027,28079,027,04,079,28,13,2807904,28079,Madrid,Comunidad de Madrid,ES,3,0,0,Madrid,563.656396049,19683.88011,43.3,1579.0,35.9,20.2,75.1,11.5,2.4,1579.0,20.2,318.95799999999997,4278183418,80.15221678126274
2807904028,28079,028,04,079,28,13,2807904,28079,Madrid,Comunidad de Madrid,ES,3,0,0,Madrid,581.94824115,21172.9406924,45.3,1418.0,44.6,21.7,77.4,8.7,2.1,1418.0,21.7,307.70599999999996,4763853341,84.9479087675921
2807904029,28079,029,04,079,28,13,2807904,28079,Madrid,Comunidad de Madrid,ES,3,0,0,Madrid,782.286580168,35217.6465303,45.7,1449.0,36.4,26.1,84.8,15.1,2.4,1449.0,26.1,378.189,4813562589,58.091359315260874
2807904030,28079,030,04,079,28,13,2807904,28079,Madrid,Comunidad de Madrid,ES,3,0,0,Madrid,800.154079523,31184.2660011,46.0,1432.0,38.9,25.6,83.2,11.6,2.3,1432.0,25.6,366.59200000000004,28096839,38.82930000661426
2807904031,28079,031,04,079,28,13,2807904,28079,Madrid,Comunidad de Madrid,ES,3,0,0,Madrid,697.860928747,21851.4882943,46.4,874.0,34.8,24.8,77.7,10.4,2.4,874.0,24.8,216.752,9221314704,47.44935678333436
2807904032,28079,032,04,079,28,13,2807904,28079,Madrid,Comunidad de Madrid,ES,3,0,0,Madrid,535.77185272,17939.0647165,45.5,825.0,42.7,22.1,82.7,11.8,2.2,825.0,22.1,182.325,5232444745,60.22367724918499
2807904033,28079,033,04,079,28,13,2807904,28079,Madrid,Comunidad de Madrid,ES,3,0,0,Madrid,711.971932683,24313.1187572,45.3,1085.0,36.6,24.5,82.3,11.7,2.3,1085.0,24.5,265.825,4813562570,57.24932766819875
2807904034,28079,034,04,079,28,13,2807904,28079,Madrid,Comunidad de Madrid,ES,3,0,0,Madrid,823.223595392,40403.2320899,44.2,1635.0,33.4,21.8,82.5,11.4,2.4,1635.0,21.8,356.43,4954628517,55.96328529398843
2807904035,28079,035,04,079,28,13,2807904,28079,Madrid,Comunidad de Madrid,ES,3,0,0,Madrid,699.670743105,29665.2638185,44.2,1470.0,38.2,20.5,81.6,11.1,2.2,1470.0,20.5,301.35,996183744,31.841291215006752
2807904036,28079,036,04,079,28,13,2807904,28079,Madrid,Comunidad de Madrid,ES,3,0,0,Madrid,626.762372222,23326.6389835,47.0,716.0,35.0,25.6,86.0,12.2,2.3,716.0,25.6,183.29600000000002,4995784500,72.14639730780983
2807904037,28079,037,04,079,28,13,2807904,28079,Madrid,Comunidad de Madrid,ES,3,0,0,Madrid,527.118057958,14195.3560539,46.5,798.0,38.7,24.8,85.5,10.4,2.1,798.0,24.8,197.90400000000002,5308459563,68.24345361438222
2807904038,28079,038,04,079,28,13,2807904,28079,Madrid,Comunidad de Madrid,ES,3,0,0,Madrid,1079.16868712,46374.7683995,46.1,1069.0,38.4,24.6,80.1,9.5,2.2,1069.0,24.6,262.974,150540629,37.16779156060505
2807904039,28079,039,04,079,28,13,2807904,28079,Madrid,Comunidad de Madrid,ES,3,0,0,Madrid,789.538400399,32999.988105,46.9,750.0,41.3,26.0,85.5,11.3,2.1,750.0,26.0,195.0,7553321378,31.765570988470657
2807904040,28079,040,04,079,28,13,2807904,28079,Madrid,Comunidad de Madrid,ES,3,0,0,Madrid,465.287750749,13229.5657883,47.5,757.0,35.7,28.9,86.4,13.5,2.4,757.0,28.9,218.773,7993847785,65.84325035990706
2807904041,28079,041,04,079,28,13,2807904,28079,Madrid,Comunidad de Madrid,ES,3,0,0,Madrid,461.383986799,13024.8396855,47.4,962.0,38.7,24.4,82.5,8.4,2.2,962.0,24.4,234.72799999999998,2702178799,51.20923455302426
2807904042,28079,042,04,079,28,13,2807904,28079,Madrid,Comunidad de Madrid,ES,3,0,0,Madrid,1599.00151002,95332.6544781,47.0,1387.0,29.0,26.4,88.3,13.1,2.6,1387.0,26.4,366.16799999999995,8625858288,13.569435422208741
2807904043,28079,043,04,079,28,13,2807904,28079,Madrid,Comunidad de Madrid,ES,3,0,0,Madrid,1449.05772422,113212.380075,44.6,1333.0,27.1,20.9,87.8,15.2,2.6,1333.0,20.9,278.597,996184058,18.79561241756055
2807904044,28079,044,04,079,28,13,2807904,28079,Madrid,Comunidad de Madrid,ES,3,0,0,Madrid,2756.54139916,261960.588251,44.5,1638.0,30.4,22.7,86.6,17.0,2.6,1638.0,22.7,371.82599999999996,3145858865,18.729097016529188
2807904045,28079,045,04,079,28,13,2807904,28079,Madrid,Comunidad de Madrid,ES,3,0,0,Madrid,894.397198376,39932.5147051,45.8,1418.0,41.7,22.3,85.6,12.1,2.1,1418.0,22.3,316.214,150554059,34.92136601172794
2807904046,28079,046,04,079,28,13,2807904,28079,Madrid,Comunidad de Madrid,ES,3,0,0,Madrid,498.90632847,14687.8987797,49.6,628.0,36.6,30.4,90.1,9.9,2.2,628.0,30.4,190.912,373821606,46.80948570259591
2807904047,28079,047,04,079,28,13,2807904,28079,Madrid,Comunidad de Madrid,ES,3,0,0,Madrid,558.767761046,14391.664554,50.0,1049.0,34.5,33.9,88.8,10.2,2.3,1049.0,33.9,355.611,150554125,22.97911098634134
2807904048,28079,048,04,079,28,13,2807904,28079,Madrid,Comunidad de Madrid,ES,3,0,0,Madrid,518.995098709,15956.1097074,45.4,983.0,40.1,22.7,83.4,11.0,2.3,983.0,22.7,223.141,373821696,16.879168622425272
2807904049,28079,049,04,079,28,13,2807904,28079,Madrid,Comunidad de Madrid,ES,3,0,0,Madrid,609.383237039,19513.2328481,45.8,1344.0,46.2,21.7,81.2,9.0,2.0,1344.0,21.7,291.64799999999997,373822448,38.804393406271764
2807904050,28079,050,04,079,28,13,2807904,28079,Madrid,Comunidad de Madrid,ES,3,0,0,Madrid,454.830881333,11443.7685898,44.0,746.0,35.2,22.0,79.4,12.7,2.3,746.0,22.0,164.12,150553455,73.86657074420496
2807904051,28079,051,04,079,28,13,2807904,28079,Madrid,Comunidad de Madrid,ES,3,0,0,Madrid,795.90015242,26112.6120228,43.6,1349.0,37.4,18.3,80.4,12.6,2.3,1349.0,18.3,246.86700000000002,150554071,49.77060882134246
2807904052,28079,052,04,079,28,13,2807904,28079,Madrid,Comunidad de Madrid,ES,3,0,0,Madrid,993.96059195,23944.5393197,45.8,1091.0,40.2,23.7,85.7,10.4,2.2,1091.0,23.7,258.567,2149714935,6.815930231048537
2807904053,28079,053,04,079,28,13,2807904,28079,Madrid,Comunidad de Madrid,ES,3,0,0,Madrid,575.286131712,16614.8944886,48.1,1219.0,41.1,27.2,84.2,10.1,2.1,1219.0,27.2,331.568,996183543,14.755448398590788
2807904054,28079,054,04,079,28,13,2807904,28079,Madrid,Comunidad de Madrid,ES,3,0,0,Madrid,1459.24161905,82762.9626046,48.1,1276.0,32.8,27.7,87.5,13.4,2.4,1276.0,27.7,353.452,1990763793,20.636701713432878
2807904055,28079,055,04,079,28,13,2807904,28079,Madrid,Comunidad de Madrid,ES,3,0,0,Madrid,798.765606063,33512.7062466,46.8,1665.0,38.2,25.6,89.6,11.2,2.2,1665.0,25.6,426.24,3147074060,28.62209959420718
2807904056,28079,056,04,079,28,13,2807904,28079,Madrid,Comunidad de Madrid,ES,3,0,0,Madrid,1256.28379446,48075.0134673,45.8,1545.0,35.9,25.2,85.2,15.2,2.3,1545.0,25.2,389.34,2191461030,18.105221556888335
2807904057,28079,057,04,079,28,13,2807904,28079,Madrid,Comunidad de Madrid,ES,3,0,0,Madrid,894.877222471,35973.6162122,45.3,1197.0,42.3,24.1,83.5,11.1,2.2,1197.0,24.1,288.47700000000003,98980000,78.70434739990479
2807904058,28079,058,04,079,28,13,2807904,28079,Madrid,Comunidad de Madrid,ES,3,0,0,Madrid,787.887681873,34997.5008337,46.1,1262.0,40.9,23.1,85.8,10.6,2.2,1262.0,23.1,291.522,2177375573,68.87385136538462
2807904060,28079,060,04,079,28,13,2807904,28079,Madrid,Comunidad de Madrid,ES,3,0,0,Madrid,1133.27388726,60612.3749316,47.3,1318.0,40.9,25.9,82.4,9.9,2.2,1318.0,25.9,341.36199999999997,3147774131,9.533354230913847
2807904061,28079,061,04,079,28,13,2807904,28079,Madrid,Comunidad de Madrid,ES,3,0,0,Madrid,871.1780645,26830.430047,46.7,1417.0,32.2,26.8,87.9,13.6,2.5,1417.0,26.8,379.756,11916449556,40.84770514343093
2807904062,28079,062,04,079,28,13,2807904,28079,Madrid,Comunidad de Madrid,ES,3,0,0,Madrid,1552.63686649,75154.020268,45.7,1282.0,37.7,23.4,83.5,12.7,2.3,1282.0,23.4,299.988,2184559600,6.849808656203743
2807904063,28079,063,04,079,28,13,2807904,28079,Madrid,Comunidad de Madrid,ES,3,0,0,Madrid,780.269469333,24941.1562174,45.9,1467.0,37.9,24.8,85.9,12.3,2.3,1467.0,24.8,363.816,11881767470,47.12017881368591
2807904064,28079,064,04,079,28,13,2807904,28079,Madrid,Comunidad de Madrid,ES,3,0,0,Madrid,757.765261059,32413.4749136,46.6,1108.0,40.5,26.3,84.7,10.8,2.1,1108.0,26.3,291.404,8655273105,18.08917125013327
2807904065,28079,065,04,079,28,13,2807904,28079,Madrid,Comunidad de Madrid,ES,3,0,0,Madrid,1164.03021492,38679.6735542,46.2,1677.0,40.6,24.7,85.5,11.2,2.2,1677.0,24.7,414.219,4260570991,39.474836254777735
2807904067,28079,067,04,079,28,13,2807904,28079,Madrid,Comunidad de Madrid,ES,3,0,0,Madrid,1063.56837095,40347.237565,47.0,1133.0,42.0,25.7,83.5,9.3,2.1,1133.0,25.7,291.181,4838266891,29.481829541059
2807904068,28079,068,04,079,28,13,2807904,28079,Madrid,Comunidad de Madrid,ES,3,0,0,Madrid,784.764793799,30632.8807238,47.1,1006.0,37.7,25.1,85.4,11.7,2.3,1006.0,25.1,252.50600000000003,60015591,51.272415829739735
2807904069,28079,069,04,079,28,13,2807904,28079,Madrid,Comunidad de Madrid,ES,3,0,0,Madrid,1145.14024127,52347.0053688,45.4,1552.0,37.1,23.3,86.7,13.4,2.3,1552.0,23.3,361.616,149220304,37.32527346764645
2807904070,28079,070,04,079,28,13,2807904,28079,Madrid,Comunidad de Madrid,ES,3,0,0,Madrid,949.285371066,47750.2317657,46.4,1195.0,39.0,25.4,84.9,11.1,2.2,1195.0,25.4,303.53,149223887,28.224061251217304
2807904071,28079,071,04,079,28,13,2807904,28079,Madrid,Comunidad de Madrid,ES,3,0,0,Madrid,1735.57590458,158731.16891,45.1,1094.0,33.6,21.5,90.8,12.0,2.4,1094.0,21.5,235.21,4088772929,32.228257709878605
2807904072,28079,072,04,079,28,13,2807904,28079,Madrid,Comunidad de Madrid,ES,3,0,0,Madrid,645.80083987,24968.3600671,48.6,676.0,30.5,27.7,91.0,14.4,2.3,676.0,27.7,187.252,3985910946,26.341368145788206
2807904073,28079,073,04,079,28,13,2807904,28079,Madrid,Comunidad de Madrid,ES,3,0,0,Madrid,998.750518497,40250.1138617,47.9,1407.0,34.3,28.4,93.5,14.2,2.4,1407.0,28.4,399.58799999999997,13481028587,42.16414365684434
2807904074,28079,074,04,079,28,13,2807904,28079,Madrid,Comunidad de Madrid,ES,3,0,0,Madrid,1883.31249475,128962.426588,48.9,1111.0,34.6,29.3,93.1,13.3,2.3,1111.0,29.3,325.52299999999997,3266917912,18.945005530745178
2807904075,28079,075,04,079,28,13,2807904,28079,Madrid,Comunidad de Madrid,ES,3,0,0,Madrid,746.68432163,16722.540982,48.2,977.0,23.9,26.9,93.9,15.6,2.7,977.0,26.9,262.813,7098681111,9.225658761793332
2807904076,28079,076,04,079,28,13,2807904,28079,Madrid,Comunidad de Madrid,ES,3,0,0,Madrid,532.146364639,17467.2913,50.3,890.0,17.8,29.9,94.9,12.8,2.9,890.0,29.9,266.11,13526398199,56.197500768984916
2807904077,28079,077,04,079,28,13,2807904,28079,Madrid,Comunidad de Madrid,ES,3,0,0,Madrid,609.954291036,21310.7672131,49.1,1089.0,17.1,28.7,97.4,15.5,2.9,1089.0,28.7,312.543,9741433839,64.4537430945473
2807904078,28079,078,04,079,28,13,2807904,28079,Madrid,Comunidad de Madrid,ES,3,0,0,Madrid,497.335895565,16086.5256528,47.9,645.0,24.1,28.1,96.0,15.4,2.8,645.0,28.1,181.245,5885776652,21.244246049849497
2807904079,28079,079,04,079,28,13,2807904,28079,Madrid,Comunidad de Madrid,ES,3,0,0,Madrid,767.200894436,25032.9146726,48.8,1069.0,20.2,29.7,95.3,13.1,2.8,1069.0,29.7,317.493,6925453315,23.885570937841443
2807904080,28079,080,04,079,28,13,2807904,28079,Madrid,Comunidad de Madrid,ES,3,0,0,Madrid,1558.25696528,89245.8960901,47.0,754.0,21.3,24.8,94.0,13.7,3.0,754.0,24.8,186.99200000000002,6828849200,33.063599236609136
2807904081,28079,081,04,079,28,13,2807904,28079,Madrid,Comunidad de Madrid,ES,3,0,0,Madrid,940.673342675,49110.5645467,48.7,1058.0,22.6,28.1,94.6,13.6,2.8,1058.0,28.1,297.298,2802306715,39.94775641824496
2807904082,28079,082,04,079,28,13,2807904,28079,Madrid,Comunidad de Madrid,ES,3,0,0,Madrid,668.735539169,23132.7115953,46.0,885.0,24.3,25.1,90.7,15.6,2.7,885.0,25.1,222.135,1492770471,25.751423005001136
2807904083,28079,083,04,079,28,13,2807904,28079,Madrid,Comunidad de Madrid,ES,3,0,0,Madrid,518.45425154,16137.7167984,44.4,764.0,26.5,22.5,91.8,19.6,2.7,764.0,22.5,171.9,2755133101,19.613461004638904
2807904084,28079,084,04,079,28,13,2807904,28079,Madrid,Comunidad de Madrid,ES,3,0,0,Madrid,803.598875579,24216.6497273,47.7,786.0,26.0,28.0,93.4,15.1,2.6,786.0,28.0,220.08,149229492,23.370541023562524
2807904085,28079,085,04,079,28,13,2807904,28079,Madrid,Comunidad de Madrid,ES,3,0,0,Madrid,1217.8222761,82897.1591981,41.9,2349.0,37.6,16.0,86.4,14.2,2.2,2349.0,16.0,375.84,149212818,36.40071295678327
2807904086,28079,086,04,079,28,13,2807904,28079,Madrid,Comunidad de Madrid,ES,3,0,0,Madrid,2067.60992696,134557.972801,46.6,1507.0,44.6,26.7,85.9,11.2,2.0,1507.0,26.7,402.369,991793797,102.70217022498952
2807904087,28079,087,04,079,28,13,2807904,28079,Madrid,Comunidad de Madrid,ES,3,0,0,Madrid,1496.58514166,70024.6800564,44.3,2479.0,40.9,20.1,85.8,11.3,2.1,2479.0,20.1,498.279,8195582347,39.56504648514621
2807904088,28079,088,04,079,28,13,2807904,28079,Madrid,Comunidad de Madrid,ES,3,0,0,Madrid,823.151400787,42491.1401268,45.2,2095.0,39.7,24.3,83.0,11.5,2.1,2095.0,24.3,509.085,13326757574,29.381241853504054
2807904089,28079,089,04,079,28,13,2807904,28079,Madrid,Comunidad de Madrid,ES,3,0,0,Madrid,541.911753506,14190.0849835,45.4,790.0,42.9,21.4,79.2,9.4,2.0,790.0,21.4,169.06,991794642,36.71286044622035
2807904090,28079,090,04,079,28,13,2807904,28079,Madrid,Comunidad de Madrid,ES,3,0,0,Madrid,659.904984034,27242.280507,44.7,1231.0,45.6,21.9,85.5,11.5,2.1,1231.0,21.9,269.589,991794091,31.929308666958214
2807904091,28079,091,04,079,28,13,2807904,28079,Madrid,Comunidad de Madrid,ES,3,0,0,Madrid,937.612564798,39142.2249878,43.6,1505.0,46.6,18.4,77.1,9.2,1.9,1505.0,18.4,276.91999999999996,143658449,6.921155831237118
2807904092,28079,092,04,079,28,13,2807904,28079,Madrid,Comunidad de Madrid,ES,3,0,0,Madrid,600.127616122,17292.5257064,46.2,1004.0,45.9,25.1,80.1,8.5,2.0,1004.0,25.1,252.00400000000002,143657496,27.706848618180302
2807904093,28079,093,04,079,28,13,2807904,28079,Madrid,Comunidad de Madrid,ES,3,0,0,Madrid,678.090929611,23191.5484294,42.3,1277.0,38.2,17.2,79.8,12.2,2.2,1277.0,17.2,219.64399999999998,11196505576,21.835164050171592
2807904094,28079,094,04,079,28,13,2807904,28079,Madrid,Comunidad de Madrid,ES,3,0,0,Madrid,953.836247759,40937.7828457,46.3,1469.0,34.0,26.6,83.7,11.0,2.4,1469.0,26.6,390.754,143657008,54.479077373894555
2807904096,28079,096,04,079,28,13,2807904,28079,Madrid,Comunidad de Madrid,ES,3,0,0,Madrid,825.581373692,38000.020116,43.6,1511.0,41.4,21.0,76.5,9.9,2.2,1511.0,21.0,317.31,4825356854,67.77225607524427
2807904097,28079,097,04,079,28,13,2807904,28079,Madrid,Comunidad de Madrid,ES,3,0,0,Madrid,760.20725272,32477.1219182,42.6,1071.0,39.6,18.7,83.1,14.6,2.4,1071.0,18.7,200.27700000000002,1505106055,47.00627243516005
2807904098,28079,098,04,079,28,13,2807904,28079,Madrid,Comunidad de Madrid,ES,3,0,0,Madrid,739.729880478,29938.6219628,48.1,1306.0,32.6,30.3,88.1,12.3,2.4,1306.0,30.3,395.718,327482551,24.805446784377217
2807904099,28079,099,04,079,28,13,2807904,28079,Madrid,Comunidad de Madrid,ES,3,0,0,Madrid,912.053570147,41837.6183563,46.0,1118.0,39.2,25.4,81.9,10.6,2.3,1118.0,25.4,283.972,5830731721,13.395982682896271
2807904100,28079,100,04,079,28,13,2807904,28079,Madrid,Comunidad de Madrid,ES,3,0,0,Madrid,494.941223527,15147.1004389,46.8,738.0,31.8,27.1,90.7,13.7,2.4,738.0,27.1,199.998,12382187700,55.75241779277
2807904101,28079,101,04,079,28,13,2807904,28079,Madrid,Comunidad de Madrid,ES,3,0,0,Madrid,526.303703789,16421.6375346,44.3,867.0,46.5,20.7,67.4,6.5,2.0,867.0,20.7,179.46899999999997,9963669590,27.742808800484482
2807904102,28079,102,04,079,28,13,2807904,28079,Madrid,Comunidad de Madrid,ES,3,0,0,Madrid,811.159538339,37055.7080861,43.2,1083.0,45.9,20.7,74.1,10.0,2.1,1083.0,20.7,224.18099999999998,12382187707,51.805874010882846
2807904103,28079,103,04,079,28,13,2807904,28079,Madrid,Comunidad de Madrid,ES,3,0,0,Madrid,722.351338906,24235.0395769,46.9,1230.0,46.5,25.5,79.6,7.2,2.0,1230.0,25.5,313.65,13086466062,37.390410743036306
2807904104,28079,104,04,079,28,13,2807904,28079,Madrid,Comunidad de Madrid,ES,3,0,0,Madrid,640.513087012,20303.0651789,46.3,1182.0,40.9,24.7,82.2,9.6,2.2,1182.0,24.7,291.95399999999995,996183937,30.56673656872902
2807904105,28079,105,04,079,28,13,2807904,28079,Madrid,Comunidad de Madrid,ES,3,0,0,Madrid,841.404251396,31262.6059615,45.7,1117.0,37.3,24.7,85.7,12.8,2.3,1117.0,24.7,275.899,12533775617,56.85768346429912
2807904106,28079,106,04,079,28,13,2807904,28079,Madrid,Comunidad de Madrid,ES,3,0,0,Madrid,523.338544994,17090.1540033,44.8,1101.0,38.4,22.9,77.0,10.4,2.2,1101.0,22.9,252.129,996183646,15.753596808406067
2807904107,28079,107,04,079,28,13,2807904,28079,Madrid,Comunidad de Madrid,ES,3,0,0,Madrid,535.530677218,17891.2703149,44.1,744.0,33.4,22.5,82.1,14.5,2.5,744.0,22.5,167.4,1998443940,24.5415591977536
2807904108,28079,108,04,079,28,13,2807904,28079,Madrid,Comunidad de Madrid,ES,3,0,0,Madrid,810.351614742,37248.4955402,44.8,941.0,39.5,22.2,81.4,9.8,2.1,941.0,22.2,208.90200000000002,5602141865,52.94741028418084
2807904109,28079,109,04,079,28,13,2807904,28079,Madrid,Comunidad de Madrid,ES,3,0,0,Madrid,794.264590981,35048.8157228,45.9,1585.0,37.6,25.0,84.9,13.1,2.3,1585.0,25.0,396.25,5602141861,51.87998450680983
2807904110,28079,110,04,079,28,13,2807904,28079,Madrid,Comunidad de Madrid,ES,3,0,0,Madrid,508.261274634,16083.3618844,45.4,1114.0,38.7,24.2,82.1,11.7,2.2,1114.0,24.2,269.58799999999997,4802462861,77.50066093389535
2807904111,28079,111,04,079,28,13,2807904,28079,Madrid,Comunidad de Madrid,ES,3,0,0,Madrid,1045.55812368,52066.0430919,46.0,1734.0,30.5,24.2,84.3,10.8,2.5,1734.0,24.2,419.62799999999993,12301582475,18.01191413870236
2807904112,28079,112,04,079,28,13,2807904,28079,Madrid,Comunidad de Madrid,ES,3,0,0,Madrid,756.915515736,31091.9758821,44.5,1232.0,45.5,22.7,81.9,12.8,2.1,1232.0,22.7,279.664,3269763159,21.821400753174053
2807904113,28079,113,04,079,28,13,2807904,28079,Madrid,Comunidad de Madrid,ES,3,0,0,Madrid,774.9787237,33264.1719667,45.2,1134.0,36.3,24.8,82.6,12.1,2.3,1134.0,24.8,281.232,7997143314,35.24690586472344
2807904114,28079,114,04,079,28,13,2807904,28079,Madrid,Comunidad de Madrid,ES,3,0,0,Madrid,1217.62721478,91928.6388547,46.1,1406.0,38.4,27.8,82.5,15.2,2.5,1406.0,27.8,390.86800000000005,8479324945,19.890316046307184
2807904115,28079,115,04,079,28,13,2807904,28079,Madrid,Comunidad de Madrid,ES,3,0,0,Madrid,1859.70387947,98335.9632263,47.7,1657.0,27.4,29.3,87.0,14.1,2.8,1657.0,29.3,485.501,29739616,49.42413320753153
2807904116,28079,116,04,079,28,13,2807904,28079,Madrid,Comunidad de Madrid,ES,3,0,0,Madrid,636.984340541,24896.4986876,44.8,848.0,38.7,22.3,80.0,12.6,2.3,848.0,22.3,189.104,28096922,68.86960487728064
2807904117,28079,117,04,079,28,13,2807904,28079,Madrid,Comunidad de Madrid,ES,3,0,0,Madrid,1526.84875377,94506.6257616,45.6,824.0,37.5,23.3,81.8,14.2,2.5,824.0,23.3,191.99200000000002,4349802635,31.265784791867077
2807904118,28079,118,04,079,28,13,2807904,28079,Madrid,Comunidad de Madrid,ES,3,0,0,Madrid,1550.95919665,93176.1504601,46.0,795.0,38.8,24.0,82.4,11.7,2.5,795.0,24.0,190.8,12219085025,46.96418583078668
2807904119,28079,119,04,079,28,13,2807904,28079,Madrid,Comunidad de Madrid,ES,3,0,0,Madrid,1524.37441907,69168.4336378,46.5,1364.0,37.5,26.4,80.3,10.6,2.4,1364.0,26.4,360.096,8787245624,33.67006245153701
2807904120,28079,120,04,079,28,13,2807904,28079,Madrid,Comunidad de Madrid,ES,3,0,0,Madrid,681.341981969,26139.7446885,44.3,961.0,29.7,22.7,80.2,15.2,2.8,961.0,22.7,218.14700000000002,28096888,52.256491963100615
2807904121,28079,121,04,079,28,13,2807904,28079,Madrid,Comunidad de Madrid,ES,3,0,0,Madrid,682.701966168,26445.9822892,45.4,1158.0,34.4,25.3,84.2,12.5,2.5,1158.0,25.3,292.974,8294970383,50.41452334084828
2807904123,28079,123,04,079,28,13,2807904,28079,Madrid,Comunidad de Madrid,ES,3,0,0,Madrid,833.218787176,34945.4987449,42.9,1480.0,38.7,21.2,77.7,12.5,2.3,1480.0,21.2,313.76,1505106068,47.38567325669447
2807904124,28079,124,04,079,28,13,2807904,28079,Madrid,Comunidad de Madrid,ES,3,0,0,Madrid,816.136164196,32264.9714892,42.2,1092.0,52.2,18.1,70.8,10.2,2.0,1092.0,18.1,197.65200000000002,12588303113,46.36581911079299
2807904126,28079,126,04,079,28,13,2807904,28079,Madrid,Comunidad de Madrid,ES,3,0,0,Madrid,1065.36809888,47693.4750437,46.0,1428.0,38.4,26.1,80.0,11.1,2.3,1428.0,26.1,372.708,4172945206,58.74867768531756
2807904127,28079,127,04,079,28,13,2807904,28079,Madrid,Comunidad de Madrid,ES,3,0,0,Madrid,811.80917243,36522.3317149,41.4,1058.0,50.0,19.9,67.0,8.3,2.0,1058.0,19.9,210.54199999999997,4466748456,36.58339955956837
2807904128,28079,128,04,079,28,13,2807904,28079,Madrid,Comunidad de Madrid,ES,3,0,0,Madrid,684.646913497,29269.4783172,41.9,1795.0,41.1,19.8,67.6,9.1,2.2,1795.0,19.8,355.41,8057391304,74.276280555832
2807904130,28079,130,04,079,28,13,2807904,28079,Madrid,Comunidad de Madrid,ES,3,0,0,Madrid,1269.2575212,69101.5435679,43.0,787.0,35.9,19.7,74.8,10.9,2.5,787.0,19.7,155.039,4270791883,45.05251539534842
2807904131,28079,131,04,079,28,13,2807904,28079,Madrid,Comunidad de Madrid,ES,3,0,0,Madrid,1906.93102358,90753.6894171,40.9,1209.0,32.7,15.5,88.4,18.4,2.4,1209.0,15.5,187.395,4427714457,9.558433300693391
2807905001,28079,001,05,079,28,13,2807905,28079,Madrid,Comunidad de Madrid,ES,3,0,0,Madrid,2484.57696012,303271.452137,45.2,1051.0,26.4,24.1,89.9,14.6,3.0,1051.0,24.1,253.29100000000003,353290985,16.209936188564203
2807905002,28079,002,05,079,28,13,2807905,28079,Madrid,Comunidad de Madrid,ES,3,0,0,Madrid,2655.66098337,419337.270399,44.3,1520.0,28.0,21.4,85.2,15.1,3.0,1520.0,21.4,325.28,2846390871,79.48530862289941
2807905003,28079,003,05,079,28,13,2807905,28079,Madrid,Comunidad de Madrid,ES,3,0,0,Madrid,2108.39208403,193006.383108,44.0,1910.0,30.2,21.0,90.0,15.5,2.8,1910.0,21.0,401.1,11932941333,28.87142524012879
2807905004,28079,004,05,079,28,13,2807905,28079,Madrid,Comunidad de Madrid,ES,3,0,0,Madrid,1328.57113856,71328.3980115,45.1,1430.0,29.3,23.6,90.4,14.3,2.8,1430.0,23.6,337.48,13918353396,74.86155053129667
2807905005,28079,005,05,079,28,13,2807905,28079,Madrid,Comunidad de Madrid,ES,3,0,0,Madrid,900.88850982,45900.1042896,44.9,1445.0,22.2,23.3,92.0,16.1,3.0,1445.0,23.3,336.685,13840645868,27.021384779313447
2807905006,28079,006,05,079,28,13,2807905,28079,Madrid,Comunidad de Madrid,ES,3,0,0,Madrid,1133.79717473,69336.1828055,44.0,1251.0,20.2,22.1,91.2,17.9,3.1,1251.0,22.1,276.471,102196730,39.22862182297576
2807905007,28079,007,05,079,28,13,2807905,28079,Madrid,Comunidad de Madrid,ES,3,0,0,Madrid,1832.05224517,125602.629632,46.9,1815.0,26.1,26.9,92.0,15.4,2.8,1815.0,26.9,488.235,1016578225,16.332011049857304
2807905008,28079,008,05,079,28,13,2807905,28079,Madrid,Comunidad de Madrid,ES,3,0,0,Madrid,2636.7624904,227606.299846,41.8,1520.0,20.7,19.0,86.6,20.4,3.3,1520.0,19.0,288.8,102198738,27.50970178600834
2807905009,28079,009,05,079,28,13,2807905,28079,Madrid,Comunidad de Madrid,ES,3,0,0,Madrid,1508.18091275,105167.588907,44.5,1158.0,26.8,23.6,89.4,17.1,2.8,1158.0,23.6,273.288,143685647,37.30148609173891
2807905010,28079,010,05,079,28,13,2807905,28079,Madrid,Comunidad de Madrid,ES,3,0,0,Madrid,974.52696733,55083.7330144,42.1,911.0,45.3,18.6,82.2,14.8,2.2,911.0,18.6,169.44600000000003,3386478702,70.0238330197109
2807905011,28079,011,05,079,28,13,2807905,28079,Madrid,Comunidad de Madrid,ES,3,0,0,Madrid,545.571863385,18023.7272102,42.8,867.0,40.2,19.8,85.2,14.2,2.3,867.0,19.8,171.66600000000003,10286446527,50.55965633746931
2807905012,28079,012,05,079,28,13,2807905,28079,Madrid,Comunidad de Madrid,ES,3,0,0,Madrid,852.685111746,39945.3705419,43.5,1096.0,42.1,21.2,85.4,13.8,2.2,1096.0,21.2,232.352,143683871,22.859320715946282
2807905013,28079,013,05,079,28,13,2807905,28079,Madrid,Comunidad de Madrid,ES,3,0,0,Madrid,821.975722408,33540.7749617,43.2,841.0,34.7,21.1,84.3,12.1,2.4,841.0,21.1,177.45100000000002,143673650,30.93877936983961
2807905014,28079,014,05,079,28,13,2807905,28079,Madrid,Comunidad de Madrid,ES,3,0,0,Madrid,1094.04732031,46891.9240796,45.1,1034.0,36.7,24.7,84.5,12.2,2.2,1034.0,24.7,255.398,3786948849,23.003213066136873
2807905015,28079,015,05,079,28,13,2807905,28079,Madrid,Comunidad de Madrid,ES,3,0,0,Madrid,642.630873416,24836.047226,45.4,1105.0,45.0,23.8,81.9,9.3,1.9,1105.0,23.8,262.99,148891755,14.012494314366023
2807905016,28079,016,05,079,28,13,2807905,28079,Madrid,Comunidad de Madrid,ES,3,0,0,Madrid,484.305034013,14289.0036923,45.8,836.0,44.3,23.4,83.3,9.0,2.0,836.0,23.4,195.62399999999997,14053457602,50.71384307383009
2807905017,28079,017,05,079,28,13,2807905,28079,Madrid,Comunidad de Madrid,ES,3,0,0,Madrid,639.523699003,23659.6025367,46.3,1340.0,44.7,24.6,86.9,10.8,2.1,1340.0,24.6,329.64,12556308340,4.9096886542257865
2807905018,28079,018,05,079,28,13,2807905,28079,Madrid,Comunidad de Madrid,ES,3,0,0,Madrid,869.202016945,22490.0461723,46.4,1268.0,43.8,23.9,84.1,9.4,2.1,1268.0,23.9,303.05199999999996,12110687178,48.72297346446515
2807905019,28079,019,05,079,28,13,2807905,28079,Madrid,Comunidad de Madrid,ES,3,0,0,Madrid,658.121287679,23712.3536374,47.1,921.0,39.1,26.1,87.8,11.1,2.2,921.0,26.1,240.38100000000003,8548230299,16.513046225840146
2807905020,28079,020,05,079,28,13,2807905,28079,Madrid,Comunidad de Madrid,ES,3,0,0,Madrid,659.746853088,25036.7050785,45.9,1226.0,37.8,24.1,86.0,12.5,2.2,1226.0,24.1,295.466,149136210,32.92852006790883
2807905021,28079,021,05,079,28,13,2807905,28079,Madrid,Comunidad de Madrid,ES,3,0,0,Madrid,684.401577764,22899.4396385,46.4,708.0,41.4,23.0,85.0,11.0,2.2,708.0,23.0,162.84,3645135015,32.48753539563143
2807905022,28079,022,05,079,28,13,2807905,28079,Madrid,Comunidad de Madrid,ES,3,0,0,Madrid,602.588349493,21675.462241,45.5,1427.0,32.4,23.6,88.0,13.0,2.4,1427.0,23.6,336.77200000000005,149151679,73.57524917493913
2807905023,28079,023,05,079,28,13,2807905,28079,Madrid,Comunidad de Madrid,ES,3,0,0,Madrid,810.342150851,31919.8813091,45.6,1388.0,34.6,24.2,94.6,15.8,2.4,1388.0,24.2,335.89599999999996,8588391838,53.928905584308346
2807905024,28079,024,05,079,28,13,2807905,28079,Madrid,Comunidad de Madrid,ES,3,0,0,Madrid,444.71396718,12818.4873752,50.0,838.0,33.3,30.2,92.0,11.7,2.3,838.0,30.2,253.076,3645134997,58.700174477839916
2807905025,28079,025,05,079,28,13,2807905,28079,Madrid,Comunidad de Madrid,ES,3,0,0,Madrid,642.180354845,21799.4900964,48.6,1109.0,29.4,27.9,92.4,12.5,2.4,1109.0,27.9,309.411,149134784,54.63999811849615
2807905026,28079,026,05,079,28,13,2807905,28079,Madrid,Comunidad de Madrid,ES,3,0,0,Madrid,884.626892855,26104.0022581,48.0,1622.0,38.3,28.6,89.3,12.5,2.1,1622.0,28.6,463.89200000000005,149135426,3.4155576537385506
2807905027,28079,027,05,079,28,13,2807905,28079,Madrid,Comunidad de Madrid,ES,3,0,0,Madrid,693.772328424,25670.6923638,47.8,1693.0,36.3,26.5,89.4,11.1,2.2,1693.0,26.5,448.645,3920892675,49.291759351750414
2807905028,28079,028,05,079,28,13,2807905,28079,Madrid,Comunidad de Madrid,ES,3,0,0,Madrid,759.560191544,31905.9079191,45.8,1943.0,37.6,23.3,84.3,11.0,2.3,1943.0,23.3,452.719,149134551,23.123282560911452
2807905029,28079,029,05,079,28,13,2807905,28079,Madrid,Comunidad de Madrid,ES,3,0,0,Madrid,854.129546207,38033.883565,43.9,1761.0,41.6,19.3,79.7,10.6,2.1,1761.0,19.3,339.87300000000005,149022070,21.565827779102534
2807905030,28079,030,05,079,28,13,2807905,28079,Madrid,Comunidad de Madrid,ES,3,0,0,Madrid,828.320298383,32571.0542471,45.6,1251.0,40.4,21.5,84.1,8.7,2.1,1251.0,21.5,268.965,8653282048,5.952744826535471
2807905031,28079,031,05,079,28,13,2807905,28079,Madrid,Comunidad de Madrid,ES,3,0,0,Madrid,694.305725825,26524.7626476,44.1,1027.0,31.6,22.2,87.4,14.4,2.4,1027.0,22.2,227.99399999999997,12222183025,7.758235413230089
2807905032,28079,032,05,079,28,13,2807905,28079,Madrid,Comunidad de Madrid,ES,3,0,0,Madrid,1047.70554642,43066.5287927,43.4,1509.0,40.4,19.1,80.6,12.6,2.2,1509.0,19.1,288.219,148889754,35.34020418744477
2807905033,28079,033,05,079,28,13,2807905,28079,Madrid,Comunidad de Madrid,ES,3,0,0,Madrid,1217.6039827,74675.9151005,47.1,2016.0,37.6,27.1,89.9,12.7,2.2,2016.0,27.1,546.336,149131192,11.18711547857363
2807905034,28079,034,05,079,28,13,2807905,28079,Madrid,Comunidad de Madrid,ES,3,0,0,Madrid,1175.65176784,46444.9119245,45.3,1902.0,38.9,24.3,87.8,15.4,2.2,1902.0,24.3,462.186,148892380,4.757162474921663
2807905035,28079,035,05,079,28,13,2807905,28079,Madrid,Comunidad de Madrid,ES,3,0,0,Madrid,539.667384359,16774.6818754,48.1,1168.0,38.0,28.6,91.2,11.5,2.2,1168.0,28.6,334.048,6825074460,61.85433702546856
2807905036,28079,036,05,079,28,13,2807905,28079,Madrid,Comunidad de Madrid,ES,3,0,0,Madrid,1993.14949192,151583.720332,50.1,1583.0,35.0,33.9,91.6,10.0,2.2,1583.0,33.9,536.637,8701416360,94.57732200238438
2807905037,28079,037,05,079,28,13,2807905,28079,Madrid,Comunidad de Madrid,ES,3,0,0,Madrid,947.219276553,51220.1721805,51.0,1207.0,30.9,36.7,94.7,12.3,2.4,1207.0,36.7,442.969,1492770565,68.72674290942633
2807905038,28079,038,05,079,28,13,2807905,28079,Madrid,Comunidad de Madrid,ES,3,0,0,Madrid,2328.19286868,234689.32076,42.6,1901.0,22.7,19.7,90.8,19.4,3.0,1901.0,19.7,374.49699999999996,2779926783,17.15872625008221
2807905039,28079,039,05,079,28,13,2807905,28079,Madrid,Comunidad de Madrid,ES,3,0,0,Madrid,1525.71905166,108113.159733,44.0,1932.0,39.5,20.5,85.8,13.8,2.2,1932.0,20.5,396.06,143766568,26.4533077211696
2807905040,28079,040,05,079,28,13,2807905,28079,Madrid,Comunidad de Madrid,ES,3,0,0,Madrid,507.463481286,12133.0068848,45.9,728.0,36.3,26.1,85.3,14.3,2.3,728.0,26.1,190.00799999999998,143760023,36.07041580818265
2807905041,28079,041,05,079,28,13,2807905,28079,Madrid,Comunidad de Madrid,ES,3,0,0,Madrid,710.585339394,21206.3639412,43.8,1111.0,34.5,19.5,80.8,12.2,2.3,1111.0,19.5,216.645,8503322182,38.764574319354885
2807905042,28079,042,05,079,28,13,2807905,28079,Madrid,Comunidad de Madrid,ES,3,0,0,Madrid,938.760365029,35753.9501527,47.7,1383.0,39.4,28.5,84.9,12.3,2.2,1383.0,28.5,394.155,4436285794,10.053694123083181
2807905043,28079,043,05,079,28,13,2807905,28079,Madrid,Comunidad de Madrid,ES,3,0,0,Madrid,1498.59930687,75663.7264099,48.3,1190.0,36.4,30.3,85.9,12.8,2.2,1190.0,30.3,360.57,13811343177,1.5677059773775455
2807905044,28079,044,05,079,28,13,2807905,28079,Madrid,Comunidad de Madrid,ES,3,0,0,Madrid,1121.72577549,54424.8573218,45.7,1663.0,44.2,24.8,83.9,11.3,2.0,1663.0,24.8,412.42400000000004,8522261366,50.910003959541235
2807905045,28079,045,05,079,28,13,2807905,28079,Madrid,Comunidad de Madrid,ES,3,0,0,Madrid,855.107379693,30209.7136626,44.8,1715.0,35.6,22.0,83.3,13.8,2.3,1715.0,22.0,377.3,8549719990,42.28378643669753
2807905046,28079,046,05,079,28,13,2807905,28079,Madrid,Comunidad de Madrid,ES,3,0,0,Madrid,800.748324622,26585.9800073,44.8,1719.0,41.3,20.9,83.3,10.2,2.2,1719.0,20.9,359.27099999999996,8549878553,16.57204405945861
2807905047,28079,047,05,079,28,13,2807905,28079,Madrid,Comunidad de Madrid,ES,3,0,0,Madrid,656.700715194,26977.8391314,44.5,1572.0,38.4,20.2,85.3,11.8,2.2,1572.0,20.2,317.544,8478943898,79.99659839022678
2807905048,28079,048,05,079,28,13,2807905,28079,Madrid,Comunidad de Madrid,ES,3,0,0,Madrid,904.934520068,21633.109619,47.9,1081.0,35.3,26.3,89.8,13.1,2.3,1081.0,26.3,284.303,3338704341,13.83597577049455
2807905049,28079,049,05,079,28,13,2807905,28079,Madrid,Comunidad de Madrid,ES,3,0,0,Madrid,1248.43820856,85374.0448845,48.6,1156.0,29.4,31.0,94.3,15.7,2.5,1156.0,31.0,358.36,297605485,9.78962227869301
2807905051,28079,051,05,079,28,13,2807905,28079,Madrid,Comunidad de Madrid,ES,3,0,0,Madrid,1074.84785222,59684.8207371,48.0,1357.0,34.8,29.0,92.3,15.4,2.4,1357.0,29.0,393.53,616738899,14.423628766503574
2807905052,28079,052,05,079,28,13,2807905,28079,Madrid,Comunidad de Madrid,ES,3,0,0,Madrid,1557.97416182,92323.9556572,45.2,1367.0,27.9,24.6,92.2,17.3,2.6,1367.0,24.6,336.28200000000004,143775199,41.017082882509484
2807905053,28079,053,05,079,28,13,2807905,28079,Madrid,Comunidad de Madrid,ES,3,0,0,Madrid,2591.62249398,296189.907737,44.1,2077.0,20.1,22.1,92.2,18.4,3.1,2077.0,22.1,459.01700000000005,119818315,41.37923031578156
2807905054,28079,054,05,079,28,13,2807905,28079,Madrid,Comunidad de Madrid,ES,3,0,0,Madrid,1053.44535057,63481.4391072,46.9,1522.0,32.5,26.1,92.5,14.9,2.5,1522.0,26.1,397.242,5059292284,40.10278301288366
2807905055,28079,055,05,079,28,13,2807905,28079,Madrid,Comunidad de Madrid,ES,3,0,0,Madrid,1196.56962007,75447.5636495,44.4,1567.0,34.0,22.7,91.3,17.1,2.5,1567.0,22.7,355.709,119808872,21.78989114417174
2807905056,28079,056,05,079,28,13,2807905,28079,Madrid,Comunidad de Madrid,ES,3,0,0,Madrid,982.242713593,45273.2322094,46.8,1448.0,36.8,27.4,88.3,14.4,2.3,1448.0,27.4,396.75199999999995,119807939,65.55542644940316
2807905057,28079,057,05,079,28,13,2807905,28079,Madrid,Comunidad de Madrid,ES,3,0,0,Madrid,922.759386838,47441.8790101,47.2,1149.0,35.1,26.3,92.2,15.1,2.3,1149.0,26.3,302.187,5893766339,12.084347960745118
2807905058,28079,058,05,079,28,13,2807905,28079,Madrid,Comunidad de Madrid,ES,3,0,0,Madrid,1816.79250858,139403.913776,47.5,1796.0,36.1,25.9,92.5,12.8,2.4,1796.0,25.9,465.16399999999993,3385607325,24.05317302729213
2807905059,28079,059,05,079,28,13,2807905,28079,Madrid,Comunidad de Madrid,ES,3,0,0,Madrid,518.750354829,15340.0030466,44.6,728.0,37.7,21.6,90.3,12.9,2.3,728.0,21.6,157.24800000000002,11837355994,33.427395508622915
2807905060,28079,060,05,079,28,13,2807905,28079,Madrid,Comunidad de Madrid,ES,3,0,0,Madrid,899.532043326,28784.5304269,45.3,1355.0,39.7,22.9,90.0,13.1,2.2,1355.0,22.9,310.29499999999996,11837334368,23.597957482765153
2807905061,28079,061,05,079,28,13,2807905,28079,Madrid,Comunidad de Madrid,ES,3,0,0,Madrid,1065.63616594,61632.4469204,47.0,2105.0,31.8,29.1,92.6,16.3,2.5,2105.0,29.1,612.555,4506836336,28.920331000275613
2807905062,28079,062,05,079,28,13,2807905,28079,Madrid,Comunidad de Madrid,ES,3,0,0,Madrid,1139.38179822,60262.7967567,48.0,1653.0,27.9,29.3,94.2,15.6,2.5,1653.0,29.3,484.329,8512253875,9.043971496442252
2807905063,28079,063,05,079,28,13,2807905,28079,Madrid,Comunidad de Madrid,ES,3,0,0,Madrid,802.369801032,33302.354602,43.9,856.0,17.5,20.4,92.9,17.8,3.1,856.0,20.4,174.62399999999997,3613122375,13.301656221181764
2807905064,28079,064,05,079,28,13,2807905,28079,Madrid,Comunidad de Madrid,ES,3,0,0,Madrid,1444.97887028,104301.833947,43.5,1960.0,34.7,22.9,90.6,16.7,2.5,1960.0,22.9,448.84,6371431037,9.31311920871418
2807905065,28079,065,05,079,28,13,2807905,28079,Madrid,Comunidad de Madrid,ES,3,0,0,Madrid,847.7256356,21519.7612031,45.1,1172.0,44.9,22.0,90.7,12.2,2.1,1172.0,22.0,257.84,10946313478,22.194686566513
2807905066,28079,066,05,079,28,13,2807905,28079,Madrid,Comunidad de Madrid,ES,3,0,0,Madrid,1401.27520559,86557.004975,44.5,1281.0,30.6,23.8,92.0,18.3,2.6,1281.0,23.8,304.878,12246588691,13.859082759537875
2807905067,28079,067,05,079,28,13,2807905,28079,Madrid,Comunidad de Madrid,ES,3,0,0,Madrid,2176.29644,208654.591783,44.2,2279.0,31.6,23.7,90.0,17.4,2.6,2279.0,23.7,540.1229999999999,2945893579,43.824174844619634
2807905068,28079,068,05,079,28,13,2807905,28079,Madrid,Comunidad de Madrid,ES,3,0,0,Madrid,1617.28534688,142117.318391,43.3,1749.0,27.7,21.2,92.7,18.4,2.9,1749.0,21.2,370.78799999999995,3135960745,47.4314322018759
2807905069,28079,069,05,079,28,13,2807905,28079,Madrid,Comunidad de Madrid,ES,3,0,0,Madrid,1197.80552565,70291.4720441,43.5,932.0,29.3,24.0,93.0,18.5,2.7,932.0,24.0,223.68,2495068322,29.71612062612983
2807905070,28079,070,05,079,28,13,2807905,28079,Madrid,Comunidad de Madrid,ES,3,0,0,Madrid,1300.66748386,80284.3949511,45.3,1944.0,41.4,22.4,89.3,12.8,2.3,1944.0,22.4,435.45599999999996,8805500065,68.15601087712623
2807905072,28079,072,05,079,28,13,2807905,28079,Madrid,Comunidad de Madrid,ES,3,0,0,Madrid,1457.94188271,62257.3638913,44.4,1648.0,40.5,23.5,90.7,16.0,2.3,1648.0,23.5,387.28,14154069240,8.082125932098297
2807905073,28079,073,05,079,28,13,2807905,28079,Madrid,Comunidad de Madrid,ES,3,0,0,Madrid,1005.35153584,42578.8741106,46.2,1625.0,36.3,25.1,91.2,15.5,2.4,1625.0,25.1,407.875,14138296731,13.479518235440269
2807905074,28079,074,05,079,28,13,2807905,28079,Madrid,Comunidad de Madrid,ES,3,0,0,Madrid,1806.43044547,174240.982621,43.2,1526.0,33.5,21.2,89.7,18.5,2.7,1526.0,21.2,323.512,4275834073,50.3601331490658
2807905075,28079,075,05,079,28,13,2807905,28079,Madrid,Comunidad de Madrid,ES,3,0,0,Madrid,1919.52821756,97696.8641248,40.8,1829.0,31.3,18.2,89.4,21.8,2.9,1829.0,18.2,332.87799999999993,4414657297,4.954748939224725
2807905076,28079,076,05,079,28,13,2807905,28079,Madrid,Comunidad de Madrid,ES,3,0,0,Madrid,2614.60739589,270616.675635,41.8,2301.0,34.3,19.0,89.5,19.3,2.8,2301.0,19.0,437.19,13803268965,27.822283601390748
2807905077,28079,077,05,079,28,13,2807905,28079,Madrid,Comunidad de Madrid,ES,3,0,0,Madrid,1947.62997568,158111.640726,41.4,1399.0,22.0,19.2,91.9,22.4,3.2,1399.0,19.2,268.608,102286634,97.79025972183156
2807905078,28079,078,05,079,28,13,2807905,28079,Madrid,Comunidad de Madrid,ES,3,0,0,Madrid,1595.58122375,94038.8576011,42.5,941.0,23.1,20.3,90.5,20.8,3.1,941.0,20.3,191.023,102375917,19.587852202094243
2807905079,28079,079,05,079,28,13,2807905,28079,Madrid,Comunidad de Madrid,ES,3,0,0,Madrid,1200.95200968,73535.7427275,43.9,1935.0,37.9,21.5,84.1,15.1,2.3,1935.0,21.5,416.025,7983174962,27.00964826011619
2807905080,28079,080,05,079,28,13,2807905,28079,Madrid,Comunidad de Madrid,ES,3,0,0,Madrid,582.134200804,18134.0605234,46.4,949.0,35.1,25.4,90.9,12.9,2.3,949.0,25.4,241.046,102518046,46.14793832583661
2807905081,28079,081,05,079,28,13,2807905,28079,Madrid,Comunidad de Madrid,ES,3,0,0,Madrid,1500.34559056,106671.25817,41.1,2347.0,31.0,17.7,92.6,23.1,2.7,2347.0,17.7,415.41900000000004,5170178989,15.282759268928885
2807905082,28079,082,05,079,28,13,2807905,28079,Madrid,Comunidad de Madrid,ES,3,0,0,Madrid,2373.30513333,260207.596178,42.0,2326.0,27.5,19.4,91.4,20.2,3.0,2326.0,19.4,451.2439999999999,102281397,75.13576803728554
2807905083,28079,083,05,079,28,13,2807905,28079,Madrid,Comunidad de Madrid,ES,3,0,0,Madrid,1304.67890838,86611.9934274,43.0,2015.0,29.1,21.6,83.6,18.7,2.7,2015.0,21.6,435.24,1489535606,2.0620929989973606
2807905084,28079,084,05,079,28,13,2807905,28079,Madrid,Comunidad de Madrid,ES,3,0,0,Madrid,2263.94661751,262118.981982,44.8,1677.0,29.2,24.6,91.2,18.6,2.7,1677.0,24.6,412.54200000000003,4916064236,17.815063077574752
2807905085,28079,085,05,079,28,13,2807905,28079,Madrid,Comunidad de Madrid,ES,3,0,0,Madrid,2677.43016198,331177.532651,42.7,1685.0,33.8,20.8,91.0,18.8,2.6,1685.0,20.8,350.48,4463441560,13.19176548139818
2807905086,28079,086,05,079,28,13,2807905,28079,Madrid,Comunidad de Madrid,ES,3,0,0,Madrid,1020.37979057,41678.6465149,44.7,1255.0,44.2,19.6,80.9,9.8,2.0,1255.0,19.6,245.98,6855239082,33.57317889568935
2807905087,28079,087,05,079,28,13,2807905,28079,Madrid,Comunidad de Madrid,ES,3,0,0,Madrid,1301.25690302,65945.6274727,45.4,1796.0,33.7,25.1,88.4,13.8,2.4,1796.0,25.1,450.79600000000005,6855239073,26.946972287836882
2807905088,28079,088,05,079,28,13,2807905,28079,Madrid,Comunidad de Madrid,ES,3,0,0,Madrid,1059.83586415,41435.525399,44.5,895.0,29.3,24.0,88.6,16.1,2.7,895.0,24.0,214.8,55173155,32.472667116865715
2807905089,28079,089,05,079,28,13,2807905,28079,Madrid,Comunidad de Madrid,ES,3,0,0,Madrid,599.447358833,22428.8058881,50.2,743.0,27.7,31.8,91.1,10.8,2.6,743.0,31.8,236.274,3869316096,24.523702505374892
2807905090,28079,090,05,079,28,13,2807905,28079,Madrid,Comunidad de Madrid,ES,3,0,0,Madrid,995.654304169,50413.4895679,50.1,948.0,36.2,29.8,90.2,10.9,2.2,948.0,29.8,282.504,2971902096,24.55968633600147
2807905091,28079,091,05,079,28,13,2807905,28079,Madrid,Comunidad de Madrid,ES,3,0,0,Madrid,1193.31939906,88042.9979058,47.4,856.0,36.0,24.7,87.6,11.0,2.4,856.0,24.7,211.43200000000002,8159265014,25.59321276541023
2807905092,28079,092,05,079,28,13,2807905,28079,Madrid,Comunidad de Madrid,ES,3,0,0,Madrid,1243.58532712,80988.6021307,43.0,1437.0,38.3,17.9,71.8,7.8,2.2,1437.0,17.9,257.223,137485778,26.433046053201
2807905094,28079,094,05,079,28,13,2807905,28079,Madrid,Comunidad de Madrid,ES,3,0,0,Madrid,6363.30154385,1011945.73436,43.2,1382.0,38.3,21.0,84.2,12.0,2.2,1382.0,21.0,290.22,12542710432,124.07648622761188
2807905095,28079,095,05,079,28,13,2807905,28079,Madrid,Comunidad de Madrid,ES,3,0,0,Madrid,872.095369376,40364.5680282,49.3,1766.0,28.4,32.1,95.6,12.8,2.4,1766.0,32.1,566.8860000000001,8701402318,30.197588278826657
2807905096,28079,096,05,079,28,13,2807905,28079,Madrid,Comunidad de Madrid,ES,3,0,0,Madrid,1003.00923132,29092.9388647,47.9,1361.0,41.2,29.0,88.2,11.2,2.2,1361.0,29.0,394.69,143761666,31.69346967578397
2807905097,28079,097,05,079,28,13,2807905,28079,Madrid,Comunidad de Madrid,ES,3,0,0,Madrid,915.682048565,43115.572196,44.4,1597.0,41.5,24.4,90.1,14.4,2.2,1597.0,24.4,389.66799999999995,12307611941,9.55027486090366
2807905098,28079,098,05,079,28,13,2807905,28079,Madrid,Comunidad de Madrid,ES,3,0,0,Madrid,602.297823073,19438.8319945,48.8,1090.0,38.7,27.0,90.5,9.1,2.1,1090.0,27.0,294.3,8660013165,43.3872486555313
2807905099,28079,099,05,079,28,13,2807905,28079,Madrid,Comunidad de Madrid,ES,3,0,0,Madrid,1725.82394736,118178.219026,46.8,1821.0,30.6,29.4,90.6,14.2,2.5,1821.0,29.4,535.3739999999999,297695008,45.447635866919256
2807905100,28079,100,05,079,28,13,2807905,28079,Madrid,Comunidad de Madrid,ES,3,0,0,Madrid,2178.90064022,249191.649122,39.6,2261.0,21.9,17.5,91.2,22.8,3.1,2261.0,17.5,395.675,6424319887,122.27770224791307
2807905101,28079,101,05,079,28,13,2807905,28079,Madrid,Comunidad de Madrid,ES,3,0,0,Madrid,1533.74329109,80597.4888475,44.1,1279.0,24.4,26.2,92.2,18.2,2.8,1279.0,26.2,335.09799999999996,7738416375,86.93382993754278
2807905102,28079,102,05,079,28,13,2807905,28079,Madrid,Comunidad de Madrid,ES,3,0,0,Madrid,694.235828675,20258.9401186,50.5,862.0,33.4,35.3,93.5,12.3,2.3,862.0,35.3,304.286,13502857801,35.125621187296424
2807905103,28079,103,05,079,28,13,2807905,28079,Madrid,Comunidad de Madrid,ES,3,0,0,Madrid,1939.38797892,72312.5275969,42.3,1251.0,20.1,23.7,93.1,18.8,2.9,1251.0,23.7,296.487,7738416619,32.53185297076635
2807905104,28079,104,05,079,28,13,2807905,28079,Madrid,Comunidad de Madrid,ES,3,0,0,Madrid,766.363904075,35785.538646,43.6,1305.0,22.4,22.3,94.9,16.8,2.8,1305.0,22.3,291.015,7738416502,65.12972658035301
2807906001,28079,001,06,079,28,13,2807906,28079,Madrid,Comunidad de Madrid,ES,3,0,0,Madrid,1044.70143317,49535.4583047,44.3,1263.0,38.9,19.4,78.3,11.2,2.3,1263.0,19.4,245.02199999999996,12902313245,47.27644462308693
2807906002,28079,002,06,079,28,13,2807906,28079,Madrid,Comunidad de Madrid,ES,3,0,0,Madrid,969.597692484,31034.4119303,42.4,1020.0,44.1,16.9,78.6,11.8,2.1,1020.0,16.9,172.38,34408866,22.221844948320715
2807906003,28079,003,06,079,28,13,2807906,28079,Madrid,Comunidad de Madrid,ES,3,0,0,Madrid,1094.13263108,35216.8267118,42.6,1595.0,43.8,17.7,78.5,10.6,2.2,1595.0,17.7,282.315,8401920790,24.81143856130051
2807906004,28079,004,06,079,28,13,2807906,28079,Madrid,Comunidad de Madrid,ES,3,0,0,Madrid,685.428991994,23285.2392149,41.3,1194.0,38.1,13.9,72.2,11.4,2.4,1194.0,13.9,165.966,98727958,0.34093772964649055
2807906005,28079,005,06,079,28,13,2807906,28079,Madrid,Comunidad de Madrid,ES,3,0,0,Madrid,647.846457809,22946.6061298,41.6,1107.0,34.0,15.9,71.2,12.8,2.6,1107.0,15.9,176.013,8402493619,32.63215026053021
2807906006,28079,006,06,079,28,13,2807906,28079,Madrid,Comunidad de Madrid,ES,3,0,0,Madrid,740.435638377,20890.6676126,41.2,1041.0,32.4,12.8,67.2,12.2,2.6,1041.0,12.8,133.24800000000002,544435179,19.873388566882365
2807906007,28079,007,06,079,28,13,2807906,28079,Madrid,Comunidad de Madrid,ES,3,0,0,Madrid,660.457181179,21627.3582753,46.1,1083.0,36.2,23.6,72.9,10.4,2.4,1083.0,23.6,255.58800000000002,8507758667,17.789221905850965
2807906008,28079,008,06,079,28,13,2807906,28079,Madrid,Comunidad de Madrid,ES,3,0,0,Madrid,911.437995602,26566.5345095,43.2,1102.0,40.6,17.4,75.1,11.7,2.3,1102.0,17.4,191.748,98732053,26.598820208075075
2807906009,28079,009,06,079,28,13,2807906,28079,Madrid,Comunidad de Madrid,ES,3,0,0,Madrid,840.089982923,26062.7334867,46.4,1133.0,36.7,25.1,82.7,12.7,2.4,1133.0,25.1,284.38300000000004,8402036998,27.92766813003151
2807906010,28079,010,06,079,28,13,2807906,28079,Madrid,Comunidad de Madrid,ES,3,0,0,Madrid,1347.01918221,78504.058008,50.2,1646.0,29.5,33.5,92.1,12.2,2.3,1646.0,33.5,551.41,3451117534,35.938099272401665
2807906011,28079,011,06,079,28,13,2807906,28079,Madrid,Comunidad de Madrid,ES,3,0,0,Madrid,1028.87013297,30924.4729632,42.6,1350.0,31.7,17.9,74.3,12.7,2.6,1350.0,17.9,241.64999999999998,98724385,42.84994678892547
2807906012,28079,012,06,079,28,13,2807906,28079,Madrid,Comunidad de Madrid,ES,3,0,0,Madrid,468.048649869,13705.6951404,41.7,972.0,34.8,15.8,74.5,13.3,2.5,972.0,15.8,153.576,3402028240,62.21912743018788
2807906013,28079,013,06,079,28,13,2807906,28079,Madrid,Comunidad de Madrid,ES,3,0,0,Madrid,661.348895645,22369.3259134,41.8,1074.0,35.0,16.1,72.9,13.7,2.5,1074.0,16.1,172.91400000000002,8607531003,2.0470536836546844
2807906014,28079,014,06,079,28,13,2807906,28079,Madrid,Comunidad de Madrid,ES,3,0,0,Madrid,989.962877217,40801.6599856,45.1,1132.0,36.9,21.7,80.7,12.5,2.4,1132.0,21.7,245.64399999999998,2495089212,51.53427504706023
2807906015,28079,015,06,079,28,13,2807906,28079,Madrid,Comunidad de Madrid,ES,3,0,0,Madrid,710.727991269,21445.3447949,41.6,1232.0,38.7,15.3,70.5,11.4,2.4,1232.0,15.3,188.496,1131094450,31.503951564863176
2807906016,28079,016,06,079,28,13,2807906,28079,Madrid,Comunidad de Madrid,ES,3,0,0,Madrid,999.793674021,37711.3393439,41.8,1855.0,37.9,15.5,67.9,12.8,2.5,1855.0,15.5,287.525,8592933319,14.335455230758702
2807906017,28079,017,06,079,28,13,2807906,28079,Madrid,Comunidad de Madrid,ES,3,0,0,Madrid,638.628632457,17437.457669,41.1,1135.0,38.6,13.2,65.5,12.7,2.4,1135.0,13.2,149.82,8551133922,30.29361722758316
2807906018,28079,018,06,079,28,13,2807906,28079,Madrid,Comunidad de Madrid,ES,3,0,0,Madrid,774.54143756,30536.7772329,43.1,1420.0,38.0,17.0,69.6,12.7,2.5,1420.0,17.0,241.4,8486897768,21.134589827965392
2807906019,28079,019,06,079,28,13,2807906,28079,Madrid,Comunidad de Madrid,ES,3,0,0,Madrid,787.699802865,38085.3738765,41.5,2301.0,38.7,15.0,62.7,11.8,2.5,2301.0,15.0,345.15,34408606,34.23237303483913
2807906021,28079,021,06,079,28,13,2807906,28079,Madrid,Comunidad de Madrid,ES,3,0,0,Madrid,816.015051916,36241.508736,39.7,2125.0,37.2,12.7,67.0,14.9,2.5,2125.0,12.7,269.875,34408380,16.64573880829712
2807906023,28079,023,06,079,28,13,2807906,28079,Madrid,Comunidad de Madrid,ES,3,0,0,Madrid,672.73731241,20476.9172995,45.0,1193.0,31.5,21.0,80.3,10.5,2.6,1193.0,21.0,250.53,1801212179,37.62576352375913
2807906024,28079,024,06,079,28,13,2807906,28079,Madrid,Comunidad de Madrid,ES,3,0,0,Madrid,624.549814725,15336.1724168,43.2,714.0,46.7,19.1,80.1,9.5,2.0,714.0,19.1,136.37400000000002,338728036,26.84567882722847
2807906025,28079,025,06,079,28,13,2807906,28079,Madrid,Comunidad de Madrid,ES,3,0,0,Madrid,583.062164342,18356.3675632,42.4,1074.0,44.6,17.0,67.7,9.7,2.3,1074.0,17.0,182.58,82500132,30.342400696189596
2807906026,28079,026,06,079,28,13,2807906,28079,Madrid,Comunidad de Madrid,ES,3,0,0,Madrid,628.199206177,17803.8149067,45.2,995.0,44.1,22.6,82.4,10.6,2.1,995.0,22.6,224.87,81605097,16.011364612302263
2807906027,28079,027,06,079,28,13,2807906,28079,Madrid,Comunidad de Madrid,ES,3,0,0,Madrid,720.384681055,31778.6386505,45.1,1228.0,48.2,22.9,86.2,9.9,2.0,1228.0,22.9,281.212,81605099,32.294373831428494
2807906028,28079,028,06,079,28,13,2807906,28079,Madrid,Comunidad de Madrid,ES,3,0,0,Madrid,1239.64651268,64796.8634301,47.1,1456.0,29.6,28.6,90.9,14.3,2.6,1456.0,28.6,416.416,6684049126,72.33339893872459
2807906029,28079,029,06,079,28,13,2807906,28079,Madrid,Comunidad de Madrid,ES,3,0,0,Madrid,2049.29335084,240827.067825,46.0,1594.0,51.4,24.7,85.3,8.9,1.8,1594.0,24.7,393.71799999999996,3347875459,13.084932009206996
2807906031,28079,031,06,079,28,13,2807906,28079,Madrid,Comunidad de Madrid,ES,3,0,0,Madrid,753.389596807,33768.7859774,47.4,1135.0,35.6,29.3,90.0,14.3,2.4,1135.0,29.3,332.555,82499215,39.669022425009395
2807906032,28079,032,06,079,28,13,2807906,28079,Madrid,Comunidad de Madrid,ES,3,0,0,Madrid,585.495058317,17109.8627194,42.9,1095.0,41.3,17.5,77.8,11.0,2.1,1095.0,17.5,191.625,81581406,49.98344701652689
2807906033,28079,033,06,079,28,13,2807906,28079,Madrid,Comunidad de Madrid,ES,3,0,0,Madrid,987.038043153,45305.7225068,43.2,1498.0,36.4,18.7,70.2,10.9,2.4,1498.0,18.7,280.126,82499628,53.58082233479639
2807906034,28079,034,06,079,28,13,2807906,28079,Madrid,Comunidad de Madrid,ES,3,0,0,Madrid,576.324012734,16036.8647972,44.1,875.0,45.4,18.6,75.5,9.6,2.1,875.0,18.6,162.75000000000003,81580403,53.040610245537316
2807906035,28079,035,06,079,28,13,2807906,28079,Madrid,Comunidad de Madrid,ES,3,0,0,Madrid,755.904451824,21745.6065105,43.5,1626.0,37.2,20.2,67.7,11.4,2.5,1626.0,20.2,328.452,82499051,36.44353796048553
2807906036,28079,036,06,079,28,13,2807906,28079,Madrid,Comunidad de Madrid,ES,3,0,0,Madrid,870.574739858,36476.4779233,43.0,1086.0,41.2,19.0,76.2,12.4,2.2,1086.0,19.0,206.34,1474148445,8.538746511055896
2807906037,28079,037,06,079,28,13,2807906,28079,Madrid,Comunidad de Madrid,ES,3,0,0,Madrid,582.4381052,20652.0868705,43.4,1149.0,44.0,19.6,75.9,11.6,2.1,1149.0,19.6,225.204,81604775,7.160169332077477
2807906038,28079,038,06,079,28,13,2807906,28079,Madrid,Comunidad de Madrid,ES,3,0,0,Madrid,527.298118327,17329.2928537,45.5,842.0,35.2,25.8,92.6,15.7,2.4,842.0,25.8,217.23600000000002,81604776,67.09799027641826
2807906039,28079,039,06,079,28,13,2807906,28079,Madrid,Comunidad de Madrid,ES,3,0,0,Madrid,599.701160247,22261.5288154,46.6,879.0,31.6,25.3,91.2,14.6,2.7,879.0,25.3,222.387,4280781527,66.485247434047
2807906040,28079,040,06,079,28,13,2807906,28079,Madrid,Comunidad de Madrid,ES,3,0,0,Madrid,599.349962649,22123.4765835,47.1,1107.0,25.8,28.2,93.4,15.7,2.6,1107.0,28.2,312.174,6764785332,74.16031401880201
2807906041,28079,041,06,079,28,13,2807906,28079,Madrid,Comunidad de Madrid,ES,3,0,0,Madrid,868.21155921,35372.5583184,46.3,1774.0,43.5,25.5,83.1,10.5,2.1,1774.0,25.5,452.37,6764785326,10.731393307394075
2807906042,28079,042,06,079,28,13,2807906,28079,Madrid,Comunidad de Madrid,ES,3,0,0,Madrid,1059.59152581,41167.505341,44.9,2030.0,41.0,20.8,75.7,10.6,2.3,2030.0,20.8,422.24,81572827,46.29849286671258
2807906043,28079,043,06,079,28,13,2807906,28079,Madrid,Comunidad de Madrid,ES,3,0,0,Madrid,1101.18881188,43355.8255472,42.4,1529.0,47.7,15.6,76.5,10.5,2.0,1529.0,15.6,238.52399999999997,9569344144,28.233535828940102
2807906044,28079,044,06,079,28,13,2807906,28079,Madrid,Comunidad de Madrid,ES,3,0,0,Madrid,721.649986594,31377.4427885,45.9,1025.0,25.1,24.2,92.1,14.3,2.6,1025.0,24.2,248.05,4958858015,18.868802812017723
2807906045,28079,045,06,079,28,13,2807906,28079,Madrid,Comunidad de Madrid,ES,3,0,0,Madrid,757.17422062,35610.7334609,45.2,1138.0,29.0,23.6,93.4,14.4,2.5,1138.0,23.6,268.56800000000004,13051647375,31.27005205461904
2807906046,28079,046,06,079,28,13,2807906,28079,Madrid,Comunidad de Madrid,ES,3,0,0,Madrid,1635.27396916,136614.289705,45.8,1628.0,43.3,23.3,88.9,10.1,2.1,1628.0,23.3,379.324,81468698,10.719587189420421
2807906048,28079,048,06,079,28,13,2807906,28079,Madrid,Comunidad de Madrid,ES,3,0,0,Madrid,681.698018006,28075.3399667,47.6,980.0,33.4,28.8,90.7,13.7,2.4,980.0,28.8,282.24,4260073769,26.976318777545153
2807906049,28079,049,06,079,28,13,2807906,28079,Madrid,Comunidad de Madrid,ES,3,0,0,Madrid,501.627823548,15497.4377748,46.8,806.0,34.6,27.2,92.1,12.5,2.4,806.0,27.2,219.232,4260073767,56.96962087710482
2807906050,28079,050,06,079,28,13,2807906,28079,Madrid,Comunidad de Madrid,ES,3,0,0,Madrid,473.176467203,13999.451244,45.0,624.0,30.5,22.0,92.2,13.1,2.4,624.0,22.0,137.28,8875691321,55.049313308532795
2807906051,28079,051,06,079,28,13,2807906,28079,Madrid,Comunidad de Madrid,ES,3,0,0,Madrid,840.34379636,41041.127152,46.7,1172.0,28.8,25.5,92.7,13.5,2.5,1172.0,25.5,298.86,4958858006,17.334052429508706
2807906052,28079,052,06,079,28,13,2807906,28079,Madrid,Comunidad de Madrid,ES,3,0,0,Madrid,842.598242974,23796.1803244,47.6,976.0,38.3,24.7,89.9,8.9,2.2,976.0,24.7,241.072,12206790266,14.306368949306615
2807906053,28079,053,06,079,28,13,2807906,28079,Madrid,Comunidad de Madrid,ES,3,0,0,Madrid,1210.20590025,49318.3027143,45.2,1290.0,34.9,22.6,81.3,11.9,2.4,1290.0,22.6,291.54,81572822,43.3418654992551
2807906054,28079,054,06,079,28,13,2807906,28079,Madrid,Comunidad de Madrid,ES,3,0,0,Madrid,1047.88150695,48381.5625334,44.2,1414.0,37.2,20.9,81.3,13.2,2.3,1414.0,20.9,295.526,12127398180,22.727158488486822
2807906056,28079,056,06,079,28,13,2807906,28079,Madrid,Comunidad de Madrid,ES,3,0,0,Madrid,1043.6311661,50494.2026048,42.7,2394.0,37.9,16.6,69.8,12.0,2.4,2394.0,16.6,397.404,5427004327,20.607880187554017
2807906057,28079,057,06,079,28,13,2807906,28079,Madrid,Comunidad de Madrid,ES,3,0,0,Madrid,1089.26323779,32395.7255303,45.8,1430.0,40.8,24.2,81.8,11.8,2.2,1430.0,24.2,346.06,5427004350,16.8736509870834
2807906058,28079,058,06,079,28,13,2807906,28079,Madrid,Comunidad de Madrid,ES,3,0,0,Madrid,751.67960614,33046.2586948,47.8,1187.0,52.0,26.1,85.3,7.1,1.8,1187.0,26.1,309.807,12480462897,6.224074973306981
2807906059,28079,059,06,079,28,13,2807906,28079,Madrid,Comunidad de Madrid,ES,3,0,0,Madrid,848.7460644,38950.6289849,46.4,1180.0,46.3,25.9,86.3,11.1,2.0,1180.0,25.9,305.62,81570683,51.132065372475616
2807906060,28079,060,06,079,28,13,2807906,28079,Madrid,Comunidad de Madrid,ES,3,0,0,Madrid,750.589275486,28163.0307202,45.8,938.0,36.5,22.1,90.5,11.5,2.1,938.0,22.1,207.29800000000003,3636843702,43.3330681854504
2807906061,28079,061,06,079,28,13,2807906,28079,Madrid,Comunidad de Madrid,ES,3,0,0,Madrid,707.945839287,14723.5581074,47.9,905.0,35.5,25.5,91.2,9.9,2.2,905.0,25.5,230.775,81601662,55.967873187728806
2807906062,28079,062,06,079,28,13,2807906,28079,Madrid,Comunidad de Madrid,ES,3,0,0,Madrid,1046.8488099,64566.8157153,47.5,2085.0,38.1,27.4,88.0,11.5,2.2,2085.0,27.4,571.29,4260242898,18.344025467171466
2807906063,28079,063,06,079,28,13,2807906,28079,Madrid,Comunidad de Madrid,ES,3,0,0,Madrid,980.879652061,54256.2016212,48.3,1214.0,27.6,29.3,90.1,12.1,2.6,1214.0,29.3,355.70200000000006,1430283513,20.49252649621596
2807906064,28079,064,06,079,28,13,2807906,28079,Madrid,Comunidad de Madrid,ES,3,0,0,Madrid,1076.26460991,62793.2682879,50.0,717.0,22.8,34.2,95.0,13.1,2.8,717.0,34.2,245.21400000000003,4991052239,20.412866046404353
2807906065,28079,065,06,079,28,13,2807906,28079,Madrid,Comunidad de Madrid,ES,3,0,0,Madrid,1020.58562085,55168.7569442,48.4,890.0,38.3,29.3,87.1,10.1,2.3,890.0,29.3,260.77,855140180,30.009192699254417
2807906066,28079,066,06,079,28,13,2807906,28079,Madrid,Comunidad de Madrid,ES,3,0,0,Madrid,693.335185678,29717.960158,46.3,1351.0,45.0,24.1,85.3,10.7,2.0,1351.0,24.1,325.591,2632708134,75.30035497419173
2807906067,28079,067,06,079,28,13,2807906,28079,Madrid,Comunidad de Madrid,ES,3,0,0,Madrid,680.718513156,28830.2813972,44.8,1234.0,37.6,20.9,74.3,9.6,2.2,1234.0,20.9,257.906,12480462882,28.326666822543185
2807906068,28079,068,06,079,28,13,2807906,28079,Madrid,Comunidad de Madrid,ES,3,0,0,Madrid,926.727244948,41499.0129893,43.8,1242.0,41.8,18.5,79.4,11.2,2.1,1242.0,18.5,229.77,12149640614,46.87462749181367
2807906069,28079,069,06,079,28,13,2807906,28079,Madrid,Comunidad de Madrid,ES,3,0,0,Madrid,860.801967037,44514.4939573,44.6,1603.0,43.9,19.9,73.6,8.9,2.1,1603.0,19.9,318.99699999999996,12127516022,39.150110343280886
2807906070,28079,070,06,079,28,13,2807906,28079,Madrid,Comunidad de Madrid,ES,3,0,0,Madrid,1102.77974698,56660.154585,44.7,1434.0,53.0,22.0,83.6,7.8,1.8,1434.0,22.0,315.48,2466320624,38.137492374888964
2807906071,28079,071,06,079,28,13,2807906,28079,Madrid,Comunidad de Madrid,ES,3,0,0,Madrid,1212.48566989,70003.0647864,47.0,1002.0,42.7,26.1,87.7,10.9,2.2,1002.0,26.1,261.522,1982820653,52.88599364175702
2807906072,28079,072,06,079,28,13,2807906,28079,Madrid,Comunidad de Madrid,ES,3,0,0,Madrid,1273.00219285,80311.6958501,45.5,2169.0,49.0,22.6,79.9,9.2,2.0,2169.0,22.6,490.194,11118884661,16.618140903114654
2807906073,28079,073,06,079,28,13,2807906,28079,Madrid,Comunidad de Madrid,ES,3,0,0,Madrid,907.479511518,51659.2359506,42.4,1709.0,36.8,15.5,82.5,14.4,2.3,1709.0,15.5,264.895,11135770978,23.798595361206498
2807906074,28079,074,06,079,28,13,2807906,28079,Madrid,Comunidad de Madrid,ES,3,0,0,Madrid,1054.9125325,38002.2549824,47.9,884.0,42.3,22.9,91.1,11.3,2.1,884.0,22.9,202.43599999999998,3590492109,15.107390124996098
2807906075,28079,075,06,079,28,13,2807906,28079,Madrid,Comunidad de Madrid,ES,3,0,0,Madrid,707.929148556,29122.576984,44.1,1097.0,32.9,19.6,73.7,11.7,2.5,1097.0,19.6,215.012,55228202,17.630115765775006
2807906076,28079,076,06,079,28,13,2807906,28079,Madrid,Comunidad de Madrid,ES,3,0,0,Madrid,1210.80832006,81575.0542589,44.2,918.0,42.3,20.8,77.1,10.1,2.1,918.0,20.8,190.94400000000002,3077638510,19.962124374477643
2807906077,28079,077,06,079,28,13,2807906,28079,Madrid,Comunidad de Madrid,ES,3,0,0,Madrid,956.361058682,38635.1824789,46.8,983.0,34.6,25.7,81.4,8.3,2.3,983.0,25.7,252.63099999999997,2971920462,14.685530685494719
2807906078,28079,078,06,079,28,13,2807906,28079,Madrid,Comunidad de Madrid,ES,3,0,0,Madrid,957.953045316,36153.979281,41.0,1021.0,35.7,15.5,89.7,17.4,2.5,1021.0,15.5,158.255,55234670,21.192744253439024
2807906079,28079,079,06,079,28,13,2807906,28079,Madrid,Comunidad de Madrid,ES,3,0,0,Madrid,679.935377929,28011.116912,46.4,1063.0,30.3,25.0,82.0,10.3,2.4,1063.0,25.0,265.75,4506563409,31.673979019081663
2807906080,28079,080,06,079,28,13,2807906,28079,Madrid,Comunidad de Madrid,ES,3,0,0,Madrid,961.208389217,44483.4523515,41.2,1177.0,35.6,16.1,73.7,13.1,2.4,1177.0,16.1,189.497,55228194,31.58422488812838
2807906081,28079,081,06,079,28,13,2807906,28079,Madrid,Comunidad de Madrid,ES,3,0,0,Madrid,1223.56841574,80362.5147204,42.0,2470.0,29.1,16.4,81.6,14.9,2.6,2470.0,16.4,405.08,5734126709,23.20476014739844
2807906084,28079,084,06,079,28,13,2807906,28079,Madrid,Comunidad de Madrid,ES,3,0,0,Madrid,3417.27365713,279744.089004,41.6,1880.0,27.8,15.9,89.0,17.3,2.6,1880.0,15.9,298.92,3960252733,26.547906986873276
2807906085,28079,085,06,079,28,13,2807906,28079,Madrid,Comunidad de Madrid,ES,3,0,0,Madrid,923.191315756,43703.980725,42.8,1625.0,33.9,17.2,70.2,11.8,2.5,1625.0,17.2,279.5,55241952,34.229490013414654
2807906089,28079,089,06,079,28,13,2807906,28079,Madrid,Comunidad de Madrid,ES,3,0,0,Madrid,710.37290312,28366.7007096,41.8,1115.0,34.1,16.5,80.3,15.3,2.5,1115.0,16.5,183.975,11138486921,40.497174836986744
2807906090,28079,090,06,079,28,13,2807906,28079,Madrid,Comunidad de Madrid,ES,3,0,0,Madrid,1139.76896447,58198.6235263,40.5,2195.0,32.6,13.4,75.6,15.7,2.5,2195.0,13.4,294.13,60106773,32.8889865798356
2807906091,28079,091,06,079,28,13,2807906,28079,Madrid,Comunidad de Madrid,ES,3,0,0,Madrid,969.53081929,39007.8119966,42.4,1559.0,37.7,16.7,75.6,10.9,2.4,1559.0,16.7,260.353,11149494544,21.65385237542035
2807906092,28079,092,06,079,28,13,2807906,28079,Madrid,Comunidad de Madrid,ES,3,0,0,Madrid,892.324354335,49554.8979535,45.5,1189.0,36.1,21.7,78.3,10.4,2.4,1189.0,21.7,258.013,5406173663,17.708673228537076
2807906093,28079,093,06,079,28,13,2807906,28079,Madrid,Comunidad de Madrid,ES,3,0,0,Madrid,910.181715925,29839.0936001,42.9,1335.0,36.5,15.9,71.5,11.0,2.5,1335.0,15.9,212.265,11164954709,24.94718565118588
2807906094,28079,094,06,079,28,13,2807906,28079,Madrid,Comunidad de Madrid,ES,3,0,0,Madrid,1129.86587246,53434.8297076,41.5,2049.0,36.4,13.4,73.0,11.8,2.4,2049.0,13.4,274.56600000000003,11164954666,12.306132072682958
2807906095,28079,095,06,079,28,13,2807906,28079,Madrid,Comunidad de Madrid,ES,3,0,0,Madrid,970.056698429,29429.0504853,42.5,1103.0,29.5,16.1,81.4,13.5,2.6,1103.0,16.1,177.58300000000003,60108174,66.61349800795811
2807906096,28079,096,06,079,28,13,2807906,28079,Madrid,Comunidad de Madrid,ES,3,0,0,Madrid,830.018463318,27079.5460789,40.3,1282.0,30.8,13.0,68.5,14.0,2.5,1282.0,13.0,166.66,60107877,11.058385476213381
2807906097,28079,097,06,079,28,13,2807906,28079,Madrid,Comunidad de Madrid,ES,3,0,0,Madrid,933.892249111,28785.2730408,43.5,1516.0,28.8,16.7,79.6,12.8,2.5,1516.0,16.7,253.172,60107003,36.15743228855253
2807906099,28079,099,06,079,28,13,2807906,28079,Madrid,Comunidad de Madrid,ES,3,0,0,Madrid,4306.33451933,476487.932186,40.4,1825.0,37.6,13.6,71.8,14.3,2.3,1825.0,13.6,248.2,13750348743,24.683587236144767
2807906101,28079,101,06,079,28,13,2807906,28079,Madrid,Comunidad de Madrid,ES,3,0,0,Madrid,1859.39784174,96746.633292,40.9,2071.0,34.2,13.2,80.1,16.5,2.4,2071.0,13.2,273.37199999999996,9289909065,38.37346656968446
2807906102,28079,102,06,079,28,13,2807906,28079,Madrid,Comunidad de Madrid,ES,3,0,0,Madrid,1208.21074419,41139.914156,42.2,1782.0,32.5,14.1,78.2,12.1,2.4,1782.0,14.1,251.262,9301282148,33.49192209786728
2807906103,28079,103,06,079,28,13,2807906,28079,Madrid,Comunidad de Madrid,ES,3,0,0,Madrid,809.580458068,40120.1230197,40.3,1652.0,35.7,10.5,74.5,12.9,2.4,1652.0,10.5,173.46,91611266,18.88050786103348
2807906104,28079,104,06,079,28,13,2807906,28079,Madrid,Comunidad de Madrid,ES,3,0,0,Madrid,893.483620689,35767.0101783,40.4,1279.0,39.7,12.3,71.0,13.7,2.4,1279.0,12.3,157.317,2277540941,9.469212307434937
2807906105,28079,105,06,079,28,13,2807906,28079,Madrid,Comunidad de Madrid,ES,3,0,0,Madrid,1157.86291602,50762.55221,41.7,1978.0,41.0,13.8,73.0,12.5,2.3,1978.0,13.8,272.964,93864110,3.4947359850527637
2807906106,28079,106,06,079,28,13,2807906,28079,Madrid,Comunidad de Madrid,ES,3,0,0,Madrid,996.999009979,35296.5209213,41.3,1251.0,36.6,14.1,73.9,13.4,2.4,1251.0,14.1,176.391,11128255558,25.30407504570483
2807906107,28079,107,06,079,28,13,2807906,28079,Madrid,Comunidad de Madrid,ES,3,0,0,Madrid,848.182212558,37032.5346945,45.1,1470.0,42.1,21.3,75.6,11.0,2.2,1470.0,21.3,313.11,11518338484,11.803638432751672
2807906108,28079,108,06,079,28,13,2807906,28079,Madrid,Comunidad de Madrid,ES,3,0,0,Madrid,916.173694172,39258.4470171,42.0,1449.0,36.0,14.6,66.7,13.2,2.5,1449.0,14.6,211.55399999999997,9177958497,11.243317188595237
2807906109,28079,109,06,079,28,13,2807906,28079,Madrid,Comunidad de Madrid,ES,3,0,0,Madrid,1015.94198595,53119.3649234,41.6,2117.0,36.0,14.1,68.7,12.2,2.5,2117.0,14.1,298.497,9208044821,4.311830812649841
2807906110,28079,110,06,079,28,13,2807906,28079,Madrid,Comunidad de Madrid,ES,3,0,0,Madrid,937.503384666,45808.580977,42.3,1421.0,39.7,13.9,72.3,10.5,2.2,1421.0,13.9,197.519,9135199028,26.18692067318177
2807906111,28079,111,06,079,28,13,2807906,28079,Madrid,Comunidad de Madrid,ES,3,0,0,Madrid,1146.51709886,54335.7197141,40.4,2135.0,36.6,13.1,78.7,14.9,2.4,2135.0,13.1,279.685,8932850144,13.682641702046972
2807906112,28079,112,06,079,28,13,2807906,28079,Madrid,Comunidad de Madrid,ES,3,0,0,Madrid,766.537380961,31102.2982347,43.5,1071.0,32.4,19.1,78.5,12.0,2.5,1071.0,19.1,204.56100000000004,13919957820,34.35950588329297
2807906113,28079,113,06,079,28,13,2807906,28079,Madrid,Comunidad de Madrid,ES,3,0,0,Madrid,718.565572539,23930.0493756,42.2,1089.0,35.3,15.9,82.4,13.6,2.3,1089.0,15.9,173.151,8850992407,30.990079357959
2807906114,28079,114,06,079,28,13,2807906,28079,Madrid,Comunidad de Madrid,ES,3,0,0,Madrid,1216.18840925,46487.2649133,41.2,2130.0,38.2,13.4,77.2,13.0,2.3,2130.0,13.4,285.42,8796065708,31.022086640709805
2807906115,28079,115,06,079,28,13,2807906,28079,Madrid,Comunidad de Madrid,ES,3,0,0,Madrid,607.489047018,21387.9217101,41.3,1196.0,36.7,14.6,67.7,13.0,2.4,1196.0,14.6,174.61599999999999,8824423797,13.627241484396825
2807906116,28079,116,06,079,28,13,2807906,28079,Madrid,Comunidad de Madrid,ES,3,0,0,Madrid,1171.03222214,47093.5559556,43.2,2199.0,36.8,17.3,74.1,12.0,2.3,2199.0,17.3,380.427,3479505432,23.315933579193157
2807906117,28079,117,06,079,28,13,2807906,28079,Madrid,Comunidad de Madrid,ES,3,0,0,Madrid,1085.73522998,63293.7516824,42.6,2099.0,39.2,16.7,74.5,11.7,2.3,2099.0,16.7,350.53299999999996,8599968189,10.234174796169844
2807906118,28079,118,06,079,28,13,2807906,28079,Madrid,Comunidad de Madrid,ES,3,0,0,Madrid,600.151967719,18907.6550552,45.9,939.0,38.1,22.5,73.6,11.3,2.4,939.0,22.5,211.275,9504628687,48.26093768467842
2807906119,28079,119,06,079,28,13,2807906,28079,Madrid,Comunidad de Madrid,ES,3,0,0,Madrid,596.880956259,15222.0806175,42.8,1021.0,32.7,17.5,71.2,12.8,2.5,1021.0,17.5,178.675,93888461,23.748994297714148
2807906120,28079,120,06,079,28,13,2807906,28079,Madrid,Comunidad de Madrid,ES,3,0,0,Madrid,925.611697487,23403.8818187,43.7,1465.0,33.4,19.0,70.2,13.0,2.6,1465.0,19.0,278.35,3393550159,12.024822294183856
2807906121,28079,121,06,079,28,13,2807906,28079,Madrid,Comunidad de Madrid,ES,3,0,0,Madrid,778.301040836,30320.2351943,44.0,1219.0,40.5,19.8,73.9,13.1,2.4,1219.0,19.8,241.362,13684408806,30.583322182493685
2807906122,28079,122,06,079,28,13,2807906,28079,Madrid,Comunidad de Madrid,ES,3,0,0,Madrid,851.822982427,38280.2439287,44.1,1785.0,35.3,21.4,77.7,13.5,2.4,1785.0,21.4,381.99,3402545922,12.137332739230432
2807906123,28079,123,06,079,28,13,2807906,28079,Madrid,Comunidad de Madrid,ES,3,0,0,Madrid,718.092254727,23982.7761757,40.8,1349.0,38.9,14.8,74.6,14.6,2.4,1349.0,14.8,199.65200000000002,3402545897,32.9664580069987
2807906124,28079,124,06,079,28,13,2807906,28079,Madrid,Comunidad de Madrid,ES,3,0,0,Madrid,861.274370399,28346.4878612,42.0,1130.0,33.5,16.1,76.1,12.6,2.5,1130.0,16.1,181.93,8777260729,28.675385096694797
2807906125,28079,125,06,079,28,13,2807906,28079,Madrid,Comunidad de Madrid,ES,3,0,0,Madrid,1203.25854953,68502.9897846,48.0,1519.0,39.9,30.0,93.3,11.0,2.1,1519.0,30.0,455.7,8565225713,17.32960746704425
2807906126,28079,126,06,079,28,13,2807906,28079,Madrid,Comunidad de Madrid,ES,3,0,0,Madrid,998.743733103,37166.1467786,42.8,1428.0,46.2,16.1,71.4,11.6,2.2,1428.0,16.1,229.90800000000002,11133828409,17.901996834939606
2807906127,28079,127,06,079,28,13,2807906,28079,Madrid,Comunidad de Madrid,ES,3,0,0,Madrid,1106.08779818,50449.9169632,43.3,1457.0,29.4,18.4,90.0,13.3,2.6,1457.0,18.4,268.08799999999997,55243203,12.786952843203037
2807906128,28079,128,06,079,28,13,2807906,28079,Madrid,Comunidad de Madrid,ES,3,0,0,Madrid,823.46265528,34105.9813171,45.4,1374.0,34.3,20.4,83.6,11.6,2.3,1374.0,20.4,280.296,11135770960,32.589633114523245
2807906129,28079,129,06,079,28,13,2807906,28079,Madrid,Comunidad de Madrid,ES,3,0,0,Madrid,1376.71165075,52915.2384952,42.5,2077.0,35.9,15.9,78.1,13.1,2.4,2077.0,15.9,330.24300000000005,11135658472,28.66833886762799
2807907001,28079,001,07,079,28,13,2807907,28079,Madrid,Comunidad de Madrid,ES,3,0,0,Madrid,661.853174299,26164.2024676,45.3,1147.0,47.2,22.6,82.1,8.7,2.0,1147.0,22.6,259.222,6441681707,60.63538716761692
2807907002,28079,002,07,079,28,13,2807907,28079,Madrid,Comunidad de Madrid,ES,3,0,0,Madrid,495.430018242,14969.7021823,46.4,809.0,39.9,25.6,84.7,9.2,2.3,809.0,25.6,207.104,25935142,49.31555874026444
2807907003,28079,003,07,079,28,13,2807907,28079,Madrid,Comunidad de Madrid,ES,3,0,0,Madrid,642.753161193,23977.8836651,43.6,1195.0,50.2,19.8,79.1,10.6,2.0,1195.0,19.8,236.61,11225755121,62.61917160453863
2807907004,28079,004,07,079,28,13,2807907,28079,Madrid,Comunidad de Madrid,ES,3,0,0,Madrid,756.787466594,32801.5832104,44.8,1626.0,44.3,21.3,80.3,9.5,2.0,1626.0,21.3,346.338,11225755083,19.254813962353182
2807907006,28079,006,07,079,28,13,2807907,28079,Madrid,Comunidad de Madrid,ES,3,0,0,Madrid,751.034115265,27008.2476383,48.4,1476.0,41.4,29.6,88.0,9.2,2.1,1476.0,29.6,436.89599999999996,4470285283,38.78355795652717
2807907007,28079,007,07,079,28,13,2807907,28079,Madrid,Comunidad de Madrid,ES,3,0,0,Madrid,606.490137886,21903.1695973,44.9,862.0,37.4,24.4,90.0,14.2,2.3,862.0,24.4,210.328,4470285279,57.5670150043354
2807907008,28079,008,07,079,28,13,2807907,28079,Madrid,Comunidad de Madrid,ES,3,0,0,Madrid,738.801823659,28867.1761945,49.9,1286.0,34.7,33.7,92.2,10.7,2.3,1286.0,33.7,433.38200000000006,11225755140,7.2691581986128195
2807907009,28079,009,07,079,28,13,2807907,28079,Madrid,Comunidad de Madrid,ES,3,0,0,Madrid,492.418991042,14530.2795141,45.2,878.0,42.8,24.0,81.1,9.8,2.1,878.0,24.0,210.72,4470297994,75.91939653597242
2807907010,28079,010,07,079,28,13,2807907,28079,Madrid,Comunidad de Madrid,ES,3,0,0,Madrid,762.791327598,33552.3407864,45.2,1064.0,42.4,23.3,82.8,11.6,2.2,1064.0,23.3,247.912,11225755126,57.555391634144755
2807907011,28079,011,07,079,28,13,2807907,28079,Madrid,Comunidad de Madrid,ES,3,0,0,Madrid,735.404189671,23547.0463787,44.5,1170.0,46.5,22.3,83.3,9.7,1.9,1170.0,22.3,260.91,26153007,4.973905134426256
2807907012,28079,012,07,079,28,13,2807907,28079,Madrid,Comunidad de Madrid,ES,3,0,0,Madrid,823.761807609,27563.7412728,46.2,1418.0,47.3,25.1,81.6,8.9,2.0,1418.0,25.1,355.918,11225754943,48.07539745533477
2807907013,28079,013,07,079,28,13,2807907,28079,Madrid,Comunidad de Madrid,ES,3,0,0,Madrid,514.924036684,16593.3492647,46.6,815.0,39.1,26.4,87.7,9.8,2.3,815.0,26.4,215.16,11225755141,67.39613258914233
2807907014,28079,014,07,079,28,13,2807907,28079,Madrid,Comunidad de Madrid,ES,3,0,0,Madrid,635.192550548,23886.1007733,47.3,1082.0,39.1,27.6,85.9,9.1,2.1,1082.0,27.6,298.632,1669117838,51.88758618386288
2807907016,28079,016,07,079,28,13,2807907,28079,Madrid,Comunidad de Madrid,ES,3,0,0,Madrid,735.343039747,29649.0591414,43.6,1512.0,48.3,19.2,81.4,10.3,2.0,1512.0,19.2,290.304,11225754965,52.40820728310186
2807907017,28079,017,07,079,28,13,2807907,28079,Madrid,Comunidad de Madrid,ES,3,0,0,Madrid,576.507962892,20627.2439931,48.0,920.0,33.8,27.3,90.0,11.1,2.3,920.0,27.3,251.16,4260643623,87.9358026774142
2807907018,28079,018,07,079,28,13,2807907,28079,Madrid,Comunidad de Madrid,ES,3,0,0,Madrid,797.296992522,30518.5119912,47.5,1550.0,36.8,28.7,86.7,8.9,2.3,1550.0,28.7,444.85,4548405624,14.72951892926408
2807907019,28079,019,07,079,28,13,2807907,28079,Madrid,Comunidad de Madrid,ES,3,0,0,Madrid,666.78149079,27079.8650864,47.5,1142.0,43.5,29.5,88.3,9.9,2.0,1142.0,29.5,336.89,1669118010,60.38699291645042
2807907021,28079,021,07,079,28,13,2807907,28079,Madrid,Comunidad de Madrid,ES,3,0,0,Madrid,1196.79023334,62918.3445129,46.8,1888.0,37.6,26.9,88.7,11.7,2.3,1888.0,26.9,507.87199999999996,4548405658,29.34191051698195
2807907023,28079,023,07,079,28,13,2807907,28079,Madrid,Comunidad de Madrid,ES,3,0,0,Madrid,602.456035253,22029.8987221,46.2,1012.0,28.0,26.2,91.6,13.0,2.6,1012.0,26.2,265.144,4548435332,63.51373069006154
2807907024,28079,024,07,079,28,13,2807907,28079,Madrid,Comunidad de Madrid,ES,3,0,0,Madrid,500.02337245,15017.9927412,45.2,716.0,41.3,24.0,89.4,10.8,2.1,716.0,24.0,171.84,4548454351,73.95981416386861
2807907025,28079,025,07,079,28,13,2807907,28079,Madrid,Comunidad de Madrid,ES,3,0,0,Madrid,583.233200116,21230.7017116,44.0,1099.0,34.1,22.4,87.3,12.7,2.3,1099.0,22.4,246.176,4485511537,42.57556164830471
2807907026,28079,026,07,079,28,13,2807907,28079,Madrid,Comunidad de Madrid,ES,3,0,0,Madrid,1336.38143134,80988.301702,45.1,1777.0,40.9,23.0,88.0,11.5,2.1,1777.0,23.0,408.71,301432878,30.340212732509354
2807907028,28079,028,07,079,28,13,2807907,28079,Madrid,Comunidad de Madrid,ES,3,0,0,Madrid,708.696479904,22116.3232528,48.6,1153.0,37.0,29.8,92.3,11.0,2.2,1153.0,29.8,343.594,12918093525,4.2872488890254425
2807907030,28079,030,07,079,28,13,2807907,28079,Madrid,Comunidad de Madrid,ES,3,0,0,Madrid,559.446307893,19479.3818326,45.7,1136.0,37.2,22.8,88.4,10.2,2.3,1136.0,22.8,259.008,4485511527,77.85932543498507
2807907031,28079,031,07,079,28,13,2807907,28079,Madrid,Comunidad de Madrid,ES,3,0,0,Madrid,484.435409873,14160.6635081,43.2,829.0,38.2,19.8,88.3,11.3,2.2,829.0,19.8,164.142,5204319848,56.43629954596153
2807907032,28079,032,07,079,28,13,2807907,28079,Madrid,Comunidad de Madrid,ES,3,0,0,Madrid,719.277793232,28363.1882777,45.9,1164.0,48.4,26.0,85.7,9.9,1.9,1164.0,26.0,302.64,12354085523,50.693977857886814
2807907034,28079,034,07,079,28,13,2807907,28079,Madrid,Comunidad de Madrid,ES,3,0,0,Madrid,537.454446269,17855.530134,45.0,1443.0,39.0,22.7,82.8,9.6,2.2,1443.0,22.7,327.561,9275138546,82.83477802509543
2807907035,28079,035,07,079,28,13,2807907,28079,Madrid,Comunidad de Madrid,ES,3,0,0,Madrid,446.933318899,12380.2268351,46.0,736.0,42.5,23.0,84.1,9.0,2.0,736.0,23.0,169.28,298158739,56.3828748434105
2807907036,28079,036,07,079,28,13,2807907,28079,Madrid,Comunidad de Madrid,ES,3,0,0,Madrid,795.092127349,32328.9857274,44.6,1555.0,46.6,20.1,85.2,10.4,2.0,1555.0,20.1,312.55500000000006,11525423831,42.660477478659956
2807907038,28079,038,07,079,28,13,2807907,28079,Madrid,Comunidad de Madrid,ES,3,0,0,Madrid,501.849242832,14031.0898707,46.6,1030.0,44.7,25.6,85.7,10.2,2.0,1030.0,25.6,263.68,26242734,54.97559220270106
2807907039,28079,039,07,079,28,13,2807907,28079,Madrid,Comunidad de Madrid,ES,3,0,0,Madrid,553.422793661,19023.844637,44.3,935.0,34.7,21.9,86.2,14.2,2.4,935.0,21.9,204.765,12353977444,17.719077742528853
2807907040,28079,040,07,079,28,13,2807907,28079,Madrid,Comunidad de Madrid,ES,3,0,0,Madrid,732.074040885,30467.8987774,46.1,1019.0,52.3,24.0,85.5,8.2,1.8,1019.0,24.0,244.56,4921021997,16.93217628371866
2807907041,28079,041,07,079,28,13,2807907,28079,Madrid,Comunidad de Madrid,ES,3,0,0,Madrid,733.833972821,30315.4973748,44.5,1313.0,45.9,21.1,75.3,7.3,2.0,1313.0,21.1,277.043,11225755052,11.14401374691205
2807907042,28079,042,07,079,28,13,2807907,28079,Madrid,Comunidad de Madrid,ES,3,0,0,Madrid,726.30616835,29015.0435157,46.7,928.0,21.7,27.7,92.4,12.4,2.7,928.0,27.7,257.056,13629609099,21.518784607843724
2807907043,28079,043,07,079,28,13,2807907,28079,Madrid,Comunidad de Madrid,ES,3,0,0,Madrid,815.044047328,37254.6144452,49.3,1109.0,38.5,31.0,86.9,9.6,2.1,1109.0,31.0,343.79,298156269,31.639075426587986
2807907044,28079,044,07,079,28,13,2807907,28079,Madrid,Comunidad de Madrid,ES,3,0,0,Madrid,559.188621596,19780.3985289,48.3,972.0,24.0,30.0,92.4,13.5,2.8,972.0,30.0,291.6,13629645504,65.28263481213146
2807907045,28079,045,07,079,28,13,2807907,28079,Madrid,Comunidad de Madrid,ES,3,0,0,Madrid,540.915572027,18248.2784758,43.2,1002.0,40.5,18.6,80.7,10.6,2.1,1002.0,18.6,186.372,12353977402,81.90647537175391
2807907046,28079,046,07,079,28,13,2807907,28079,Madrid,Comunidad de Madrid,ES,3,0,0,Madrid,489.734713956,14783.985826,44.1,723.0,48.6,20.8,82.6,11.6,2.0,723.0,20.8,150.384,11225755061,74.67551115366794
2807907047,28079,047,07,079,28,13,2807907,28079,Madrid,Comunidad de Madrid,ES,3,0,0,Madrid,585.037619115,19839.4789947,45.6,1100.0,41.8,24.0,83.9,9.5,2.1,1100.0,24.0,264.0,25935073,59.89557315009179
2807907048,28079,048,07,079,28,13,2807907,28079,Madrid,Comunidad de Madrid,ES,3,0,0,Madrid,906.250150228,49998.2697379,46.7,1855.0,44.4,25.8,86.5,9.3,2.0,1855.0,25.8,478.59,25935075,34.19140948147364
2807907049,28079,049,07,079,28,13,2807907,28079,Madrid,Comunidad de Madrid,ES,3,0,0,Madrid,732.48232942,32540.1764098,44.7,700.0,39.2,24.9,88.1,13.4,2.2,700.0,24.9,174.3,11172580733,16.30696738231779
2807907050,28079,050,07,079,28,13,2807907,28079,Madrid,Comunidad de Madrid,ES,3,0,0,Madrid,743.71235856,22873.0562831,42.5,853.0,41.8,17.1,77.5,11.6,2.1,853.0,17.1,145.863,12361261660,42.49763743292447
2807907051,28079,051,07,079,28,13,2807907,28079,Madrid,Comunidad de Madrid,ES,3,0,0,Madrid,571.423414578,19277.6791613,43.1,810.0,46.3,19.1,74.7,9.6,2.0,810.0,19.1,154.71,12361399476,42.902504046614055
2807907052,28079,052,07,079,28,13,2807907,28079,Madrid,Comunidad de Madrid,ES,3,0,0,Madrid,525.231544467,14613.7871145,45.1,727.0,41.7,23.3,80.5,11.7,2.2,727.0,23.3,169.39100000000002,12361399437,35.69343965413244
2807907053,28079,053,07,079,28,13,2807907,28079,Madrid,Comunidad de Madrid,ES,3,0,0,Madrid,653.835638547,26861.5652677,42.7,1429.0,47.4,18.8,80.8,10.6,2.0,1429.0,18.8,268.652,12361261641,64.54437390008069
2807907055,28079,055,07,079,28,13,2807907,28079,Madrid,Comunidad de Madrid,ES,3,0,0,Madrid,663.92784358,18490.4433302,44.6,747.0,42.5,22.9,79.0,11.0,2.1,747.0,22.9,171.063,2972995642,50.0456108042081
2807907056,28079,056,07,079,28,13,2807907,28079,Madrid,Comunidad de Madrid,ES,3,0,0,Madrid,503.364354587,13288.367124,43.9,729.0,45.0,20.4,83.4,10.6,2.0,729.0,20.4,148.71599999999998,12361399481,38.930875754041324
2807907057,28079,057,07,079,28,13,2807907,28079,Madrid,Comunidad de Madrid,ES,3,0,0,Madrid,838.943989721,39449.8388559,44.3,1416.0,45.3,22.0,83.6,12.6,2.0,1416.0,22.0,311.52,12361399427,14.711837841871443
2807907058,28079,058,07,079,28,13,2807907,28079,Madrid,Comunidad de Madrid,ES,3,0,0,Madrid,650.399057243,25906.5335687,45.8,1154.0,48.6,20.5,78.6,6.9,1.8,1154.0,20.5,236.57,9281668032,15.729036321706975
2807907059,28079,059,07,079,28,13,2807907,28079,Madrid,Comunidad de Madrid,ES,3,0,0,Madrid,785.553717271,27721.2272631,43.6,787.0,40.1,18.9,82.0,9.9,2.1,787.0,18.9,148.743,9175086693,41.08784269382015
2807907060,28079,060,07,079,28,13,2807907,28079,Madrid,Comunidad de Madrid,ES,3,0,0,Madrid,654.769650719,22626.9153667,44.2,895.0,48.4,17.9,80.8,9.4,2.0,895.0,17.9,160.20499999999998,9175086699,44.68764965842343
2807907061,28079,061,07,079,28,13,2807907,28079,Madrid,Comunidad de Madrid,ES,3,0,0,Madrid,613.941156843,22678.8551163,45.3,1227.0,50.9,21.7,85.4,9.1,1.9,1227.0,21.7,266.25899999999996,12361308410,54.22989213495413
2807907062,28079,062,07,079,28,13,2807907,28079,Madrid,Comunidad de Madrid,ES,3,0,0,Madrid,534.25694841,16795.381508,44.2,1019.0,40.7,21.6,86.5,11.5,2.1,1019.0,21.6,220.104,12361277879,50.52306560082683
2807907063,28079,063,07,079,28,13,2807907,28079,Madrid,Comunidad de Madrid,ES,3,0,0,Madrid,887.444254173,45911.9797773,45.6,1242.0,42.2,23.6,88.7,11.8,2.1,1242.0,23.6,293.112,13555699327,50.479811579077655
2807907064,28079,064,07,079,28,13,2807907,28079,Madrid,Comunidad de Madrid,ES,3,0,0,Madrid,830.614051511,25255.3492297,46.2,1102.0,37.7,25.2,89.8,11.8,2.3,1102.0,25.2,277.70399999999995,2283361235,46.91829169087318
2807907065,28079,065,07,079,28,13,2807907,28079,Madrid,Comunidad de Madrid,ES,3,0,0,Madrid,760.346315955,23910.7266409,44.1,1347.0,44.6,20.7,77.5,11.4,2.1,1347.0,20.7,278.82899999999995,3883232008,19.799703299166623
2807907066,28079,066,07,079,28,13,2807907,28079,Madrid,Comunidad de Madrid,ES,3,0,0,Madrid,531.749090547,16925.4266727,44.0,1069.0,49.6,19.2,81.0,10.9,2.0,1069.0,19.2,205.248,12361277884,58.49915028440536
2807907067,28079,067,07,079,28,13,2807907,28079,Madrid,Comunidad de Madrid,ES,3,0,0,Madrid,622.812593366,23010.3977523,43.7,1100.0,36.8,19.5,84.0,12.4,2.2,1100.0,19.5,214.5,12361308415,52.36215888093388
2807907068,28079,068,07,079,28,13,2807907,28079,Madrid,Comunidad de Madrid,ES,3,0,0,Madrid,603.677736706,22220.5478711,45.1,1059.0,39.7,22.8,85.3,11.6,2.2,1059.0,22.8,241.452,9157684317,15.576666912534321
2807907069,28079,069,07,079,28,13,2807907,28079,Madrid,Comunidad de Madrid,ES,3,0,0,Madrid,600.006637504,21945.4045949,47.0,928.0,46.0,25.1,85.2,8.4,1.9,928.0,25.1,232.92800000000003,9157684244,14.326439242297445
2807907070,28079,070,07,079,28,13,2807907,28079,Madrid,Comunidad de Madrid,ES,3,0,0,Madrid,828.594137973,26358.0548531,43.4,1225.0,47.0,18.1,83.1,11.2,2.1,1225.0,18.1,221.725,9165503409,22.77163776964085
2807907071,28079,071,07,079,28,13,2807907,28079,Madrid,Comunidad de Madrid,ES,3,0,0,Madrid,736.314185079,25488.1393196,45.0,1028.0,37.1,23.4,86.5,13.1,2.3,1028.0,23.4,240.55199999999996,1591330146,58.25485972495636
2807907072,28079,072,07,079,28,13,2807907,28079,Madrid,Comunidad de Madrid,ES,3,0,0,Madrid,1377.97284911,64320.6940911,45.9,1439.0,40.6,24.4,82.6,10.8,2.2,1439.0,24.4,351.116,12828545021,27.60350725442331
2807907073,28079,073,07,079,28,13,2807907,28079,Madrid,Comunidad de Madrid,ES,3,0,0,Madrid,1092.75716689,45144.2920398,44.0,1388.0,44.3,19.8,80.4,11.0,2.1,1388.0,19.8,274.824,8723432998,54.79488967997358
2807907075,28079,075,07,079,28,13,2807907,28079,Madrid,Comunidad de Madrid,ES,3,0,0,Madrid,1395.51246617,98570.6303199,46.3,1037.0,40.6,24.7,82.8,12.6,2.3,1037.0,24.7,256.13899999999995,25906145,25.90185159900027
2807907076,28079,076,07,079,28,13,2807907,28079,Madrid,Comunidad de Madrid,ES,3,0,0,Madrid,1140.18887361,56629.6596757,47.9,788.0,46.4,28.7,86.8,12.3,2.2,788.0,28.7,226.15599999999998,12031695657,36.62394257014418
2807907078,28079,078,07,079,28,13,2807907,28079,Madrid,Comunidad de Madrid,ES,3,0,0,Madrid,809.569214355,32761.245161,44.4,1011.0,40.0,22.8,81.1,13.4,2.2,1011.0,22.8,230.50799999999998,4833611537,20.947925942541698
2807907079,28079,079,07,079,28,13,2807907,28079,Madrid,Comunidad de Madrid,ES,3,0,0,Madrid,748.842016963,32800.424281,43.9,871.0,40.5,20.0,83.4,11.4,2.2,871.0,20.0,174.2,4169858410,61.21880658002154
2807907080,28079,080,07,079,28,13,2807907,28079,Madrid,Comunidad de Madrid,ES,3,0,0,Madrid,1139.3820609,55685.9853774,45.8,1176.0,37.1,23.4,87.5,12.8,2.4,1176.0,23.4,275.18399999999997,5232409902,24.38475427009568
2807907081,28079,081,07,079,28,13,2807907,28079,Madrid,Comunidad de Madrid,ES,3,0,0,Madrid,1857.98006511,167051.177449,45.3,1345.0,28.5,20.6,85.4,12.0,2.7,1345.0,20.6,277.07000000000005,25902195,36.72636256607357
2807907082,28079,082,07,079,28,13,2807907,28079,Madrid,Comunidad de Madrid,ES,3,0,0,Madrid,1262.898151,75857.3086525,44.3,1120.0,40.1,21.5,84.2,12.1,2.2,1120.0,21.5,240.8,25902430,36.834142169254584
2807907083,28079,083,07,079,28,13,2807907,28079,Madrid,Comunidad de Madrid,ES,3,0,0,Madrid,585.408535915,20785.5739762,47.9,733.0,29.3,27.4,85.3,11.6,2.5,733.0,27.4,200.842,13520720339,50.89092596291449
2807907084,28079,084,07,079,28,13,2807907,28079,Madrid,Comunidad de Madrid,ES,3,0,0,Madrid,779.541593302,34883.4184772,47.5,1081.0,42.1,28.2,87.4,12.2,2.2,1081.0,28.2,304.842,13520720324,65.42978802800582
2807907085,28079,085,07,079,28,13,2807907,28079,Madrid,Comunidad de Madrid,ES,3,0,0,Madrid,1121.08150423,74375.8997943,46.9,1237.0,34.8,28.9,85.1,14.9,2.4,1237.0,28.9,357.49299999999994,12287275800,115.51749444460408
2807907086,28079,086,07,079,28,13,2807907,28079,Madrid,Comunidad de Madrid,ES,3,0,0,Madrid,581.329980291,16560.7245445,45.9,859.0,29.5,23.4,87.5,12.5,2.6,859.0,23.4,201.00599999999997,9468421733,38.26431684065794
2807907087,28079,087,07,079,28,13,2807907,28079,Madrid,Comunidad de Madrid,ES,3,0,0,Madrid,929.01604662,33140.0455503,42.8,930.0,38.0,20.2,80.7,15.2,2.4,930.0,20.2,187.86,60018337,36.381109158190256
2807907088,28079,088,07,079,28,13,2807907,28079,Madrid,Comunidad de Madrid,ES,3,0,0,Madrid,526.889658793,17096.9815862,45.6,1095.0,35.9,23.5,86.6,11.7,2.3,1095.0,23.5,257.325,13476087794,21.317618421900725
2807907089,28079,089,07,079,28,13,2807907,28079,Madrid,Comunidad de Madrid,ES,3,0,0,Madrid,716.061424369,26569.4941472,46.0,1321.0,38.1,24.7,81.0,11.5,2.3,1321.0,24.7,326.28700000000003,9468418952,8.600111237660002
2807907090,28079,090,07,079,28,13,2807907,28079,Madrid,Comunidad de Madrid,ES,3,0,0,Madrid,598.167338988,20004.3436813,41.5,958.0,45.4,17.5,74.7,13.6,2.2,958.0,17.5,167.65,4234097904,4.3242081202608285
2807907091,28079,091,07,079,28,13,2807907,28079,Madrid,Comunidad de Madrid,ES,3,0,0,Madrid,766.508219466,36003.0055414,44.6,840.0,44.9,22.3,79.6,10.2,2.1,840.0,22.3,187.32,269361177,40.50367110084037
2807907092,28079,092,07,079,28,13,2807907,28079,Madrid,Comunidad de Madrid,ES,3,0,0,Madrid,922.709044783,49870.970485,45.1,1248.0,40.9,23.3,84.9,13.2,2.3,1248.0,23.3,290.784,8963996218,27.404239659845828
2807907093,28079,093,07,079,28,13,2807907,28079,Madrid,Comunidad de Madrid,ES,3,0,0,Madrid,1218.25962541,88985.2409382,45.6,1284.0,34.9,24.3,83.3,13.9,2.6,1284.0,24.3,312.012,8737409030,9.250059308508407
2807907094,28079,094,07,079,28,13,2807907,28079,Madrid,Comunidad de Madrid,ES,3,0,0,Madrid,1181.90764038,59555.1627034,45.0,1616.0,33.9,24.3,87.4,15.1,2.5,1616.0,24.3,392.68800000000005,25902756,62.06725470691093
2807907095,28079,095,07,079,28,13,2807907,28079,Madrid,Comunidad de Madrid,ES,3,0,0,Madrid,2212.68506148,220071.183419,43.8,1385.0,31.1,22.7,90.3,17.0,2.7,1385.0,22.7,314.395,3451286539,35.771401434747396
2807907096,28079,096,07,079,28,13,2807907,28079,Madrid,Comunidad de Madrid,ES,3,0,0,Madrid,776.367816554,36194.4830988,44.5,1197.0,38.6,20.1,88.4,12.0,2.4,1197.0,20.1,240.597,60030406,72.54631179035701
2807907097,28079,097,07,079,28,13,2807907,28079,Madrid,Comunidad de Madrid,ES,3,0,0,Madrid,759.213691224,32151.0495435,41.2,886.0,41.3,15.5,80.1,14.5,2.2,886.0,15.5,137.33,60030407,63.66985208513234
2807907098,28079,098,07,079,28,13,2807907,28079,Madrid,Comunidad de Madrid,ES,3,0,0,Madrid,516.635867756,16643.8642095,48.0,971.0,30.8,28.0,92.0,12.4,2.4,971.0,28.0,271.88,5242505643,67.34986006702127
2807907099,28079,099,07,079,28,13,2807907,28079,Madrid,Comunidad de Madrid,ES,3,0,0,Madrid,527.228096921,17316.0552962,45.4,894.0,41.1,21.4,86.9,9.7,2.1,894.0,21.4,191.31599999999997,13289293167,76.394994935736
2807907100,28079,100,07,079,28,13,2807907,28079,Madrid,Comunidad de Madrid,ES,3,0,0,Madrid,507.952002542,16124.3580289,44.2,824.0,46.9,21.0,83.7,9.6,2.0,824.0,21.0,173.04,60030402,62.771026146794824
2807907101,28079,101,07,079,28,13,2807907,28079,Madrid,Comunidad de Madrid,ES,3,0,0,Madrid,522.586578138,17071.4400129,46.4,1211.0,50.9,22.5,81.2,8.3,1.9,1211.0,22.5,272.475,5069264831,52.84734087144669
2807907102,28079,102,07,079,28,13,2807907,28079,Madrid,Comunidad de Madrid,ES,3,0,0,Madrid,1534.08259814,115470.483735,44.4,1363.0,46.3,21.4,83.7,9.7,2.0,1363.0,21.4,291.68199999999996,8590150193,46.31957675664261
2807907103,28079,103,07,079,28,13,2807907,28079,Madrid,Comunidad de Madrid,ES,3,0,0,Madrid,895.532467995,46044.432797,43.8,1439.0,45.4,20.2,80.3,8.5,2.0,1439.0,20.2,290.678,2880444985,8.065398263296888
2807907105,28079,105,07,079,28,13,2807907,28079,Madrid,Comunidad de Madrid,ES,3,0,0,Madrid,610.744478278,22095.6441906,46.4,1151.0,33.2,24.9,88.3,13.1,2.3,1151.0,24.9,286.599,12430451355,77.02474091720893
2807907106,28079,106,07,079,28,13,2807907,28079,Madrid,Comunidad de Madrid,ES,3,0,0,Madrid,712.786656577,25662.9204095,47.3,1262.0,37.8,28.7,85.4,12.0,2.2,1262.0,28.7,362.194,13289292590,45.347990125831004
2807907107,28079,107,07,079,28,13,2807907,28079,Madrid,Comunidad de Madrid,ES,3,0,0,Madrid,796.264642773,34546.3355886,47.6,966.0,40.8,27.4,88.8,10.1,2.2,966.0,27.4,264.68399999999997,13233569923,53.50780169425658
2807907108,28079,108,07,079,28,13,2807907,28079,Madrid,Comunidad de Madrid,ES,3,0,0,Madrid,779.637450822,35159.8170075,43.9,1028.0,34.5,19.2,83.8,11.3,2.4,1028.0,19.2,197.37599999999998,11825144790,61.3367300556999
2807907109,28079,109,07,079,28,13,2807907,28079,Madrid,Comunidad de Madrid,ES,3,0,0,Madrid,758.58065469,32709.3284617,46.8,1238.0,40.1,25.7,89.5,11.9,2.2,1238.0,25.7,318.166,13289293166,60.045074155358584
2807907110,28079,110,07,079,28,13,2807907,28079,Madrid,Comunidad de Madrid,ES,3,0,0,Madrid,699.281207682,28399.3503824,46.9,1006.0,53.1,23.9,80.8,6.0,1.8,1006.0,23.9,240.43399999999997,13925780713,58.815409086827046
2807907111,28079,111,07,079,28,13,2807907,28079,Madrid,Comunidad de Madrid,ES,3,0,0,Madrid,670.215902498,24341.0359916,47.9,1271.0,38.0,27.3,85.6,10.1,2.1,1271.0,27.3,346.983,1613048644,31.9214410271621
2807907113,28079,113,07,079,28,13,2807907,28079,Madrid,Comunidad de Madrid,ES,3,0,0,Madrid,899.871301823,48203.0803198,40.7,2053.0,34.1,16.8,84.8,18.4,2.4,2053.0,16.8,344.904,11837861224,33.59301442543757
2807907114,28079,114,07,079,28,13,2807907,28079,Madrid,Comunidad de Madrid,ES,3,0,0,Madrid,814.989135012,36487.8508949,47.9,1762.0,36.0,30.7,90.8,12.6,2.3,1762.0,30.7,540.934,1654250221,47.6363133187172
2807907115,28079,115,07,079,28,13,2807907,28079,Madrid,Comunidad de Madrid,ES,3,0,0,Madrid,841.376761829,39493.5284303,46.4,1397.0,39.3,26.8,89.4,12.6,2.2,1397.0,26.8,374.39599999999996,1654250225,54.927139454268854
2807907116,28079,116,07,079,28,13,2807907,28079,Madrid,Comunidad de Madrid,ES,3,0,0,Madrid,675.650934415,25613.9870595,43.9,1139.0,23.4,20.3,90.4,16.2,2.8,1139.0,20.3,231.217,13194683157,15.32000037894472
2807907117,28079,117,07,079,28,13,2807907,28079,Madrid,Comunidad de Madrid,ES,3,0,0,Madrid,918.989610346,47485.8378241,44.2,1320.0,45.2,20.7,81.5,10.9,2.1,1320.0,20.7,273.24,11832663696,59.30367144687682
2807907118,28079,118,07,079,28,13,2807907,28079,Madrid,Comunidad de Madrid,ES,3,0,0,Madrid,1433.60319207,89050.1058267,45.2,1482.0,47.0,22.8,82.6,9.3,2.0,1482.0,22.8,337.89599999999996,26413368,100.50190126415363
2807907119,28079,119,07,079,28,13,2807907,28079,Madrid,Comunidad de Madrid,ES,3,0,0,Madrid,655.701654453,24070.4330092,46.0,1336.0,45.2,25.1,89.2,11.1,2.0,1336.0,25.1,335.336,2466312905,44.06420250272645
2807907120,28079,120,07,079,28,13,2807907,28079,Madrid,Comunidad de Madrid,ES,3,0,0,Madrid,2351.36801545,241042.463472,47.6,1577.0,36.9,26.8,95.9,12.6,2.4,1577.0,26.8,422.63599999999997,10966341190,18.191345767413193
2807907121,28079,121,07,079,28,13,2807907,28079,Madrid,Comunidad de Madrid,ES,3,0,0,Madrid,1327.31881569,85377.7255365,46.9,1749.0,34.0,25.6,91.8,12.5,2.4,1749.0,25.6,447.744,12915012354,49.97880004143912
2807907122,28079,122,07,079,28,13,2807907,28079,Madrid,Comunidad de Madrid,ES,3,0,0,Madrid,574.656587089,20606.6717195,44.9,1156.0,45.1,23.3,87.7,11.4,2.1,1156.0,23.3,269.348,1924384869,7.186262468762411
2807907123,28079,123,07,079,28,13,2807907,28079,Madrid,Comunidad de Madrid,ES,3,0,0,Madrid,677.846095457,26088.6780805,45.9,1116.0,37.9,24.7,91.4,12.7,2.2,1116.0,24.7,275.652,4311812580,68.67015815958621
2807907124,28079,124,07,079,28,13,2807907,28079,Madrid,Comunidad de Madrid,ES,3,0,0,Madrid,662.274878543,18576.7382489,44.3,735.0,29.3,24.4,90.9,14.7,2.6,735.0,24.4,179.34,1669118140,30.07806248603705
2807907125,28079,125,07,079,28,13,2807907,28079,Madrid,Comunidad de Madrid,ES,3,0,0,Madrid,1482.96873417,127431.157362,46.8,1000.0,32.1,26.8,91.8,14.3,2.6,1000.0,26.8,268.0,4431660207,47.114873288189294
2807907126,28079,126,07,079,28,13,2807907,28079,Madrid,Comunidad de Madrid,ES,3,0,0,Madrid,485.412836428,14469.7293263,47.1,1003.0,24.4,25.5,95.3,15.2,2.8,1003.0,25.5,255.765,6314640624,55.17293617559186
2807907127,28079,127,07,079,28,13,2807907,28079,Madrid,Comunidad de Madrid,ES,3,0,0,Madrid,897.480070508,35629.9526131,45.7,1438.0,34.8,25.9,92.2,14.4,2.4,1438.0,25.9,372.44199999999995,26211580,21.083625189959953
2807907128,28079,128,07,079,28,13,2807907,28079,Madrid,Comunidad de Madrid,ES,3,0,0,Madrid,606.169244002,18471.8955751,49.7,754.0,36.0,31.2,91.8,9.8,2.3,754.0,31.2,235.248,13566390081,37.90853053649798
2807907129,28079,129,07,079,28,13,2807907,28079,Madrid,Comunidad de Madrid,ES,3,0,0,Madrid,695.659498853,26251.6665409,48.7,812.0,41.6,32.5,89.5,11.7,2.1,812.0,32.5,263.9,5425359850,72.29641840580261
2807907130,28079,130,07,079,28,13,2807907,28079,Madrid,Comunidad de Madrid,ES,3,0,0,Madrid,1130.30758957,63926.3421391,45.9,1221.0,32.8,27.2,91.3,15.3,2.4,1221.0,27.2,332.11199999999997,11690755766,58.39943021805713
2807907131,28079,131,07,079,28,13,2807907,28079,Madrid,Comunidad de Madrid,ES,3,0,0,Madrid,775.013456109,28665.0649736,48.5,1252.0,25.5,30.8,93.9,13.6,2.6,1252.0,30.8,385.616,27516626,51.132510755058895
2807907132,28079,132,07,079,28,13,2807907,28079,Madrid,Comunidad de Madrid,ES,3,0,0,Madrid,1493.81122134,97399.9617581,49.6,925.0,38.7,32.4,86.0,11.0,2.4,925.0,32.4,299.7,11690767211,19.023109914884916
2807907133,28079,133,07,079,28,13,2807907,28079,Madrid,Comunidad de Madrid,ES,3,0,0,Madrid,764.845752732,33784.8059973,49.3,1103.0,33.2,33.0,94.7,12.5,2.4,1103.0,33.0,363.99,4277504648,20.116494311692723
2807907135,28079,135,07,079,28,13,2807907,28079,Madrid,Comunidad de Madrid,ES,3,0,0,Madrid,2149.0282488,117117.900287,48.4,937.0,36.9,29.6,92.4,11.0,2.3,937.0,29.6,277.35200000000003,6380794303,19.968362434492672
2807908001,28079,001,08,079,28,13,2807908,28079,Madrid,Comunidad de Madrid,ES,3,0,0,Madrid,2582.10609712,252281.615965,46.6,862.0,27.8,23.1,95.9,17.3,2.5,862.0,23.1,199.122,14025096704,44.6752489927795
2807908002,28079,002,08,079,28,13,2807908,28079,Madrid,Comunidad de Madrid,ES,3,0,0,Madrid,49596.7425538,94555206.6064,48.3,530.0,35.4,26.8,94.2,13.6,2.4,530.0,26.8,142.04,3600306537,828.2385262324918
2807908003,28079,003,08,079,28,13,2807908,28079,Madrid,Comunidad de Madrid,ES,3,0,0,Madrid,1313.82695786,88966.7281205,49.1,1145.0,37.1,30.2,95.6,12.9,2.2,1145.0,30.2,345.79,259059480,51.52441918493481
2807908004,28079,004,08,079,28,13,2807908,28079,Madrid,Comunidad de Madrid,ES,3,0,0,Madrid,70114.5823655,93174600.4228,48.1,592.0,31.7,26.4,93.6,12.7,2.4,592.0,26.4,156.28799999999998,428734510,72.72516749283012
2807908005,28079,005,08,079,28,13,2807908,28079,Madrid,Comunidad de Madrid,ES,3,0,0,Madrid,7296.46308111,1253034.89485,45.9,1052.0,23.9,26.0,88.7,17.7,3.0,1052.0,26.0,273.52,2281933959,66.3041895935365
2807908006,28079,006,08,079,28,13,2807908,28079,Madrid,Comunidad de Madrid,ES,3,0,0,Madrid,1465.31947156,82938.2241356,43.8,1030.0,20.3,25.5,96.0,23.7,3.0,1030.0,25.5,262.65,258609576,10.26495315859146
2807908007,28079,007,08,079,28,13,2807908,28079,Madrid,Comunidad de Madrid,ES,3,0,0,Madrid,1764.57275253,122886.759593,45.4,1260.0,25.9,27.6,93.8,18.6,2.8,1260.0,27.6,347.76,339996533,3.7085623725225374
2807908008,28079,008,08,079,28,13,2807908,28079,Madrid,Comunidad de Madrid,ES,3,0,0,Madrid,2741.60172132,336366.932188,43.3,1632.0,20.6,22.0,91.2,18.3,3.0,1632.0,22.0,359.04,3452364853,37.69329396472775
2807908009,28079,009,08,079,28,13,2807908,28079,Madrid,Comunidad de Madrid,ES,3,0,0,Madrid,1851.10805393,166865.069013,46.3,1679.0,30.3,23.7,89.8,12.9,2.5,1679.0,23.7,397.92299999999994,13172644990,4.103563466630425
2807908010,28079,010,08,079,28,13,2807908,28079,Madrid,Comunidad de Madrid,ES,3,0,0,Madrid,1720.8179098,128837.204549,47.5,831.0,20.6,28.4,91.1,15.3,2.8,831.0,28.4,236.004,262355129,37.17280303239127
2807908011,28079,011,08,079,28,13,2807908,28079,Madrid,Comunidad de Madrid,ES,3,0,0,Madrid,907.629507621,50946.5756295,46.3,729.0,27.0,25.4,84.2,14.0,2.6,729.0,25.4,185.166,262354789,36.05650398462718
2807908012,28079,012,08,079,28,13,2807908,28079,Madrid,Comunidad de Madrid,ES,3,0,0,Madrid,1646.9870002,151518.466909,45.1,1400.0,18.1,25.3,91.6,17.5,3.0,1400.0,25.3,354.2,390762988,25.840360508163112
2807908013,28079,013,08,079,28,13,2807908,28079,Madrid,Comunidad de Madrid,ES,3,0,0,Madrid,1984.3375542,173081.153096,45.4,1016.0,13.5,28.0,91.8,17.3,3.1,1016.0,28.0,284.48,258621491,35.984852858071896
2807908014,28079,014,08,079,28,13,2807908,28079,Madrid,Comunidad de Madrid,ES,3,0,0,Madrid,578.853225918,16255.293586,49.7,708.0,25.3,36.6,96.1,14.3,2.4,708.0,36.6,259.128,1379337604,41.193028695197334
2807908015,28079,015,08,079,28,13,2807908,28079,Madrid,Comunidad de Madrid,ES,3,0,0,Madrid,1030.89164511,34509.5735102,50.4,949.0,29.4,35.0,93.2,11.8,2.4,949.0,35.0,332.15,2676946234,18.847875838067047
2807908016,28079,016,08,079,28,13,2807908,28079,Madrid,Comunidad de Madrid,ES,3,0,0,Madrid,730.679469139,24371.9135827,42.1,1024.0,30.2,16.2,78.8,17.0,2.6,1024.0,16.2,165.888,2705278688,2.7970699553487894
2807908017,28079,017,08,079,28,13,2807908,28079,Madrid,Comunidad de Madrid,ES,3,0,0,Madrid,1235.7940438,55117.0996488,45.6,1759.0,27.9,20.2,89.5,13.0,2.5,1759.0,20.2,355.318,1379337294,21.121814158984016
2807908018,28079,018,08,079,28,13,2807908,28079,Madrid,Comunidad de Madrid,ES,3,0,0,Madrid,634.725455224,14565.3353652,45.5,822.0,32.5,21.2,81.5,11.7,2.4,822.0,21.2,174.26399999999998,2682336682,11.368401370896303
2807908019,28079,019,08,079,28,13,2807908,28079,Madrid,Comunidad de Madrid,ES,3,0,0,Madrid,1815.59045218,153203.680006,46.4,883.0,32.6,23.6,81.8,12.6,2.4,883.0,23.6,208.38800000000003,12320066022,53.15757428716632
2807908020,28079,020,08,079,28,13,2807908,28079,Madrid,Comunidad de Madrid,ES,3,0,0,Madrid,542.364512012,17953.0113784,51.2,841.0,35.0,32.7,87.0,11.1,2.2,841.0,32.7,275.007,2108106118,8.082515679040641
2807908021,28079,021,08,079,28,13,2807908,28079,Madrid,Comunidad de Madrid,ES,3,0,0,Madrid,623.568251594,22331.1879196,48.3,1028.0,31.9,29.9,87.4,12.8,2.5,1028.0,29.9,307.37199999999996,2182783073,11.991207444111172
2807908022,28079,022,08,079,28,13,2807908,28079,Madrid,Comunidad de Madrid,ES,3,0,0,Madrid,494.834088853,13257.8133665,50.2,948.0,28.2,35.1,90.8,11.6,2.4,948.0,35.1,332.74800000000005,2108113373,27.303956011845504
2807908023,28079,023,08,079,28,13,2807908,28079,Madrid,Comunidad de Madrid,ES,3,0,0,Madrid,551.378087146,18478.6663278,48.8,949.0,31.3,32.7,90.6,12.8,2.4,949.0,32.7,310.32300000000004,2167566811,6.952204090479069
2807908024,28079,024,08,079,28,13,2807908,28079,Madrid,Comunidad de Madrid,ES,3,0,0,Madrid,1401.74403007,91711.1012803,45.8,1812.0,28.1,23.6,94.3,13.8,2.4,1812.0,23.6,427.63200000000006,3296728657,29.369572724688627
2807908025,28079,025,08,079,28,13,2807908,28079,Madrid,Comunidad de Madrid,ES,3,0,0,Madrid,547.522278321,18324.3709315,49.6,853.0,31.3,33.3,86.5,11.6,2.3,853.0,33.3,284.049,2194259958,23.26896315322913
2807908026,28079,026,08,079,28,13,2807908,28079,Madrid,Comunidad de Madrid,ES,3,0,0,Madrid,628.703097792,23667.1999461,51.1,1321.0,33.3,33.1,89.7,10.1,2.2,1321.0,33.1,437.251,13512020508,13.73746802825211
2807908027,28079,027,08,079,28,13,2807908,28079,Madrid,Comunidad de Madrid,ES,3,0,0,Madrid,612.561291075,22143.3818408,50.7,1282.0,32.6,34.7,89.6,12.7,2.3,1282.0,34.7,444.85400000000004,2216346133,48.974380724375116
2807908028,28079,028,08,079,28,13,2807908,28079,Madrid,Comunidad de Madrid,ES,3,0,0,Madrid,898.168758513,46917.1847042,49.5,1124.0,33.0,33.1,86.9,14.3,2.4,1124.0,33.1,372.04400000000004,2293746669,7.375300156437576
2807908029,28079,029,08,079,28,13,2807908,28079,Madrid,Comunidad de Madrid,ES,3,0,0,Madrid,928.308705693,49954.5772428,47.2,1511.0,26.4,29.5,95.0,17.9,2.6,1511.0,29.5,445.745,2232223526,63.03818114431396
2807908030,28079,030,08,079,28,13,2807908,28079,Madrid,Comunidad de Madrid,ES,3,0,0,Madrid,670.715435399,25556.0986637,50.3,1497.0,26.0,34.2,94.5,14.4,2.6,1497.0,34.2,511.974,1989017093,27.758488162123367
2807908031,28079,031,08,079,28,13,2807908,28079,Madrid,Comunidad de Madrid,ES,3,0,0,Madrid,907.43811527,47120.4571887,50.2,1434.0,26.0,34.5,96.5,16.5,2.5,1434.0,34.5,494.73,5829698753,34.80024483790296
2807908032,28079,032,08,079,28,13,2807908,28079,Madrid,Comunidad de Madrid,ES,3,0,0,Madrid,866.191527742,38266.8533774,48.4,699.0,28.2,31.3,89.8,13.6,2.5,699.0,31.3,218.787,4521117035,31.769725896893274
2807908033,28079,033,08,079,28,13,2807908,28079,Madrid,Comunidad de Madrid,ES,3,0,0,Madrid,758.184125335,20934.3748857,47.0,1106.0,19.4,28.2,96.8,16.7,2.9,1106.0,28.2,311.892,2398721700,26.019676143442133
2807908034,28079,034,08,079,28,13,2807908,28079,Madrid,Comunidad de Madrid,ES,3,0,0,Madrid,1645.67064083,114458.319757,48.1,1602.0,21.9,29.8,96.0,15.0,2.8,1602.0,29.8,477.39599999999996,6900790884,13.143808107294046
2807908035,28079,035,08,079,28,13,2807908,28079,Madrid,Comunidad de Madrid,ES,3,0,0,Madrid,2797.9332205,170724.915836,50.5,1339.0,16.5,38.9,95.2,16.3,2.8,1339.0,38.9,520.871,26209515,63.984271721662
2807908036,28079,036,08,079,28,13,2807908,28079,Madrid,Comunidad de Madrid,ES,3,0,0,Madrid,1176.06861782,35611.4843823,50.2,1525.0,26.2,36.5,93.7,13.1,2.5,1525.0,36.5,556.625,1920905978,28.59689005977611
2807908037,28079,037,08,079,28,13,2807908,28079,Madrid,Comunidad de Madrid,ES,3,0,0,Madrid,807.231719472,24795.3047652,50.8,788.0,19.0,37.7,97.6,12.1,2.5,788.0,37.7,297.076,6139295824,45.585187504014485
2807908038,28079,038,08,079,28,13,2807908,28079,Madrid,Comunidad de Madrid,ES,3,0,0,Madrid,595.237671127,18975.4669343,52.9,805.0,29.5,41.5,95.2,15.4,2.4,805.0,41.5,334.075,3637372717,72.78020718707805
2807908039,28079,039,08,079,28,13,2807908,28079,Madrid,Comunidad de Madrid,ES,3,0,0,Madrid,654.27004295,23315.5656096,49.5,1049.0,19.6,34.7,94.8,16.2,2.7,1049.0,34.7,364.00300000000004,12094297233,59.375608263725155
2807908040,28079,040,08,079,28,13,2807908,28079,Madrid,Comunidad de Madrid,ES,3,0,0,Madrid,774.921764551,34711.4179237,52.7,1010.0,23.7,40.4,96.4,10.4,2.5,1010.0,40.4,408.04,3014460095,51.75633638746851
2807908041,28079,041,08,079,28,13,2807908,28079,Madrid,Comunidad de Madrid,ES,3,0,0,Madrid,664.141334948,26724.3971618,49.2,732.0,28.3,31.6,93.3,14.8,2.5,732.0,31.6,231.312,5333638929,12.718222874680356
2807908042,28079,042,08,079,28,13,2807908,28079,Madrid,Comunidad de Madrid,ES,3,0,0,Madrid,778.893033078,32254.0536694,51.9,1369.0,30.8,37.8,93.8,12.1,2.4,1369.0,37.8,517.482,3014584748,25.64192346083056
2807908043,28079,043,08,079,28,13,2807908,28079,Madrid,Comunidad de Madrid,ES,3,0,0,Madrid,782.120194349,35626.4659853,52.4,1280.0,19.4,41.7,97.0,12.0,2.6,1280.0,41.7,533.76,3888952245,31.24450803298343
2807908044,28079,044,08,079,28,13,2807908,28079,Madrid,Comunidad de Madrid,ES,3,0,0,Madrid,853.041777527,41677.9370733,52.8,1484.0,18.2,42.7,96.8,10.3,2.6,1484.0,42.7,633.668,5754440393,47.12136543746134
2807908045,28079,045,08,079,28,13,2807908,28079,Madrid,Comunidad de Madrid,ES,3,0,0,Madrid,2106.81826431,218503.363346,50.8,948.0,36.0,33.8,88.4,10.9,2.2,948.0,33.8,320.424,11458505017,20.365403919962656
2807908046,28079,046,08,079,28,13,2807908,28079,Madrid,Comunidad de Madrid,ES,3,0,0,Madrid,706.436782731,20301.4753405,46.9,1176.0,35.3,25.8,83.6,12.0,2.3,1176.0,25.8,303.408,11676811760,16.7980412907642
2807908047,28079,047,08,079,28,13,2807908,28079,Madrid,Comunidad de Madrid,ES,3,0,0,Madrid,995.144501623,28950.2960336,46.7,1392.0,34.6,25.2,85.1,10.6,2.2,1392.0,25.2,350.784,2311043073,22.841256223850294
2807908048,28079,048,08,079,28,13,2807908,28079,Madrid,Comunidad de Madrid,ES,3,0,0,Madrid,615.035113611,19961.7515896,48.2,1117.0,38.9,28.6,86.4,10.0,2.1,1117.0,28.6,319.462,26230983,15.477915425877834
2807908049,28079,049,08,079,28,13,2807908,28079,Madrid,Comunidad de Madrid,ES,3,0,0,Madrid,1520.057466,113572.667413,43.1,2222.0,24.4,16.3,95.5,17.7,2.6,2222.0,16.3,362.186,3993297754,29.47065401894563
2807908050,28079,050,08,079,28,13,2807908,28079,Madrid,Comunidad de Madrid,ES,3,0,0,Madrid,961.036571419,44093.7313659,48.1,1726.0,25.5,30.6,92.9,13.9,2.6,1726.0,30.6,528.1560000000001,1894814622,8.218213461778664
2807908051,28079,051,08,079,28,13,2807908,28079,Madrid,Comunidad de Madrid,ES,3,0,0,Madrid,926.379542623,37677.721784,50.5,1248.0,21.7,35.1,95.4,11.7,2.5,1248.0,35.1,438.048,150866104,33.76626980934277
2807908052,28079,052,08,079,28,13,2807908,28079,Madrid,Comunidad de Madrid,ES,3,0,0,Madrid,1461.86790504,101860.945924,42.4,2380.0,26.4,19.0,92.5,19.5,2.6,2380.0,19.0,452.2,2008349826,3.7713567460154924
2807908053,28079,053,08,079,28,13,2807908,28079,Madrid,Comunidad de Madrid,ES,3,0,0,Madrid,1258.56876719,74528.2598017,45.1,1251.0,32.0,20.2,79.5,11.0,2.4,1251.0,20.2,252.702,50041613,39.974444917108194
2807908054,28079,054,08,079,28,13,2807908,28079,Madrid,Comunidad de Madrid,ES,3,0,0,Madrid,760.918419734,29310.7632355,52.4,1081.0,26.7,38.3,94.4,12.2,2.4,1081.0,38.3,414.02299999999997,1584937894,5.777028378831198
2807908055,28079,055,08,079,28,13,2807908,28079,Madrid,Comunidad de Madrid,ES,3,0,0,Madrid,1149.74015533,48674.9054948,52.7,1420.0,23.3,38.2,93.9,10.1,2.5,1420.0,38.2,542.44,4417580838,27.474138095665996
2807908056,28079,056,08,079,28,13,2807908,28079,Madrid,Comunidad de Madrid,ES,3,0,0,Madrid,785.971288391,38240.9836314,53.6,1180.0,30.9,41.9,94.7,11.6,2.3,1180.0,41.9,494.42,32206268,11.361182301366108
2807908057,28079,057,08,079,28,13,2807908,28079,Madrid,Comunidad de Madrid,ES,3,0,0,Madrid,772.830369014,30869.3321906,53.7,1062.0,31.7,41.8,94.7,11.0,2.2,1062.0,41.8,443.916,11390341084,28.982494036108182
2807908058,28079,058,08,079,28,13,2807908,28079,Madrid,Comunidad de Madrid,ES,3,0,0,Madrid,479.018805377,12697.1432572,52.2,838.0,30.9,40.3,93.7,11.6,2.2,838.0,40.3,337.71399999999994,26204542,10.644080918471829
2807908059,28079,059,08,079,28,13,2807908,28079,Madrid,Comunidad de Madrid,ES,3,0,0,Madrid,1677.87793346,112741.272543,54.3,804.0,31.7,45.8,95.5,9.8,2.2,804.0,45.8,368.23199999999997,3465590700,3.74907122785672
2807908060,28079,060,08,079,28,13,2807908,28079,Madrid,Comunidad de Madrid,ES,3,0,0,Madrid,843.570913752,43633.7541923,52.6,1195.0,31.0,41.1,93.9,11.4,2.3,1195.0,41.1,491.145,13909490739,5.341560950578355
2807908061,28079,061,08,079,28,13,2807908,28079,Madrid,Comunidad de Madrid,ES,3,0,0,Madrid,871.371472278,42496.9034189,46.0,963.0,28.0,20.9,84.6,11.7,2.4,963.0,20.9,201.26699999999997,1080044872,14.403415091439252
2807908062,28079,062,08,079,28,13,2807908,28079,Madrid,Comunidad de Madrid,ES,3,0,0,Madrid,498.56555351,12011.4975921,47.7,692.0,37.1,23.7,82.5,10.0,2.3,692.0,23.7,164.004,2476977547,23.227699663922735
2807908063,28079,063,08,079,28,13,2807908,28079,Madrid,Comunidad de Madrid,ES,3,0,0,Madrid,492.769612921,11499.0835272,46.5,831.0,31.0,23.0,84.2,11.2,2.3,831.0,23.0,191.13,7572270776,19.77182353612601
2807908064,28079,064,08,079,28,13,2807908,28079,Madrid,Comunidad de Madrid,ES,3,0,0,Madrid,642.193053024,18223.4599813,46.2,1239.0,37.3,22.0,82.2,13.1,2.3,1239.0,22.0,272.58,3635029880,31.761424033594533
2807908065,28079,065,08,079,28,13,2807908,28079,Madrid,Comunidad de Madrid,ES,3,0,0,Madrid,486.559805892,14078.7456833,45.1,1006.0,32.8,20.1,79.6,12.5,2.4,1006.0,20.1,202.20600000000002,4256760660,39.751499236972926
2807908066,28079,066,08,079,28,13,2807908,28079,Madrid,Comunidad de Madrid,ES,3,0,0,Madrid,389.303142581,8543.86753683,45.7,805.0,36.7,23.6,78.6,13.2,2.3,805.0,23.6,189.98,3961396207,34.28164541943952
2807908067,28079,067,08,079,28,13,2807908,28079,Madrid,Comunidad de Madrid,ES,3,0,0,Madrid,527.000595445,14764.3557317,45.0,1586.0,30.8,23.3,77.7,12.2,2.4,1586.0,23.3,369.538,26231395,26.351569408808555
2807908068,28079,068,08,079,28,13,2807908,28079,Madrid,Comunidad de Madrid,ES,3,0,0,Madrid,905.383518997,36696.3736337,46.7,1013.0,34.1,22.3,83.2,11.1,2.2,1013.0,22.3,225.899,13909490383,25.068844026254556
2807908069,28079,069,08,079,28,13,2807908,28079,Madrid,Comunidad de Madrid,ES,3,0,0,Madrid,448.30888873,11939.0933282,44.9,907.0,31.2,21.0,81.3,12.6,2.5,907.0,21.0,190.47,26202183,26.099754830643203
2807908071,28079,071,08,079,28,13,2807908,28079,Madrid,Comunidad de Madrid,ES,3,0,0,Madrid,729.916454673,23539.9124573,49.0,957.0,35.2,25.5,83.6,10.0,2.2,957.0,25.5,244.035,26231303,20.266319327094934
2807908072,28079,072,08,079,28,13,2807908,28079,Madrid,Comunidad de Madrid,ES,3,0,0,Madrid,435.284960977,11669.9516879,49.3,930.0,38.8,29.0,86.2,10.4,2.0,930.0,29.0,269.7,26231287,24.03844538543583
2807908073,28079,073,08,079,28,13,2807908,28079,Madrid,Comunidad de Madrid,ES,3,0,0,Madrid,436.182089384,11733.6662786,47.6,920.0,40.1,26.3,82.2,11.6,2.2,920.0,26.3,241.96,6239934196,40.01142323845824
2807908074,28079,074,08,079,28,13,2807908,28079,Madrid,Comunidad de Madrid,ES,3,0,0,Madrid,418.482145554,10561.3540425,47.9,934.0,37.3,25.8,84.1,11.7,2.2,934.0,25.8,240.972,26231347,32.81670839537197
2807908075,28079,075,08,079,28,13,2807908,28079,Madrid,Comunidad de Madrid,ES,3,0,0,Madrid,421.423071339,10756.8565313,46.1,931.0,39.8,24.1,82.0,11.9,2.1,931.0,24.1,224.371,26202161,28.901176520992827
2807908076,28079,076,08,079,28,13,2807908,28079,Madrid,Comunidad de Madrid,ES,3,0,0,Madrid,607.094806286,16150.0122956,46.4,914.0,32.8,23.7,78.2,10.9,2.4,914.0,23.7,216.618,12285171448,15.388077999038668
2807908077,28079,077,08,079,28,13,2807908,28079,Madrid,Comunidad de Madrid,ES,3,0,0,Madrid,777.04344976,22388.9181804,45.9,1030.0,26.9,23.4,77.7,11.9,2.5,1030.0,23.4,241.02,11462437560,22.202977674068727
2807908078,28079,078,08,079,28,13,2807908,28079,Madrid,Comunidad de Madrid,ES,3,0,0,Madrid,835.650434626,22754.5852519,48.8,772.0,32.5,30.1,83.7,10.8,2.3,772.0,30.1,232.372,1987873135,6.284631379395948
2807908079,28079,079,08,079,28,13,2807908,28079,Madrid,Comunidad de Madrid,ES,3,0,0,Madrid,447.557605473,9047.30181012,49.2,988.0,33.7,29.2,86.3,11.8,2.3,988.0,29.2,288.496,5335619613,25.509165804644443
2807908080,28079,080,08,079,28,13,2807908,28079,Madrid,Comunidad de Madrid,ES,3,0,0,Madrid,503.012979323,12072.5209471,47.5,934.0,40.3,26.0,81.3,9.6,2.1,934.0,26.0,242.84,5434955450,15.400464833339326
2807908081,28079,081,08,079,28,13,2807908,28079,Madrid,Comunidad de Madrid,ES,3,0,0,Madrid,450.959054128,12191.0975266,48.5,899.0,35.2,28.6,85.3,10.7,2.3,899.0,28.6,257.11400000000003,26202192,12.383169292207208
2807908082,28079,082,08,079,28,13,2807908,28079,Madrid,Comunidad de Madrid,ES,3,0,0,Madrid,468.609857305,11871.1331778,47.2,988.0,34.8,25.0,79.7,10.0,2.3,988.0,25.0,247.0,11462437744,11.529281439197192
2807908083,28079,083,08,079,28,13,2807908,28079,Madrid,Comunidad de Madrid,ES,3,0,0,Madrid,571.551707624,10980.4428214,47.7,989.0,36.9,26.1,80.2,10.8,2.2,989.0,26.1,258.129,26202155,26.991284326787977
2807908084,28079,084,08,079,28,13,2807908,28079,Madrid,Comunidad de Madrid,ES,3,0,0,Madrid,530.176647929,14777.2047001,44.9,979.0,31.9,21.0,75.5,11.1,2.4,979.0,21.0,205.59,26202136,31.55709375195897
2807908085,28079,085,08,079,28,13,2807908,28079,Madrid,Comunidad de Madrid,ES,3,0,0,Madrid,474.122298396,13663.7317243,46.7,826.0,31.5,23.9,83.8,11.5,2.3,826.0,23.9,197.414,26202089,35.44577337412666
2807908086,28079,086,08,079,28,13,2807908,28079,Madrid,Comunidad de Madrid,ES,3,0,0,Madrid,476.508143896,13870.3254001,46.2,875.0,28.1,23.2,79.9,12.0,2.5,875.0,23.2,203.0,11462437840,8.145436067618338
2807908087,28079,087,08,079,28,13,2807908,28079,Madrid,Comunidad de Madrid,ES,3,0,0,Madrid,401.963245353,10256.6750411,46.0,718.0,33.6,24.0,78.0,13.0,2.3,718.0,24.0,172.32,7235230434,38.20316775601622
2807908088,28079,088,08,079,28,13,2807908,28079,Madrid,Comunidad de Madrid,ES,3,0,0,Madrid,470.005649861,13892.8413013,46.0,857.0,34.4,23.7,81.3,10.9,2.2,857.0,23.7,203.10899999999998,26202077,36.35235427590691
2807908089,28079,089,08,079,28,13,2807908,28079,Madrid,Comunidad de Madrid,ES,3,0,0,Madrid,446.141861844,12501.1055018,48.1,687.0,30.7,25.2,85.7,8.2,2.3,687.0,25.2,173.12399999999997,26202607,17.544724648192325
2807908090,28079,090,08,079,28,13,2807908,28079,Madrid,Comunidad de Madrid,ES,3,0,0,Madrid,1200.17714166,58299.8850302,53.0,1151.0,27.1,42.1,94.7,12.4,2.3,1151.0,42.1,484.57099999999997,2526029073,26.071620576247334
2807908091,28079,091,08,079,28,13,2807908,28079,Madrid,Comunidad de Madrid,ES,3,0,0,Madrid,482.864186698,14003.3435894,49.2,797.0,35.7,29.5,83.8,9.9,2.3,797.0,29.5,235.115,3968487660,31.91175649775965
2807908092,28079,092,08,079,28,13,2807908,28079,Madrid,Comunidad de Madrid,ES,3,0,0,Madrid,622.293667629,23066.6406981,51.1,962.0,34.2,33.6,88.9,9.7,2.2,962.0,33.6,323.232,26202379,30.37926396251711
2807908093,28079,093,08,079,28,13,2807908,28079,Madrid,Comunidad de Madrid,ES,3,0,0,Madrid,564.229163202,17922.0236853,50.2,946.0,26.3,32.1,88.7,10.7,2.5,946.0,32.1,303.666,2404137287,17.50688284889772
2807908094,28079,094,08,079,28,13,2807908,28079,Madrid,Comunidad de Madrid,ES,3,0,0,Madrid,982.515551049,33660.4807677,48.6,1147.0,26.4,32.9,87.0,13.3,2.5,1147.0,32.9,377.36299999999994,1977555129,6.659691355070631
2807908095,28079,095,08,079,28,13,2807908,28079,Madrid,Comunidad de Madrid,ES,3,0,0,Madrid,1228.31296032,63074.0103248,51.6,1544.0,28.0,40.9,97.0,11.1,2.4,1544.0,40.9,631.496,11373216631,24.171837901668077
2807908096,28079,096,08,079,28,13,2807908,28079,Madrid,Comunidad de Madrid,ES,3,0,0,Madrid,783.719277295,37023.1109201,53.9,1382.0,25.3,44.3,96.5,8.8,2.4,1382.0,44.3,612.226,26205033,12.322376022444926
2807908097,28079,097,08,079,28,13,2807908,28079,Madrid,Comunidad de Madrid,ES,3,0,0,Madrid,637.504455064,20923.7890956,50.4,812.0,24.0,41.4,95.6,12.8,2.6,812.0,41.4,336.16799999999995,26204788,57.974881942428134
2807908098,28079,098,08,079,28,13,2807908,28079,Madrid,Comunidad de Madrid,ES,3,0,0,Madrid,3501.30958054,543274.185307,48.9,1755.0,16.4,30.8,94.7,13.2,2.7,1755.0,30.8,540.54,26207113,18.615391560793363
2807908099,28079,099,08,079,28,13,2807908,28079,Madrid,Comunidad de Madrid,ES,3,0,0,Madrid,3255.15960437,349128.534899,49.1,1442.0,22.5,35.3,93.8,12.7,2.6,1442.0,35.3,509.026,142850853,8.618672741070265
2807908100,28079,100,08,079,28,13,2807908,28079,Madrid,Comunidad de Madrid,ES,3,0,0,Madrid,1270.47945542,75577.0294676,48.6,1295.0,19.6,33.2,95.6,14.0,2.7,1295.0,33.2,429.94000000000005,155425000,39.54372500271909
2807908102,28079,102,08,079,28,13,2807908,28079,Madrid,Comunidad de Madrid,ES,3,0,0,Madrid,964.353933589,57689.7343806,48.6,1968.0,18.8,35.1,95.9,13.1,2.7,1968.0,35.1,690.768,26207922,24.779893198641766
2807908103,28079,103,08,079,28,13,2807908,28079,Madrid,Comunidad de Madrid,ES,3,0,0,Madrid,2308.36238422,270096.461766,49.4,1360.0,23.2,36.3,92.1,14.9,2.6,1360.0,36.3,493.67999999999995,3867804193,45.467625233564334
2807908104,28079,104,08,079,28,13,2807908,28079,Madrid,Comunidad de Madrid,ES,3,0,0,Madrid,1283.56625804,71124.6848197,42.8,1365.0,31.4,16.4,71.1,13.3,2.5,1365.0,16.4,223.85999999999996,11378583771,14.137648222807844
2807908105,28079,105,08,079,28,13,2807908,28079,Madrid,Comunidad de Madrid,ES,3,0,0,Madrid,814.155054777,37030.0555526,42.2,892.0,36.3,15.9,68.3,14.4,2.5,892.0,15.9,141.828,11378583854,12.964619868898815
2807908106,28079,106,08,079,28,13,2807908,28079,Madrid,Comunidad de Madrid,ES,3,0,0,Madrid,574.214741632,19488.3891675,40.5,1122.0,32.5,14.0,64.6,13.6,2.7,1122.0,14.0,157.08,142220227,11.753056810779713
2807908107,28079,107,08,079,28,13,2807908,28079,Madrid,Comunidad de Madrid,ES,3,0,0,Madrid,568.512980644,15224.1800033,44.1,789.0,32.1,19.1,74.0,12.8,2.5,789.0,19.1,150.699,11365092017,8.848897016255018
2807908108,28079,108,08,079,28,13,2807908,28079,Madrid,Comunidad de Madrid,ES,3,0,0,Madrid,750.47481804,19808.8171398,45.1,793.0,39.1,22.7,75.9,13.2,2.3,793.0,22.7,180.011,11365083557,2.636181136484409
2807908109,28079,109,08,079,28,13,2807908,28079,Madrid,Comunidad de Madrid,ES,3,0,0,Madrid,934.073815926,34187.0956301,44.2,1332.0,33.5,19.9,71.7,12.0,2.6,1332.0,19.9,265.068,11365083549,4.5467817873737575
2807908110,28079,110,08,079,28,13,2807908,28079,Madrid,Comunidad de Madrid,ES,3,0,0,Madrid,829.886509471,27495.8776879,50.8,1035.0,35.7,31.1,84.3,10.0,2.3,1035.0,31.1,321.885,11393716986,9.690017666223277
2807908111,28079,111,08,079,28,13,2807908,28079,Madrid,Comunidad de Madrid,ES,3,0,0,Madrid,4098.69003655,519408.590278,46.8,1671.0,29.9,28.7,80.4,12.9,2.5,1671.0,28.7,479.577,11383344546,4.961284060947346
2807908112,28079,112,08,079,28,13,2807908,28079,Madrid,Comunidad de Madrid,ES,3,0,0,Madrid,3707.19245602,581853.574432,43.6,1085.0,28.9,21.3,89.8,17.1,2.5,1085.0,21.3,231.105,11414581550,106.61014197143383
2807908113,28079,113,08,079,28,13,2807908,28079,Madrid,Comunidad de Madrid,ES,3,0,0,Madrid,729.177139953,30259.0791272,46.4,969.0,26.6,25.4,83.9,13.5,2.5,969.0,25.4,246.12599999999998,2421410470,20.63840286103946
2807908114,28079,114,08,079,28,13,2807908,28079,Madrid,Comunidad de Madrid,ES,3,0,0,Madrid,881.144430044,43104.1476829,41.7,924.0,29.5,17.5,82.8,16.8,2.6,924.0,17.5,161.7,11529431029,1.0362219183168724
2807908115,28079,115,08,079,28,13,2807908,28079,Madrid,Comunidad de Madrid,ES,3,0,0,Madrid,694.923262652,24557.0629607,41.1,1125.0,28.8,15.5,74.2,17.1,2.7,1125.0,15.5,174.375,11500097853,9.569864088244604
2807908116,28079,116,08,079,28,13,2807908,28079,Madrid,Comunidad de Madrid,ES,3,0,0,Madrid,865.548625159,25118.1163976,44.1,879.0,28.9,21.2,76.2,13.5,2.7,879.0,21.2,186.34799999999998,12159441685,34.81251139038087
2807908117,28079,117,08,079,28,13,2807908,28079,Madrid,Comunidad de Madrid,ES,3,0,0,Madrid,796.644580059,34932.3642661,44.0,909.0,29.4,18.8,77.1,14.2,2.6,909.0,18.8,170.892,7947665095,16.427457254347207
2807908119,28079,119,08,079,28,13,2807908,28079,Madrid,Comunidad de Madrid,ES,3,0,0,Madrid,2088.21291424,133663.816032,43.1,1731.0,30.6,17.9,80.4,15.9,2.6,1731.0,17.9,309.849,7947665566,12.388331639521358
2807908120,28079,120,08,079,28,13,2807908,28079,Madrid,Comunidad de Madrid,ES,3,0,0,Madrid,1149.8425579,42052.0517526,43.0,1117.0,27.9,17.3,78.2,14.5,2.7,1117.0,17.3,193.241,13207286933,4.113041081114645
2807908121,28079,121,08,079,28,13,2807908,28079,Madrid,Comunidad de Madrid,ES,3,0,0,Madrid,3010.11328218,414280.702012,46.4,1407.0,33.6,24.3,91.7,14.0,2.5,1407.0,24.3,341.901,77821404,29.772446897165015
2807908122,28079,122,08,079,28,13,2807908,28079,Madrid,Comunidad de Madrid,ES,3,0,0,Madrid,964.078475978,46127.4535215,48.6,845.0,29.7,29.5,87.8,11.0,2.5,845.0,29.5,249.275,12218132714,5.913681601755454
2807908123,28079,123,08,079,28,13,2807908,28079,Madrid,Comunidad de Madrid,ES,3,0,0,Madrid,1348.92131687,66717.4832368,40.9,1473.0,29.5,15.2,76.4,16.6,2.6,1473.0,15.2,223.896,11545874276,8.175866252085328
2807908124,28079,124,08,079,28,13,2807908,28079,Madrid,Comunidad de Madrid,ES,3,0,0,Madrid,1515.17887711,85900.8453568,42.7,1786.0,30.1,18.4,80.0,14.7,2.6,1786.0,18.4,328.62399999999997,11764176215,41.14457731531842
2807908125,28079,125,08,079,28,13,2807908,28079,Madrid,Comunidad de Madrid,ES,3,0,0,Madrid,1267.78539464,62948.1388708,40.2,1397.0,30.4,14.8,76.9,18.5,2.6,1397.0,14.8,206.75600000000003,11788363332,23.133120334297427
2807908126,28079,126,08,079,28,13,2807908,28079,Madrid,Comunidad de Madrid,ES,3,0,0,Madrid,988.195478016,59987.0624391,45.6,1591.0,31.2,23.3,83.1,13.3,2.5,1591.0,23.3,370.70300000000003,11530380984,54.80457368786602
2807908128,28079,128,08,079,28,13,2807908,28079,Madrid,Comunidad de Madrid,ES,3,0,0,Madrid,2789.83931026,237498.6946,32.0,1969.0,12.8,5.5,91.4,36.8,3.4,1969.0,5.5,108.295,3033721317,7.648026293900248
2807908129,28079,129,08,079,28,13,2807908,28079,Madrid,Comunidad de Madrid,ES,3,0,0,Madrid,27042.699367,24455435.1619,46.6,430.0,44.4,26.1,82.1,9.3,2.3,430.0,26.1,112.23,842989105,84.87278722310933
2807908131,28079,131,08,079,28,13,2807908,28079,Madrid,Comunidad de Madrid,ES,3,0,0,Madrid,4995.18698925,709774.841304,33.3,1815.0,15.6,5.8,93.6,32.3,3.4,1815.0,5.8,105.27,264980099,31.44790339201547
2807908132,28079,132,08,079,28,13,2807908,28079,Madrid,Comunidad de Madrid,ES,3,0,0,Madrid,1225.48945001,89198.9773782,41.5,1102.0,20.5,20.4,93.9,22.5,3.2,1102.0,20.4,224.808,2421410497,70.99340811863243
2807908133,28079,133,08,079,28,13,2807908,28079,Madrid,Comunidad de Madrid,ES,3,0,0,Madrid,1618.31945469,93749.3520544,42.4,793.0,22.1,21.3,94.3,21.4,2.8,793.0,21.3,168.90900000000002,12318516534,68.91672636249703
2807908134,28079,134,08,079,28,13,2807908,28079,Madrid,Comunidad de Madrid,ES,3,0,0,Madrid,2822.15673591,359416.623333,43.2,1350.0,14.2,23.4,90.4,20.3,3.5,1350.0,23.4,315.9,2479582378,30.37079354162938
2807908135,28079,135,08,079,28,13,2807908,28079,Madrid,Comunidad de Madrid,ES,3,0,0,Madrid,1478.10837916,97990.0058264,38.4,2483.0,20.1,12.9,93.6,22.9,3.1,2483.0,12.9,320.307,12322958959,60.0690418472551
2807908136,28079,136,08,079,28,13,2807908,28079,Madrid,Comunidad de Madrid,ES,3,0,0,Madrid,1176.92535246,79708.6462998,50.0,1270.0,26.3,34.9,93.5,15.0,2.5,1270.0,34.9,443.23,258360209,18.866415047095582
2807908137,28079,137,08,079,28,13,2807908,28079,Madrid,Comunidad de Madrid,ES,3,0,0,Madrid,3136.64172569,371672.30058,44.1,1646.0,14.0,25.8,95.1,20.8,3.4,1646.0,25.8,424.668,258361500,47.824024212959394
2807908138,28079,138,08,079,28,13,2807908,28079,Madrid,Comunidad de Madrid,ES,3,0,0,Madrid,3223.28814934,447582.194563,40.9,1095.0,16.3,17.2,91.8,21.3,3.5,1095.0,17.2,188.34,258361892,88.60718087341499
2807908139,28079,139,08,079,28,13,2807908,28079,Madrid,Comunidad de Madrid,ES,3,0,0,Madrid,1149.58318533,68714.5077162,27.9,2364.0,21.4,2.3,95.7,40.8,3.2,2364.0,2.3,54.372,11866454373,47.88304473966407
2807908140,28079,140,08,079,28,13,2807908,28079,Madrid,Comunidad de Madrid,ES,3,0,0,Madrid,964.540879655,33814.2190444,51.0,842.0,21.3,36.7,92.4,11.1,2.6,842.0,36.7,309.014,355161070,34.996405786353364
2807908141,28079,141,08,079,28,13,2807908,28079,Madrid,Comunidad de Madrid,ES,3,0,0,Madrid,1038.55393203,41237.676473,50.5,972.0,17.7,39.7,95.5,13.4,2.7,972.0,39.7,385.884,5467919006,56.621582189302735
2807908142,28079,142,08,079,28,13,2807908,28079,Madrid,Comunidad de Madrid,ES,3,0,0,Madrid,2203.82449963,114508.688456,46.1,1198.0,19.0,26.5,96.2,15.7,2.8,1198.0,26.5,317.47,3966876172,30.484734557324384
2807908143,28079,143,08,079,28,13,2807908,28079,Madrid,Comunidad de Madrid,ES,3,0,0,Madrid,3272.6887742,337043.399126,40.0,2057.0,17.6,20.9,94.9,26.0,3.0,2057.0,20.9,429.91299999999995,258606576,12.212837717785765
2807908144,28079,144,08,079,28,13,2807908,28079,Madrid,Comunidad de Madrid,ES,3,0,0,Madrid,1174.3403933,43488.7834597,50.5,1475.0,17.9,38.6,94.9,13.6,2.7,1475.0,38.6,569.35,4309734418,25.040119883341923
2807908145,28079,145,08,079,28,13,2807908,28079,Madrid,Comunidad de Madrid,ES,3,0,0,Madrid,1615.92582545,129135.566757,47.4,1238.0,27.2,30.7,95.6,17.0,2.5,1238.0,30.7,380.066,3967075634,17.89757759118115
2807908146,28079,146,08,079,28,13,2807908,28079,Madrid,Comunidad de Madrid,ES,3,0,0,Madrid,1143.10394866,63023.6538068,50.6,1395.0,15.7,39.8,97.5,14.1,2.8,1395.0,39.8,555.2099999999999,12035667040,49.36578778650244
2807908147,28079,147,08,079,28,13,2807908,28079,Madrid,Comunidad de Madrid,ES,3,0,0,Madrid,2473.4753295,228759.191229,43.7,1367.0,18.5,27.1,96.0,22.0,3.1,1367.0,27.1,370.45700000000005,254463647,36.95356779991258
2807908148,28079,148,08,079,28,13,2807908,28079,Madrid,Comunidad de Madrid,ES,3,0,0,Madrid,2046.74797985,154912.212691,45.9,1894.0,26.6,25.2,93.5,14.6,2.5,1894.0,25.2,477.28799999999995,390265994,10.93261938428316
2807908149,28079,149,08,079,28,13,2807908,28079,Madrid,Comunidad de Madrid,ES,3,0,0,Madrid,678.524004249,27549.2775953,51.7,705.0,23.8,38.7,94.6,10.5,2.5,705.0,38.7,272.83500000000004,13512000470,68.85934203481362
2807908150,28079,150,08,079,28,13,2807908,28079,Madrid,Comunidad de Madrid,ES,3,0,0,Madrid,778.225804425,36089.9463172,46.8,1320.0,21.6,30.5,93.9,16.1,2.7,1320.0,30.5,402.6,11495455228,4.281928823086187
2807908151,28079,151,08,079,28,13,2807908,28079,Madrid,Comunidad de Madrid,ES,3,0,0,Madrid,785.738967598,33600.9514723,51.1,850.0,25.0,38.2,95.2,10.0,2.5,850.0,38.2,324.70000000000005,1379337419,22.012483985683332
2807908152,28079,152,08,079,28,13,2807908,28079,Madrid,Comunidad de Madrid,ES,3,0,0,Madrid,1377.10291286,93291.8261741,43.6,1591.0,16.6,26.2,96.0,22.4,3.2,1591.0,26.2,416.842,11215095916,26.5122207760536
2807908153,28079,153,08,079,28,13,2807908,28079,Madrid,Comunidad de Madrid,ES,3,0,0,Madrid,1374.13331801,103656.323614,44.5,1565.0,24.3,16.9,93.7,11.6,2.6,1565.0,16.9,264.48499999999996,12960097491,4.911957184501558
2807908154,28079,154,08,079,28,13,2807908,28079,Madrid,Comunidad de Madrid,ES,3,0,0,Madrid,1026.3543889,61085.3382279,41.5,1596.0,29.5,17.6,96.4,20.1,2.7,1596.0,17.6,280.896,8739982104,12.623736651291644
2807908155,28079,155,08,079,28,13,2807908,28079,Madrid,Comunidad de Madrid,ES,3,0,0,Madrid,2284.55402475,274000.935071,43.0,1598.0,23.5,16.0,96.6,16.3,2.8,1598.0,16.0,255.68,10589286021,125.36102860844751
2807908156,28079,156,08,079,28,13,2807908,28079,Madrid,Comunidad de Madrid,ES,3,0,0,Madrid,1058.66674235,67410.147179,47.0,1310.0,22.7,24.4,96.4,12.2,2.6,1310.0,24.4,319.64,390045205,7.472290778850337
2807908157,28079,157,08,079,28,13,2807908,28079,Madrid,Comunidad de Madrid,ES,3,0,0,Madrid,1241.90675798,62206.5335491,50.4,692.0,49.6,34.3,88.7,10.4,1.9,692.0,34.3,237.356,6475079940,19.18072058864943
2807908158,28079,158,08,079,28,13,2807908,28079,Madrid,Comunidad de Madrid,ES,3,0,0,Madrid,1350.21351519,87330.2673029,43.3,1533.0,16.2,25.8,96.9,22.2,3.1,1533.0,25.8,395.514,254529971,41.524165107887086
2807908159,28079,159,08,079,28,13,2807908,28079,Madrid,Comunidad de Madrid,ES,3,0,0,Madrid,2857.46524979,359061.827989,44.2,1969.0,19.7,20.3,93.9,14.8,2.9,1969.0,20.3,399.70700000000005,13030167635,80.66974227106799
2807908160,28079,160,08,079,28,13,2807908,28079,Madrid,Comunidad de Madrid,ES,3,0,0,Madrid,2018.79555574,160987.981919,32.3,3421.0,19.3,4.4,89.9,35.0,3.0,3421.0,4.4,150.524,303255717,59.823134705511336
2807908161,28079,161,08,079,28,13,2807908,28079,Madrid,Comunidad de Madrid,ES,3,0,0,Madrid,1549.32056842,103857.906383,33.2,2060.0,26.5,3.8,85.7,29.2,2.6,2060.0,3.8,78.28,257718337,36.08529180173703
2807908162,28079,162,08,079,28,13,2807908,28079,Madrid,Comunidad de Madrid,ES,3,0,0,Madrid,2605.97179967,235393.587909,42.3,1430.0,25.3,14.2,93.3,15.7,2.6,1430.0,14.2,203.06,12512026870,31.181590422361555
2807908163,28079,163,08,079,28,13,2807908,28079,Madrid,Comunidad de Madrid,ES,3,0,0,Madrid,1233.09416445,95807.9716764,44.9,1838.0,24.3,20.9,95.3,14.6,2.7,1838.0,20.9,384.142,355161081,35.68520031580281
2807908164,28079,164,08,079,28,13,2807908,28079,Madrid,Comunidad de Madrid,ES,3,0,0,Madrid,3179.41040315,309077.565097,34.7,3033.0,20.5,6.4,93.2,30.7,3.0,3033.0,6.4,194.112,12155536310,20.77894201678822
2807908165,28079,165,08,079,28,13,2807908,28079,Madrid,Comunidad de Madrid,ES,3,0,0,Madrid,1734.72907623,167935.568133,33.5,2522.0,17.3,6.7,94.7,33.8,3.1,2522.0,6.7,168.97400000000002,12155536051,39.560720319911496
2807908166,28079,166,08,079,28,13,2807908,28079,Madrid,Comunidad de Madrid,ES,3,0,0,Madrid,8899.71951792,2077258.97194,34.8,1832.0,23.1,8.5,81.9,29.0,3.0,1832.0,8.5,155.72,11381418819,83.12172789144724
2807908167,28079,167,08,079,28,13,2807908,28079,Madrid,Comunidad de Madrid,ES,3,0,0,Madrid,2097.59796217,208797.958758,32.5,2461.0,13.7,4.3,90.1,34.2,3.4,2461.0,4.3,105.823,2631422849,37.322517845243475
2807908168,28079,168,08,079,28,13,2807908,28079,Madrid,Comunidad de Madrid,ES,3,0,0,Madrid,1149.10196891,80991.7197762,33.9,1352.0,18.0,4.9,92.2,32.0,2.9,1352.0,4.9,66.248,3331975763,19.015458522717303
2807908169,28079,169,08,079,28,13,2807908,28079,Madrid,Comunidad de Madrid,ES,3,0,0,Madrid,2739.13790202,393167.635729,32.7,3074.0,22.8,5.2,95.7,35.2,2.9,3074.0,5.2,159.848,5537854431,31.27283400397045
2807908170,28079,170,08,079,28,13,2807908,28079,Madrid,Comunidad de Madrid,ES,3,0,0,Madrid,1336.08516357,107921.750397,33.1,2864.0,20.6,4.5,92.2,33.7,3.0,2864.0,4.5,128.88,257717215,12.042963509434674
2807908171,28079,171,08,079,28,13,2807908,28079,Madrid,Comunidad de Madrid,ES,3,0,0,Madrid,3690.46304598,684110.595079,34.4,1711.0,18.4,6.3,91.2,32.2,2.9,1711.0,6.3,107.79299999999999,3996286457,15.549922256952485
2807908172,28079,172,08,079,28,13,2807908,28079,Madrid,Comunidad de Madrid,ES,3,0,0,Madrid,1196.44569584,82911.2106447,34.6,2358.0,22.8,6.2,87.4,30.8,2.8,2358.0,6.2,146.196,12294670426,20.99561212593774
2807908173,28079,173,08,079,28,13,2807908,28079,Madrid,Comunidad de Madrid,ES,3,0,0,Madrid,1479.0662583,93963.5008292,33.2,2048.0,23.8,5.4,92.7,33.1,2.9,2048.0,5.4,110.59200000000001,12100614897,16.60293005432362
2807908174,28079,174,08,079,28,13,2807908,28079,Madrid,Comunidad de Madrid,ES,3,0,0,Madrid,2703.69149051,315984.944662,37.9,1868.0,23.6,8.4,88.4,21.6,2.7,1868.0,8.4,156.912,2893335427,13.666780494923673
2807908175,28079,175,08,079,28,13,2807908,28079,Madrid,Comunidad de Madrid,ES,3,0,0,Madrid,2063.2674891,199353.401494,36.9,1220.0,10.3,13.7,95.3,27.7,3.7,1220.0,13.7,167.14,6361663505,32.867216481491816
2807908176,28079,176,08,079,28,13,2807908,28079,Madrid,Comunidad de Madrid,ES,3,0,0,Madrid,3183.08783164,469876.105012,32.4,3389.0,16.6,3.8,95.1,35.5,3.3,3389.0,3.8,128.78199999999998,12155535924,38.43352698284268
2807908177,28079,177,08,079,28,13,2807908,28079,Madrid,Comunidad de Madrid,ES,3,0,0,Madrid,804.570685486,36782.655842,43.0,1326.0,25.4,12.8,96.9,14.7,2.6,1326.0,12.8,169.72799999999998,8739982085,63.38718005256363
2807908178,28079,178,08,079,28,13,2807908,28079,Madrid,Comunidad de Madrid,ES,3,0,0,Madrid,1470.0439624,127048.635894,34.0,2162.0,21.9,5.5,94.0,30.8,2.9,2162.0,5.5,118.91,4105486673,28.847393097384202
2807908179,28079,179,08,079,28,13,2807908,28079,Madrid,Comunidad de Madrid,ES,3,0,0,Madrid,1207.47687788,83826.9013761,35.1,1499.0,27.6,6.1,86.5,28.5,2.7,1499.0,6.1,91.439,4879650788,21.19658970432424
2807908180,28079,180,08,079,28,13,2807908,28079,Madrid,Comunidad de Madrid,ES,3,0,0,Madrid,994.592239993,58663.2771774,44.6,978.0,21.7,18.2,95.9,12.0,2.7,978.0,18.2,177.99599999999998,2702379615,60.9643380316864
2807908181,28079,181,08,079,28,13,2807908,28079,Madrid,Comunidad de Madrid,ES,3,0,0,Madrid,2889.78450875,332069.950269,33.9,2794.0,11.3,11.4,96.4,32.8,3.4,2794.0,11.4,318.516,390754569,52.81476582705301
2807908182,28079,182,08,079,28,13,2807908,28079,Madrid,Comunidad de Madrid,ES,3,0,0,Madrid,1770.56266229,144994.907699,43.3,1677.0,19.0,24.7,95.2,20.2,2.9,1677.0,24.7,414.219,258621497,29.138967560748878
2807908183,28079,183,08,079,28,13,2807908,28079,Madrid,Comunidad de Madrid,ES,3,0,0,Madrid,1783.36710633,92263.4914877,33.7,2204.0,20.8,5.9,93.2,31.9,3.0,2204.0,5.9,130.036,12155536287,39.828437435378305
2807908184,28079,184,08,079,28,13,2807908,28079,Madrid,Comunidad de Madrid,ES,3,0,0,Madrid,1193.2359835,65140.3785422,34.0,1669.0,20.0,6.3,92.5,31.3,3.0,1669.0,6.3,105.14699999999999,12110687207,22.957499061716447
2807908185,28079,185,08,079,28,13,2807908,28079,Madrid,Comunidad de Madrid,ES,3,0,0,Madrid,946.709532394,54729.5475353,35.6,1652.0,18.8,6.0,94.4,29.5,2.9,1652.0,6.0,99.12,259587867,10.217744109979721
2807908186,28079,186,08,079,28,13,2807908,28079,Madrid,Comunidad de Madrid,ES,3,0,0,Madrid,1104.2076533,67128.9230299,32.2,1611.0,21.5,4.6,90.9,36.6,2.9,1611.0,4.6,74.106,255265430,31.91007268549117
2807908187,28079,187,08,079,28,13,2807908,28079,Madrid,Comunidad de Madrid,ES,3,0,0,Madrid,2244.67697983,192208.573009,33.6,2527.0,24.7,4.6,82.4,28.8,2.7,2527.0,4.6,116.24199999999999,7435285701,38.32612510852299
2807908188,28079,188,08,079,28,13,2807908,28079,Madrid,Comunidad de Madrid,ES,3,0,0,Madrid,1192.34037442,87739.5274376,36.6,1952.0,20.1,6.8,91.6,27.5,2.8,1952.0,6.8,132.736,255259880,35.97543405688085
2807908189,28079,189,08,079,28,13,2807908,28079,Madrid,Comunidad de Madrid,ES,3,0,0,Madrid,9476.75283937,2842646.92511,29.9,1891.0,11.7,4.3,96.0,37.8,3.4,1891.0,4.3,81.31299999999999,355160906,45.660657699455165
2807908190,28079,190,08,079,28,13,2807908,28079,Madrid,Comunidad de Madrid,ES,3,0,0,Madrid,4058.56909926,619135.911329,31.8,1747.0,17.1,3.8,92.7,36.7,3.2,1747.0,3.8,66.386,257928171,85.99132341756531
2807908191,28079,191,08,079,28,13,2807908,28079,Madrid,Comunidad de Madrid,ES,3,0,0,Madrid,3942.26562204,728059.193949,33.9,1517.0,26.3,4.9,85.8,30.3,2.8,1517.0,4.9,74.333,3697943541,33.846638989628694
2807909001,28079,001,09,079,28,13,2807909,28079,Madrid,Comunidad de Madrid,ES,3,0,0,Madrid,1356.2357793,88361.0152224,47.5,1198.0,41.1,24.0,90.0,9.8,2.1,1198.0,24.0,287.52,3273213475,14.129460159316023
2807909002,28079,002,09,079,28,13,2807909,28079,Madrid,Comunidad de Madrid,ES,3,0,0,Madrid,17240.7173778,15621519.866,47.1,1243.0,38.1,23.4,89.2,11.5,2.2,1243.0,23.4,290.86199999999997,1063857004,50.333715626836074
2807909004,28079,004,09,079,28,13,2807909,28079,Madrid,Comunidad de Madrid,ES,3,0,0,Madrid,1186.26298298,43829.49589,47.6,1454.0,33.3,24.4,89.9,11.4,2.3,1454.0,24.4,354.776,5242489155,6.8389561650092725
2807909005,28079,005,09,079,28,13,2807909,28079,Madrid,Comunidad de Madrid,ES,3,0,0,Madrid,838.365112216,31536.0721128,45.9,890.0,36.7,21.2,90.3,13.7,2.2,890.0,21.2,188.68,4068639192,44.79153570735793
2807909006,28079,006,09,079,28,13,2807909,28079,Madrid,Comunidad de Madrid,ES,3,0,0,Madrid,1074.08555657,40821.3989864,47.9,757.0,32.3,25.1,93.5,13.0,2.3,757.0,25.1,190.007,26080285,5.388962505351243
2807909007,28079,007,09,079,28,13,2807909,28079,Madrid,Comunidad de Madrid,ES,3,0,0,Madrid,1746.45163006,118012.726886,45.9,917.0,34.0,23.2,92.4,16.3,2.4,917.0,23.2,212.74399999999997,1438358500,4.778441926495419
2807909008,28079,008,09,079,28,13,2807909,28079,Madrid,Comunidad de Madrid,ES,3,0,0,Madrid,1383.30244441,94486.9674777,48.6,1171.0,27.7,28.3,93.9,13.1,2.4,1171.0,28.3,331.39300000000003,6377493375,26.71310737642305
2807909009,28079,009,09,079,28,13,2807909,28079,Madrid,Comunidad de Madrid,ES,3,0,0,Madrid,1213.38792664,68009.1099098,49.3,1010.0,42.5,27.2,87.3,10.4,2.1,1010.0,27.2,274.72,1339844441,69.22436791567574
2807909010,28079,010,09,079,28,13,2807909,28079,Madrid,Comunidad de Madrid,ES,3,0,0,Madrid,6569.85442217,1196741.61797,48.7,822.0,34.1,26.0,94.7,8.6,2.2,822.0,26.0,213.72,1364771468,19.376203658588675
2807909011,28079,011,09,079,28,13,2807909,28079,Madrid,Comunidad de Madrid,ES,3,0,0,Madrid,756.466359547,25990.8947135,45.6,1444.0,43.0,22.0,79.4,8.2,2.0,1444.0,22.0,317.68,26080721,49.43634950685995
2807909012,28079,012,09,079,28,13,2807909,28079,Madrid,Comunidad de Madrid,ES,3,0,0,Madrid,601.775991843,19631.6405447,45.3,681.0,42.9,22.2,82.8,10.7,2.1,681.0,22.2,151.182,4365557551,34.49048606890378
2807909013,28079,013,09,079,28,13,2807909,28079,Madrid,Comunidad de Madrid,ES,3,0,0,Madrid,659.606404578,25791.2175875,44.0,1303.0,46.9,20.8,76.4,10.8,2.0,1303.0,20.8,271.024,26080723,66.6711788846676
2807909014,28079,014,09,079,28,13,2807909,28079,Madrid,Comunidad de Madrid,ES,3,0,0,Madrid,1436.36816403,99978.6536075,45.0,2118.0,47.3,20.8,77.6,10.3,2.0,2118.0,20.8,440.54400000000004,1501171147,7.045558307774732
2807909015,28079,015,09,079,28,13,2807909,28079,Madrid,Comunidad de Madrid,ES,3,0,0,Madrid,876.871179549,40885.2934321,45.4,1604.0,38.2,24.8,84.6,13.0,2.3,1604.0,24.8,397.79200000000003,55138166,18.310132064592416
2807909016,28079,016,09,079,28,13,2807909,28079,Madrid,Comunidad de Madrid,ES,3,0,0,Madrid,737.28626739,30004.2053335,43.8,882.0,44.8,20.2,77.6,10.5,2.0,882.0,20.2,178.164,55161044,12.804115257193532
2807909017,28079,017,09,079,28,13,2807909,28079,Madrid,Comunidad de Madrid,ES,3,0,0,Madrid,841.452479769,30201.8124658,46.3,1099.0,44.5,24.3,85.0,9.5,2.1,1099.0,24.3,267.057,55161059,47.79712166727042
2807909018,28079,018,09,079,28,13,2807909,28079,Madrid,Comunidad de Madrid,ES,3,0,0,Madrid,870.156304181,38692.1743903,46.9,1358.0,33.0,25.2,87.0,11.9,2.5,1358.0,25.2,342.216,55161067,41.9113906363523
2807909019,28079,019,09,079,28,13,2807909,28079,Madrid,Comunidad de Madrid,ES,3,0,0,Madrid,926.8820763,52598.9730707,48.9,1373.0,31.8,29.9,90.1,11.4,2.3,1373.0,29.9,410.527,4437657607,34.87869757026493
2807909020,28079,020,09,079,28,13,2807909,28079,Madrid,Comunidad de Madrid,ES,3,0,0,Madrid,632.197135345,22504.7670548,47.3,910.0,38.9,25.5,89.3,10.9,2.3,910.0,25.5,232.05,1358036201,43.85757491147965
2807909021,28079,021,09,079,28,13,2807909,28079,Madrid,Comunidad de Madrid,ES,3,0,0,Madrid,745.713025563,33170.3725152,48.0,1052.0,32.0,29.4,88.8,10.8,2.4,1052.0,29.4,309.288,4599011690,32.39437973913513
2807909022,28079,022,09,079,28,13,2807909,28079,Madrid,Comunidad de Madrid,ES,3,0,0,Madrid,811.392007216,35052.2932823,47.1,1103.0,42.0,25.9,85.2,9.3,2.1,1103.0,25.9,285.67699999999996,5273347273,50.33127964167819
2807909023,28079,023,09,079,28,13,2807909,28079,Madrid,Comunidad de Madrid,ES,3,0,0,Madrid,994.228147156,43247.379685,44.2,1711.0,38.7,21.9,78.0,9.6,2.3,1711.0,21.9,374.70899999999995,55161170,36.23518076387225
2807909024,28079,024,09,079,28,13,2807909,28079,Madrid,Comunidad de Madrid,ES,3,0,0,Madrid,607.506531286,19414.0554021,44.5,728.0,37.2,23.8,87.2,14.4,2.5,728.0,23.8,173.264,3471365928,30.1439055734517
2807909025,28079,025,09,079,28,13,2807909,28079,Madrid,Comunidad de Madrid,ES,3,0,0,Madrid,593.656209373,17598.0218653,46.1,945.0,29.7,22.1,85.4,11.6,2.5,945.0,22.1,208.845,12355286788,26.238082232361783
2807909026,28079,026,09,079,28,13,2807909,28079,Madrid,Comunidad de Madrid,ES,3,0,0,Madrid,547.491080217,15885.1703949,43.2,1204.0,38.0,18.5,77.8,12.6,2.3,1204.0,18.5,222.74,26578950,40.372891967327014
2807909028,28079,028,09,079,28,13,2807909,28079,Madrid,Comunidad de Madrid,ES,3,0,0,Madrid,1369.16167668,95539.2720002,48.2,1502.0,37.8,27.6,86.4,9.8,2.2,1502.0,27.6,414.552,13443099098,38.26342707322716
2807909029,28079,029,09,079,28,13,2807909,28079,Madrid,Comunidad de Madrid,ES,3,0,0,Madrid,712.476860843,30183.253737,44.8,1017.0,28.4,25.2,90.3,15.9,2.6,1017.0,25.2,256.284,26578957,6.602355966389829
2807909030,28079,030,09,079,28,13,2807909,28079,Madrid,Comunidad de Madrid,ES,3,0,0,Madrid,917.18271337,40005.615244,47.7,1170.0,30.3,28.0,88.8,13.2,2.6,1170.0,28.0,327.6,4327543829,5.358353677673336
2807909031,28079,031,09,079,28,13,2807909,28079,Madrid,Comunidad de Madrid,ES,3,0,0,Madrid,787.113055907,38884.2771033,50.5,588.0,34.5,33.3,91.3,9.2,2.3,588.0,33.3,195.80399999999997,9440297888,21.405754558131537
2807909033,28079,033,09,079,28,13,2807909,28079,Madrid,Comunidad de Madrid,ES,3,0,0,Madrid,13763.1357966,6915573.15057,49.8,976.0,31.5,33.5,92.3,8.8,2.4,976.0,33.5,326.96,292824461,1.9701560771343067
2807909034,28079,034,09,079,28,13,2807909,28079,Madrid,Comunidad de Madrid,ES,3,0,0,Madrid,1004.30698307,58004.4295804,45.3,1633.0,33.2,24.7,91.7,14.0,2.5,1633.0,24.7,403.351,6348124038,20.652754173780995
2807909035,28079,035,09,079,28,13,2807909,28079,Madrid,Comunidad de Madrid,ES,3,0,0,Madrid,705.464144945,21115.9304563,48.9,843.0,33.6,33.0,95.5,13.1,2.4,843.0,33.0,278.19,9680529951,11.920801512014428
2807909036,28079,036,09,079,28,13,2807909,28079,Madrid,Comunidad de Madrid,ES,3,0,0,Madrid,866.820796779,27344.1203102,43.2,1124.0,37.3,22.0,88.2,13.5,2.3,1124.0,22.0,247.28,6348197408,16.68362344677261
2807909037,28079,037,09,079,28,13,2807909,28079,Madrid,Comunidad de Madrid,ES,3,0,0,Madrid,2258.1020371,250880.237999,44.3,2270.0,36.4,22.5,92.9,14.3,2.3,2270.0,22.5,510.75,7058286486,29.300981263356455
2807909038,28079,038,09,079,28,13,2807909,28079,Madrid,Comunidad de Madrid,ES,3,0,0,Madrid,1304.50405607,70669.8581395,49.5,1179.0,30.6,34.4,91.8,13.3,2.4,1179.0,34.4,405.57599999999996,9270388252,11.62257070378027
2807909039,28079,039,09,079,28,13,2807909,28079,Madrid,Comunidad de Madrid,ES,3,0,0,Madrid,1003.12983573,44753.8502976,48.8,1121.0,37.1,30.4,92.5,12.0,2.2,1121.0,30.4,340.784,2891563646,24.56115851554462
2807909040,28079,040,09,079,28,13,2807909,28079,Madrid,Comunidad de Madrid,ES,3,0,0,Madrid,1074.72507754,60364.1824707,47.2,870.0,38.6,24.8,91.7,11.7,2.2,870.0,24.8,215.76,9270448629,32.35995994252736
2807909041,28079,041,09,079,28,13,2807909,28079,Madrid,Comunidad de Madrid,ES,3,0,0,Madrid,2900.12932288,392452.095748,43.4,1659.0,21.9,20.6,86.1,16.6,3.0,1659.0,20.6,341.754,1324893785,4.622275565132582
2807909043,28079,043,09,079,28,13,2807909,28079,Madrid,Comunidad de Madrid,ES,3,0,0,Madrid,13299.6942424,6214281.46153,43.0,1957.0,25.7,21.9,88.0,18.5,2.9,1957.0,21.9,428.58299999999997,1964396934,36.32527664216043
2807909044,28079,044,09,079,28,13,2807909,28079,Madrid,Comunidad de Madrid,ES,3,0,0,Madrid,1479.33040715,116143.524718,46.2,1182.0,27.3,27.5,91.5,18.5,2.7,1182.0,27.5,325.05,153129154,50.96563392021118
2807909045,28079,045,09,079,28,13,2807909,28079,Madrid,Comunidad de Madrid,ES,3,0,0,Madrid,899.511244702,44937.627285,42.0,1085.0,24.7,22.3,92.7,22.0,3.0,1085.0,22.3,241.955,13506964721,46.01278700917146
2807909046,28079,046,09,079,28,13,2807909,28079,Madrid,Comunidad de Madrid,ES,3,0,0,Madrid,1954.5669475,90134.959497,43.8,1826.0,28.2,23.3,90.1,18.3,2.5,1826.0,23.3,425.458,3172315636,33.61737349473039
2807909047,28079,047,09,079,28,13,2807909,28079,Madrid,Comunidad de Madrid,ES,3,0,0,Madrid,1645.41491064,96965.2818719,45.2,1453.0,25.1,26.7,89.8,17.3,2.6,1453.0,26.7,387.95099999999996,14153090957,22.797210852791668
2807909049,28079,049,09,079,28,13,2807909,28079,Madrid,Comunidad de Madrid,ES,3,0,0,Madrid,702.275019106,30695.3158817,46.3,1132.0,31.3,28.4,87.9,15.6,2.4,1132.0,28.4,321.488,4635277916,27.190946722750635
2807909050,28079,050,09,079,28,13,2807909,28079,Madrid,Comunidad de Madrid,ES,3,0,0,Madrid,669.632903383,27576.3983694,47.3,814.0,31.5,29.5,90.9,15.0,2.3,814.0,29.5,240.13,1930365627,9.296701021047628
2807909051,28079,051,09,079,28,13,2807909,28079,Madrid,Comunidad de Madrid,ES,3,0,0,Madrid,944.129547909,34719.8880318,49.1,1276.0,31.3,33.4,91.3,12.1,2.3,1276.0,33.4,426.184,4235895804,11.212262541662133
2807909052,28079,052,09,079,28,13,2807909,28079,Madrid,Comunidad de Madrid,ES,3,0,0,Madrid,1379.0662102,63154.3702522,48.0,1886.0,29.2,32.7,92.1,13.5,2.3,1886.0,32.7,616.7220000000001,2467081593,11.470009754323607
2807909053,28079,053,09,079,28,13,2807909,28079,Madrid,Comunidad de Madrid,ES,3,0,0,Madrid,1211.74871702,51696.2826475,43.9,864.0,29.0,16.1,94.8,12.7,2.4,864.0,16.1,139.104,4737191237,26.31480138625583
2807909054,28079,054,09,079,28,13,2807909,28079,Madrid,Comunidad de Madrid,ES,3,0,0,Madrid,752.048607782,26644.0544372,47.3,1343.0,34.0,24.8,80.4,11.4,2.4,1343.0,24.8,333.064,4774946732,17.980751652162102
2807909055,28079,055,09,079,28,13,2807909,28079,Madrid,Comunidad de Madrid,ES,3,0,0,Madrid,1052.41616943,57750.7304878,51.0,1617.0,26.5,36.7,91.7,12.3,2.4,1617.0,36.7,593.439,5866230783,7.081134838962042
2807909056,28079,056,09,079,28,13,2807909,28079,Madrid,Comunidad de Madrid,ES,3,0,0,Madrid,1843.32007219,101132.78836,48.6,2055.0,31.3,31.9,93.1,12.4,2.4,2055.0,31.9,655.545,344842870,53.47770682035036
2807909057,28079,057,09,079,28,13,2807909,28079,Madrid,Comunidad de Madrid,ES,3,0,0,Madrid,757.424539132,25862.9822973,48.3,909.0,34.2,26.4,85.8,10.2,2.3,909.0,26.4,239.976,385100430,33.31409708812055
2807909058,28079,058,09,079,28,13,2807909,28079,Madrid,Comunidad de Madrid,ES,3,0,0,Madrid,613.547367941,16454.9683758,47.3,961.0,36.2,25.7,82.3,13.1,2.4,961.0,25.7,246.977,151402222,39.27458328888175
2807909060,28079,060,09,079,28,13,2807909,28079,Madrid,Comunidad de Madrid,ES,3,0,0,Madrid,1313.25637117,40956.9770907,48.1,1533.0,35.4,25.4,84.0,11.4,2.3,1533.0,25.4,389.38199999999995,4737191149,18.19553443797592
2807909061,28079,061,09,079,28,13,2807909,28079,Madrid,Comunidad de Madrid,ES,3,0,0,Madrid,687.600258889,26895.8802629,42.6,1012.0,34.1,18.5,77.7,14.0,2.6,1012.0,18.5,187.22,344856372,7.9118948588337625
2807909063,28079,063,09,079,28,13,2807909,28079,Madrid,Comunidad de Madrid,ES,3,0,0,Madrid,1371.93678354,75226.0136066,45.1,1530.0,29.4,22.7,84.3,13.9,2.5,1530.0,22.7,347.31,2954907111,14.417587528785125
2807909064,28079,064,09,079,28,13,2807909,28079,Madrid,Comunidad de Madrid,ES,3,0,0,Madrid,1288.95542572,84067.5193496,43.6,1686.0,27.6,19.5,78.2,15.0,2.7,1686.0,19.5,328.77,344856802,16.895279911175827
2807909065,28079,065,09,079,28,13,2807909,28079,Madrid,Comunidad de Madrid,ES,3,0,0,Madrid,607.73634283,17420.3412048,43.1,1349.0,37.2,17.6,80.1,13.6,2.4,1349.0,17.6,237.424,11084378114,6.465904556693918
2807909066,28079,066,09,079,28,13,2807909,28079,Madrid,Comunidad de Madrid,ES,3,0,0,Madrid,775.739947696,24525.5793244,44.0,868.0,33.1,20.7,82.5,12.8,2.5,868.0,20.7,179.676,10223087138,29.08657482425924
2807909067,28079,067,09,079,28,13,2807909,28079,Madrid,Comunidad de Madrid,ES,3,0,0,Madrid,847.675780096,28588.9305492,44.7,833.0,33.7,19.1,78.6,11.9,2.3,833.0,19.1,159.103,9900331647,13.127357158452218
2807909068,28079,068,09,079,28,13,2807909,28079,Madrid,Comunidad de Madrid,ES,3,0,0,Madrid,792.796782183,32879.592826,45.4,1053.0,40.3,23.8,81.7,11.6,2.3,1053.0,23.8,250.614,2082659381,35.10365483097566
2807909069,28079,069,09,079,28,13,2807909,28079,Madrid,Comunidad de Madrid,ES,3,0,0,Madrid,882.551909196,39798.7842547,45.2,799.0,36.0,21.9,81.6,11.8,2.4,799.0,21.9,174.981,3619678003,54.626306876879895
2807909070,28079,070,09,079,28,13,2807909,28079,Madrid,Comunidad de Madrid,ES,3,0,0,Madrid,2056.98268407,272809.810283,42.6,1325.0,35.0,18.1,92.4,19.7,2.3,1325.0,18.1,239.82500000000005,11704920435,12.031162436011916
2807909071,28079,071,09,079,28,13,2807909,28079,Madrid,Comunidad de Madrid,ES,3,0,0,Madrid,5489.70752395,948497.628769,39.2,1495.0,15.3,14.3,88.3,24.1,3.6,1495.0,14.3,213.785,266496388,26.789722146709497
2807909072,28079,072,09,079,28,13,2807909,28079,Madrid,Comunidad de Madrid,ES,3,0,0,Madrid,7338.45445155,2001935.78508,40.0,1592.0,20.1,17.5,89.6,23.8,3.1,1592.0,17.5,278.6,244975673,30.532178693810167
2807909073,28079,073,09,079,28,13,2807909,28079,Madrid,Comunidad de Madrid,ES,3,0,0,Madrid,2163.1144434,186541.178112,38.6,1374.0,13.2,13.4,92.1,22.7,3.8,1374.0,13.4,184.116,293169602,8.473180728283262
2807909074,28079,074,09,079,28,13,2807909,28079,Madrid,Comunidad de Madrid,ES,3,0,0,Madrid,1297.25496225,98157.9679222,44.8,1508.0,35.0,22.2,81.3,15.5,2.4,1508.0,22.2,334.776,264061912,30.14248164999345
2807909075,28079,075,09,079,28,13,2807909,28079,Madrid,Comunidad de Madrid,ES,3,0,0,Madrid,4776.0532984,733579.189065,41.6,2627.0,26.0,17.9,87.2,19.4,3.0,2627.0,17.9,470.23299999999995,8879839926,17.585304059113987
2807909076,28079,076,09,079,28,13,2807909,28079,Madrid,Comunidad de Madrid,ES,3,0,0,Madrid,933.395464362,35136.0965008,44.3,1029.0,31.8,19.3,72.5,12.9,2.5,1029.0,19.3,198.597,266456746,11.678095654229198
2807909077,28079,077,09,079,28,13,2807909,28079,Madrid,Comunidad de Madrid,ES,3,0,0,Madrid,1130.47928397,52077.6950566,43.6,1150.0,34.3,21.7,80.4,17.3,2.5,1150.0,21.7,249.55,268761158,31.43874182537898
2807909078,28079,078,09,079,28,13,2807909,28079,Madrid,Comunidad de Madrid,ES,3,0,0,Madrid,6668.69632302,1385643.07973,38.9,2175.0,13.3,15.0,90.9,23.2,4.0,2175.0,15.0,326.25,13274864277,13.944513114286
2807909079,28079,079,09,079,28,13,2807909,28079,Madrid,Comunidad de Madrid,ES,3,0,0,Madrid,4265.10830462,815274.98567,52.2,1867.0,19.0,43.9,96.0,11.3,2.6,1867.0,43.9,819.613,1464797933,69.31396624050285
2807909080,28079,080,09,079,28,13,2807909,28079,Madrid,Comunidad de Madrid,ES,3,0,0,Madrid,2029.66837632,237585.104732,41.2,1686.0,19.3,16.8,94.9,20.7,2.8,1686.0,16.8,283.24800000000005,310442331,63.58823077158828
2807909081,28079,081,09,079,28,13,2807909,28079,Madrid,Comunidad de Madrid,ES,3,0,0,Madrid,1181.37664267,70273.0860963,48.7,865.0,27.6,30.9,93.5,11.2,2.5,865.0,30.9,267.285,3273213544,13.391348168937906
2807909082,28079,082,09,079,28,13,2807909,28079,Madrid,Comunidad de Madrid,ES,3,0,0,Madrid,765.828996189,24084.6329924,49.5,825.0,29.1,32.5,89.2,13.1,2.4,825.0,32.5,268.125,2592711933,46.97118249545191
2807909083,28079,083,09,079,28,13,2807909,28079,Madrid,Comunidad de Madrid,ES,3,0,0,Madrid,1800.89009641,204775.926823,36.4,1445.0,19.9,8.6,88.4,24.9,3.0,1445.0,8.6,124.27,1333731499,13.1134007211062
2807909084,28079,084,09,079,28,13,2807909,28079,Madrid,Comunidad de Madrid,ES,3,0,0,Madrid,1669.57822008,59525.0606269,48.7,898.0,39.6,29.8,87.9,9.9,2.1,898.0,29.8,267.60400000000004,338920029,25.246824373633377
2807909085,28079,085,09,079,28,13,2807909,28079,Madrid,Comunidad de Madrid,ES,3,0,0,Madrid,1925.24150866,169453.241849,42.1,1553.0,14.7,17.6,95.1,15.5,3.1,1553.0,17.6,273.32800000000003,261722125,28.884187118777177
2807909086,28079,086,09,079,28,13,2807909,28079,Madrid,Comunidad de Madrid,ES,3,0,0,Madrid,5432.68158157,1209276.24311,35.6,2172.0,20.0,10.2,91.1,28.9,3.5,2172.0,10.2,221.54399999999998,6419265110,15.961989304023033
2807909087,28079,087,09,079,28,13,2807909,28079,Madrid,Comunidad de Madrid,ES,3,0,0,Madrid,3125.29172396,537664.58149,39.6,2154.0,9.6,16.0,92.4,21.2,3.9,2154.0,16.0,344.64,266035895,52.16985151268099
2807909088,28079,088,09,079,28,13,2807909,28079,Madrid,Comunidad de Madrid,ES,3,0,0,Madrid,2619.4705292,271659.405953,39.3,2605.0,26.0,13.3,88.8,20.8,2.6,2605.0,13.3,346.465,1333731630,18.73610107721293
2807909089,28079,089,09,079,28,13,2807909,28079,Madrid,Comunidad de Madrid,ES,3,0,0,Madrid,2463.25460735,289423.291356,41.8,1650.0,13.0,16.4,92.6,17.3,3.6,1650.0,16.4,270.59999999999997,292704377,76.79079802115727
2807909090,28079,090,09,079,28,13,2807909,28079,Madrid,Comunidad de Madrid,ES,3,0,0,Madrid,1831.09478812,108580.791,41.5,2148.0,26.9,15.6,92.5,17.9,2.5,2148.0,15.6,335.08799999999997,3310629147,35.26547780898217
2807909091,28079,091,09,079,28,13,2807909,28079,Madrid,Comunidad de Madrid,ES,3,0,0,Madrid,4872.34903359,790873.46355,35.6,1837.0,30.8,8.5,89.7,28.0,2.8,1837.0,8.5,156.145,1492745899,61.61718300804679
2807909092,28079,092,09,079,28,13,2807909,28079,Madrid,Comunidad de Madrid,ES,3,0,0,Madrid,3269.84925894,398989.415604,41.5,1060.0,16.4,14.3,92.6,16.8,3.1,1060.0,14.3,151.58,681277705,39.03863756023394
2807909093,28079,093,09,079,28,13,2807909,28079,Madrid,Comunidad de Madrid,ES,3,0,0,Madrid,5557.86046985,1569659.68271,43.3,1458.0,17.0,21.7,88.5,19.8,3.3,1458.0,21.7,316.38599999999997,11708854884,21.361549609101115
2807909094,28079,094,09,079,28,13,2807909,28079,Madrid,Comunidad de Madrid,ES,3,0,0,Madrid,1043.90606202,59474.1872728,40.3,1547.0,23.9,12.4,93.2,18.6,2.7,1547.0,12.4,191.828,4329594982,18.809027124862588
2807909095,28079,095,09,079,28,13,2807909,28079,Madrid,Comunidad de Madrid,ES,3,0,0,Madrid,844.505477406,26987.2053497,49.8,1255.0,39.9,30.3,94.5,9.1,2.1,1255.0,30.3,380.265,1339844469,33.413408527935324
2807909096,28079,096,09,079,28,13,2807909,28079,Madrid,Comunidad de Madrid,ES,3,0,0,Madrid,2828.59992905,399193.955779,31.4,2028.0,15.0,5.8,85.8,36.8,3.6,2028.0,5.8,117.624,317405478,47.213138568194324
2807909097,28079,097,09,079,28,13,2807909,28079,Madrid,Comunidad de Madrid,ES,3,0,0,Madrid,2496.87527429,335864.555978,35.9,1569.0,14.5,10.0,93.7,27.5,3.6,1569.0,10.0,156.9,11764987246,61.33663352559604
2807910001,28079,001,10,079,28,13,2807910,28079,Madrid,Comunidad de Madrid,ES,3,0,0,Madrid,1335.60023463,60784.4912754,43.4,1087.0,27.4,18.9,75.4,15.6,2.8,1087.0,18.9,205.44299999999998,347478796,41.37435925577051
2807910002,28079,002,10,079,28,13,2807910,28079,Madrid,Comunidad de Madrid,ES,3,0,0,Madrid,572.607342522,19266.5933824,39.4,937.0,16.8,14.5,83.9,19.5,3.3,937.0,14.5,135.865,21784787,10.847566342138451
2807910003,28079,003,10,079,28,13,2807910,28079,Madrid,Comunidad de Madrid,ES,3,0,0,Madrid,720.687764356,26725.8235757,39.9,965.0,19.4,16.2,85.3,19.7,3.1,965.0,16.2,156.33,347476114,8.780256139241398
2807910004,28079,004,10,079,28,13,2807910,28079,Madrid,Comunidad de Madrid,ES,3,0,0,Madrid,914.841566763,36144.3679167,42.1,830.0,35.8,16.0,71.0,14.8,2.6,830.0,16.0,132.8,13539905876,13.692071453794972
2807910005,28079,005,10,079,28,13,2807910,28079,Madrid,Comunidad de Madrid,ES,3,0,0,Madrid,1194.71750579,56107.4027212,42.5,1329.0,27.3,17.2,78.5,15.7,2.7,1329.0,17.2,228.588,12050809513,80.95428087161396
2807910006,28079,006,10,079,28,13,2807910,28079,Madrid,Comunidad de Madrid,ES,3,0,0,Madrid,5334.94953093,695018.462985,41.6,2483.0,28.1,13.3,83.0,16.3,2.5,2483.0,13.3,330.23900000000003,9492975750,42.39529647228225
2807910007,28079,007,10,079,28,13,2807910,28079,Madrid,Comunidad de Madrid,ES,3,0,0,Madrid,776.876956765,27805.8461172,40.5,1445.0,30.5,13.9,70.7,15.5,2.6,1445.0,13.9,200.855,319952721,66.30127853786247
2807910008,28079,008,10,079,28,13,2807910,28079,Madrid,Comunidad de Madrid,ES,3,0,0,Madrid,934.563335267,22817.1612493,41.1,1122.0,27.2,14.0,68.4,14.8,2.7,1122.0,14.0,157.08,13155103458,41.90050347036511
2807910009,28079,009,10,079,28,13,2807910,28079,Madrid,Comunidad de Madrid,ES,3,0,0,Madrid,924.135873402,18932.0058895,44.2,1194.0,30.1,20.5,72.9,14.2,2.6,1194.0,20.5,244.77,13155103416,22.4868003218856
2807910010,28079,010,10,079,28,13,2807910,28079,Madrid,Comunidad de Madrid,ES,3,0,0,Madrid,557.802421192,13847.582514,46.3,902.0,20.4,24.3,75.1,11.6,2.8,902.0,24.3,219.18600000000004,12770502464,4.681858368470114
2807910011,28079,011,10,079,28,13,2807910,28079,Madrid,Comunidad de Madrid,ES,3,0,0,Madrid,643.464531183,26046.9962159,44.9,747.0,37.2,19.1,90.1,13.8,2.2,747.0,19.1,142.67700000000002,332052136,16.13836510416029
2807910012,28079,012,10,079,28,13,2807910,28079,Madrid,Comunidad de Madrid,ES,3,0,0,Madrid,663.061216518,26091.3950634,47.8,964.0,36.7,26.2,89.7,11.1,2.1,964.0,26.2,252.56799999999998,332054759,10.167775397328967
2807910013,28079,013,10,079,28,13,2807910,28079,Madrid,Comunidad de Madrid,ES,3,0,0,Madrid,1506.24850442,59580.4275725,48.9,732.0,29.6,29.5,92.1,12.7,2.3,732.0,29.5,215.94,652929503,16.39135539304733
2807910014,28079,014,10,079,28,13,2807910,28079,Madrid,Comunidad de Madrid,ES,3,0,0,Madrid,827.636422467,20241.1833133,47.8,837.0,23.7,30.9,93.2,12.0,2.6,837.0,30.9,258.633,1481724135,9.246161579312345
2807910015,28079,015,10,079,28,13,2807910,28079,Madrid,Comunidad de Madrid,ES,3,0,0,Madrid,913.287091049,39826.8961313,45.9,1286.0,41.5,19.5,79.6,11.0,2.3,1286.0,19.5,250.77,341473881,23.572165725995973
2807910016,28079,016,10,079,28,13,2807910,28079,Madrid,Comunidad de Madrid,ES,3,0,0,Madrid,830.431941015,35610.1253492,45.3,1313.0,36.7,21.2,82.6,11.8,2.2,1313.0,21.2,278.356,305396613,32.09372084438303
2807910017,28079,017,10,079,28,13,2807910,28079,Madrid,Comunidad de Madrid,ES,3,0,0,Madrid,1181.32143991,61773.7564948,47.1,973.0,28.2,27.1,84.6,13.2,2.6,973.0,27.1,263.68300000000005,12323585282,48.384287263066106
2807910018,28079,018,10,079,28,13,2807910,28079,Madrid,Comunidad de Madrid,ES,3,0,0,Madrid,673.869206168,18213.8383465,44.0,871.0,36.2,17.5,70.5,7.6,2.4,871.0,17.5,152.425,9018853258,25.244519516215938
2807910020,28079,020,10,079,28,13,2807910,28079,Madrid,Comunidad de Madrid,ES,3,0,0,Madrid,1347.64299769,103149.039654,45.5,847.0,38.8,20.0,81.5,10.2,2.3,847.0,20.0,169.4,757493627,7.012633947455627
2807910021,28079,021,10,079,28,13,2807910,28079,Madrid,Comunidad de Madrid,ES,3,0,0,Madrid,877.565143535,34718.1656247,45.7,1365.0,36.6,20.4,78.5,9.9,2.2,1365.0,20.4,278.46,348158325,29.013232506403696
2807910022,28079,022,10,079,28,13,2807910,28079,Madrid,Comunidad de Madrid,ES,3,0,0,Madrid,665.611102912,23378.536352,41.1,1107.0,39.8,13.6,66.6,11.1,2.3,1107.0,13.6,150.552,12494008046,41.5467819152576
2807910023,28079,023,10,079,28,13,2807910,28079,Madrid,Comunidad de Madrid,ES,3,0,0,Madrid,706.381663171,26668.5198711,43.1,915.0,44.3,15.5,72.0,9.5,2.2,915.0,15.5,141.825,305396768,42.38321344435046
2807910024,28079,024,10,079,28,13,2807910,28079,Madrid,Comunidad de Madrid,ES,3,0,0,Madrid,664.096533929,24632.4766154,42.6,1306.0,36.4,16.9,70.1,10.7,2.4,1306.0,16.9,220.71399999999997,348159184,26.741881922770606
2807910025,28079,025,10,079,28,13,2807910,28079,Madrid,Comunidad de Madrid,ES,3,0,0,Madrid,1057.39403356,31996.3943374,43.8,1265.0,34.4,17.1,77.5,9.7,2.4,1265.0,17.1,216.315,305396831,14.758474338333462
2807910026,28079,026,10,079,28,13,2807910,28079,Madrid,Comunidad de Madrid,ES,3,0,0,Madrid,1205.08792368,60936.6620977,46.5,950.0,37.8,21.8,83.0,9.1,2.2,950.0,21.8,207.1,6353120980,52.55591511320554
2807910027,28079,027,10,079,28,13,2807910,28079,Madrid,Comunidad de Madrid,ES,3,0,0,Madrid,884.672930126,30324.0789792,44.3,1386.0,46.0,17.3,76.3,9.5,2.1,1386.0,17.3,239.778,364860562,37.14174816643226
2807910028,28079,028,10,079,28,13,2807910,28079,Madrid,Comunidad de Madrid,ES,3,0,0,Madrid,774.018403125,27858.1910844,42.5,1325.0,35.1,15.9,70.8,13.9,2.5,1325.0,15.9,210.675,305396749,23.419591881657606
2807910029,28079,029,10,079,28,13,2807910,28079,Madrid,Comunidad de Madrid,ES,3,0,0,Madrid,1495.64449539,36390.2514352,43.1,1483.0,35.3,18.3,73.2,12.1,2.5,1483.0,18.3,271.389,305396696,43.3628371177226
2807910030,28079,030,10,079,28,13,2807910,28079,Madrid,Comunidad de Madrid,ES,3,0,0,Madrid,795.934109606,35031.9709133,43.3,1417.0,35.6,16.9,74.2,11.4,2.4,1417.0,16.9,239.47299999999998,305396951,26.665370471785828
2807910031,28079,031,10,079,28,13,2807910,28079,Madrid,Comunidad de Madrid,ES,3,0,0,Madrid,1130.87645528,43207.7791192,42.8,885.0,33.4,17.0,73.5,13.0,2.6,885.0,17.0,150.45,1605982501,16.16121259104876
2807910032,28079,032,10,079,28,13,2807910,28079,Madrid,Comunidad de Madrid,ES,3,0,0,Madrid,1005.37411674,49643.0507709,43.3,2217.0,36.1,16.4,75.2,11.4,2.3,2217.0,16.4,363.58799999999997,305396981,26.238447425036256
2807910033,28079,033,10,079,28,13,2807910,28079,Madrid,Comunidad de Madrid,ES,3,0,0,Madrid,657.259965486,23209.0865463,43.1,1081.0,39.2,16.1,75.9,11.2,2.2,1081.0,16.1,174.04100000000003,305396999,18.246252164526442
2807910035,28079,035,10,079,28,13,2807910,28079,Madrid,Comunidad de Madrid,ES,3,0,0,Madrid,1085.67324859,48220.1093663,45.3,948.0,34.6,21.3,75.7,10.4,2.3,948.0,21.3,201.924,305396781,62.44331790741586
2807910036,28079,036,10,079,28,13,2807910,28079,Madrid,Comunidad de Madrid,ES,3,0,0,Madrid,1075.63280114,53955.5265873,46.9,1534.0,37.8,23.9,82.1,10.2,2.3,1534.0,23.9,366.626,1420427533,23.792546706044007
2807910037,28079,037,10,079,28,13,2807910,28079,Madrid,Comunidad de Madrid,ES,3,0,0,Madrid,964.900478533,51510.3412593,42.5,1798.0,32.9,17.6,74.1,13.0,2.4,1798.0,17.6,316.44800000000004,305397354,15.489614531584092
2807910038,28079,038,10,079,28,13,2807910,28079,Madrid,Comunidad de Madrid,ES,3,0,0,Madrid,836.571300047,32691.7675905,42.3,916.0,32.5,16.1,74.1,14.9,2.6,916.0,16.1,147.47600000000003,305397439,63.89604353393028
2807910039,28079,039,10,079,28,13,2807910,28079,Madrid,Comunidad de Madrid,ES,3,0,0,Madrid,661.084303771,24590.8805544,42.8,1336.0,26.7,18.2,74.4,13.0,2.7,1336.0,18.2,243.15200000000002,305397490,30.21462879683465
2807910040,28079,040,10,079,28,13,2807910,28079,Madrid,Comunidad de Madrid,ES,3,0,0,Madrid,1119.99303636,52145.6640745,41.0,993.0,35.4,15.7,77.5,17.9,2.4,993.0,15.7,155.90099999999998,347334769,2.7047057433744555
2807910041,28079,041,10,079,28,13,2807910,28079,Madrid,Comunidad de Madrid,ES,3,0,0,Madrid,804.151023463,28896.3629577,42.7,1647.0,34.4,15.4,71.4,12.0,2.6,1647.0,15.4,253.638,305397547,57.1084858141252
2807910042,28079,042,10,079,28,13,2807910,28079,Madrid,Comunidad de Madrid,ES,3,0,0,Madrid,703.032902041,27278.1960823,44.3,1434.0,32.5,19.3,77.1,11.9,2.5,1434.0,19.3,276.762,13073158883,6.152443946713705
2807910043,28079,043,10,079,28,13,2807910,28079,Madrid,Comunidad de Madrid,ES,3,0,0,Madrid,946.515196036,44573.7583732,44.9,1518.0,34.0,20.6,77.1,12.4,2.5,1518.0,20.6,312.708,13007192683,3.4203084367012235
2807910044,28079,044,10,079,28,13,2807910,28079,Madrid,Comunidad de Madrid,ES,3,0,0,Madrid,850.856706371,28874.823238,48.5,872.0,33.5,27.9,82.0,9.6,2.3,872.0,27.9,243.28799999999998,1478929116,19.167140941186165
2807910046,28079,046,10,079,28,13,2807910,28079,Madrid,Comunidad de Madrid,ES,3,0,0,Madrid,859.831064312,40774.1691381,44.6,1353.0,37.0,20.8,77.9,12.8,2.5,1353.0,20.8,281.42400000000004,12304843517,6.521958820160339
2807910047,28079,047,10,079,28,13,2807910,28079,Madrid,Comunidad de Madrid,ES,3,0,0,Madrid,621.744630145,21822.3226479,40.5,1117.0,29.8,14.6,65.4,14.2,3.0,1117.0,14.6,163.082,305397045,71.7225770897372
2807910048,28079,048,10,079,28,13,2807910,28079,Madrid,Comunidad de Madrid,ES,3,0,0,Madrid,886.598686552,25179.1879651,40.6,1505.0,29.9,16.2,64.9,15.6,2.9,1505.0,16.2,243.81,12881323104,20.855057428496202
2807910049,28079,049,10,079,28,13,2807910,28079,Madrid,Comunidad de Madrid,ES,3,0,0,Madrid,909.968622956,27905.4919118,43.0,1294.0,28.5,17.3,69.6,12.0,2.7,1294.0,17.3,223.862,13155103603,6.523935257784537
2807910050,28079,050,10,079,28,13,2807910,28079,Madrid,Comunidad de Madrid,ES,3,0,0,Madrid,712.136868553,25498.7776018,44.5,1495.0,29.8,22.1,69.1,12.4,2.7,1495.0,22.1,330.395,12571176108,19.305633595172026
2807910051,28079,051,10,079,28,13,2807910,28079,Madrid,Comunidad de Madrid,ES,3,0,0,Madrid,728.393864807,23609.8367421,44.0,1076.0,25.5,19.1,70.9,12.3,2.7,1076.0,19.1,205.51600000000002,305397066,10.38980792164153
2807910052,28079,052,10,079,28,13,2807910,28079,Madrid,Comunidad de Madrid,ES,3,0,0,Madrid,716.98001086,22701.7680773,44.2,1258.0,30.8,21.2,75.0,13.9,2.6,1258.0,21.2,266.69599999999997,305397563,46.29888344420063
2807910053,28079,053,10,079,28,13,2807910,28079,Madrid,Comunidad de Madrid,ES,3,0,0,Madrid,960.93240866,38310.735487,43.9,1182.0,32.4,19.5,73.2,12.6,2.6,1182.0,19.5,230.49,12644023062,5.994586758699803
2807910054,28079,054,10,079,28,13,2807910,28079,Madrid,Comunidad de Madrid,ES,3,0,0,Madrid,1502.36510227,67748.5100701,48.9,1490.0,31.9,29.9,89.2,14.4,2.3,1490.0,29.9,445.51,12570767645,13.371610919286374
2807910055,28079,055,10,079,28,13,2807910,28079,Madrid,Comunidad de Madrid,ES,3,0,0,Madrid,1056.3354202,52428.3472467,47.1,1135.0,29.4,28.5,84.5,14.2,2.4,1135.0,28.5,323.475,12438872377,17.624973559956512
2807910056,28079,056,10,079,28,13,2807910,28079,Madrid,Comunidad de Madrid,ES,3,0,0,Madrid,680.301183446,26065.3748894,43.3,1181.0,29.3,18.0,68.3,12.8,2.7,1181.0,18.0,212.58,13390689775,11.957372975619844
2807910057,28079,057,10,079,28,13,2807910,28079,Madrid,Comunidad de Madrid,ES,3,0,0,Madrid,785.806397217,39357.2035306,43.7,1595.0,33.0,19.2,73.5,14.5,2.5,1595.0,19.2,306.24,13390689828,14.380851229813464
2807910058,28079,058,10,079,28,13,2807910,28079,Madrid,Comunidad de Madrid,ES,3,0,0,Madrid,768.17010555,22222.7196271,43.4,1163.0,34.9,18.5,69.1,13.2,2.5,1163.0,18.5,215.155,335389319,14.942110706609476
2807910059,28079,059,10,079,28,13,2807910,28079,Madrid,Comunidad de Madrid,ES,3,0,0,Madrid,883.920105992,37754.6389603,42.5,1271.0,32.2,14.6,74.8,13.8,2.6,1271.0,14.6,185.56599999999997,13390689854,17.86592997990313
2807910060,28079,060,10,079,28,13,2807910,28079,Madrid,Comunidad de Madrid,ES,3,0,0,Madrid,2935.39591242,337713.629809,46.0,1965.0,26.7,22.9,86.4,13.5,2.6,1965.0,22.9,449.985,305752788,47.82283505698097
2807910061,28079,061,10,079,28,13,2807910,28079,Madrid,Comunidad de Madrid,ES,3,0,0,Madrid,1484.20990609,50719.1102781,43.5,1719.0,28.8,18.5,71.3,14.3,2.8,1719.0,18.5,318.015,302684712,90.49258103049861
2807910062,28079,062,10,079,28,13,2807910,28079,Madrid,Comunidad de Madrid,ES,3,0,0,Madrid,958.762574299,37053.872922,42.3,942.0,27.0,17.2,69.5,15.6,2.9,942.0,17.2,162.024,302684814,41.13689148243753
2807910063,28079,063,10,079,28,13,2807910,28079,Madrid,Comunidad de Madrid,ES,3,0,0,Madrid,1010.35071214,57704.6456147,43.4,1831.0,23.4,19.6,72.0,14.0,3.0,1831.0,19.6,358.87600000000003,2304484587,73.20395542107879
2807910065,28079,065,10,079,28,13,2807910,28079,Madrid,Comunidad de Madrid,ES,3,0,0,Madrid,884.865385756,33449.3876972,44.1,836.0,35.1,19.9,76.3,15.7,2.6,836.0,19.9,166.36399999999998,12311657216,28.870962906520052
2807910067,28079,067,10,079,28,13,2807910,28079,Madrid,Comunidad de Madrid,ES,3,0,0,Madrid,808.807217988,36654.4470067,48.3,919.0,34.7,27.9,86.4,11.9,2.3,919.0,27.9,256.401,12278107471,21.230881627645093
2807910068,28079,068,10,079,28,13,2807910,28079,Madrid,Comunidad de Madrid,ES,3,0,0,Madrid,884.877693207,27623.439525,48.5,808.0,37.0,29.8,83.3,10.5,2.3,808.0,29.8,240.78400000000002,6715840004,4.27741043373427
2807910069,28079,069,10,079,28,13,2807910,28079,Madrid,Comunidad de Madrid,ES,3,0,0,Madrid,935.271489555,38866.0391704,43.9,1483.0,30.8,19.6,74.5,12.7,2.7,1483.0,19.6,290.668,12222667888,7.93632985633171
2807910070,28079,070,10,079,28,13,2807910,28079,Madrid,Comunidad de Madrid,ES,3,0,0,Madrid,881.779059006,20776.9051318,44.6,1170.0,32.0,21.1,75.9,14.2,2.5,1170.0,21.1,246.87,12219292689,19.31327818320179
2807910072,28079,072,10,079,28,13,2807910,28079,Madrid,Comunidad de Madrid,ES,3,0,0,Madrid,1812.40867194,132690.279867,48.2,2189.0,34.2,24.9,85.2,10.9,2.4,2189.0,24.9,545.061,1651680331,10.918022051171622
2807910073,28079,073,10,079,28,13,2807910,28079,Madrid,Comunidad de Madrid,ES,3,0,0,Madrid,734.294582099,26644.381034,43.5,1243.0,30.1,19.6,72.6,14.1,2.6,1243.0,19.6,243.62800000000004,12269108744,19.555121261049027
2807910074,28079,074,10,079,28,13,2807910,28079,Madrid,Comunidad de Madrid,ES,3,0,0,Madrid,721.961671564,23425.6091612,48.9,825.0,44.3,28.4,85.5,10.8,2.1,825.0,28.4,234.3,12219114133,4.496187908268376
2807910075,28079,075,10,079,28,13,2807910,28079,Madrid,Comunidad de Madrid,ES,3,0,0,Madrid,795.625202,28965.6327126,44.2,947.0,38.0,19.5,77.7,13.0,2.4,947.0,19.5,184.665,1444849125,3.0827421811149227
2807910076,28079,076,10,079,28,13,2807910,28079,Madrid,Comunidad de Madrid,ES,3,0,0,Madrid,955.433370614,41262.513266,47.0,955.0,32.8,25.3,84.8,13.5,2.4,955.0,25.3,241.615,13074136090,6.539574303847617
2807910077,28079,077,10,079,28,13,2807910,28079,Madrid,Comunidad de Madrid,ES,3,0,0,Madrid,1251.43046601,39049.8187925,44.4,857.0,33.6,19.4,74.2,13.1,2.4,857.0,19.4,166.25799999999998,12224226420,9.241914989883776
2807910078,28079,078,10,079,28,13,2807910,28079,Madrid,Comunidad de Madrid,ES,3,0,0,Madrid,804.354730613,38757.247727,45.5,1186.0,34.2,20.7,76.8,12.7,2.5,1186.0,20.7,245.502,12302226567,20.88024326727154
2807910081,28079,081,10,079,28,13,2807910,28079,Madrid,Comunidad de Madrid,ES,3,0,0,Madrid,2411.5817331,236213.822763,52.6,1178.0,25.3,40.5,93.5,10.9,2.4,1178.0,40.5,477.09,5445956510,28.59170881717092
2807910082,28079,082,10,079,28,13,2807910,28079,Madrid,Comunidad de Madrid,ES,3,0,0,Madrid,1191.77432888,47702.4379447,43.5,1019.0,32.8,19.6,73.7,13.7,2.7,1019.0,19.6,199.72400000000002,2304484547,49.019487425265424
2807910083,28079,083,10,079,28,13,2807910,28079,Madrid,Comunidad de Madrid,ES,3,0,0,Madrid,651.837098524,21316.8568253,43.9,817.0,27.0,19.7,75.2,12.6,2.9,817.0,19.7,160.94899999999998,1092811451,20.408452177425563
2807910084,28079,084,10,079,28,13,2807910,28079,Madrid,Comunidad de Madrid,ES,3,0,0,Madrid,894.563781347,36209.6955795,41.8,2364.0,30.0,14.7,65.7,14.9,2.8,2364.0,14.7,347.508,6414944952,41.886331264976704
2807910086,28079,086,10,079,28,13,2807910,28079,Madrid,Comunidad de Madrid,ES,3,0,0,Madrid,658.679537289,21460.8246041,43.9,1658.0,31.6,19.2,67.9,12.6,2.7,1658.0,19.2,318.336,21787433,22.477146464045017
2807910087,28079,087,10,079,28,13,2807910,28079,Madrid,Comunidad de Madrid,ES,3,0,0,Madrid,2516.81948079,319856.51118,55.0,862.0,20.5,44.8,97.5,9.9,2.4,862.0,44.8,386.176,21788540,40.409341823760904
2807910088,28079,088,10,079,28,13,2807910,28079,Madrid,Comunidad de Madrid,ES,3,0,0,Madrid,914.369270959,43770.7002504,49.4,1279.0,29.1,30.8,79.8,12.3,2.5,1279.0,30.8,393.932,301681881,41.42688800039097
2807910089,28079,089,10,079,28,13,2807910,28079,Madrid,Comunidad de Madrid,ES,3,0,0,Madrid,771.065347175,30372.5238085,50.5,1042.0,34.9,33.5,82.1,10.7,2.4,1042.0,33.5,349.07,10729761918,53.42287363515483
2807910090,28079,090,10,079,28,13,2807910,28079,Madrid,Comunidad de Madrid,ES,3,0,0,Madrid,868.859554663,31849.2475968,52.5,854.0,27.7,39.0,89.9,11.7,2.4,854.0,39.0,333.06,12314009659,23.162503839315924
2807910091,28079,091,10,079,28,13,2807910,28079,Madrid,Comunidad de Madrid,ES,3,0,0,Madrid,1633.51153914,80563.3337979,52.7,977.0,21.8,37.9,93.2,9.5,2.5,977.0,37.9,370.28299999999996,10729761928,30.246693423460467
2807910092,28079,092,10,079,28,13,2807910,28079,Madrid,Comunidad de Madrid,ES,3,0,0,Madrid,921.565906073,35794.9601612,47.0,863.0,24.2,25.1,79.7,11.5,2.7,863.0,25.1,216.61300000000003,10729761939,23.795790115699695
2807910093,28079,093,10,079,28,13,2807910,28079,Madrid,Comunidad de Madrid,ES,3,0,0,Madrid,642.884643355,22088.8226867,45.4,909.0,34.8,22.9,74.7,11.9,2.5,909.0,22.9,208.16099999999997,302688103,30.542515688638876
2807910094,28079,094,10,079,28,13,2807910,28079,Madrid,Comunidad de Madrid,ES,3,0,0,Madrid,609.346774768,16646.0333828,43.0,1189.0,36.9,17.4,69.0,14.1,2.5,1189.0,17.4,206.886,1595614355,10.587247989303265
2807910095,28079,095,10,079,28,13,2807910,28079,Madrid,Comunidad de Madrid,ES,3,0,0,Madrid,718.526873151,26357.7032329,46.3,1284.0,29.4,24.7,74.3,13.4,2.6,1284.0,24.7,317.14799999999997,21721745,29.452487601185876
2807910096,28079,096,10,079,28,13,2807910,28079,Madrid,Comunidad de Madrid,ES,3,0,0,Madrid,692.516527419,22499.0338906,44.5,1599.0,33.9,19.9,66.4,12.2,2.5,1599.0,19.9,318.20099999999996,1516306756,21.16288290290236
2807910098,28079,098,10,079,28,13,2807910,28079,Madrid,Comunidad de Madrid,ES,3,0,0,Madrid,683.564792831,23372.84805,46.4,1145.0,31.4,25.1,78.0,13.8,2.5,1145.0,25.1,287.395,1516306727,39.47025197267259
2807910099,28079,099,10,079,28,13,2807910,28079,Madrid,Comunidad de Madrid,ES,3,0,0,Madrid,1093.74847868,46648.5314702,49.2,1173.0,29.6,29.7,80.0,11.6,2.5,1173.0,29.7,348.381,2000192672,63.0326988662769
2807910100,28079,100,10,079,28,13,2807910,28079,Madrid,Comunidad de Madrid,ES,3,0,0,Madrid,672.09408282,26229.3908308,47.0,1005.0,33.2,28.2,82.3,13.7,2.4,1005.0,28.2,283.41,659950570,29.71522905064234
2807910101,28079,101,10,079,28,13,2807910,28079,Madrid,Comunidad de Madrid,ES,3,0,0,Madrid,711.234971707,28570.1468842,49.6,1037.0,26.8,33.4,87.5,13.1,2.4,1037.0,33.4,346.35799999999995,21702260,69.77575725545918
2807910102,28079,102,10,079,28,13,2807910,28079,Madrid,Comunidad de Madrid,ES,3,0,0,Madrid,972.96108503,45301.2261538,52.1,652.0,25.4,40.2,87.0,11.8,2.5,652.0,40.2,262.10400000000004,9423316001,26.56994491684625
2807910103,28079,103,10,079,28,13,2807910,28079,Madrid,Comunidad de Madrid,ES,3,0,0,Madrid,722.419800403,23854.0304875,45.7,1180.0,31.4,22.7,75.4,14.3,2.4,1180.0,22.7,267.86,302687852,25.196345442467052
2807910106,28079,106,10,079,28,13,2807910,28079,Madrid,Comunidad de Madrid,ES,3,0,0,Madrid,1094.72279707,76798.9202683,53.8,1339.0,25.1,41.2,91.2,10.5,2.4,1339.0,41.2,551.668,10773350389,2.959984818524978
2807910107,28079,107,10,079,28,13,2807910,28079,Madrid,Comunidad de Madrid,ES,3,0,0,Madrid,770.331537215,30962.1715424,54.7,977.0,26.9,42.4,91.9,8.4,2.3,977.0,42.4,414.24799999999993,659939060,52.67691072602254
2807910108,28079,108,10,079,28,13,2807910,28079,Madrid,Comunidad de Madrid,ES,3,0,0,Madrid,817.27302257,25120.3911502,51.3,798.0,29.1,36.3,86.8,13.7,2.5,798.0,36.3,289.674,659938856,20.736124279979386
2807910109,28079,109,10,079,28,13,2807910,28079,Madrid,Comunidad de Madrid,ES,3,0,0,Madrid,1068.0292298,58994.5482085,52.7,1400.0,28.6,38.6,88.2,11.0,2.4,1400.0,38.6,540.4,8427149768,82.25079841744693
2807910110,28079,110,10,079,28,13,2807910,28079,Madrid,Comunidad de Madrid,ES,3,0,0,Madrid,878.722995619,27228.3633479,45.9,1663.0,34.0,21.7,73.1,13.8,2.5,1663.0,21.7,360.871,302688011,13.695396371434072
2807910112,28079,112,10,079,28,13,2807910,28079,Madrid,Comunidad de Madrid,ES,3,0,0,Madrid,596.889799763,14384.5442517,45.1,1083.0,32.5,21.1,67.6,13.1,2.5,1083.0,21.1,228.51300000000003,302688019,35.97697400479179
2807910113,28079,113,10,079,28,13,2807910,28079,Madrid,Comunidad de Madrid,ES,3,0,0,Madrid,543.021256139,15973.844432,45.9,965.0,34.9,22.4,71.2,13.0,2.5,965.0,22.4,216.16,2479685306,17.4022202800763
2807910114,28079,114,10,079,28,13,2807910,28079,Madrid,Comunidad de Madrid,ES,3,0,0,Madrid,619.578136536,15727.4401085,44.1,1112.0,29.4,18.7,71.9,14.2,2.5,1112.0,18.7,207.944,302688062,8.800545257992091
2807910115,28079,115,10,079,28,13,2807910,28079,Madrid,Comunidad de Madrid,ES,3,0,0,Madrid,655.375505635,20502.1998776,47.0,1154.0,32.9,24.3,74.5,12.6,2.4,1154.0,24.3,280.422,302687988,18.153040307037266
2807910116,28079,116,10,079,28,13,2807910,28079,Madrid,Comunidad de Madrid,ES,3,0,0,Madrid,638.444572015,23666.9515863,50.3,1336.0,30.6,33.4,88.6,12.4,2.4,1336.0,33.4,446.224,10837010321,52.82109504724808
2807910117,28079,117,10,079,28,13,2807910,28079,Madrid,Comunidad de Madrid,ES,3,0,0,Madrid,918.7603239,29671.9696283,52.6,1120.0,23.1,40.5,89.8,10.0,2.4,1120.0,40.5,453.6,2004749688,12.062859296017063
2807910118,28079,118,10,079,28,13,2807910,28079,Madrid,Comunidad de Madrid,ES,3,0,0,Madrid,545.566778073,17836.9087136,50.7,1105.0,28.6,33.9,86.6,10.8,2.4,1105.0,33.9,374.595,10837010327,45.03904608388361
2807910119,28079,119,10,079,28,13,2807910,28079,Madrid,Comunidad de Madrid,ES,3,0,0,Madrid,1029.05773407,61389.7655968,52.7,1444.0,21.2,40.8,94.3,9.8,2.5,1444.0,40.8,589.1519999999999,6363879012,85.86203134833666
2807910120,28079,120,10,079,28,13,2807910,28079,Madrid,Comunidad de Madrid,ES,3,0,0,Madrid,1856.98574605,110074.746156,47.2,1238.0,29.8,27.1,77.5,13.1,2.5,1238.0,27.1,335.49800000000005,50559481,15.734420409929015
2807910121,28079,121,10,079,28,13,2807910,28079,Madrid,Comunidad de Madrid,ES,3,0,0,Madrid,1813.43066392,112023.664446,51.5,1176.0,36.3,33.2,79.9,9.8,2.3,1176.0,33.2,390.432,32609300,19.784631340786657
2807910122,28079,122,10,079,28,13,2807910,28079,Madrid,Comunidad de Madrid,ES,3,0,0,Madrid,1304.874326,54787.3030286,51.8,1112.0,30.0,35.0,84.4,11.0,2.5,1112.0,35.0,389.2,50564977,6.008424739808427
2807910123,28079,123,10,079,28,13,2807910,28079,Madrid,Comunidad de Madrid,ES,3,0,0,Madrid,1622.73059515,78113.3322367,51.0,894.0,29.0,37.4,85.8,11.6,2.4,894.0,37.4,334.356,9492286839,22.17751972017864
2807910124,28079,124,10,079,28,13,2807910,28079,Madrid,Comunidad de Madrid,ES,3,0,0,Madrid,858.082192435,42825.4530879,44.4,1456.0,28.2,21.0,72.6,14.8,2.7,1456.0,21.0,305.76,50565075,25.64672500970642
2807910125,28079,125,10,079,28,13,2807910,28079,Madrid,Comunidad de Madrid,ES,3,0,0,Madrid,694.090449069,19708.3847272,45.9,815.0,28.7,24.9,76.1,12.0,2.6,815.0,24.9,202.935,417299554,40.893010226968265
2807910126,28079,126,10,079,28,13,2807910,28079,Madrid,Comunidad de Madrid,ES,3,0,0,Madrid,669.743779571,26631.5296658,43.2,1353.0,30.2,21.5,80.6,16.3,2.6,1353.0,21.5,290.895,6034465749,34.65078004589016
2807910127,28079,127,10,079,28,13,2807910,28079,Madrid,Comunidad de Madrid,ES,3,0,0,Madrid,619.379384216,17637.9837296,47.7,1003.0,34.5,28.9,78.2,13.2,2.4,1003.0,28.9,289.86699999999996,12311630344,15.791613021825182
2807910128,28079,128,10,079,28,13,2807910,28079,Madrid,Comunidad de Madrid,ES,3,0,0,Madrid,930.043197097,48682.0156346,47.7,1307.0,30.4,26.5,85.2,13.2,2.4,1307.0,26.5,346.355,306100784,21.890978015009296
2807910129,28079,129,10,079,28,13,2807910,28079,Madrid,Comunidad de Madrid,ES,3,0,0,Madrid,1342.66781965,55537.9685962,55.0,1239.0,30.6,40.7,87.4,9.5,2.3,1239.0,40.7,504.273,49420406,38.88355172835329
2807910130,28079,130,10,079,28,13,2807910,28079,Madrid,Comunidad de Madrid,ES,3,0,0,Madrid,960.688497862,45456.481279,51.7,1574.0,28.3,35.4,84.8,11.0,2.4,1574.0,35.4,557.196,3268256445,8.665664904088104
2807910131,28079,131,10,079,28,13,2807910,28079,Madrid,Comunidad de Madrid,ES,3,0,0,Madrid,1265.63015304,60620.1085399,45.3,1463.0,31.0,24.5,85.5,16.3,2.5,1463.0,24.5,358.435,13367769588,36.367637044533296
2807910132,28079,132,10,079,28,13,2807910,28079,Madrid,Comunidad de Madrid,ES,3,0,0,Madrid,1156.97001423,58953.5811189,45.3,1102.0,32.1,23.0,81.4,15.4,2.5,1102.0,23.0,253.46,779241418,53.942149709378555
2807910133,28079,133,10,079,28,13,2807910,28079,Madrid,Comunidad de Madrid,ES,3,0,0,Madrid,1123.1244161,74722.4569391,48.1,1725.0,29.0,28.2,84.1,11.1,2.5,1725.0,28.2,486.45,49409154,23.584203812496185
2807910135,28079,135,10,079,28,13,2807910,28079,Madrid,Comunidad de Madrid,ES,3,0,0,Madrid,713.137492611,27935.2738873,49.8,794.0,43.1,30.6,83.6,10.5,2.2,794.0,30.6,242.96400000000003,417299973,61.973138344177435
2807910136,28079,136,10,079,28,13,2807910,28079,Madrid,Comunidad de Madrid,ES,3,0,0,Madrid,909.687841686,32024.0897594,48.2,1204.0,33.3,28.7,76.3,13.5,2.5,1204.0,28.7,345.54799999999994,49894377,3.823940598889017
2807910137,28079,137,10,079,28,13,2807910,28079,Madrid,Comunidad de Madrid,ES,3,0,0,Madrid,495.841727933,15048.3716998,43.3,1080.0,33.6,19.4,67.9,15.7,2.5,1080.0,19.4,209.52,49951707,22.454442007122292
2807910138,28079,138,10,079,28,13,2807910,28079,Madrid,Comunidad de Madrid,ES,3,0,0,Madrid,750.931680816,23470.6442436,53.9,708.0,29.5,41.0,88.4,10.2,2.3,708.0,41.0,290.28,50543966,69.83331505428812
2807910139,28079,139,10,079,28,13,2807910,28079,Madrid,Comunidad de Madrid,ES,3,0,0,Madrid,602.217554852,22871.6434338,44.8,1159.0,27.5,22.3,77.1,14.1,2.6,1159.0,22.3,258.457,49951927,11.03409731995345
2807910140,28079,140,10,079,28,13,2807910,28079,Madrid,Comunidad de Madrid,ES,3,0,0,Madrid,987.026686952,39818.5993319,49.2,823.0,33.3,28.6,83.8,11.2,2.3,823.0,28.6,235.37800000000004,49951685,8.6442797555603
2807910142,28079,142,10,079,28,13,2807910,28079,Madrid,Comunidad de Madrid,ES,3,0,0,Madrid,823.193432727,39997.017647,44.3,1860.0,30.0,20.9,74.3,14.0,2.6,1860.0,20.9,388.74,49951859,13.44934063722849
2807910143,28079,143,10,079,28,13,2807910,28079,Madrid,Comunidad de Madrid,ES,3,0,0,Madrid,1108.54461729,57625.9077004,45.9,1354.0,27.7,23.9,80.1,14.0,2.6,1354.0,23.9,323.606,581918348,24.50821780493926
2807910144,28079,144,10,079,28,13,2807910,28079,Madrid,Comunidad de Madrid,ES,3,0,0,Madrid,1057.35628024,41925.157383,40.4,1612.0,30.3,14.3,60.6,15.1,2.8,1612.0,14.3,230.51600000000002,7125281585,7.164342306661538
2807910145,28079,145,10,079,28,13,2807910,28079,Madrid,Comunidad de Madrid,ES,3,0,0,Madrid,917.226795607,47077.978066,45.3,1578.0,28.4,23.8,70.2,13.1,2.7,1578.0,23.8,375.564,33393037,24.33798521219722
2807910146,28079,146,10,079,28,13,2807910,28079,Madrid,Comunidad de Madrid,ES,3,0,0,Madrid,1076.65247314,58186.1257102,45.8,1366.0,29.4,22.6,72.3,12.2,2.6,1366.0,22.6,308.716,2316161865,17.036114985549453
2807910147,28079,147,10,079,28,13,2807910,28079,Madrid,Comunidad de Madrid,ES,3,0,0,Madrid,950.8602089,42931.3383336,41.9,1721.0,29.1,16.7,61.0,14.8,2.9,1721.0,16.7,287.407,33393005,21.839190639551354
2807910148,28079,148,10,079,28,13,2807910,28079,Madrid,Comunidad de Madrid,ES,3,0,0,Madrid,1168.07306616,49074.1016973,41.4,1611.0,28.1,15.2,62.1,15.1,2.9,1611.0,15.2,244.87199999999996,12311452889,28.994175784736747
2807910149,28079,149,10,079,28,13,2807910,28079,Madrid,Comunidad de Madrid,ES,3,0,0,Madrid,895.466040747,49439.5972882,43.3,1993.0,31.6,20.0,63.3,14.4,2.7,1993.0,20.0,398.6,27637171,21.87104337353751
2807910151,28079,151,10,079,28,13,2807910,28079,Madrid,Comunidad de Madrid,ES,3,0,0,Madrid,1214.66643652,77755.4635562,44.4,1873.0,30.1,21.0,70.4,13.4,2.7,1873.0,21.0,393.33,27636849,14.935335519599729
2807910152,28079,152,10,079,28,13,2807910,28079,Madrid,Comunidad de Madrid,ES,3,0,0,Madrid,1807.59596256,159078.822743,48.2,836.0,27.5,27.8,92.9,14.8,2.5,836.0,27.8,232.408,307171281,22.439000880654525
2807910153,28079,153,10,079,28,13,2807910,28079,Madrid,Comunidad de Madrid,ES,3,0,0,Madrid,1393.3482671,111373.14706,43.3,2646.0,33.2,16.9,83.8,13.4,2.4,2646.0,16.9,447.1739999999999,33395594,44.795959768136264
2807910154,28079,154,10,079,28,13,2807910,28079,Madrid,Comunidad de Madrid,ES,3,0,0,Madrid,891.063761941,36811.3318079,45.4,864.0,30.8,23.5,83.1,14.9,2.4,864.0,23.5,203.04,310031965,85.76234440814068
2807910156,28079,156,10,079,28,13,2807910,28079,Madrid,Comunidad de Madrid,ES,3,0,0,Madrid,1170.33570051,62238.1435581,57.2,801.0,23.8,48.1,94.1,11.6,2.4,801.0,48.1,385.281,5322471463,8.187885494688421
2807910157,28079,157,10,079,28,13,2807910,28079,Madrid,Comunidad de Madrid,ES,3,0,0,Madrid,1304.02045418,70388.1168376,52.7,744.0,25.8,39.1,97.5,15.7,2.5,744.0,39.1,290.904,5322590495,6.038821933087999
2807910158,28079,158,10,079,28,13,2807910,28079,Madrid,Comunidad de Madrid,ES,3,0,0,Madrid,15619.7538645,8270498.81822,49.6,1108.0,18.2,34.8,97.1,13.1,2.6,1108.0,34.8,385.58399999999995,13495624175,251.89902113640372
2807910159,28079,159,10,079,28,13,2807910,28079,Madrid,Comunidad de Madrid,ES,3,0,0,Madrid,1655.06929238,106014.185308,50.4,1122.0,14.5,34.1,97.5,11.1,2.7,1122.0,34.1,382.60200000000003,2992829385,32.32304551071551
2807910161,28079,161,10,079,28,13,2807910,28079,Madrid,Comunidad de Madrid,ES,3,0,0,Madrid,1693.20293509,149431.086557,47.9,1651.0,35.6,25.7,87.0,11.6,2.3,1651.0,25.7,424.30699999999996,2613480997,77.02705870079588
2807910162,28079,162,10,079,28,13,2807910,28079,Madrid,Comunidad de Madrid,ES,3,0,0,Madrid,552.991375153,18346.1588404,48.4,914.0,37.1,26.2,82.3,12.1,2.2,914.0,26.2,239.468,4823931017,26.34622144600063
2807910163,28079,163,10,079,28,13,2807910,28079,Madrid,Comunidad de Madrid,ES,3,0,0,Madrid,881.124096081,41453.7214199,51.1,761.0,34.5,34.8,82.3,12.6,2.4,761.0,34.8,264.828,13190984730,38.38493417547162
2807910164,28079,164,10,079,28,13,2807910,28079,Madrid,Comunidad de Madrid,ES,3,0,0,Madrid,633.699425433,21924.9091942,44.7,1479.0,35.3,19.7,72.6,13.5,2.4,1479.0,19.7,291.363,307117943,41.195676507657836
2807910165,28079,165,10,079,28,13,2807910,28079,Madrid,Comunidad de Madrid,ES,3,0,0,Madrid,3828.68008475,603940.324065,47.7,1110.0,23.5,26.0,88.2,13.2,2.6,1110.0,26.0,288.6,12260713615,135.26768494589217
2807910167,28079,167,10,079,28,13,2807910,28079,Madrid,Comunidad de Madrid,ES,3,0,0,Madrid,3371.61608189,439016.818647,46.4,2211.0,26.8,20.2,89.1,11.5,2.5,2211.0,20.2,446.62199999999996,11331047374,17.917498020549257
2807910168,28079,168,10,079,28,13,2807910,28079,Madrid,Comunidad de Madrid,ES,3,0,0,Madrid,678.479954191,18486.0071242,46.9,1341.0,30.5,26.6,74.8,14.3,2.5,1341.0,26.6,356.70599999999996,10008608663,13.221620078606643
2807910169,28079,169,10,079,28,13,2807910,28079,Madrid,Comunidad de Madrid,ES,3,0,0,Madrid,1050.81305121,32180.7041404,47.3,815.0,31.5,27.1,78.7,12.9,2.4,815.0,27.1,220.865,10011528272,4.310195813768267
2807910170,28079,170,10,079,28,13,2807910,28079,Madrid,Comunidad de Madrid,ES,3,0,0,Madrid,942.455876415,31355.524623,47.5,1141.0,24.9,25.2,88.5,11.3,2.5,1141.0,25.2,287.532,10006208173,22.89293657165083
2807910171,28079,171,10,079,28,13,2807910,28079,Madrid,Comunidad de Madrid,ES,3,0,0,Madrid,986.607746851,33550.7565159,48.2,1139.0,28.1,30.0,87.4,14.8,2.4,1139.0,30.0,341.7,10029131006,4.613560961391681
2807910172,28079,172,10,079,28,13,2807910,28079,Madrid,Comunidad de Madrid,ES,3,0,0,Madrid,673.56757283,24173.0252261,48.7,746.0,28.7,28.0,85.9,12.5,2.5,746.0,28.0,208.88,9853611877,16.60295665208428
2807910173,28079,173,10,079,28,13,2807910,28079,Madrid,Comunidad de Madrid,ES,3,0,0,Madrid,836.323975555,41292.5270333,49.4,1548.0,26.4,32.1,86.8,12.3,2.5,1548.0,32.1,496.908,10004060470,21.223402208825934
2807910174,28079,174,10,079,28,13,2807910,28079,Madrid,Comunidad de Madrid,ES,3,0,0,Madrid,1590.57983164,74262.5086914,50.8,889.0,29.0,34.0,91.7,11.8,2.4,889.0,34.0,302.26,9988565936,21.236516275010136
2807910175,28079,175,10,079,28,13,2807910,28079,Madrid,Comunidad de Madrid,ES,3,0,0,Madrid,572.424000966,19292.6472505,49.5,809.0,26.1,31.6,87.5,12.7,2.5,809.0,31.6,255.644,9988565929,21.750378665852047
2807910176,28079,176,10,079,28,13,2807910,28079,Madrid,Comunidad de Madrid,ES,3,0,0,Madrid,816.993019619,28491.3923455,49.2,1237.0,27.8,33.2,87.6,14.0,2.4,1237.0,33.2,410.684,9976738601,14.613456015241928
2807910178,28079,178,10,079,28,13,2807910,28079,Madrid,Comunidad de Madrid,ES,3,0,0,Madrid,1088.45586154,60643.6028266,51.0,1045.0,31.0,35.1,90.1,11.6,2.4,1045.0,35.1,366.795,9983357301,70.03904379294416
2807910179,28079,179,10,079,28,13,2807910,28079,Madrid,Comunidad de Madrid,ES,3,0,0,Madrid,693.353909182,25430.1112897,50.2,1104.0,37.9,28.7,85.0,11.4,2.2,1104.0,28.7,316.848,5599333965,10.080695416061204
2807910180,28079,180,10,079,28,13,2807910,28079,Madrid,Comunidad de Madrid,ES,3,0,0,Madrid,715.50131473,29112.5212144,48.0,1210.0,31.3,26.0,85.9,13.3,2.4,1210.0,26.0,314.6,6433884560,12.442565716281639
2807910181,28079,181,10,079,28,13,2807910,28079,Madrid,Comunidad de Madrid,ES,3,0,0,Madrid,785.610624294,37005.2195209,48.9,1159.0,34.2,26.9,84.0,12.3,2.4,1159.0,26.9,311.77099999999996,9995142020,5.871129833144973
2807910182,28079,182,10,079,28,13,2807910,28079,Madrid,Comunidad de Madrid,ES,3,0,0,Madrid,979.510356594,39293.4252271,44.0,1162.0,37.5,17.4,76.6,14.8,2.3,1162.0,17.4,202.188,9995142056,6.76199135455893
2807910183,28079,183,10,079,28,13,2807910,28079,Madrid,Comunidad de Madrid,ES,3,0,0,Madrid,748.007530175,32181.6476868,48.3,1023.0,29.9,27.7,85.6,14.4,2.4,1023.0,27.7,283.371,9860660501,35.71743707624931
2807910184,28079,184,10,079,28,13,2807910,28079,Madrid,Comunidad de Madrid,ES,3,0,0,Madrid,826.320952688,42514.8298334,51.1,973.0,27.4,33.1,89.4,12.2,2.4,973.0,33.1,322.06300000000005,14074554769,23.500601038998017
2807910185,28079,185,10,079,28,13,2807910,28079,Madrid,Comunidad de Madrid,ES,3,0,0,Madrid,697.414297928,30468.99446,45.6,788.0,24.7,20.6,79.2,14.0,2.7,788.0,20.6,162.328,2421410165,11.38050583768716
2807910187,28079,187,10,079,28,13,2807910,28079,Madrid,Comunidad de Madrid,ES,3,0,0,Madrid,1211.80339584,67158.2017101,43.6,1395.0,28.1,19.2,80.4,16.4,2.7,1395.0,19.2,267.84,9964343508,0.3183598969322929
2807910188,28079,188,10,079,28,13,2807910,28079,Madrid,Comunidad de Madrid,ES,3,0,0,Madrid,767.457050133,32901.7634986,45.9,1024.0,25.5,23.4,84.3,14.8,2.6,1024.0,23.4,239.61599999999999,10012998696,61.653212845549476
2807910189,28079,189,10,079,28,13,2807910,28079,Madrid,Comunidad de Madrid,ES,3,0,0,Madrid,962.925573172,46146.8591263,47.9,1514.0,32.4,25.8,83.3,12.0,2.4,1514.0,25.8,390.612,4685833527,26.47307681164717
2807910190,28079,190,10,079,28,13,2807910,28079,Madrid,Comunidad de Madrid,ES,3,0,0,Madrid,845.35787252,40614.6238293,46.0,1176.0,36.2,25.3,77.0,16.0,2.4,1176.0,25.3,297.528,10026813917,30.592091610381143
2807910191,28079,191,10,079,28,13,2807910,28079,Madrid,Comunidad de Madrid,ES,3,0,0,Madrid,838.358698059,45710.6195765,49.2,1539.0,33.6,29.6,81.9,12.2,2.4,1539.0,29.6,455.54400000000004,9967454993,20.62843716539143
2807910192,28079,192,10,079,28,13,2807910,28079,Madrid,Comunidad de Madrid,ES,3,0,0,Madrid,1242.03609927,75412.7778581,51.2,1673.0,29.6,33.1,90.9,10.9,2.3,1673.0,33.1,553.763,308302738,51.005035198419826
2807910193,28079,193,10,079,28,13,2807910,28079,Madrid,Comunidad de Madrid,ES,3,0,0,Madrid,872.408704741,24859.96522,52.0,787.0,33.7,33.4,89.2,13.1,2.4,787.0,33.4,262.858,13920384195,35.56399798995202
2807910194,28079,194,10,079,28,13,2807910,28079,Madrid,Comunidad de Madrid,ES,3,0,0,Madrid,930.174161015,44263.9774775,48.0,950.0,32.3,29.3,87.2,12.0,2.4,950.0,29.3,278.35,12346101702,25.788929040971475
2807910197,28079,197,10,079,28,13,2807910,28079,Madrid,Comunidad de Madrid,ES,3,0,0,Madrid,1121.62724477,79157.5875061,44.2,1624.0,24.6,20.9,88.8,19.1,2.6,1624.0,20.9,339.416,4959787927,40.28150915695953
2807910198,28079,198,10,079,28,13,2807910,28079,Madrid,Comunidad de Madrid,ES,3,0,0,Madrid,2022.60452601,154650.986903,46.5,2021.0,28.6,26.5,85.4,13.4,2.5,2021.0,26.5,535.565,10560126283,17.566806113495577
2807910199,28079,199,10,079,28,13,2807910,28079,Madrid,Comunidad de Madrid,ES,3,0,0,Madrid,1381.4987415,88030.8721224,50.8,1629.0,28.6,33.6,86.7,12.4,2.4,1629.0,33.6,547.344,10893428059,50.49574349840274
2807910201,28079,201,10,079,28,13,2807910,28079,Madrid,Comunidad de Madrid,ES,3,0,0,Madrid,827.370858346,37477.9638179,49.4,1069.0,30.1,32.1,86.3,12.4,2.3,1069.0,32.1,343.149,10013091796,26.724844223753287
2807910202,28079,202,10,079,28,13,2807910,28079,Madrid,Comunidad de Madrid,ES,3,0,0,Madrid,781.77638908,36932.1159768,47.9,789.0,27.5,28.0,88.7,14.5,2.5,789.0,28.0,220.92,2421410195,57.05590651613375
2807910203,28079,203,10,079,28,13,2807910,28079,Madrid,Comunidad de Madrid,ES,3,0,0,Madrid,955.692662897,54888.5641444,49.9,1560.0,29.5,32.7,88.4,12.6,2.4,1560.0,32.7,510.12000000000006,13184736867,7.83878898817303
2807910204,28079,204,10,079,28,13,2807910,28079,Madrid,Comunidad de Madrid,ES,3,0,0,Madrid,785.133094402,31824.5389706,47.3,921.0,32.5,25.1,81.5,12.2,2.4,921.0,25.1,231.17100000000002,12311692896,27.361573715174405
2807910205,28079,205,10,079,28,13,2807910,28079,Madrid,Comunidad de Madrid,ES,3,0,0,Madrid,3849.31416465,577050.572671,51.4,1315.0,20.7,34.9,93.8,9.8,2.6,1315.0,34.9,458.935,9497717375,31.597731591069564
2807910206,28079,206,10,079,28,13,2807910,28079,Madrid,Comunidad de Madrid,ES,3,0,0,Madrid,1142.84682398,62057.4406167,48.0,1288.0,36.9,24.3,88.3,10.3,2.2,1288.0,24.3,312.98400000000004,374537270,12.977492065410678
2807910207,28079,207,10,079,28,13,2807910,28079,Madrid,Comunidad de Madrid,ES,3,0,0,Madrid,2198.53553912,170427.684082,53.0,1375.0,26.9,36.0,88.2,9.2,2.4,1375.0,36.0,495.0,12942243428,22.896822397697957
2807910209,28079,209,10,079,28,13,2807910,28079,Madrid,Comunidad de Madrid,ES,3,0,0,Madrid,1162.20860377,67295.5169783,50.8,1260.0,30.2,33.6,85.8,10.6,2.4,1260.0,33.6,423.36,12311755067,39.518499983664285
2807910210,28079,210,10,079,28,13,2807910,28079,Madrid,Comunidad de Madrid,ES,3,0,0,Madrid,1209.17956859,71208.8726686,47.6,1103.0,25.8,29.4,91.0,14.0,2.6,1103.0,29.4,324.282,308303878,29.05372974212073
2807910211,28079,211,10,079,28,13,2807910,28079,Madrid,Comunidad de Madrid,ES,3,0,0,Madrid,1094.44664897,43409.1536656,50.5,1035.0,39.7,34.2,88.9,8.5,2.0,1035.0,34.2,353.97,1095069680,47.27849911564548
2807910212,28079,212,10,079,28,13,2807910,28079,Madrid,Comunidad de Madrid,ES,3,0,0,Madrid,1050.59594836,52037.4851984,51.8,919.0,21.8,39.7,92.0,10.2,2.4,919.0,39.7,364.843,1420455272,36.28910013242938
2807910213,28079,213,10,079,28,13,2807910,28079,Madrid,Comunidad de Madrid,ES,3,0,0,Madrid,1537.6458557,128467.460887,44.5,2257.0,25.7,16.7,93.9,11.0,2.6,2257.0,16.7,376.91900000000004,6815858364,28.817639822443606
2807910214,28079,214,10,079,28,13,2807910,28079,Madrid,Comunidad de Madrid,ES,3,0,0,Madrid,2116.88349927,154339.57759,47.2,1772.0,28.0,18.3,95.7,7.1,2.4,1772.0,18.3,324.276,9811966850,37.839456491931095
2807910215,28079,215,10,079,28,13,2807910,28079,Madrid,Comunidad de Madrid,ES,3,0,0,Madrid,1679.93507353,131437.136711,45.5,1432.0,22.6,17.3,93.3,10.0,2.6,1432.0,17.3,247.73600000000002,9492975720,13.237387904330767
2807910216,28079,216,10,079,28,13,2807910,28079,Madrid,Comunidad de Madrid,ES,3,0,0,Madrid,1160.17578464,79879.3787074,39.1,1312.0,31.9,8.6,94.8,22.6,2.4,1312.0,8.6,112.832,309694195,24.007915215390703
2807910217,28079,217,10,079,28,13,2807910,28079,Madrid,Comunidad de Madrid,ES,3,0,0,Madrid,858.880196786,44996.0570707,45.0,1007.0,35.6,21.2,85.6,14.9,2.3,1007.0,21.2,213.48399999999998,332052685,30.444309087293693
2807910218,28079,218,10,079,28,13,2807910,28079,Madrid,Comunidad de Madrid,ES,3,0,0,Madrid,1795.86153836,179099.843485,42.4,1181.0,21.0,13.5,95.9,15.2,2.7,1181.0,13.5,159.435,364179947,39.87969885040537
2807910219,28079,219,10,079,28,13,2807910,28079,Madrid,Comunidad de Madrid,ES,3,0,0,Madrid,1481.89045384,104327.999938,47.4,1359.0,29.6,19.1,94.8,9.0,2.4,1359.0,19.1,259.569,319952767,21.469219790940397
2807910220,28079,220,10,079,28,13,2807910,28079,Madrid,Comunidad de Madrid,ES,3,0,0,Madrid,1688.63048169,133490.198968,36.1,1797.0,26.4,6.7,75.9,20.3,2.8,1797.0,6.7,120.399,10761457622,20.682689776427118
2807910221,28079,221,10,079,28,13,2807910,28079,Madrid,Comunidad de Madrid,ES,3,0,0,Madrid,9819.11183885,5138505.51872,39.8,1413.0,36.1,8.4,90.7,16.8,2.4,1413.0,8.4,118.69200000000001,12388541900,78.09849548865591
2807910222,28079,222,10,079,28,13,2807910,28079,Madrid,Comunidad de Madrid,ES,3,0,0,Madrid,986.199475002,49319.7993369,35.9,1525.0,29.0,6.6,96.9,29.2,2.6,1525.0,6.6,100.65,11916289636,58.19342916482751
2807911001,28079,001,11,079,28,13,2807911,28079,Madrid,Comunidad de Madrid,ES,3,0,0,Madrid,1336.4999051,87611.0943771,45.8,1199.0,39.4,23.2,75.9,11.1,2.2,1199.0,23.2,278.168,1868815281,9.259988071310918
2807911002,28079,002,11,079,28,13,2807911,28079,Madrid,Comunidad de Madrid,ES,3,0,0,Madrid,589.539084025,21783.6327689,50.2,1602.0,36.8,30.1,85.0,9.7,2.2,1602.0,30.1,482.20200000000006,1284090562,50.175444856043384
2807911003,28079,003,11,079,28,13,2807911,28079,Madrid,Comunidad de Madrid,ES,3,0,0,Madrid,675.493923822,27041.9525576,50.4,1710.0,34.0,34.3,89.0,10.2,2.2,1710.0,34.3,586.53,306039859,80.45155673347806
2807911004,28079,004,11,079,28,13,2807911,28079,Madrid,Comunidad de Madrid,ES,3,0,0,Madrid,875.463786449,47285.2549094,49.1,1465.0,35.1,31.1,87.2,9.6,2.2,1465.0,31.1,455.615,9481690312,27.585199757936604
2807911005,28079,005,11,079,28,13,2807911,28079,Madrid,Comunidad de Madrid,ES,3,0,0,Madrid,774.176404395,33938.8157385,49.7,1088.0,38.4,29.7,84.7,10.5,2.2,1088.0,29.7,323.13599999999997,960705356,31.233386604835914
2807911006,28079,006,11,079,28,13,2807911,28079,Madrid,Comunidad de Madrid,ES,3,0,0,Madrid,944.58701471,26299.5112165,46.6,1298.0,37.2,24.0,80.7,11.1,2.2,1298.0,24.0,311.52,11294531983,26.42470279974516
2807911007,28079,007,11,079,28,13,2807911,28079,Madrid,Comunidad de Madrid,ES,3,0,0,Madrid,941.480338624,53571.2385944,43.4,2185.0,31.9,17.9,74.5,12.0,2.5,2185.0,17.9,391.115,11296125893,21.641732458936808
2807911010,28079,010,11,079,28,13,2807911,28079,Madrid,Comunidad de Madrid,ES,3,0,0,Madrid,599.571911957,17861.3952488,49.4,841.0,37.0,31.0,85.4,10.0,2.2,841.0,31.0,260.71,309203338,46.01954006439865
2807911011,28079,011,11,079,28,13,2807911,28079,Madrid,Comunidad de Madrid,ES,3,0,0,Madrid,451.442385527,11278.4230627,45.3,841.0,34.5,20.9,84.1,14.4,2.5,841.0,20.9,175.76899999999998,4967093666,46.81899797675937
2807911012,28079,012,11,079,28,13,2807911,28079,Madrid,Comunidad de Madrid,ES,3,0,0,Madrid,1012.49410773,43895.948329,43.5,2094.0,39.7,17.6,71.6,10.8,2.3,2094.0,17.6,368.54400000000004,9890160622,58.30990313667265
2807911013,28079,013,11,079,28,13,2807911,28079,Madrid,Comunidad de Madrid,ES,3,0,0,Madrid,1474.92285247,88338.7095233,43.6,1604.0,34.6,18.0,74.1,11.7,2.4,1604.0,18.0,288.72,5445932011,25.178438800394662
2807911015,28079,015,11,079,28,13,2807911,28079,Madrid,Comunidad de Madrid,ES,3,0,0,Madrid,891.951447889,40250.7696597,44.0,1507.0,36.9,20.0,78.8,12.6,2.4,1507.0,20.0,301.4,305976361,69.26464138735733
2807911016,28079,016,11,079,28,13,2807911,28079,Madrid,Comunidad de Madrid,ES,3,0,0,Madrid,1119.03539254,40785.0023912,45.9,1209.0,39.2,23.2,72.1,11.5,2.4,1209.0,23.2,280.488,11215275672,9.22239534464774
2807911017,28079,017,11,079,28,13,2807911,28079,Madrid,Comunidad de Madrid,ES,3,0,0,Madrid,805.899604126,28372.9887706,43.4,1199.0,36.9,18.1,76.2,14.1,2.3,1199.0,18.1,217.019,9499337429,32.94617236515588
2807911018,28079,018,11,079,28,13,2807911,28079,Madrid,Comunidad de Madrid,ES,3,0,0,Madrid,596.258815848,18934.062017,44.0,745.0,23.8,20.1,83.9,15.7,2.7,745.0,20.1,149.745,306035344,14.49696650163297
2807911019,28079,019,11,079,28,13,2807911,28079,Madrid,Comunidad de Madrid,ES,3,0,0,Madrid,772.04728856,28683.7295117,45.1,756.0,30.9,20.4,79.5,12.7,2.5,756.0,20.4,154.224,9481992990,29.254459763348727
2807911021,28079,021,11,079,28,13,2807911,28079,Madrid,Comunidad de Madrid,ES,3,0,0,Madrid,1178.1026563,48824.0730964,41.7,1521.0,29.8,15.4,68.1,14.9,2.9,1521.0,15.4,234.234,950757934,15.303512953987484
2807911022,28079,022,11,079,28,13,2807911,28079,Madrid,Comunidad de Madrid,ES,3,0,0,Madrid,1330.28449811,67365.6300974,44.5,1541.0,36.0,19.3,82.5,13.2,2.4,1541.0,19.3,297.413,306033967,4.056828136270722
2807911023,28079,023,11,079,28,13,2807911,28079,Madrid,Comunidad de Madrid,ES,3,0,0,Madrid,710.049588015,27546.560213,43.6,1376.0,30.6,19.3,71.2,14.3,2.6,1376.0,19.3,265.568,312827989,59.49113872945075
2807911024,28079,024,11,079,28,13,2807911,28079,Madrid,Comunidad de Madrid,ES,3,0,0,Madrid,929.495014769,29617.4077707,44.3,1476.0,29.2,19.6,73.0,12.2,2.6,1476.0,19.6,289.29600000000005,1399790218,19.161460226479036
2807911025,28079,025,11,079,28,13,2807911,28079,Madrid,Comunidad de Madrid,ES,3,0,0,Madrid,811.380048591,36588.7138233,44.6,1366.0,25.2,22.6,77.5,13.3,2.7,1366.0,22.6,308.716,316422929,7.395856528412842
2807911026,28079,026,11,079,28,13,2807911,28079,Madrid,Comunidad de Madrid,ES,3,0,0,Madrid,1266.10626906,56085.9300951,43.8,2334.0,32.0,18.7,72.2,14.2,2.5,2334.0,18.7,436.45799999999997,1399790443,36.61801507394925
2807911028,28079,028,11,079,28,13,2807911,28079,Madrid,Comunidad de Madrid,ES,3,0,0,Madrid,753.373571804,35017.6280608,48.1,1021.0,28.8,28.4,82.2,12.8,2.6,1021.0,28.4,289.964,8482255784,29.96855942232971
2807911029,28079,029,11,079,28,13,2807911,28079,Madrid,Comunidad de Madrid,ES,3,0,0,Madrid,834.12824582,33200.0775893,46.4,871.0,32.0,23.2,79.1,12.9,2.5,871.0,23.2,202.072,302000007,16.536234426085475
2807911030,28079,030,11,079,28,13,2807911,28079,Madrid,Comunidad de Madrid,ES,3,0,0,Madrid,1101.7469634,55856.030881,43.6,880.0,28.5,18.6,69.8,14.2,2.8,880.0,18.6,163.68,4214700015,50.77365219657042
2807911031,28079,031,11,079,28,13,2807911,28079,Madrid,Comunidad de Madrid,ES,3,0,0,Madrid,617.863547116,24272.1625134,52.9,897.0,36.6,38.8,91.0,8.9,2.2,897.0,38.8,348.036,2749629605,32.82635125042171
2807911032,28079,032,11,079,28,13,2807911,28079,Madrid,Comunidad de Madrid,ES,3,0,0,Madrid,1095.50523611,44417.2175741,43.4,1627.0,30.5,17.3,66.3,12.4,2.8,1627.0,17.3,281.471,7039250234,24.393553838121694
2807911033,28079,033,11,079,28,13,2807911,28079,Madrid,Comunidad de Madrid,ES,3,0,0,Madrid,944.181893945,33078.1867238,40.3,1854.0,25.8,13.3,58.1,13.8,3.1,1854.0,13.3,246.582,301999867,3.4552975103989594
2807911034,28079,034,11,079,28,13,2807911,28079,Madrid,Comunidad de Madrid,ES,3,0,0,Madrid,857.018191957,35124.6820991,42.6,1115.0,35.2,15.3,66.5,11.2,2.6,1115.0,15.3,170.595,1960732363,42.828764540414845
2807911035,28079,035,11,079,28,13,2807911,28079,Madrid,Comunidad de Madrid,ES,3,0,0,Madrid,907.157758422,41199.7608955,42.0,1261.0,26.5,15.7,67.6,13.8,2.9,1261.0,15.7,197.977,301999877,64.96342205638612
2807911036,28079,036,11,079,28,13,2807911,28079,Madrid,Comunidad de Madrid,ES,3,0,0,Madrid,813.699356913,37780.536015,42.3,1307.0,32.7,14.6,68.0,12.3,2.6,1307.0,14.6,190.822,302000040,24.109323310450865
2807911037,28079,037,11,079,28,13,2807911,28079,Madrid,Comunidad de Madrid,ES,3,0,0,Madrid,761.644395767,31166.8856134,42.7,1493.0,32.2,15.3,65.0,12.2,2.6,1493.0,15.3,228.429,35486513,59.83820464656548
2807911038,28079,038,11,079,28,13,2807911,28079,Madrid,Comunidad de Madrid,ES,3,0,0,Madrid,684.078635784,25958.7001258,44.5,1201.0,34.3,20.2,70.8,11.7,2.6,1201.0,20.2,242.602,306034252,42.026398127750966
2807911039,28079,039,11,079,28,13,2807911,28079,Madrid,Comunidad de Madrid,ES,3,0,0,Madrid,1359.03766307,98832.925874,40.6,2239.0,35.7,12.8,81.4,16.7,2.3,2239.0,12.8,286.592,335386590,19.63609272240293
2807911040,28079,040,11,079,28,13,2807911,28079,Madrid,Comunidad de Madrid,ES,3,0,0,Madrid,524.149382052,13075.9222525,43.6,998.0,37.3,17.5,69.7,13.7,2.5,998.0,17.5,174.65,35494655,20.779008212922758
2807911041,28079,041,11,079,28,13,2807911,28079,Madrid,Comunidad de Madrid,ES,3,0,0,Madrid,863.61914211,36254.363562,39.9,1541.0,32.1,12.5,64.1,14.0,2.8,1541.0,12.5,192.625,3508307077,38.10028636006004
2807911042,28079,042,11,079,28,13,2807911,28079,Madrid,Comunidad de Madrid,ES,3,0,0,Madrid,926.397202438,35645.8182372,42.9,1312.0,33.3,16.3,73.9,12.4,2.5,1312.0,16.3,213.85600000000002,35494649,12.348921931167677
2807911043,28079,043,11,079,28,13,2807911,28079,Madrid,Comunidad de Madrid,ES,3,0,0,Madrid,707.6518174,20631.3726986,47.0,1117.0,39.8,25.3,75.3,10.7,2.3,1117.0,25.3,282.601,309215484,39.05119357865275
2807911044,28079,044,11,079,28,13,2807911,28079,Madrid,Comunidad de Madrid,ES,3,0,0,Madrid,1880.34016264,161295.351482,46.5,1900.0,30.4,23.5,90.3,10.7,2.4,1900.0,23.5,446.5,6433541656,48.78715956525982
2807911045,28079,045,11,079,28,13,2807911,28079,Madrid,Comunidad de Madrid,ES,3,0,0,Madrid,872.365291226,26512.158567,49.2,724.0,41.5,30.3,88.4,9.8,2.2,724.0,30.3,219.372,14020453814,25.11816838802899
2807911046,28079,046,11,079,28,13,2807911,28079,Madrid,Comunidad de Madrid,ES,3,0,0,Madrid,511.369761774,16029.8728036,48.6,827.0,42.5,26.6,82.8,9.0,2.1,827.0,26.6,219.982,309213641,54.59548338527093
2807911047,28079,047,11,079,28,13,2807911,28079,Madrid,Comunidad de Madrid,ES,3,0,0,Madrid,630.297411249,21580.2919609,43.7,1435.0,38.5,18.2,72.9,12.1,2.4,1435.0,18.2,261.17,309215485,60.01281176686758
2807911048,28079,048,11,079,28,13,2807911,28079,Madrid,Comunidad de Madrid,ES,3,0,0,Madrid,1069.64033262,45201.8573126,42.4,1501.0,30.0,17.3,88.9,15.9,2.7,1501.0,17.3,259.673,5506126667,30.90133246455071
2807911049,28079,049,11,079,28,13,2807911,28079,Madrid,Comunidad de Madrid,ES,3,0,0,Madrid,1138.25352885,81804.4237218,45.9,1994.0,35.5,23.7,82.0,10.4,2.3,1994.0,23.7,472.578,306157126,73.18162877327718
2807911050,28079,050,11,079,28,13,2807911,28079,Madrid,Comunidad de Madrid,ES,3,0,0,Madrid,898.315222439,39624.3782201,45.7,1223.0,34.1,23.1,86.4,12.7,2.3,1223.0,23.1,282.51300000000003,13602837627,6.871092795306766
2807911051,28079,051,11,079,28,13,2807911,28079,Madrid,Comunidad de Madrid,ES,3,0,0,Madrid,1045.3927154,63116.8569231,47.9,1449.0,34.3,24.6,85.7,11.1,2.3,1449.0,24.6,356.454,13602185320,11.076938355120564
2807911054,28079,054,11,079,28,13,2807911,28079,Madrid,Comunidad de Madrid,ES,3,0,0,Madrid,4535.66235944,609328.618961,41.4,1176.0,21.3,16.6,85.9,17.9,2.9,1176.0,16.6,195.216,21779188,16.02935153126081
2807911055,28079,055,11,079,28,13,2807911,28079,Madrid,Comunidad de Madrid,ES,3,0,0,Madrid,1608.84803074,110908.22783,43.1,1385.0,32.0,18.3,69.0,13.8,2.6,1385.0,18.3,253.455,2479009879,15.89395782815113
2807911056,28079,056,11,079,28,13,2807911,28079,Madrid,Comunidad de Madrid,ES,3,0,0,Madrid,1067.57768464,50112.7718541,43.3,1242.0,28.1,18.1,65.0,14.0,2.8,1242.0,18.1,224.80200000000002,21780381,76.91145854419553
2807911057,28079,057,11,079,28,13,2807911,28079,Madrid,Comunidad de Madrid,ES,3,0,0,Madrid,665.472752656,26810.5622346,40.3,1281.0,29.5,13.9,70.1,15.5,2.7,1281.0,13.9,178.05900000000003,302000416,37.22717332268474
2807911058,28079,058,11,079,28,13,2807911,28079,Madrid,Comunidad de Madrid,ES,3,0,0,Madrid,622.316001554,17577.0297141,44.1,821.0,27.6,21.9,77.2,15.1,2.6,821.0,21.9,179.79899999999998,302000214,19.385690740215985
2807911059,28079,059,11,079,28,13,2807911,28079,Madrid,Comunidad de Madrid,ES,3,0,0,Madrid,749.373503234,30336.5322829,40.8,1402.0,32.3,15.1,70.2,15.8,2.5,1402.0,15.1,211.702,302000407,22.36982748200639
2807911060,28079,060,11,079,28,13,2807911,28079,Madrid,Comunidad de Madrid,ES,3,0,0,Madrid,1122.67485194,82637.9038487,44.8,1198.0,29.7,20.8,91.2,16.2,2.4,1198.0,20.8,249.18400000000003,12833276177,8.00779610721093
2807911061,28079,061,11,079,28,13,2807911,28079,Madrid,Comunidad de Madrid,ES,3,0,0,Madrid,905.820612466,40275.5488392,41.1,1104.0,33.6,11.6,66.7,13.1,2.6,1104.0,11.6,128.064,302000364,16.79471803394537
2807911062,28079,062,11,079,28,13,2807911,28079,Madrid,Comunidad de Madrid,ES,3,0,0,Madrid,1008.67519585,40330.6401583,40.7,1870.0,35.6,12.1,63.9,14.0,2.5,1870.0,12.1,226.27,302000359,5.837156458368856
2807911063,28079,063,11,079,28,13,2807911,28079,Madrid,Comunidad de Madrid,ES,3,0,0,Madrid,1687.77517397,75203.8878917,44.6,2312.0,29.6,20.3,74.6,11.7,2.6,2312.0,20.3,469.336,12422543382,21.53287219779984
2807911065,28079,065,11,079,28,13,2807911,28079,Madrid,Comunidad de Madrid,ES,3,0,0,Madrid,998.350974556,52932.8408235,46.1,1576.0,32.3,20.6,88.5,11.9,2.4,1576.0,20.6,324.656,335384730,24.92731199761615
2807911067,28079,067,11,079,28,13,2807911,28079,Madrid,Comunidad de Madrid,ES,3,0,0,Madrid,1241.9756273,75121.8635298,42.7,1848.0,32.6,15.1,82.7,15.9,2.4,1848.0,15.1,279.048,1390823514,17.03487813916675
2807911068,28079,068,11,079,28,13,2807911,28079,Madrid,Comunidad de Madrid,ES,3,0,0,Madrid,623.760532121,23946.0030622,44.7,1345.0,26.0,22.8,67.2,13.1,2.8,1345.0,22.8,306.66,12311506074,22.679718467323244
2807911069,28079,069,11,079,28,13,2807911,28079,Madrid,Comunidad de Madrid,ES,3,0,0,Madrid,972.270840725,39137.0602663,43.9,2221.0,26.6,21.5,71.1,14.3,2.8,2221.0,21.5,477.515,347475296,19.061648529239775
2807911070,28079,070,11,079,28,13,2807911,28079,Madrid,Comunidad de Madrid,ES,3,0,0,Madrid,1037.07568812,61680.8832609,41.4,2261.0,28.5,15.7,66.2,14.7,2.8,2261.0,15.7,354.977,302000057,18.287718043421805
2807911071,28079,071,11,079,28,13,2807911,28079,Madrid,Comunidad de Madrid,ES,3,0,0,Madrid,1198.65757606,51510.1636291,42.5,1948.0,28.5,17.9,77.0,15.1,2.7,1948.0,17.9,348.69199999999995,347477074,25.154007135379576
2807911072,28079,072,11,079,28,13,2807911,28079,Madrid,Comunidad de Madrid,ES,3,0,0,Madrid,736.423211773,28921.6678516,42.6,1630.0,29.7,16.5,67.8,14.9,2.7,1630.0,16.5,268.95,21780441,28.48948920562889
2807911073,28079,073,11,079,28,13,2807911,28079,Madrid,Comunidad de Madrid,ES,3,0,0,Madrid,794.054645904,35359.6194295,41.4,1575.0,24.1,15.0,65.7,15.6,3.1,1575.0,15.0,236.25,347475542,18.42545430641306
2807911074,28079,074,11,079,28,13,2807911,28079,Madrid,Comunidad de Madrid,ES,3,0,0,Madrid,925.668811257,21760.4233439,41.4,963.0,29.5,16.2,62.6,14.3,2.9,963.0,16.2,156.00599999999997,21784310,29.202100734591085
2807911075,28079,075,11,079,28,13,2807911,28079,Madrid,Comunidad de Madrid,ES,3,0,0,Madrid,924.53650152,43489.0732747,53.4,717.0,32.7,39.2,84.8,8.7,2.2,717.0,39.2,281.064,21784281,67.11376272774412
2807911078,28079,078,11,079,28,13,2807911,28079,Madrid,Comunidad de Madrid,ES,3,0,0,Madrid,910.399955622,31530.8594689,41.8,1661.0,24.2,17.2,65.2,15.2,3.0,1661.0,17.2,285.69199999999995,301885025,64.59942500084851
2807911079,28079,079,11,079,28,13,2807911,28079,Madrid,Comunidad de Madrid,ES,3,0,0,Madrid,560.609714798,18844.6734125,42.7,1030.0,29.6,17.0,66.6,15.2,2.8,1030.0,17.0,175.1,301884966,64.1748922577506
2807911080,28079,080,11,079,28,13,2807911,28079,Madrid,Comunidad de Madrid,ES,3,0,0,Madrid,861.478152996,31664.4830395,41.5,2039.0,26.7,15.7,65.7,14.8,2.9,2039.0,15.7,320.123,301999754,4.678370634981084
2807911081,28079,081,11,079,28,13,2807911,28079,Madrid,Comunidad de Madrid,ES,3,0,0,Madrid,951.203984108,48064.1370923,43.0,2004.0,31.3,17.1,64.6,13.1,2.6,2004.0,17.1,342.684,21786331,76.33289515909405
2807911082,28079,082,11,079,28,13,2807911,28079,Madrid,Comunidad de Madrid,ES,3,0,0,Madrid,664.913457045,25470.7321458,42.9,1231.0,29.6,16.8,66.6,14.4,2.8,1231.0,16.8,206.808,21776012,66.54006971441974
2807911083,28079,083,11,079,28,13,2807911,28079,Madrid,Comunidad de Madrid,ES,3,0,0,Madrid,557.94566415,18317.5610292,41.9,1050.0,25.7,16.6,63.8,15.2,2.9,1050.0,16.6,174.3,21776082,27.920597475195702
2807911085,28079,085,11,079,28,13,2807911,28079,Madrid,Comunidad de Madrid,ES,3,0,0,Madrid,1095.6883898,45032.9651821,42.9,2467.0,29.8,18.9,65.1,14.8,2.8,2467.0,18.9,466.263,21775990,26.4944302646523
2807911086,28079,086,11,079,28,13,2807911,28079,Madrid,Comunidad de Madrid,ES,3,0,0,Madrid,778.927380436,26551.533729,44.2,1201.0,35.1,18.8,68.5,14.0,2.6,1201.0,18.8,225.78799999999998,21776663,14.734322431482287
2807911087,28079,087,11,079,28,13,2807911,28079,Madrid,Comunidad de Madrid,ES,3,0,0,Madrid,679.61861707,26963.6917371,42.0,1633.0,26.3,16.7,64.6,14.3,2.8,1633.0,16.7,272.711,1097356905,39.37057830074253
2807911088,28079,088,11,079,28,13,2807911,28079,Madrid,Comunidad de Madrid,ES,3,0,0,Madrid,1052.49350635,33151.9040168,42.5,1742.0,29.7,16.1,69.3,13.4,2.6,1742.0,16.1,280.462,301832193,37.39242395835348
2807911089,28079,089,11,079,28,13,2807911,28079,Madrid,Comunidad de Madrid,ES,3,0,0,Madrid,946.22739974,39566.5876466,44.0,2142.0,35.0,19.1,68.9,12.9,2.6,2142.0,19.1,409.12200000000007,1629096050,46.917415850950206
2807911091,28079,091,11,079,28,13,2807911,28079,Madrid,Comunidad de Madrid,ES,3,0,0,Madrid,658.198924556,22134.2548159,44.0,1563.0,28.8,19.2,69.2,12.4,2.7,1563.0,19.2,300.096,35915900,72.35709212060387
2807911092,28079,092,11,079,28,13,2807911,28079,Madrid,Comunidad de Madrid,ES,3,0,0,Madrid,647.093483322,25953.1956713,43.2,1257.0,29.6,18.5,72.3,14.5,2.7,1257.0,18.5,232.545,11013747229,7.188978920007254
2807911093,28079,093,11,079,28,13,2807911,28079,Madrid,Comunidad de Madrid,ES,3,0,0,Madrid,970.339836582,54501.9123791,51.1,1214.0,30.7,33.9,83.0,9.5,2.5,1214.0,33.9,411.546,3380588840,21.994159932730923
2807911094,28079,094,11,079,28,13,2807911,28079,Madrid,Comunidad de Madrid,ES,3,0,0,Madrid,1008.1249961,60296.0428804,55.8,1310.0,20.8,47.6,94.7,8.6,2.5,1310.0,47.6,623.56,12056204018,14.514818716098333
2807911095,28079,095,11,079,28,13,2807911,28079,Madrid,Comunidad de Madrid,ES,3,0,0,Madrid,1147.48636456,59729.1436126,53.0,1072.0,25.3,39.3,92.3,8.3,2.4,1072.0,39.3,421.296,9518906158,34.41002480430039
2807911096,28079,096,11,079,28,13,2807911,28079,Madrid,Comunidad de Madrid,ES,3,0,0,Madrid,3302.53610788,299741.856298,53.7,858.0,26.5,43.1,91.1,9.9,2.3,858.0,43.1,369.798,10735908206,105.94340337383038
2807911097,28079,097,11,079,28,13,2807911,28079,Madrid,Comunidad de Madrid,ES,3,0,0,Madrid,1187.84901395,72424.8714939,48.8,1136.0,32.3,28.5,84.5,12.4,2.4,1136.0,28.5,323.76,9518906321,22.468289659077552
2807911098,28079,098,11,079,28,13,2807911,28079,Madrid,Comunidad de Madrid,ES,3,0,0,Madrid,1449.72980118,83759.5234902,47.3,1435.0,26.9,27.9,85.2,15.8,2.6,1435.0,27.9,400.365,9518906390,5.016463422998521
2807911099,28079,099,11,079,28,13,2807911,28079,Madrid,Comunidad de Madrid,ES,3,0,0,Madrid,878.775504717,41859.6808719,50.6,1000.0,27.1,35.6,88.2,12.8,2.4,1000.0,35.6,356.0,9062133027,20.436885952199443
2807911100,28079,100,11,079,28,13,2807911,28079,Madrid,Comunidad de Madrid,ES,3,0,0,Madrid,1240.98432604,86633.5470566,43.6,2148.0,25.9,20.8,80.7,15.3,2.8,2148.0,20.8,446.784,11013747122,46.585958783109454
2807911101,28079,101,11,079,28,13,2807911,28079,Madrid,Comunidad de Madrid,ES,3,0,0,Madrid,1288.89268808,73950.9302509,44.3,1644.0,27.3,21.8,77.1,15.3,2.7,1644.0,21.8,358.39200000000005,301832147,36.53010780400134
2807911102,28079,102,11,079,28,13,2807911,28079,Madrid,Comunidad de Madrid,ES,3,0,0,Madrid,876.590789007,47083.339711,43.5,1453.0,32.3,17.4,75.0,13.1,2.6,1453.0,17.4,252.82199999999997,260122964,18.462265385978533
2807911103,28079,103,11,079,28,13,2807911,28079,Madrid,Comunidad de Madrid,ES,3,0,0,Madrid,896.712677626,36644.0816978,44.3,1761.0,31.2,20.3,72.9,13.2,2.6,1761.0,20.3,357.483,301832194,14.048041961558095
2807911104,28079,104,11,079,28,13,2807911,28079,Madrid,Comunidad de Madrid,ES,3,0,0,Madrid,1088.84500499,34174.9798872,44.8,1215.0,34.2,21.1,75.0,11.6,2.6,1215.0,21.1,256.365,11012567197,7.836461522791151
2807911105,28079,105,11,079,28,13,2807911,28079,Madrid,Comunidad de Madrid,ES,3,0,0,Madrid,535.943157879,17735.4012693,44.7,976.0,29.8,21.5,63.8,12.6,2.7,976.0,21.5,209.84,11831673638,56.814146042767796
2807911106,28079,106,11,079,28,13,2807911,28079,Madrid,Comunidad de Madrid,ES,3,0,0,Madrid,889.494851302,41416.7082026,44.5,1040.0,26.9,18.9,67.0,11.5,2.9,1040.0,18.9,196.56,12779845843,10.66350471898831
2807911107,28079,107,11,079,28,13,2807911,28079,Madrid,Comunidad de Madrid,ES,3,0,0,Madrid,836.477052414,25416.2750889,47.9,1266.0,26.7,28.1,73.4,12.4,2.7,1266.0,28.1,355.746,21776839,16.751487461118202
2807911108,28079,108,11,079,28,13,2807911,28079,Madrid,Comunidad de Madrid,ES,3,0,0,Madrid,718.573059804,26424.5490366,45.2,1260.0,34.1,21.5,71.6,12.1,2.6,1260.0,21.5,270.9,301999728,62.484777752346425
2807911109,28079,109,11,079,28,13,2807911,28079,Madrid,Comunidad de Madrid,ES,3,0,0,Madrid,785.728552094,30411.7818772,43.7,1414.0,28.6,19.0,65.4,13.5,2.8,1414.0,19.0,268.66,301999741,28.031320871510346
2807911110,28079,110,11,079,28,13,2807911,28079,Madrid,Comunidad de Madrid,ES,3,0,0,Madrid,533.081550593,17153.5182304,41.5,1220.0,25.6,15.6,66.3,13.8,3.0,1220.0,15.6,190.32,1836807795,28.56774298904476
2807911111,28079,111,11,079,28,13,2807911,28079,Madrid,Comunidad de Madrid,ES,3,0,0,Madrid,666.780241026,26398.0969736,42.4,1380.0,26.9,15.6,63.4,13.9,3.0,1380.0,15.6,215.28,1836807793,16.052592587066705
2807911112,28079,112,11,079,28,13,2807911,28079,Madrid,Comunidad de Madrid,ES,3,0,0,Madrid,1240.65574933,52998.2195272,46.1,1348.0,30.5,22.9,73.0,12.1,2.6,1348.0,22.9,308.69199999999995,301999739,77.67872512291092
2807911113,28079,113,11,079,28,13,2807911,28079,Madrid,Comunidad de Madrid,ES,3,0,0,Madrid,904.943362741,50308.6616102,42.1,1679.0,24.4,16.0,62.5,12.4,2.9,1679.0,16.0,268.64,301891767,41.86020244575292
2807911114,28079,114,11,079,28,13,2807911,28079,Madrid,Comunidad de Madrid,ES,3,0,0,Madrid,737.071145558,27720.2077769,41.9,1420.0,30.3,16.3,68.4,14.6,2.7,1420.0,16.3,231.46,301891615,35.58714096951912
2807911115,28079,115,11,079,28,13,2807911,28079,Madrid,Comunidad de Madrid,ES,3,0,0,Madrid,859.182010239,40822.3443647,42.4,2140.0,29.8,16.1,68.7,13.4,2.7,2140.0,16.1,344.54,301891855,45.8097378529682
2807911116,28079,116,11,079,28,13,2807911,28079,Madrid,Comunidad de Madrid,ES,3,0,0,Madrid,626.997592368,19625.0593531,41.7,959.0,34.1,15.8,67.9,15.2,2.6,959.0,15.8,151.52200000000002,301891862,38.41242515975032
2807911117,28079,117,11,079,28,13,2807911,28079,Madrid,Comunidad de Madrid,ES,3,0,0,Madrid,717.703095945,30760.7282337,40.1,1937.0,25.1,11.9,64.0,15.1,3.0,1937.0,11.9,230.503,335383914,23.98276003468588
2807911118,28079,118,11,079,28,13,2807911,28079,Madrid,Comunidad de Madrid,ES,3,0,0,Madrid,673.717306198,20159.4350971,42.9,1194.0,31.2,16.7,72.6,14.4,2.7,1194.0,16.7,199.398,1399790349,38.94366480222728
2807911119,28079,119,11,079,28,13,2807911,28079,Madrid,Comunidad de Madrid,ES,3,0,0,Madrid,877.426778063,27209.89205,40.1,1438.0,29.0,13.3,61.7,15.2,2.9,1438.0,13.3,191.25400000000002,7723242021,26.11386527311344
2807911120,28079,120,11,079,28,13,2807911,28079,Madrid,Comunidad de Madrid,ES,3,0,0,Madrid,710.900328242,21112.1794215,41.9,1249.0,29.7,16.2,68.9,15.1,2.8,1249.0,16.2,202.338,335382769,18.062950959103798
2807911121,28079,121,11,079,28,13,2807911,28079,Madrid,Comunidad de Madrid,ES,3,0,0,Madrid,660.68135018,23333.7830729,39.4,1709.0,23.1,13.8,63.2,18.1,3.1,1709.0,13.8,235.842,301999486,14.30772285902432
2807911122,28079,122,11,079,28,13,2807911,28079,Madrid,Comunidad de Madrid,ES,3,0,0,Madrid,657.45786522,19878.8202901,39.9,1287.0,22.2,13.6,56.6,16.6,3.1,1287.0,13.6,175.032,301999485,48.62293699129556
2807911123,28079,123,11,079,28,13,2807911,28079,Madrid,Comunidad de Madrid,ES,3,0,0,Madrid,3012.22248066,491591.838158,41.1,480.0,32.4,14.2,76.0,19.8,2.6,480.0,14.2,68.16,12317588015,4.673397326020446
2807911124,28079,124,11,079,28,13,2807911,28079,Madrid,Comunidad de Madrid,ES,3,0,0,Madrid,1135.33524304,51160.8208386,42.4,1739.0,27.2,18.2,77.8,14.3,2.7,1739.0,18.2,316.498,335488672,7.276480323057877
2807911125,28079,125,11,079,28,13,2807911,28079,Madrid,Comunidad de Madrid,ES,3,0,0,Madrid,1576.4899242,112468.905641,42.1,1560.0,30.1,16.0,80.5,16.9,2.6,1560.0,16.0,249.6,301832456,48.33239475027291
2807911126,28079,126,11,079,28,13,2807911,28079,Madrid,Comunidad de Madrid,ES,3,0,0,Madrid,829.480344297,43305.6463521,41.0,1374.0,25.8,9.5,90.3,16.2,2.6,1374.0,9.5,130.53,301835296,13.055284080973646
2807911128,28079,128,11,079,28,13,2807911,28079,Madrid,Comunidad de Madrid,ES,3,0,0,Madrid,1169.72648672,44208.8338594,40.5,1302.0,24.2,16.3,74.8,19.4,3.1,1302.0,16.3,212.22600000000003,10769100451,13.904986281037683
2807911129,28079,129,11,079,28,13,2807911,28079,Madrid,Comunidad de Madrid,ES,3,0,0,Madrid,1072.38987507,76391.8697929,41.7,999.0,26.9,16.9,78.5,16.9,3.0,999.0,16.9,168.831,10769105438,24.902255191322777
2807911130,28079,130,11,079,28,13,2807911,28079,Madrid,Comunidad de Madrid,ES,3,0,0,Madrid,875.459388533,39570.5268856,39.3,2038.0,20.9,13.6,66.5,19.3,3.3,2038.0,13.6,277.168,3413823353,31.52666895130547
2807911131,28079,131,11,079,28,13,2807911,28079,Madrid,Comunidad de Madrid,ES,3,0,0,Madrid,893.926756185,31249.2895218,39.7,1133.0,26.9,13.1,63.0,18.0,3.0,1133.0,13.1,148.423,10767004290,37.72773217682851
2807911132,28079,132,11,079,28,13,2807911,28079,Madrid,Comunidad de Madrid,ES,3,0,0,Madrid,625.587898578,19650.8178543,38.9,1096.0,23.5,13.9,63.5,19.1,3.1,1096.0,13.9,152.344,1973682826,2.348886271165994
2807911133,28079,133,11,079,28,13,2807911,28079,Madrid,Comunidad de Madrid,ES,3,0,0,Madrid,780.295438523,32030.3732371,45.0,1124.0,29.4,25.3,76.0,15.4,2.7,1124.0,25.3,284.372,10767004489,18.685946209149456
2807911134,28079,134,11,079,28,13,2807911,28079,Madrid,Comunidad de Madrid,ES,3,0,0,Madrid,732.261487849,20516.9831977,45.6,875.0,29.3,23.7,73.6,15.0,2.6,875.0,23.7,207.375,12787702497,21.639252684096547
2807911135,28079,135,11,079,28,13,2807911,28079,Madrid,Comunidad de Madrid,ES,3,0,0,Madrid,775.830124074,23413.4878935,45.1,1001.0,25.8,20.9,72.8,13.4,2.8,1001.0,20.9,209.20899999999997,12787708074,26.78853553086561
2807911136,28079,136,11,079,28,13,2807911,28079,Madrid,Comunidad de Madrid,ES,3,0,0,Madrid,973.886446472,48784.0294493,45.2,1298.0,28.7,21.6,77.4,13.7,2.6,1298.0,21.6,280.36800000000005,9078799225,12.461551093329609
2807911137,28079,137,11,079,28,13,2807911,28079,Madrid,Comunidad de Madrid,ES,3,0,0,Madrid,1904.03132854,163373.436315,43.7,2257.0,22.6,18.9,82.6,15.5,2.8,2257.0,18.9,426.573,5538682953,9.315419111470831
2807911138,28079,138,11,079,28,13,2807911,28079,Madrid,Comunidad de Madrid,ES,3,0,0,Madrid,1054.91936302,56832.9143827,41.1,1176.0,26.3,13.0,71.0,16.3,2.8,1176.0,13.0,152.88,9502562438,26.12098046265771
2807911139,28079,139,11,079,28,13,2807911,28079,Madrid,Comunidad de Madrid,ES,3,0,0,Madrid,1372.77610402,74482.085983,43.9,1268.0,29.9,19.2,72.2,13.8,2.6,1268.0,19.2,243.456,6762759172,65.54917230644594
2807911140,28079,140,11,079,28,13,2807911,28079,Madrid,Comunidad de Madrid,ES,3,0,0,Madrid,1134.56213873,42023.2344512,39.3,1780.0,22.7,11.9,71.1,18.5,2.8,1780.0,11.9,211.82,9062122102,7.167609882241006
2807911141,28079,141,11,079,28,13,2807911,28079,Madrid,Comunidad de Madrid,ES,3,0,0,Madrid,1323.83575178,73499.1535472,44.3,1316.0,31.1,21.6,72.3,13.5,2.5,1316.0,21.6,284.25600000000003,10757254836,28.877259586903513
2807911142,28079,142,11,079,28,13,2807911,28079,Madrid,Comunidad de Madrid,ES,3,0,0,Madrid,605.144789388,21914.7782979,45.1,779.0,29.6,22.3,77.4,13.4,2.6,779.0,22.3,173.717,9056496908,56.801010031314185
2807911143,28079,143,11,079,28,13,2807911,28079,Madrid,Comunidad de Madrid,ES,3,0,0,Madrid,856.39272057,38942.6303086,43.5,1425.0,31.0,18.0,69.9,14.3,2.7,1425.0,18.0,256.5,10126292559,8.355455439165057
2807911145,28079,145,11,079,28,13,2807911,28079,Madrid,Comunidad de Madrid,ES,3,0,0,Madrid,966.801795466,52854.4894924,46.9,1305.0,28.9,25.0,77.6,11.1,2.7,1305.0,25.0,326.25,306163252,22.1814224180672
2807911146,28079,146,11,079,28,13,2807911,28079,Madrid,Comunidad de Madrid,ES,3,0,0,Madrid,864.840655174,42806.2256438,46.0,1469.0,23.8,26.1,76.0,15.0,2.7,1469.0,26.1,383.409,11239990388,23.50429107371705
2807911147,28079,147,11,079,28,13,2807911,28079,Madrid,Comunidad de Madrid,ES,3,0,0,Madrid,2467.52200974,204744.860142,49.7,1432.0,28.1,31.3,86.9,12.7,2.5,1432.0,31.3,448.216,306497227,17.79201318825204
2807911148,28079,148,11,079,28,13,2807911,28079,Madrid,Comunidad de Madrid,ES,3,0,0,Madrid,1523.53115689,106468.392564,41.7,2476.0,31.8,14.8,84.7,18.1,2.5,2476.0,14.8,366.44800000000004,306163622,38.848886580442155
2807911149,28079,149,11,079,28,13,2807911,28079,Madrid,Comunidad de Madrid,ES,3,0,0,Madrid,789.913202156,26238.4017153,46.6,940.0,34.7,22.6,79.2,13.6,2.5,940.0,22.6,212.44,11748690676,28.94332007286641
2807911150,28079,150,11,079,28,13,2807911,28079,Madrid,Comunidad de Madrid,ES,3,0,0,Madrid,1688.5957957,153707.547368,43.7,1197.0,26.8,17.8,79.8,14.0,2.6,1197.0,17.8,213.06600000000003,316418692,104.12405196812433
2807911151,28079,151,11,079,28,13,2807911,28079,Madrid,Comunidad de Madrid,ES,3,0,0,Madrid,624.261266102,22944.1464797,42.4,1157.0,25.3,17.3,75.1,14.6,2.7,1157.0,17.3,200.16100000000003,11916551147,51.257233405188856
2807911152,28079,152,11,079,28,13,2807911,28079,Madrid,Comunidad de Madrid,ES,3,0,0,Madrid,1377.36104974,77508.203669,44.2,2220.0,27.4,18.7,82.2,15.5,2.5,2220.0,18.7,415.14,12136732084,32.86885268515304
2807911153,28079,153,11,079,28,13,2807911,28079,Madrid,Comunidad de Madrid,ES,3,0,0,Madrid,1146.34679136,36887.3010536,44.6,1706.0,28.3,19.9,71.1,14.5,2.6,1706.0,19.9,339.4939999999999,10132926048,57.02743531418005
2807911154,28079,154,11,079,28,13,2807911,28079,Madrid,Comunidad de Madrid,ES,3,0,0,Madrid,680.96299532,26318.9042518,40.8,1394.0,23.7,16.3,70.4,18.3,2.9,1394.0,16.3,227.222,4470307385,55.41938654069359
2807911155,28079,155,11,079,28,13,2807911,28079,Madrid,Comunidad de Madrid,ES,3,0,0,Madrid,1879.53476557,174319.542059,39.5,2450.0,22.3,10.9,86.6,21.1,2.9,2450.0,10.9,267.05,12140935344,29.195532713813368
2807911156,28079,156,11,079,28,13,2807911,28079,Madrid,Comunidad de Madrid,ES,3,0,0,Madrid,2309.88781064,188009.82013,36.8,1954.0,23.3,7.1,89.1,25.7,2.8,1954.0,7.1,138.734,10764523626,41.825685160342886
2807911157,28079,157,11,079,28,13,2807911,28079,Madrid,Comunidad de Madrid,ES,3,0,0,Madrid,829.977353543,40652.1849718,44.2,1216.0,22.5,20.3,81.7,14.0,2.9,1216.0,20.3,246.84799999999998,10769105482,36.119524944466775
2807911158,28079,158,11,079,28,13,2807911,28079,Madrid,Comunidad de Madrid,ES,3,0,0,Madrid,693.883448129,29183.3526911,40.3,1279.0,22.5,15.6,76.5,19.4,3.1,1279.0,15.6,199.52399999999997,335224591,25.848011554279136
2807911160,28079,160,11,079,28,13,2807911,28079,Madrid,Comunidad de Madrid,ES,3,0,0,Madrid,1207.07814712,57082.4550965,42.1,1751.0,22.6,17.5,69.9,18.1,3.2,1751.0,17.5,306.425,3397305061,61.489293796673735
2807911161,28079,161,11,079,28,13,2807911,28079,Madrid,Comunidad de Madrid,ES,3,0,0,Madrid,797.643901695,30941.5597063,40.0,1491.0,21.4,12.3,59.6,16.5,3.2,1491.0,12.3,183.393,1399790225,15.068820082120562
2807911162,28079,162,11,079,28,13,2807911,28079,Madrid,Comunidad de Madrid,ES,3,0,0,Madrid,601.467526362,22675.7714146,41.7,919.0,27.0,17.3,70.1,17.4,3.0,919.0,17.3,158.987,11816274094,15.353160108669767
2807911163,28079,163,11,079,28,13,2807911,28079,Madrid,Comunidad de Madrid,ES,3,0,0,Madrid,932.233122688,47887.0351897,48.4,1451.0,27.4,31.5,78.8,13.2,2.6,1451.0,31.5,457.065,11816225302,63.4481454746942
2807911165,28079,165,11,079,28,13,2807911,28079,Madrid,Comunidad de Madrid,ES,3,0,0,Madrid,862.945975023,42969.9759404,46.1,1839.0,24.8,25.0,74.4,12.9,2.8,1839.0,25.0,459.75,6371976156,30.24655526451335
2807911167,28079,167,11,079,28,13,2807911,28079,Madrid,Comunidad de Madrid,ES,3,0,0,Madrid,592.757998817,21542.1634275,44.4,1174.0,28.0,23.3,71.6,15.0,2.8,1174.0,23.3,273.54200000000003,11816225327,68.25312296858948
2807911168,28079,168,11,079,28,13,2807911,28079,Madrid,Comunidad de Madrid,ES,3,0,0,Madrid,647.033648285,25852.8134333,47.3,1075.0,28.6,27.6,77.6,14.1,2.6,1075.0,27.6,296.7,11816225338,55.780183887741806
2807911169,28079,169,11,079,28,13,2807911,28079,Madrid,Comunidad de Madrid,ES,3,0,0,Madrid,946.324957445,50705.334277,41.5,2807.0,26.0,16.3,63.5,15.3,3.0,2807.0,16.3,457.541,301999606,50.22299724502702
2807911170,28079,170,11,079,28,13,2807911,28079,Madrid,Comunidad de Madrid,ES,3,0,0,Madrid,549.023323173,17790.347322,40.9,1090.0,23.9,16.2,66.5,15.8,3.1,1090.0,16.2,176.58,301999481,68.6867179238524
2807911171,28079,171,11,079,28,13,2807911,28079,Madrid,Comunidad de Madrid,ES,3,0,0,Madrid,495.927158342,15165.7804986,40.6,1028.0,22.6,14.0,68.2,16.9,3.1,1028.0,14.0,143.92,301999608,9.733738224971697
2807911173,28079,173,11,079,28,13,2807911,28079,Madrid,Comunidad de Madrid,ES,3,0,0,Madrid,689.94380385,22371.4963595,38.7,1461.0,26.2,12.9,61.5,18.4,3.1,1461.0,12.9,188.46900000000002,301999702,45.85478230815114
2807911174,28079,174,11,079,28,13,2807911,28079,Madrid,Comunidad de Madrid,ES,3,0,0,Madrid,546.168485862,16728.7229627,43.9,816.0,29.3,17.4,74.3,12.4,2.6,816.0,17.4,141.984,301891137,56.36930811201975
2807911175,28079,175,11,079,28,13,2807911,28079,Madrid,Comunidad de Madrid,ES,3,0,0,Madrid,1070.08070933,53207.2557204,43.6,1664.0,31.6,18.3,70.7,14.4,2.7,1664.0,18.3,304.512,1399790377,25.88951232184284
2807911176,28079,176,11,079,28,13,2807911,28079,Madrid,Comunidad de Madrid,ES,3,0,0,Madrid,956.781105199,44050.8740463,43.7,1254.0,28.1,18.6,73.3,13.3,2.8,1254.0,18.6,233.24400000000003,301999693,16.85519016509064
2807911177,28079,177,11,079,28,13,2807911,28079,Madrid,Comunidad de Madrid,ES,3,0,0,Madrid,1549.33172233,83268.1596857,43.1,2484.0,31.6,19.0,73.7,14.2,2.6,2484.0,19.0,471.96,11816233494,46.225672848790744
2807911178,28079,178,11,079,28,13,2807911,28079,Madrid,Comunidad de Madrid,ES,3,0,0,Madrid,1123.93266289,33293.3599707,41.5,994.0,28.5,16.9,69.6,16.1,2.9,994.0,16.9,167.986,1399790239,45.14386779273689
2807911179,28079,179,11,079,28,13,2807911,28079,Madrid,Comunidad de Madrid,ES,3,0,0,Madrid,611.889744952,21180.9255302,44.0,992.0,27.1,20.4,84.3,16.4,2.7,992.0,20.4,202.368,9518896604,5.805313618063071
2807911180,28079,180,11,079,28,13,2807911,28079,Madrid,Comunidad de Madrid,ES,3,0,0,Madrid,771.74458829,33375.6466639,41.6,1361.0,21.0,17.6,87.1,17.4,3.1,1361.0,17.6,239.53600000000003,302000385,71.812999002135
2807911181,28079,181,11,079,28,13,2807911,28079,Madrid,Comunidad de Madrid,ES,3,0,0,Madrid,604.582990109,21212.2451889,51.0,961.0,39.3,34.8,85.9,8.8,2.1,961.0,34.8,334.42799999999994,14020434673,10.546944813646805
2807911182,28079,182,11,079,28,13,2807911,28079,Madrid,Comunidad de Madrid,ES,3,0,0,Madrid,1329.50559292,88758.3348161,41.8,2770.0,21.2,12.5,89.8,18.8,2.8,2770.0,12.5,346.25,10185706918,28.889463940414508
2807911183,28079,183,11,079,28,13,2807911,28079,Madrid,Comunidad de Madrid,ES,3,0,0,Madrid,4154.09791566,801662.969534,38.5,2471.0,22.5,8.3,91.1,23.5,2.8,2471.0,8.3,205.09300000000002,5395836999,15.515233588307506
2807911184,28079,184,11,079,28,13,2807911,28079,Madrid,Comunidad de Madrid,ES,3,0,0,Madrid,1295.51559411,66635.0612771,48.9,1111.0,36.7,25.1,89.2,9.8,2.3,1111.0,25.1,278.86100000000005,306033974,15.609023030485544
2807911185,28079,185,11,079,28,13,2807911,28079,Madrid,Comunidad de Madrid,ES,3,0,0,Madrid,1346.47913885,80730.0311145,44.2,1525.0,25.5,20.2,87.1,16.1,2.7,1525.0,20.2,308.05,9078799390,26.486178414709716
2807911186,28079,186,11,079,28,13,2807911,28079,Madrid,Comunidad de Madrid,ES,3,0,0,Madrid,1112.03053962,58833.6913465,37.1,1990.0,22.9,6.5,83.5,23.1,2.9,1990.0,6.5,129.35,11817115160,25.197134893655164
2807911187,28079,187,11,079,28,13,2807911,28079,Madrid,Comunidad de Madrid,ES,3,0,0,Madrid,1551.16510151,133117.815995,36.7,1747.0,30.0,6.1,78.9,19.3,2.7,1747.0,6.1,106.567,6978267229,24.11658283175963
2807911188,28079,188,11,079,28,13,2807911,28079,Madrid,Comunidad de Madrid,ES,3,0,0,Madrid,1094.54532428,60627.5380114,37.9,1930.0,17.4,8.2,96.4,26.7,3.0,1930.0,8.2,158.26,11816792143,43.622226930749726
2807911189,28079,189,11,079,28,13,2807911,28079,Madrid,Comunidad de Madrid,ES,3,0,0,Madrid,1711.23713222,122956.639722,37.2,2491.0,15.8,5.4,87.4,21.2,3.1,2491.0,5.4,134.514,4435283963,14.922283684436264
2807911190,28079,190,11,079,28,13,2807911,28079,Madrid,Comunidad de Madrid,ES,3,0,0,Madrid,1305.56864465,78401.7898221,37.6,1589.0,19.9,6.7,95.0,26.5,2.9,1589.0,6.7,106.46300000000001,6978292013,49.62550242527647
2807911191,28079,191,11,079,28,13,2807911,28079,Madrid,Comunidad de Madrid,ES,3,0,0,Madrid,1532.14467682,114662.993469,35.4,2972.0,18.1,6.5,94.5,31.0,2.9,2972.0,6.5,193.18,12145147006,32.04445328191107
2807911192,28079,192,11,079,28,13,2807911,28079,Madrid,Comunidad de Madrid,ES,3,0,0,Madrid,1576.00802353,95519.8014095,36.3,1933.0,29.9,5.7,83.8,22.7,2.5,1933.0,5.7,110.181,12145138273,5.641872649451351
2807911193,28079,193,11,079,28,13,2807911,28079,Madrid,Comunidad de Madrid,ES,3,0,0,Madrid,3963.37774663,652223.187053,41.9,1358.0,27.5,15.8,71.7,14.7,2.7,1358.0,15.8,214.56400000000002,309892332,25.12334101752523
2807911194,28079,194,11,079,28,13,2807911,28079,Madrid,Comunidad de Madrid,ES,3,0,0,Madrid,673.60961795,25050.558139,40.5,1158.0,20.3,10.6,94.7,19.3,2.8,1158.0,10.6,122.74799999999999,1877642118,65.7892399284272
2807911195,28079,195,11,079,28,13,2807911,28079,Madrid,Comunidad de Madrid,ES,3,0,0,Madrid,1634.1604239,81657.8524616,44.3,1848.0,37.8,17.2,83.9,12.1,2.3,1848.0,17.2,317.856,301999846,24.054676693135175
2807911196,28079,196,11,079,28,13,2807911,28079,Madrid,Comunidad de Madrid,ES,3,0,0,Madrid,1543.79409979,93255.7900254,41.6,1271.0,15.7,12.0,97.3,19.8,2.9,1271.0,12.0,152.52,13688224140,51.89980636316356
2807911197,28079,197,11,079,28,13,2807911,28079,Madrid,Comunidad de Madrid,ES,3,0,0,Madrid,3888.65172125,399224.366228,37.3,1583.0,32.0,6.7,91.9,24.3,2.5,1583.0,6.7,106.061,9811932900,16.926340021992573
2807911198,28079,198,11,079,28,13,2807911,28079,Madrid,Comunidad de Madrid,ES,3,0,0,Madrid,8627.96172973,2362748.0263,37.8,2089.0,26.1,7.7,92.8,24.1,2.6,2089.0,7.7,160.853,1446230482,12.528958910623063
2807911199,28079,199,11,079,28,13,2807911,28079,Madrid,Comunidad de Madrid,ES,3,0,0,Madrid,1065.39271659,45606.0987467,40.5,1795.0,31.3,13.3,72.9,17.4,2.7,1795.0,13.3,238.735,301835025,11.927821280166894
2807911200,28079,200,11,079,28,13,2807911,28079,Madrid,Comunidad de Madrid,ES,3,0,0,Madrid,786.91134367,35467.4954051,37.3,1329.0,23.1,6.9,93.8,24.3,2.8,1329.0,6.9,91.70100000000001,12311463365,36.54923242505595
2807912001,28079,001,12,079,28,13,2807912,28079,Madrid,Comunidad de Madrid,ES,3,0,0,Madrid,2589.53970761,160631.216696,45.0,683.0,27.2,21.5,92.8,16.0,2.5,683.0,21.5,146.845,1402255154,69.36284354508298
2807912002,28079,002,12,079,28,13,2807912,28079,Madrid,Comunidad de Madrid,ES,3,0,0,Madrid,649.389477005,25419.6413834,47.5,795.0,33.3,25.0,88.4,14.1,2.4,795.0,25.0,198.75,13419303116,23.528864761579403
2807912003,28079,003,12,079,28,13,2807912,28079,Madrid,Comunidad de Madrid,ES,3,0,0,Madrid,948.721430329,53522.281132,47.7,1249.0,36.4,25.1,90.3,15.1,2.4,1249.0,25.1,313.499,306164228,25.107688914544855
2807912005,28079,005,12,079,28,13,2807912,28079,Madrid,Comunidad de Madrid,ES,3,0,0,Madrid,1360.51861328,55900.6792583,47.4,1107.0,33.6,26.0,87.4,15.5,2.5,1107.0,26.0,287.82,9598616787,19.10658436248064
2807912006,28079,006,12,079,28,13,2807912,28079,Madrid,Comunidad de Madrid,ES,3,0,0,Madrid,757.237676568,27688.17063,47.3,783.0,30.7,25.3,89.4,15.3,2.5,783.0,25.3,198.09900000000002,1391494947,49.331009110144265
2807912007,28079,007,12,079,28,13,2807912,28079,Madrid,Comunidad de Madrid,ES,3,0,0,Madrid,971.86832504,56474.3964164,46.6,1460.0,30.6,23.6,86.9,14.9,2.5,1460.0,23.6,344.56,1391494957,1.7354619690125934
2807912008,28079,008,12,079,28,13,2807912,28079,Madrid,Comunidad de Madrid,ES,3,0,0,Madrid,896.698776011,45533.0134815,45.8,1275.0,26.8,22.8,85.3,15.1,2.8,1275.0,22.8,290.7,2118123687,15.500539684230436
2807912009,28079,009,12,079,28,13,2807912,28079,Madrid,Comunidad de Madrid,ES,3,0,0,Madrid,1007.4357254,48968.0639421,46.8,1121.0,25.5,26.1,85.9,13.8,2.8,1121.0,26.1,292.581,13200325116,46.440477328486
2807912010,28079,010,12,079,28,13,2807912,28079,Madrid,Comunidad de Madrid,ES,3,0,0,Madrid,1020.89761878,55104.5643775,46.9,960.0,28.4,26.7,88.4,14.9,2.6,960.0,26.7,256.32,850016412,59.39533865494804
2807912011,28079,011,12,079,28,13,2807912,28079,Madrid,Comunidad de Madrid,ES,3,0,0,Madrid,797.597022147,39429.9314285,44.0,1019.0,23.9,20.7,84.8,15.9,2.9,1019.0,20.7,210.933,1420240287,82.95159156762897
2807912012,28079,012,12,079,28,13,2807912,28079,Madrid,Comunidad de Madrid,ES,3,0,0,Madrid,978.778943763,56795.0956573,46.1,1035.0,21.9,27.3,89.6,14.6,2.9,1035.0,27.3,282.555,1420240367,39.10038974345631
2807912013,28079,013,12,079,28,13,2807912,28079,Madrid,Comunidad de Madrid,ES,3,0,0,Madrid,913.525453114,53061.6298434,46.1,1005.0,25.4,25.7,85.4,13.4,2.7,1005.0,25.7,258.285,11386513518,10.475460533207073
2807912014,28079,014,12,079,28,13,2807912,28079,Madrid,Comunidad de Madrid,ES,3,0,0,Madrid,944.220070419,49690.808269,46.1,1054.0,18.7,25.0,88.3,13.9,2.9,1054.0,25.0,263.5,5941119225,57.70601920041899
2807912015,28079,015,12,079,28,13,2807912,28079,Madrid,Comunidad de Madrid,ES,3,0,0,Madrid,2161.24774117,146000.728822,47.5,1107.0,26.2,26.3,89.2,12.9,2.6,1107.0,26.3,291.141,1401040977,8.740689704229835
2807912016,28079,016,12,079,28,13,2807912,28079,Madrid,Comunidad de Madrid,ES,3,0,0,Madrid,860.9116487,43589.4896208,42.8,1698.0,23.1,17.6,88.6,19.7,2.8,1698.0,17.6,298.848,9864243425,39.75805498148161
2807912018,28079,018,12,079,28,13,2807912,28079,Madrid,Comunidad de Madrid,ES,3,0,0,Madrid,1347.20367187,100196.257099,42.5,1840.0,19.5,18.5,84.1,16.6,3.1,1840.0,18.5,340.4,306165064,32.845523857820815
2807912019,28079,019,12,079,28,13,2807912,28079,Madrid,Comunidad de Madrid,ES,3,0,0,Madrid,877.442173812,49443.2289362,41.0,1269.0,20.5,15.9,81.9,18.4,3.2,1269.0,15.9,201.77100000000002,8646879403,27.708977298620656
2807912020,28079,020,12,079,28,13,2807912,28079,Madrid,Comunidad de Madrid,ES,3,0,0,Madrid,1390.23646365,84274.7688766,40.4,1409.0,22.5,15.8,78.4,19.0,3.1,1409.0,15.8,222.622,315893839,11.846635150371144
2807912022,28079,022,12,079,28,13,2807912,28079,Madrid,Comunidad de Madrid,ES,3,0,0,Madrid,927.363908323,38550.9649572,42.6,1657.0,24.9,19.0,71.8,16.5,3.0,1657.0,19.0,314.83,3046988003,26.138243171082078
2807912023,28079,023,12,079,28,13,2807912,28079,Madrid,Comunidad de Madrid,ES,3,0,0,Madrid,1155.32991928,66641.2351319,42.3,1500.0,24.1,16.8,76.7,15.1,3.0,1500.0,16.8,252.0,315890091,50.474925304633786
2807912024,28079,024,12,079,28,13,2807912,28079,Madrid,Comunidad de Madrid,ES,3,0,0,Madrid,2076.94457467,169018.117432,42.2,2112.0,23.4,13.4,84.1,15.3,2.8,2112.0,13.4,283.008,3627378781,22.26531351211991
2807912027,28079,027,12,079,28,13,2807912,28079,Madrid,Comunidad de Madrid,ES,3,0,0,Madrid,3095.16810175,314791.293398,41.6,1762.0,24.1,12.9,82.0,16.4,2.7,1762.0,12.9,227.298,12218931269,17.892725964724953
2807912028,28079,028,12,079,28,13,2807912,28079,Madrid,Comunidad de Madrid,ES,3,0,0,Madrid,481.151771789,11473.3014195,44.6,973.0,32.7,21.7,72.8,14.9,2.5,973.0,21.7,211.141,5030498701,33.00292813477094
2807912029,28079,029,12,079,28,13,2807912,28079,Madrid,Comunidad de Madrid,ES,3,0,0,Madrid,545.306515167,16543.4837561,42.2,1411.0,26.7,18.8,69.0,15.7,2.8,1411.0,18.8,265.268,306153035,17.22092545251351
2807912030,28079,030,12,079,28,13,2807912,28079,Madrid,Comunidad de Madrid,ES,3,0,0,Madrid,604.824526533,22203.7839277,41.3,1311.0,17.1,18.7,73.5,17.2,3.2,1311.0,18.7,245.157,306153067,29.654661793102914
2807912031,28079,031,12,079,28,13,2807912,28079,Madrid,Comunidad de Madrid,ES,3,0,0,Madrid,518.966738335,16586.8589992,42.9,844.0,26.0,19.0,69.9,14.7,2.9,844.0,19.0,160.36,306153024,30.20675200739042
2807912032,28079,032,12,079,28,13,2807912,28079,Madrid,Comunidad de Madrid,ES,3,0,0,Madrid,1509.64165779,101324.750194,43.6,2743.0,26.9,19.9,79.5,15.0,2.7,2743.0,19.9,545.857,176541461,18.74040747872094
2807912033,28079,033,12,079,28,13,2807912,28079,Madrid,Comunidad de Madrid,ES,3,0,0,Madrid,1263.71701059,52836.993761,44.0,1291.0,27.5,19.2,76.8,13.1,2.7,1291.0,19.2,247.872,176546532,17.67053065291709
2807912034,28079,034,12,079,28,13,2807912,28079,Madrid,Comunidad de Madrid,ES,3,0,0,Madrid,1728.3068165,102656.569546,41.8,2200.0,24.0,15.6,78.9,16.0,2.8,2200.0,15.6,343.2,130095647,15.02741792656928
2807912037,28079,037,12,079,28,13,2807912,28079,Madrid,Comunidad de Madrid,ES,3,0,0,Madrid,1091.42329535,44746.144422,42.6,1338.0,23.8,17.9,86.0,16.3,2.8,1338.0,17.9,239.50199999999998,315889461,31.497810852537306
2807912039,28079,039,12,079,28,13,2807912,28079,Madrid,Comunidad de Madrid,ES,3,0,0,Madrid,1111.59222838,55123.4918457,43.3,1128.0,27.3,17.2,72.3,13.0,2.8,1128.0,17.2,194.016,306032915,16.307149435903884
2807912041,28079,041,12,079,28,13,2807912,28079,Madrid,Comunidad de Madrid,ES,3,0,0,Madrid,1279.91511201,64397.0228392,41.8,1714.0,28.4,15.2,68.4,14.5,2.9,1714.0,15.2,260.528,306032838,37.900051569903994
2807912042,28079,042,12,079,28,13,2807912,28079,Madrid,Comunidad de Madrid,ES,3,0,0,Madrid,773.783952654,24288.137324,39.8,1218.0,28.9,14.0,65.2,16.6,3.0,1218.0,14.0,170.52,306032820,40.51873342846469
2807912043,28079,043,12,079,28,13,2807912,28079,Madrid,Comunidad de Madrid,ES,3,0,0,Madrid,983.735413175,47093.6064812,45.4,1394.0,27.6,21.7,70.5,13.3,2.8,1394.0,21.7,302.498,4078126881,32.49442860015137
2807912044,28079,044,12,079,28,13,2807912,28079,Madrid,Comunidad de Madrid,ES,3,0,0,Madrid,649.748270556,24161.4429822,41.6,1670.0,21.5,16.4,65.0,17.0,3.1,1670.0,16.4,273.87999999999994,305974095,26.419725647641197
2807912045,28079,045,12,079,28,13,2807912,28079,Madrid,Comunidad de Madrid,ES,3,0,0,Madrid,715.260428414,31680.1934914,39.9,1899.0,26.6,12.4,57.2,15.8,2.9,1899.0,12.4,235.47600000000003,306032524,30.8484335454093
2807912046,28079,046,12,079,28,13,2807912,28079,Madrid,Comunidad de Madrid,ES,3,0,0,Madrid,751.329886505,33985.4165904,40.3,1813.0,26.0,12.9,58.7,15.8,3.1,1813.0,12.9,233.877,306032525,81.6328635587732
2807912047,28079,047,12,079,28,13,2807912,28079,Madrid,Comunidad de Madrid,ES,3,0,0,Madrid,647.010219223,24271.687463,40.9,1206.0,31.9,12.1,53.9,14.6,2.9,1206.0,12.1,145.92600000000002,12407722356,49.26583326703184
2807912048,28079,048,12,079,28,13,2807912,28079,Madrid,Comunidad de Madrid,ES,3,0,0,Madrid,988.809943762,50970.7919441,40.5,1583.0,26.1,13.7,68.5,16.9,2.9,1583.0,13.7,216.87099999999998,306028543,71.82384588346022
2807912049,28079,049,12,079,28,13,2807912,28079,Madrid,Comunidad de Madrid,ES,3,0,0,Madrid,1208.17809595,48921.5758635,42.1,1707.0,23.4,16.1,70.0,14.8,2.9,1707.0,16.1,274.827,306033034,55.04887649616181
2807912050,28079,050,12,079,28,13,2807912,28079,Madrid,Comunidad de Madrid,ES,3,0,0,Madrid,835.541528938,33128.0524102,43.2,1437.0,36.8,17.9,66.6,13.2,2.5,1437.0,17.9,257.223,306030401,18.331885147249842
2807912051,28079,051,12,079,28,13,2807912,28079,Madrid,Comunidad de Madrid,ES,3,0,0,Madrid,979.735687234,44208.6973373,43.4,1326.0,28.2,18.9,75.9,14.0,2.8,1326.0,18.9,250.61399999999998,306033030,26.830220970877445
2807912052,28079,052,12,079,28,13,2807912,28079,Madrid,Comunidad de Madrid,ES,3,0,0,Madrid,2332.39695017,172419.180615,39.0,2322.0,25.7,12.8,88.4,22.9,2.7,2322.0,12.8,297.216,9770130189,45.42315814293113
2807912053,28079,053,12,079,28,13,2807912,28079,Madrid,Comunidad de Madrid,ES,3,0,0,Madrid,1669.34161559,131046.69674,50.4,1880.0,32.5,32.3,90.9,9.5,2.2,1880.0,32.3,607.2399999999999,12435582405,33.7422255713324
2807912054,28079,054,12,079,28,13,2807912,28079,Madrid,Comunidad de Madrid,ES,3,0,0,Madrid,755.937823437,35622.3226863,49.2,1299.0,31.8,28.3,85.8,9.2,2.4,1299.0,28.3,367.617,4280938779,11.686523339166524
2807912055,28079,055,12,079,28,13,2807912,28079,Madrid,Comunidad de Madrid,ES,3,0,0,Madrid,820.418768734,32585.5771305,42.7,1743.0,32.0,16.1,69.9,12.7,2.6,1743.0,16.1,280.62300000000005,12435582531,15.668481116888612
2807912056,28079,056,12,079,28,13,2807912,28079,Madrid,Comunidad de Madrid,ES,3,0,0,Madrid,954.876418359,41670.1953912,39.9,1784.0,32.5,13.3,62.4,15.9,2.8,1784.0,13.3,237.27200000000002,12407612900,53.5160467442217
2807912057,28079,057,12,079,28,13,2807912,28079,Madrid,Comunidad de Madrid,ES,3,0,0,Madrid,706.47626728,29558.7200889,39.9,1624.0,26.4,12.6,54.1,15.5,3.0,1624.0,12.6,204.62399999999997,12407638725,62.56330458517454
2807912059,28079,059,12,079,28,13,2807912,28079,Madrid,Comunidad de Madrid,ES,3,0,0,Madrid,1002.80237203,49668.7729866,47.9,1618.0,29.3,27.4,82.3,10.1,2.4,1618.0,27.4,443.332,9795160000,18.386114145070156
2807912061,28079,061,12,079,28,13,2807912,28079,Madrid,Comunidad de Madrid,ES,3,0,0,Madrid,2388.41427866,182965.963618,44.7,2248.0,31.1,20.3,77.8,13.1,2.5,2248.0,20.3,456.344,9794978374,19.276963157376013
2807912062,28079,062,12,079,28,13,2807912,28079,Madrid,Comunidad de Madrid,ES,3,0,0,Madrid,1283.23448349,84914.3584461,42.7,1519.0,29.2,18.0,76.2,15.5,2.6,1519.0,18.0,273.42,12435269096,85.85285562732845
2807912064,28079,064,12,079,28,13,2807912,28079,Madrid,Comunidad de Madrid,ES,3,0,0,Madrid,1206.7090111,58002.402063,44.9,1337.0,31.9,18.6,76.1,11.3,2.5,1337.0,18.6,248.68200000000002,306035425,12.615270044223662
2807912065,28079,065,12,079,28,13,2807912,28079,Madrid,Comunidad de Madrid,ES,3,0,0,Madrid,888.473894729,22616.2852709,42.1,1369.0,25.2,15.7,59.2,15.3,3.0,1369.0,15.7,214.933,12435104987,21.099124401120353
2807912066,28079,066,12,079,28,13,2807912,28079,Madrid,Comunidad de Madrid,ES,3,0,0,Madrid,800.550490653,31463.2826257,38.3,1689.0,22.7,10.1,51.2,18.7,3.4,1689.0,10.1,170.58899999999997,12634675772,23.840776787709913
2807912067,28079,067,12,079,28,13,2807912,28079,Madrid,Comunidad de Madrid,ES,3,0,0,Madrid,810.247356747,32311.0155884,39.6,2149.0,23.9,11.4,56.2,16.1,3.1,2149.0,11.4,244.98600000000002,12435105018,40.4791684167594
2807912069,28079,069,12,079,28,13,2807912,28079,Madrid,Comunidad de Madrid,ES,3,0,0,Madrid,647.646291315,23084.8245419,43.6,1259.0,32.6,18.4,66.8,13.9,2.6,1259.0,18.4,231.65599999999998,3422160404,14.966083473750226
2807912070,28079,070,12,079,28,13,2807912,28079,Madrid,Comunidad de Madrid,ES,3,0,0,Madrid,1017.11000662,36696.2276236,46.7,1164.0,28.4,25.3,81.3,14.2,2.6,1164.0,25.3,294.492,1155636162,6.225789692702508
2807912071,28079,071,12,079,28,13,2807912,28079,Madrid,Comunidad de Madrid,ES,3,0,0,Madrid,1166.65071151,56942.3602051,43.5,1834.0,32.4,17.7,71.7,14.1,2.5,1834.0,17.7,324.618,1155636173,10.411126915717627
2807912073,28079,073,12,079,28,13,2807912,28079,Madrid,Comunidad de Madrid,ES,3,0,0,Madrid,932.665556659,28640.8258525,39.9,1073.0,31.9,12.8,60.5,13.8,2.6,1073.0,12.8,137.34400000000002,12180411817,22.94927451792447
2807912074,28079,074,12,079,28,13,2807912,28079,Madrid,Comunidad de Madrid,ES,3,0,0,Madrid,990.43327862,23789.0571318,43.5,935.0,33.5,19.9,67.8,13.3,2.7,935.0,19.9,186.065,12403266840,3.8247216552253147
2807912075,28079,075,12,079,28,13,2807912,28079,Madrid,Comunidad de Madrid,ES,3,0,0,Madrid,1596.53356284,140568.674937,41.9,1792.0,27.8,16.1,64.6,14.6,2.8,1792.0,16.1,288.51200000000006,7892933038,25.526533143829102
2807912077,28079,077,12,079,28,13,2807912,28079,Madrid,Comunidad de Madrid,ES,3,0,0,Madrid,1306.67357688,86712.7260633,46.6,1533.0,26.2,23.9,79.7,12.5,2.6,1533.0,23.9,366.38699999999994,11392682125,31.75673585673918
2807912078,28079,078,12,079,28,13,2807912,28079,Madrid,Comunidad de Madrid,ES,3,0,0,Madrid,909.984478053,33801.3664649,43.1,1527.0,29.2,17.9,66.1,13.7,2.8,1527.0,17.9,273.33299999999997,258548775,47.854796270968386
2807912079,28079,079,12,079,28,13,2807912,28079,Madrid,Comunidad de Madrid,ES,3,0,0,Madrid,647.040686394,26049.0309143,41.1,1263.0,25.6,17.2,67.6,17.6,2.9,1263.0,17.2,217.236,252986526,25.93617076207806
2807912080,28079,080,12,079,28,13,2807912,28079,Madrid,Comunidad de Madrid,ES,3,0,0,Madrid,715.801491093,30696.6769674,40.9,1615.0,24.4,16.4,64.3,16.2,2.9,1615.0,16.4,264.85999999999996,252986524,34.485663258815705
2807912081,28079,081,12,079,28,13,2807912,28079,Madrid,Comunidad de Madrid,ES,3,0,0,Madrid,753.443542091,25880.3552477,40.0,1507.0,25.9,13.9,64.4,17.9,2.9,1507.0,13.9,209.47299999999998,258550336,11.899001969548548
2807912082,28079,082,12,079,28,13,2807912,28079,Madrid,Comunidad de Madrid,ES,3,0,0,Madrid,754.710126769,23935.6476161,41.0,1058.0,20.5,16.2,69.1,16.4,3.0,1058.0,16.2,171.396,258548998,52.14158246291587
2807912083,28079,083,12,079,28,13,2807912,28079,Madrid,Comunidad de Madrid,ES,3,0,0,Madrid,616.909775143,20178.402969,41.5,1375.0,22.6,16.6,65.4,17.5,3.1,1375.0,16.6,228.25000000000003,11392682080,19.476708019253593
2807912084,28079,084,12,079,28,13,2807912,28079,Madrid,Comunidad de Madrid,ES,3,0,0,Madrid,599.779282198,20672.0699993,43.3,1128.0,24.2,20.8,68.1,16.6,2.9,1128.0,20.8,234.62400000000002,12323115708,7.197507855801841
2807912086,28079,086,12,079,28,13,2807912,28079,Madrid,Comunidad de Madrid,ES,3,0,0,Madrid,3931.80124708,675134.621912,45.7,1173.0,24.8,24.8,77.2,14.8,2.8,1173.0,24.8,290.904,306037202,35.41920765088005
2807912087,28079,087,12,079,28,13,2807912,28079,Madrid,Comunidad de Madrid,ES,3,0,0,Madrid,974.163765235,55535.6591058,41.6,1975.0,21.7,17.2,68.5,17.0,3.1,1975.0,17.2,339.7,11670310075,26.43205549458141
2807912088,28079,088,12,079,28,13,2807912,28079,Madrid,Comunidad de Madrid,ES,3,0,0,Madrid,947.112947002,37082.6185794,40.4,2009.0,23.9,12.7,55.8,15.3,3.0,2009.0,12.7,255.143,306032157,12.619020984049744
2807912089,28079,089,12,079,28,13,2807912,28079,Madrid,Comunidad de Madrid,ES,3,0,0,Madrid,621.798947265,22167.3138969,41.6,1317.0,24.6,14.5,57.3,15.6,2.9,1317.0,14.5,190.965,315749486,8.607493354930085
2807912090,28079,090,12,079,28,13,2807912,28079,Madrid,Comunidad de Madrid,ES,3,0,0,Madrid,608.989068756,21420.0736104,40.4,1365.0,23.9,15.0,61.6,16.8,3.0,1365.0,15.0,204.75,306032004,8.080298131507208
2807912091,28079,091,12,079,28,13,2807912,28079,Madrid,Comunidad de Madrid,ES,3,0,0,Madrid,1584.76664253,113890.331667,41.8,1716.0,24.5,17.7,63.4,16.0,2.9,1716.0,17.7,303.73199999999997,2092406788,22.103985113584265
2807912092,28079,092,12,079,28,13,2807912,28079,Madrid,Comunidad de Madrid,ES,3,0,0,Madrid,731.210206045,32884.6414484,42.7,1423.0,27.5,18.6,62.3,15.1,2.8,1423.0,18.6,264.67800000000005,2479685262,22.76144184747848
2807912093,28079,093,12,079,28,13,2807912,28079,Madrid,Comunidad de Madrid,ES,3,0,0,Madrid,878.442824177,39808.2320425,41.4,2057.0,25.8,13.5,57.8,14.3,3.0,2057.0,13.5,277.695,306032494,26.526452764953277
2807912094,28079,094,12,079,28,13,2807912,28079,Madrid,Comunidad de Madrid,ES,3,0,0,Madrid,938.797512233,41983.4531909,39.9,2291.0,25.7,13.2,55.9,15.7,3.0,2291.0,13.2,302.412,306032386,38.685133432625626
2807912096,28079,096,12,079,28,13,2807912,28079,Madrid,Comunidad de Madrid,ES,3,0,0,Madrid,752.517751991,31736.2616533,40.3,1540.0,25.0,12.8,51.5,15.1,3.1,1540.0,12.8,197.12,10048187407,3.0564188697222057
2807912097,28079,097,12,079,28,13,2807912,28079,Madrid,Comunidad de Madrid,ES,3,0,0,Madrid,699.438398059,28219.0647875,41.9,1222.0,28.0,14.6,56.1,14.1,2.9,1222.0,14.6,178.412,335205318,19.263421818970908
2807912098,28079,098,12,079,28,13,2807912,28079,Madrid,Comunidad de Madrid,ES,3,0,0,Madrid,2657.41184316,359544.963552,45.8,1805.0,22.7,16.6,90.6,8.9,2.7,1805.0,16.6,299.63000000000005,306095109,23.744756880041788
2807912099,28079,099,12,079,28,13,2807912,28079,Madrid,Comunidad de Madrid,ES,3,0,0,Madrid,1833.99238647,145475.592553,42.6,1130.0,20.4,14.7,84.9,14.4,3.0,1130.0,14.7,166.11,306165779,43.18009126777907
2807912100,28079,100,12,079,28,13,2807912,28079,Madrid,Comunidad de Madrid,ES,3,0,0,Madrid,1064.6832507,70453.5361933,43.6,1650.0,28.3,16.6,79.8,12.9,2.7,1650.0,16.6,273.90000000000003,130093217,52.28280550072348
2807912101,28079,101,12,079,28,13,2807912,28079,Madrid,Comunidad de Madrid,ES,3,0,0,Madrid,1369.62828289,98109.7083522,39.3,1832.0,15.7,7.6,91.6,18.3,2.9,1832.0,7.6,139.232,5488852039,51.07760965289495
2807912102,28079,102,12,079,28,13,2807912,28079,Madrid,Comunidad de Madrid,ES,3,0,0,Madrid,1416.95271743,111189.138496,37.7,2477.0,18.9,7.2,91.4,22.7,2.9,2477.0,7.2,178.34400000000002,316213628,66.00114519488373
2807912103,28079,103,12,079,28,13,2807912,28079,Madrid,Comunidad de Madrid,ES,3,0,0,Madrid,3058.17293126,324998.850947,37.7,2496.0,19.8,9.3,85.4,22.9,3.0,2496.0,9.3,232.12800000000004,1137589163,57.2014358585714
2807912104,28079,104,12,079,28,13,2807912,28079,Madrid,Comunidad de Madrid,ES,3,0,0,Madrid,3155.46771918,295919.936962,40.3,1843.0,22.9,10.7,79.2,17.0,2.8,1843.0,10.7,197.201,9414880940,46.19413948527757
2807912105,28079,105,12,079,28,13,2807912,28079,Madrid,Comunidad de Madrid,ES,3,0,0,Madrid,628.17607887,23846.5043126,38.5,1665.0,15.7,8.4,75.3,18.6,3.2,1665.0,8.4,139.86,4956819278,2.7651529972025184
2807912106,28079,106,12,079,28,13,2807912,28079,Madrid,Comunidad de Madrid,ES,3,0,0,Madrid,1997.08322344,184936.352321,38.0,2452.0,20.1,8.4,88.2,24.7,2.9,2452.0,8.4,205.968,2613428317,54.12115181836817
2807912107,28079,107,12,079,28,13,2807912,28079,Madrid,Comunidad de Madrid,ES,3,0,0,Madrid,1939.67424256,121960.538542,42.5,2500.0,29.8,15.6,87.0,16.6,2.5,2500.0,15.6,390.0,6759849544,53.93702190740293
2807912108,28079,108,12,079,28,13,2807912,28079,Madrid,Comunidad de Madrid,ES,3,0,0,Madrid,3565.6623155,547926.966819,37.6,1429.0,40.0,6.7,81.3,18.5,2.2,1429.0,6.7,95.74300000000001,306152607,31.871528614629955
2807912109,28079,109,12,079,28,13,2807912,28079,Madrid,Comunidad de Madrid,ES,3,0,0,Madrid,1518.65435772,67268.0159517,37.8,2219.0,19.7,7.7,75.9,21.7,2.9,2219.0,7.7,170.863,4952667352,1.1790029600316507
2807912110,28079,110,12,079,28,13,2807912,28079,Madrid,Comunidad de Madrid,ES,3,0,0,Madrid,2051.72374121,220814.661337,37.7,1745.0,21.1,8.4,77.7,19.0,3.0,1745.0,8.4,146.58,3274585024,97.2694982488259
2807913002,28079,002,13,079,28,13,2807913,28079,Madrid,Comunidad de Madrid,ES,3,0,0,Madrid,1877.9665645,89616.783118,43.5,1252.0,23.5,19.3,92.6,15.6,2.9,1252.0,19.3,241.63600000000002,307711215,50.060567500076175
2807913003,28079,003,13,079,28,13,2807913,28079,Madrid,Comunidad de Madrid,ES,3,0,0,Madrid,811.754325891,40627.5340595,40.8,925.0,21.4,17.4,80.2,18.6,3.2,925.0,17.4,160.95,317596803,60.640332111315765
2807913004,28079,004,13,079,28,13,2807913,28079,Madrid,Comunidad de Madrid,ES,3,0,0,Madrid,960.950268322,35351.8782689,46.6,738.0,25.2,25.3,90.1,12.6,2.6,738.0,25.3,186.71400000000003,3394493002,20.785132043982113
2807913005,28079,005,13,079,28,13,2807913,28079,Madrid,Comunidad de Madrid,ES,3,0,0,Madrid,747.968038392,34117.5233824,41.5,954.0,19.8,19.9,80.1,18.5,3.1,954.0,19.9,189.84599999999998,6512623094,49.126153505126716
2807913006,28079,006,13,079,28,13,2807913,28079,Madrid,Comunidad de Madrid,ES,3,0,0,Madrid,1101.8881201,57162.5934147,44.7,964.0,22.6,23.2,87.5,15.6,3.0,964.0,23.2,223.648,2670509508,69.51637066692852
2807913007,28079,007,13,079,28,13,2807913,28079,Madrid,Comunidad de Madrid,ES,3,0,0,Madrid,1154.61195864,67098.6587573,44.7,1046.0,25.4,21.7,89.3,14.3,2.7,1046.0,21.7,226.982,317596445,32.60396956567552
2807913008,28079,008,13,079,28,13,2807913,28079,Madrid,Comunidad de Madrid,ES,3,0,0,Madrid,1723.16528983,138539.874567,42.6,1576.0,26.6,18.0,81.9,16.6,2.7,1576.0,18.0,283.68,4108857110,19.277332169340273
2807913010,28079,010,13,079,28,13,2807913,28079,Madrid,Comunidad de Madrid,ES,3,0,0,Madrid,871.925301783,45154.9868006,44.1,1135.0,26.7,20.1,80.4,13.9,2.6,1135.0,20.1,228.135,367535984,22.989029566141948
2807913011,28079,011,13,079,28,13,2807913,28079,Madrid,Comunidad de Madrid,ES,3,0,0,Madrid,826.669027794,31085.5886184,40.4,933.0,23.7,16.6,82.1,21.0,3.0,933.0,16.6,154.87800000000001,317594565,27.71252955581294
2807913012,28079,012,13,079,28,13,2807913,28079,Madrid,Comunidad de Madrid,ES,3,0,0,Madrid,1251.4218814,65324.3457934,40.7,1313.0,23.2,16.9,83.4,20.1,3.0,1313.0,16.9,221.89699999999996,307706719,46.88172333983762
2807913013,28079,013,13,079,28,13,2807913,28079,Madrid,Comunidad de Madrid,ES,3,0,0,Madrid,884.462476916,46858.5177383,43.3,1305.0,28.5,20.1,83.5,17.0,2.7,1305.0,20.1,262.30500000000006,307706711,26.480076781247856
2807913014,28079,014,13,079,28,13,2807913,28079,Madrid,Comunidad de Madrid,ES,3,0,0,Madrid,14249.4851494,4597383.03105,42.4,2088.0,25.9,17.3,78.1,17.0,2.8,2088.0,17.3,361.224,11003309943,3.001760782465039
2807913016,28079,016,13,079,28,13,2807913,28079,Madrid,Comunidad de Madrid,ES,3,0,0,Madrid,738.423594003,34240.8437471,43.3,1220.0,24.9,19.1,77.9,15.6,2.8,1220.0,19.1,233.02,12311168741,52.815281454886915
2807913017,28079,017,13,079,28,13,2807913,28079,Madrid,Comunidad de Madrid,ES,3,0,0,Madrid,1116.17693018,38525.4467211,41.8,993.0,25.9,17.0,86.1,17.2,2.7,993.0,17.0,168.81,2237921331,23.43644472732904
2807913018,28079,018,13,079,28,13,2807913,28079,Madrid,Comunidad de Madrid,ES,3,0,0,Madrid,1051.89598829,56816.4899985,42.1,979.0,25.8,17.7,80.7,16.8,2.9,979.0,17.7,173.283,2237921348,30.96311089808977
2807913019,28079,019,13,079,28,13,2807913,28079,Madrid,Comunidad de Madrid,ES,3,0,0,Madrid,1017.20570804,45241.637544,41.8,756.0,29.4,13.9,85.6,16.8,2.6,756.0,13.9,105.084,2237921302,19.594297326966917
2807913021,28079,021,13,079,28,13,2807913,28079,Madrid,Comunidad de Madrid,ES,3,0,0,Madrid,876.911189744,41484.9377862,43.6,1019.0,27.5,19.0,85.1,16.2,2.6,1019.0,19.0,193.61,13973986867,12.256704920962848
2807913022,28079,022,13,079,28,13,2807913,28079,Madrid,Comunidad de Madrid,ES,3,0,0,Madrid,712.532735517,31339.2021297,45.0,988.0,22.8,21.8,81.2,13.9,2.9,988.0,21.8,215.38400000000001,2237921360,68.01369947615058
2807913023,28079,023,13,079,28,13,2807913,28079,Madrid,Comunidad de Madrid,ES,3,0,0,Madrid,645.401770356,25933.388955,46.1,851.0,27.6,25.0,82.7,13.5,2.7,851.0,25.0,212.75,13371728137,44.50967532503919
2807913024,28079,024,13,079,28,13,2807913,28079,Madrid,Comunidad de Madrid,ES,3,0,0,Madrid,901.466926957,36535.6343329,44.2,881.0,23.2,18.8,74.9,14.1,2.8,881.0,18.8,165.628,306044342,36.268388072030746
2807913026,28079,026,13,079,28,13,2807913,28079,Madrid,Comunidad de Madrid,ES,3,0,0,Madrid,697.55113285,26675.7462147,45.9,961.0,30.1,21.1,84.0,15.2,2.7,961.0,21.1,202.77100000000002,12317746445,33.56154538244954
2807913028,28079,028,13,079,28,13,2807913,28079,Madrid,Comunidad de Madrid,ES,3,0,0,Madrid,791.984952061,29694.9175446,39.3,857.0,23.1,14.1,81.0,20.0,3.0,857.0,14.1,120.83699999999999,367532229,14.013442455186807
2807913029,28079,029,13,079,28,13,2807913,28079,Madrid,Comunidad de Madrid,ES,3,0,0,Madrid,900.890112806,52978.5001638,45.0,1254.0,32.9,22.7,82.2,15.4,2.5,1254.0,22.7,284.658,12317836704,29.667378872453106
2807913030,28079,030,13,079,28,13,2807913,28079,Madrid,Comunidad de Madrid,ES,3,0,0,Madrid,1189.07100145,85313.3072971,44.3,1887.0,31.3,21.0,81.5,15.0,2.5,1887.0,21.0,396.27,2237921358,24.03950128226676
2807913031,28079,031,13,079,28,13,2807913,28079,Madrid,Comunidad de Madrid,ES,3,0,0,Madrid,630.537832326,21655.1927772,39.5,1186.0,25.7,13.6,67.5,19.1,2.9,1186.0,13.6,161.296,316629827,49.6471659422395
2807913032,28079,032,13,079,28,13,2807913,28079,Madrid,Comunidad de Madrid,ES,3,0,0,Madrid,762.839786739,34239.8855356,42.1,2124.0,25.0,16.2,67.3,15.2,2.9,2124.0,16.2,344.08799999999997,2237921427,81.43359453657979
2807913033,28079,033,13,079,28,13,2807913,28079,Madrid,Comunidad de Madrid,ES,3,0,0,Madrid,797.985084342,36816.8098223,40.8,1380.0,26.6,16.2,68.6,16.6,2.9,1380.0,16.2,223.56,13149293731,6.218472432856377
2807913034,28079,034,13,079,28,13,2807913,28079,Madrid,Comunidad de Madrid,ES,3,0,0,Madrid,743.389584186,26648.0933162,41.2,1343.0,30.5,15.3,71.6,16.0,2.8,1343.0,15.3,205.479,307678212,18.673490510703008
2807913035,28079,035,13,079,28,13,2807913,28079,Madrid,Comunidad de Madrid,ES,3,0,0,Madrid,1475.27381472,102744.64112,41.8,2772.0,25.4,14.0,79.8,15.2,2.7,2772.0,14.0,388.08,306044426,2.380319030594414
2807913036,28079,036,13,079,28,13,2807913,28079,Madrid,Comunidad de Madrid,ES,3,0,0,Madrid,705.036626515,25687.9495071,38.2,1301.0,28.4,11.5,65.7,18.5,2.8,1301.0,11.5,149.615,307677459,10.374192036831976
2807913037,28079,037,13,079,28,13,2807913,28079,Madrid,Comunidad de Madrid,ES,3,0,0,Madrid,975.087603976,54338.4879933,40.0,1538.0,33.1,12.9,67.6,15.8,2.6,1538.0,12.9,198.40200000000002,13145132266,5.76817426489198
2807913038,28079,038,13,079,28,13,2807913,28079,Madrid,Comunidad de Madrid,ES,3,0,0,Madrid,947.718963105,46364.2109583,38.0,1174.0,27.5,10.0,62.3,17.7,2.8,1174.0,10.0,117.4,14003952577,21.52281729490036
2807913039,28079,039,13,079,28,13,2807913,28079,Madrid,Comunidad de Madrid,ES,3,0,0,Madrid,908.436708236,42965.8629854,39.9,1102.0,34.6,11.4,67.1,16.2,2.5,1102.0,11.4,125.62800000000001,306211528,9.18886549540243
2807913040,28079,040,13,079,28,13,2807913,28079,Madrid,Comunidad de Madrid,ES,3,0,0,Madrid,910.004675179,42990.3472508,40.3,1541.0,34.5,10.8,59.2,14.2,2.7,1541.0,10.8,166.42800000000003,248076200,45.52379492693845
2807913041,28079,041,13,079,28,13,2807913,28079,Madrid,Comunidad de Madrid,ES,3,0,0,Madrid,1038.52792751,60996.3050135,38.9,2092.0,35.5,8.8,61.2,14.1,2.5,2092.0,8.8,184.09600000000003,306211561,13.860856858254268
2807913042,28079,042,13,079,28,13,2807913,28079,Madrid,Comunidad de Madrid,ES,3,0,0,Madrid,832.844012325,42057.6387095,39.7,1517.0,32.8,11.5,64.0,14.2,2.7,1517.0,11.5,174.455,13030197840,18.641724653799887
2807913043,28079,043,13,079,28,13,2807913,28079,Madrid,Comunidad de Madrid,ES,3,0,0,Madrid,843.361357821,43812.590576,40.4,1642.0,34.6,10.9,58.6,12.6,2.7,1642.0,10.9,178.97799999999998,317587201,27.91504581956586
2807913044,28079,044,13,079,28,13,2807913,28079,Madrid,Comunidad de Madrid,ES,3,0,0,Madrid,952.514610921,50684.2835387,39.5,2325.0,31.3,11.0,57.3,14.7,2.8,2325.0,11.0,255.75,13071264238,50.68582764428741
2807913045,28079,045,13,079,28,13,2807913,28079,Madrid,Comunidad de Madrid,ES,3,0,0,Madrid,796.969637503,35414.3946482,38.0,1568.0,30.6,11.0,61.9,17.4,2.8,1568.0,11.0,172.48,317415972,22.458782364015466
2807913046,28079,046,13,079,28,13,2807913,28079,Madrid,Comunidad de Madrid,ES,3,0,0,Madrid,939.811190283,41226.1255873,38.9,2166.0,33.3,11.4,63.3,17.0,2.7,2166.0,11.4,246.924,306211536,37.14014700220199
2807913047,28079,047,13,079,28,13,2807913,28079,Madrid,Comunidad de Madrid,ES,3,0,0,Madrid,787.084832121,37340.6551987,41.3,1720.0,33.5,14.7,68.5,15.0,2.5,1720.0,14.7,252.84,250888967,16.21354184298817
2807913048,28079,048,13,079,28,13,2807913,28079,Madrid,Comunidad de Madrid,ES,3,0,0,Madrid,737.747446439,26912.3363185,39.3,1575.0,28.8,12.4,62.6,17.1,2.9,1575.0,12.4,195.3,307677270,9.798146639194231
2807913049,28079,049,13,079,28,13,2807913,28079,Madrid,Comunidad de Madrid,ES,3,0,0,Madrid,1015.50640877,46567.0355859,42.5,2022.0,28.5,16.8,71.0,14.1,2.6,2022.0,16.8,339.69599999999997,306211533,58.61360746392597
2807913050,28079,050,13,079,28,13,2807913,28079,Madrid,Comunidad de Madrid,ES,3,0,0,Madrid,750.729721001,27220.2209263,38.9,1252.0,35.9,11.7,60.7,16.5,2.6,1252.0,11.7,146.484,317416070,32.229120473304654
2807913052,28079,052,13,079,28,13,2807913,28079,Madrid,Comunidad de Madrid,ES,3,0,0,Madrid,739.734738309,31057.7102832,41.5,1135.0,32.4,14.6,60.3,12.9,2.7,1135.0,14.6,165.71,13071264242,7.877444841215381
2807913053,28079,053,13,079,28,13,2807913,28079,Madrid,Comunidad de Madrid,ES,3,0,0,Madrid,824.095907453,39497.4837125,41.2,1398.0,30.3,14.7,64.0,15.2,2.8,1398.0,14.7,205.50599999999997,317416629,16.995494737887494
2807913054,28079,054,13,079,28,13,2807913,28079,Madrid,Comunidad de Madrid,ES,3,0,0,Madrid,1051.67655924,41628.0237564,40.8,2059.0,29.6,13.2,66.2,14.3,2.7,2059.0,13.2,271.788,1431928245,19.59512751546263
2807913055,28079,055,13,079,28,13,2807913,28079,Madrid,Comunidad de Madrid,ES,3,0,0,Madrid,714.403489807,28003.509543,40.4,1433.0,29.0,14.2,65.0,16.8,3.0,1433.0,14.2,203.486,307677267,27.013746934873282
2807913056,28079,056,13,079,28,13,2807913,28079,Madrid,Comunidad de Madrid,ES,3,0,0,Madrid,1671.66927137,88315.1749269,35.7,3327.0,22.6,9.5,76.4,24.1,2.7,3327.0,9.5,316.065,4015528644,10.186481175667991
2807913057,28079,057,13,079,28,13,2807913,28079,Madrid,Comunidad de Madrid,ES,3,0,0,Madrid,854.285812381,39745.8112545,41.1,1725.0,29.2,14.9,66.9,16.5,2.9,1725.0,14.9,257.025,13145120510,62.94717607319189
2807913058,28079,058,13,079,28,13,2807913,28079,Madrid,Comunidad de Madrid,ES,3,0,0,Madrid,560.01265464,17101.1284338,38.1,1328.0,25.5,11.1,63.6,18.1,3.0,1328.0,11.1,147.408,307677678,9.054101966561444
2807913059,28079,059,13,079,28,13,2807913,28079,Madrid,Comunidad de Madrid,ES,3,0,0,Madrid,629.075760665,20847.0878021,38.7,1340.0,29.3,10.8,61.2,16.7,2.8,1340.0,10.8,144.72000000000003,13145132290,43.01300568518132
2807913060,28079,060,13,079,28,13,2807913,28079,Madrid,Comunidad de Madrid,ES,3,0,0,Madrid,915.935379379,23679.4916764,40.5,1270.0,28.1,14.4,70.8,16.6,2.9,1270.0,14.4,182.88,307677065,28.99045140331039
2807913061,28079,061,13,079,28,13,2807913,28079,Madrid,Comunidad de Madrid,ES,3,0,0,Madrid,774.917652664,17110.7231172,39.9,1136.0,27.9,13.7,61.9,16.7,2.8,1136.0,13.7,155.63199999999998,13145142100,27.733667612106935
2807913062,28079,062,13,079,28,13,2807913,28079,Madrid,Comunidad de Madrid,ES,3,0,0,Madrid,849.989409571,21753.7478931,39.0,1288.0,25.6,12.2,61.3,18.5,3.0,1288.0,12.2,157.136,13145142099,25.234748928626956
2807913063,28079,063,13,079,28,13,2807913,28079,Madrid,Comunidad de Madrid,ES,3,0,0,Madrid,924.467964342,23469.1792242,38.8,1090.0,26.3,13.1,66.8,19.6,3.1,1090.0,13.1,142.79,316631707,34.467523222361336
2807913065,28079,065,13,079,28,13,2807913,28079,Madrid,Comunidad de Madrid,ES,3,0,0,Madrid,701.292129407,27427.3406778,39.6,2053.0,32.1,12.5,62.0,17.1,2.8,2053.0,12.5,256.625,13143056878,17.636924099943105
2807913066,28079,066,13,079,28,13,2807913,28079,Madrid,Comunidad de Madrid,ES,3,0,0,Madrid,623.052216664,23737.7546735,40.5,1114.0,26.5,15.2,67.3,18.5,2.8,1114.0,15.2,169.328,13145142057,63.700878404404236
2807913069,28079,069,13,079,28,13,2807913,28079,Madrid,Comunidad de Madrid,ES,3,0,0,Madrid,829.857447868,24739.2878296,41.4,857.0,28.0,16.0,71.3,16.5,2.6,857.0,16.0,137.12,1425500561,23.985003461542238
2807913074,28079,074,13,079,28,13,2807913,28079,Madrid,Comunidad de Madrid,ES,3,0,0,Madrid,2198.59109105,82984.9305036,47.8,2034.0,20.9,23.3,91.3,9.1,2.6,2034.0,23.3,473.922,13143094911,4.917136032317054
2807913077,28079,077,13,079,28,13,2807913,28079,Madrid,Comunidad de Madrid,ES,3,0,0,Madrid,1055.58852925,43773.2712263,51.5,1348.0,30.2,37.2,91.8,10.1,2.3,1348.0,37.2,501.4560000000001,13071244244,39.153758008803344
2807913078,28079,078,13,079,28,13,2807913,28079,Madrid,Comunidad de Madrid,ES,3,0,0,Madrid,1066.8738282,47868.2514869,48.5,1707.0,25.5,31.6,83.5,11.3,2.5,1707.0,31.6,539.412,343646043,37.33939730190002
2807913079,28079,079,13,079,28,13,2807913,28079,Madrid,Comunidad de Madrid,ES,3,0,0,Madrid,830.971764665,31794.5409141,39.9,1739.0,32.1,12.7,63.6,16.6,2.8,1739.0,12.7,220.85299999999998,13143137949,13.799082916219511
2807913080,28079,080,13,079,28,13,2807913,28079,Madrid,Comunidad de Madrid,ES,3,0,0,Madrid,1167.92828145,39964.2986243,38.7,1720.0,30.2,12.3,62.7,17.9,2.8,1720.0,12.3,211.56,317416241,21.94096655471454
2807913083,28079,083,13,079,28,13,2807913,28079,Madrid,Comunidad de Madrid,ES,3,0,0,Madrid,921.391979472,51376.6202379,40.6,1978.0,26.7,14.4,61.1,15.0,3.1,1978.0,14.4,284.832,7776519372,11.331365360481241
2807913084,28079,084,13,079,28,13,2807913,28079,Madrid,Comunidad de Madrid,ES,3,0,0,Madrid,672.964881412,25103.0046589,39.8,1084.0,30.7,11.8,65.6,15.3,3.1,1084.0,11.8,127.912,317587888,28.05716179503697
2807913086,28079,086,13,079,28,13,2807913,28079,Madrid,Comunidad de Madrid,ES,3,0,0,Madrid,1524.99336707,88429.0190763,41.8,1522.0,33.3,15.2,70.9,16.4,2.5,1522.0,15.2,231.34399999999997,1224768616,15.862722561672683
2807913087,28079,087,13,079,28,13,2807913,28079,Madrid,Comunidad de Madrid,ES,3,0,0,Madrid,715.483843099,22583.8329672,46.2,774.0,30.7,24.7,79.2,12.1,2.6,774.0,24.7,191.178,6681351182,5.794427381756656
2807913088,28079,088,13,079,28,13,2807913,28079,Madrid,Comunidad de Madrid,ES,3,0,0,Madrid,1325.20874061,84656.1678382,50.8,1063.0,33.0,32.6,78.6,9.7,2.3,1063.0,32.6,346.538,3655857098,24.42766805843839
2807913089,28079,089,13,079,28,13,2807913,28079,Madrid,Comunidad de Madrid,ES,3,0,0,Madrid,734.796631058,31515.5145784,41.8,884.0,33.2,14.1,69.0,16.1,2.7,884.0,14.1,124.64399999999999,7658684085,21.03712135436513
2807913090,28079,090,13,079,28,13,2807913,28079,Madrid,Comunidad de Madrid,ES,3,0,0,Madrid,762.182929645,33667.8791484,41.2,1008.0,28.6,13.6,68.9,14.9,2.7,1008.0,13.6,137.088,316629372,24.47285625995178
2807913091,28079,091,13,079,28,13,2807913,28079,Madrid,Comunidad de Madrid,ES,3,0,0,Madrid,635.858860883,19003.2756766,43.8,1089.0,33.0,16.1,77.0,14.1,2.4,1089.0,16.1,175.329,13071209399,28.84184341673505
2807913092,28079,092,13,079,28,13,2807913,28079,Madrid,Comunidad de Madrid,ES,3,0,0,Madrid,1693.9985234,108822.738658,42.8,2272.0,24.9,15.9,81.7,14.4,2.7,2272.0,15.9,361.24800000000005,6681320619,26.950391796759753
2807913094,28079,094,13,079,28,13,2807913,28079,Madrid,Comunidad de Madrid,ES,3,0,0,Madrid,2386.77996357,218626.223788,44.2,2072.0,28.1,15.7,83.9,12.6,2.5,2072.0,15.7,325.304,306213043,13.613455734048893
2807913103,28079,103,13,079,28,13,2807913,28079,Madrid,Comunidad de Madrid,ES,3,0,0,Madrid,1101.3961418,53291.4120249,43.3,896.0,26.5,19.4,84.8,18.2,2.7,896.0,19.4,173.82399999999998,316631017,35.54226319738313
2807913104,28079,104,13,079,28,13,2807913,28079,Madrid,Comunidad de Madrid,ES,3,0,0,Madrid,2234.39746574,150839.438599,44.5,1737.0,29.4,18.9,86.8,14.9,2.5,1737.0,18.9,328.29299999999995,13169371678,48.695715898325204
2807913108,28079,108,13,079,28,13,2807913,28079,Madrid,Comunidad de Madrid,ES,3,0,0,Madrid,861.010964977,37563.1230164,43.5,1835.0,26.2,16.2,82.0,13.6,2.7,1835.0,16.2,297.27,13125155985,21.603103497193796
2807913109,28079,109,13,079,28,13,2807913,28079,Madrid,Comunidad de Madrid,ES,3,0,0,Madrid,1359.48775144,55867.3907482,46.4,2085.0,25.4,20.6,89.7,10.8,2.5,2085.0,20.6,429.51,13125177818,9.861980104170701
2807913110,28079,110,13,079,28,13,2807913,28079,Madrid,Comunidad de Madrid,ES,3,0,0,Madrid,636.344397362,22246.9470803,43.1,915.0,27.9,18.8,79.9,17.6,2.6,915.0,18.8,172.02,316636085,54.09894995567148
2807913111,28079,111,13,079,28,13,2807913,28079,Madrid,Comunidad de Madrid,ES,3,0,0,Madrid,573.432344811,16687.306787,43.4,824.0,20.8,19.2,87.5,15.7,2.9,824.0,19.2,158.208,13088962361,25.591348584050163
2807913112,28079,112,13,079,28,13,2807913,28079,Madrid,Comunidad de Madrid,ES,3,0,0,Madrid,887.319350488,32691.5520743,45.6,1329.0,26.9,22.1,86.0,13.5,2.6,1329.0,22.1,293.709,13088962350,45.971536659322204
2807913115,28079,115,13,079,28,13,2807913,28079,Madrid,Comunidad de Madrid,ES,3,0,0,Madrid,1284.94302626,103445.596664,43.4,2438.0,29.7,18.7,78.5,16.0,2.5,2438.0,18.7,455.906,13072982007,14.166267516682936
2807913116,28079,116,13,079,28,13,2807913,28079,Madrid,Comunidad de Madrid,ES,3,0,0,Madrid,1022.28735976,53684.691166,45.3,836.0,25.4,23.9,87.9,13.2,2.6,836.0,23.9,199.80399999999997,13088989564,41.15916129396723
2807913117,28079,117,13,079,28,13,2807913,28079,Madrid,Comunidad de Madrid,ES,3,0,0,Madrid,921.245179131,36379.1182228,42.6,1771.0,25.3,17.6,75.0,16.0,2.8,1771.0,17.6,311.696,13074643234,3.960222000199893
2807913118,28079,118,13,079,28,13,2807913,28079,Madrid,Comunidad de Madrid,ES,3,0,0,Madrid,597.411345207,16925.0704391,45.9,788.0,26.3,24.2,91.6,13.6,2.7,788.0,24.2,190.696,11150904134,26.344173242634767
2807913119,28079,119,13,079,28,13,2807913,28079,Madrid,Comunidad de Madrid,ES,3,0,0,Madrid,675.241071692,28137.6386263,44.6,1321.0,29.1,20.4,74.9,13.5,2.6,1321.0,20.4,269.484,27510620,35.877521103762255
2807913120,28079,120,13,079,28,13,2807913,28079,Madrid,Comunidad de Madrid,ES,3,0,0,Madrid,802.380698259,37206.7689959,45.5,1278.0,26.8,23.0,87.6,15.1,2.7,1278.0,23.0,293.94,27509854,43.4578043811824
2807913121,28079,121,13,079,28,13,2807913,28079,Madrid,Comunidad de Madrid,ES,3,0,0,Madrid,898.500677675,48418.9448078,45.7,830.0,25.5,23.7,86.4,14.3,2.7,830.0,23.7,196.71,316635673,41.051264338172025
2807913122,28079,122,13,079,28,13,2807913,28079,Madrid,Comunidad de Madrid,ES,3,0,0,Madrid,727.701223803,33022.1832586,44.2,893.0,27.5,18.3,78.5,13.9,2.7,893.0,18.3,163.419,13074741534,26.59852050641456
2807913123,28079,123,13,079,28,13,2807913,28079,Madrid,Comunidad de Madrid,ES,3,0,0,Madrid,650.411083956,26008.5593513,46.4,1259.0,21.2,22.3,86.3,10.5,2.8,1259.0,22.3,280.757,13089048752,21.633319956727874
2807913124,28079,124,13,079,28,13,2807913,28079,Madrid,Comunidad de Madrid,ES,3,0,0,Madrid,705.032411012,31318.2397465,43.8,1504.0,27.9,20.3,77.7,14.9,2.6,1504.0,20.3,305.312,11903318022,15.094502615500748
2807913125,28079,125,13,079,28,13,2807913,28079,Madrid,Comunidad de Madrid,ES,3,0,0,Madrid,609.349422993,22554.5069788,41.8,1228.0,27.9,17.3,76.1,16.1,2.7,1228.0,17.3,212.44400000000002,316748512,30.46231884419618
2807913127,28079,127,13,079,28,13,2807913,28079,Madrid,Comunidad de Madrid,ES,3,0,0,Madrid,1352.74536817,83659.4692359,38.8,2634.0,23.9,8.5,90.0,20.6,2.6,2634.0,8.5,223.89,9838056002,15.70165926360716
2807913128,28079,128,13,079,28,13,2807913,28079,Madrid,Comunidad de Madrid,ES,3,0,0,Madrid,5942.8721709,1155827.35483,48.3,1305.0,27.5,26.0,86.8,9.2,2.5,1305.0,26.0,339.3,13608099283,41.92997776598756
2807913129,28079,129,13,079,28,13,2807913,28079,Madrid,Comunidad de Madrid,ES,3,0,0,Madrid,553.193609988,13244.9574816,45.7,805.0,26.9,22.7,90.4,15.2,2.6,805.0,22.7,182.735,13125140222,14.353900517619904
2807913131,28079,131,13,079,28,13,2807913,28079,Madrid,Comunidad de Madrid,ES,3,0,0,Madrid,471.544612876,13455.456184,44.1,747.0,26.2,21.3,82.9,15.0,2.7,747.0,21.3,159.111,12496585153,31.205751443782635
2807913132,28079,132,13,079,28,13,2807913,28079,Madrid,Comunidad de Madrid,ES,3,0,0,Madrid,765.863335873,26505.4055626,45.4,1121.0,26.7,20.0,87.2,13.2,2.6,1121.0,20.0,224.2,12496285145,12.222172163485142
2807913133,28079,133,13,079,28,13,2807913,28079,Madrid,Comunidad de Madrid,ES,3,0,0,Madrid,690.96217296,22761.8267428,44.6,1017.0,23.2,22.1,89.7,15.0,2.7,1017.0,22.1,224.757,13103818810,15.737915049898469
2807913134,28079,134,13,079,28,13,2807913,28079,Madrid,Comunidad de Madrid,ES,3,0,0,Madrid,1323.92247744,78993.0052009,45.6,1099.0,24.6,23.8,89.2,15.3,2.7,1099.0,23.8,261.562,316634979,7.392525384794408
2807913135,28079,135,13,079,28,13,2807913,28079,Madrid,Comunidad de Madrid,ES,3,0,0,Madrid,630.513522561,22641.06129,46.4,821.0,26.1,25.0,91.4,13.0,2.5,821.0,25.0,205.25,4418056873,54.97332457558281
2807913136,28079,136,13,079,28,13,2807913,28079,Madrid,Comunidad de Madrid,ES,3,0,0,Madrid,634.76781919,24569.289789,45.2,1118.0,28.0,22.6,89.3,14.7,2.6,1118.0,22.6,252.66800000000003,13103818829,16.01566727234278
2807913137,28079,137,13,079,28,13,2807913,28079,Madrid,Comunidad de Madrid,ES,3,0,0,Madrid,742.900553099,32687.2488458,48.2,1644.0,23.0,26.5,89.1,9.8,2.5,1644.0,26.5,435.66,316635119,27.24902313560111
2807913138,28079,138,13,079,28,13,2807913,28079,Madrid,Comunidad de Madrid,ES,3,0,0,Madrid,547.281477269,18062.7423228,42.7,986.0,26.8,18.9,81.4,16.1,2.7,986.0,18.9,186.35399999999998,330235084,15.138880669200958
2807913139,28079,139,13,079,28,13,2807913,28079,Madrid,Comunidad de Madrid,ES,3,0,0,Madrid,704.541373808,23549.3353989,44.2,1133.0,30.8,20.5,78.3,15.7,2.5,1133.0,20.5,232.265,12492822268,40.557137898946
2807913140,28079,140,13,079,28,13,2807913,28079,Madrid,Comunidad de Madrid,ES,3,0,0,Madrid,1076.48674525,44829.8538527,46.8,1519.0,26.6,20.8,81.9,10.5,2.6,1519.0,20.8,315.952,330234986,8.149955672023525
2807913142,28079,142,13,079,28,13,2807913,28079,Madrid,Comunidad de Madrid,ES,3,0,0,Madrid,1063.78962381,55067.3251006,43.2,1524.0,32.7,19.9,81.9,16.1,2.5,1524.0,19.9,303.276,8385226682,30.06238291240548
2807913143,28079,143,13,079,28,13,2807913,28079,Madrid,Comunidad de Madrid,ES,3,0,0,Madrid,669.862198423,27819.8562749,49.9,766.0,32.4,30.9,81.9,12.7,2.3,766.0,30.9,236.694,12504548828,15.365208380315439
2807913144,28079,144,13,079,28,13,2807913,28079,Madrid,Comunidad de Madrid,ES,3,0,0,Madrid,1290.02490193,72578.1046193,42.4,1501.0,33.2,18.2,78.4,16.2,2.5,1501.0,18.2,273.182,11788056801,34.77780222711287
2807913145,28079,145,13,079,28,13,2807913,28079,Madrid,Comunidad de Madrid,ES,3,0,0,Madrid,929.844530738,44236.7362613,41.5,1086.0,31.4,15.5,68.0,16.2,2.6,1086.0,15.5,168.33,330234190,18.337300071999007
2807913146,28079,146,13,079,28,13,2807913,28079,Madrid,Comunidad de Madrid,ES,3,0,0,Madrid,897.16895709,39732.5727302,44.2,1144.0,26.2,21.1,74.9,14.5,2.7,1144.0,21.1,241.38400000000001,330235112,31.117444265808636
2807913147,28079,147,13,079,28,13,2807913,28079,Madrid,Comunidad de Madrid,ES,3,0,0,Madrid,806.67771791,39161.2024243,43.0,1270.0,30.6,18.6,75.0,14.5,2.7,1270.0,18.6,236.22,1269486718,38.60860259151496
2807913148,28079,148,13,079,28,13,2807913,28079,Madrid,Comunidad de Madrid,ES,3,0,0,Madrid,508.491845202,14541.6746979,42.1,1414.0,26.4,16.8,66.8,15.3,2.8,1414.0,16.8,237.55200000000002,13109141643,32.36463115407465
2807913150,28079,150,13,079,28,13,2807913,28079,Madrid,Comunidad de Madrid,ES,3,0,0,Madrid,964.580763359,52235.6480075,42.6,1512.0,24.6,18.7,81.6,16.7,2.7,1512.0,18.7,282.74399999999997,1278336322,22.449588178181273
2807913153,28079,153,13,079,28,13,2807913,28079,Madrid,Comunidad de Madrid,ES,3,0,0,Madrid,983.853679889,55299.9899541,40.4,1508.0,27.6,13.8,81.4,17.5,2.8,1508.0,13.8,208.104,307644691,23.444305395898454
2807913154,28079,154,13,079,28,13,2807913,28079,Madrid,Comunidad de Madrid,ES,3,0,0,Madrid,1129.73095552,52099.5778672,45.9,1215.0,31.2,23.8,81.5,15.4,2.6,1215.0,23.8,289.17,13103957418,8.054114515222322
2807913155,28079,155,13,079,28,13,2807913,28079,Madrid,Comunidad de Madrid,ES,3,0,0,Madrid,1364.86985186,88677.9123609,41.1,2320.0,26.4,16.0,76.7,17.2,2.8,2320.0,16.0,371.2,8729154434,35.19781404535171
2807913156,28079,156,13,079,28,13,2807913,28079,Madrid,Comunidad de Madrid,ES,3,0,0,Madrid,548.282130259,15471.7322067,48.6,868.0,30.6,28.5,83.3,12.7,2.4,868.0,28.5,247.38,13109141651,35.54190888957265
2807913157,28079,157,13,079,28,13,2807913,28079,Madrid,Comunidad de Madrid,ES,3,0,0,Madrid,798.167664994,30476.2299723,43.3,1348.0,29.3,19.7,70.3,15.0,2.7,1348.0,19.7,265.556,13071141077,49.97329826412897
2807913158,28079,158,13,079,28,13,2807913,28079,Madrid,Comunidad de Madrid,ES,3,0,0,Madrid,1252.42953771,90459.7702673,43.6,2062.0,32.3,18.5,82.1,14.2,2.5,2062.0,18.5,381.47,13124742802,40.265878576744214
2807913160,28079,160,13,079,28,13,2807913,28079,Madrid,Comunidad de Madrid,ES,3,0,0,Madrid,1902.14530441,183359.36276,46.5,1743.0,27.7,25.9,91.6,14.7,2.6,1743.0,25.9,451.43699999999995,1228620281,52.86044452069224
2807913161,28079,161,13,079,28,13,2807913,28079,Madrid,Comunidad de Madrid,ES,3,0,0,Madrid,1080.28795275,62051.6781864,48.9,912.0,30.9,30.6,88.3,14.3,2.5,912.0,30.6,279.072,13071152534,5.068891441793745
2807913162,28079,162,13,079,28,13,2807913,28079,Madrid,Comunidad de Madrid,ES,3,0,0,Madrid,1603.2477546,84239.4654234,45.3,725.0,26.0,23.5,93.0,17.2,2.6,725.0,23.5,170.375,12492822203,15.575750263656923
2807913163,28079,163,13,079,28,13,2807913,28079,Madrid,Comunidad de Madrid,ES,3,0,0,Madrid,677.296985649,22876.2074589,49.5,926.0,29.9,30.1,88.7,11.8,2.4,926.0,30.1,278.726,11771023241,15.800515015281109
2807913164,28079,164,13,079,28,13,2807913,28079,Madrid,Comunidad de Madrid,ES,3,0,0,Madrid,951.411670159,43539.8010484,47.9,853.0,30.7,29.2,84.9,12.8,2.5,853.0,29.2,249.076,13167232139,18.975173004067663
2807913166,28079,166,13,079,28,13,2807913,28079,Madrid,Comunidad de Madrid,ES,3,0,0,Madrid,2129.3595968,220610.219937,43.8,1902.0,27.3,19.9,74.1,13.6,2.8,1902.0,19.9,378.49799999999993,319952996,25.713439566077952
2807913168,28079,168,13,079,28,13,2807913,28079,Madrid,Comunidad de Madrid,ES,3,0,0,Madrid,1491.11695511,58657.931639,41.4,2586.0,31.6,14.4,65.9,14.3,2.7,2586.0,14.4,372.384,316628277,24.295666831900018
2807913169,28079,169,13,079,28,13,2807913,28079,Madrid,Comunidad de Madrid,ES,3,0,0,Madrid,851.233847416,33411.4456937,42.0,1508.0,38.5,14.8,67.8,14.6,2.5,1508.0,14.8,223.18400000000003,306102477,67.95349629435346
2807913170,28079,170,13,079,28,13,2807913,28079,Madrid,Comunidad de Madrid,ES,3,0,0,Madrid,665.785675566,19630.5941539,43.8,1030.0,36.4,18.3,69.1,13.4,2.6,1030.0,18.3,188.49,9323808095,11.80484046077749
2807913171,28079,171,13,079,28,13,2807913,28079,Madrid,Comunidad de Madrid,ES,3,0,0,Madrid,673.115978957,21703.9692028,41.6,1081.0,29.5,16.6,71.8,15.1,2.6,1081.0,16.6,179.44600000000003,9271342360,24.230226523230186
2807913172,28079,172,13,079,28,13,2807913,28079,Madrid,Comunidad de Madrid,ES,3,0,0,Madrid,669.690597707,24105.6817625,42.5,1301.0,28.0,17.5,65.5,14.2,2.8,1301.0,17.5,227.675,316627802,28.503214931017922
2807913173,28079,173,13,079,28,13,2807913,28079,Madrid,Comunidad de Madrid,ES,3,0,0,Madrid,562.151997411,14688.5739648,40.9,1152.0,27.4,13.8,67.0,13.7,2.8,1152.0,13.8,158.976,316627825,42.891099351524566
2807913174,28079,174,13,079,28,13,2807913,28079,Madrid,Comunidad de Madrid,ES,3,0,0,Madrid,742.280611236,29627.2901714,41.7,1594.0,32.1,14.7,68.2,14.0,2.6,1594.0,14.7,234.31799999999998,316628114,15.212181755641625
2807913175,28079,175,13,079,28,13,2807913,28079,Madrid,Comunidad de Madrid,ES,3,0,0,Madrid,741.581878766,24997.8297522,41.5,1502.0,30.3,15.3,69.4,15.0,2.7,1502.0,15.3,229.806,306528966,16.85978126807497
2807913176,28079,176,13,079,28,13,2807913,28079,Madrid,Comunidad de Madrid,ES,3,0,0,Madrid,605.965292488,17598.4964288,41.4,1121.0,30.9,16.2,70.8,16.7,2.7,1121.0,16.2,181.602,316627822,12.70738573604685
2807913177,28079,177,13,079,28,13,2807913,28079,Madrid,Comunidad de Madrid,ES,3,0,0,Madrid,528.672598801,17482.1753614,41.6,1203.0,28.7,15.3,70.8,15.8,2.8,1203.0,15.3,184.05900000000003,5322902813,25.331202035611845
2807913178,28079,178,13,079,28,13,2807913,28079,Madrid,Comunidad de Madrid,ES,3,0,0,Madrid,1884.56043058,174697.342149,47.4,1158.0,27.1,26.4,90.1,12.4,2.5,1158.0,26.4,305.712,13142365873,109.6538681069846
2807913179,28079,179,13,079,28,13,2807913,28079,Madrid,Comunidad de Madrid,ES,3,0,0,Madrid,792.267938452,29922.0798664,47.5,647.0,32.4,27.4,90.9,16.1,2.5,647.0,27.4,177.278,13176940156,38.41562897534137
2807913180,28079,180,13,079,28,13,2807913,28079,Madrid,Comunidad de Madrid,ES,3,0,0,Madrid,693.346552926,24028.5040963,44.8,1054.0,23.4,24.3,88.0,16.2,2.8,1054.0,24.3,256.122,1222158602,11.563126336760496
2807913181,28079,181,13,079,28,13,2807913,28079,Madrid,Comunidad de Madrid,ES,3,0,0,Madrid,1267.70916371,104994.161859,46.8,1250.0,32.1,26.6,88.3,12.6,2.6,1250.0,26.6,332.5,13176940128,19.17594606962392
2807913182,28079,182,13,079,28,13,2807913,28079,Madrid,Comunidad de Madrid,ES,3,0,0,Madrid,1533.52200023,113207.178459,51.4,1119.0,23.5,34.9,86.5,8.7,2.6,1119.0,34.9,390.531,319952652,30.63514313914687
2807913183,28079,183,13,079,28,13,2807913,28079,Madrid,Comunidad de Madrid,ES,3,0,0,Madrid,861.01879826,45609.4932364,47.4,1276.0,26.8,24.4,85.1,9.2,2.5,1276.0,24.4,311.344,306213807,15.14670243487841
2807913184,28079,184,13,079,28,13,2807913,28079,Madrid,Comunidad de Madrid,ES,3,0,0,Madrid,1552.22901018,143970.713543,43.2,1834.0,29.9,20.9,83.3,15.2,2.5,1834.0,20.9,383.306,12596187884,39.59023133226263
2807913185,28079,185,13,079,28,13,2807913,28079,Madrid,Comunidad de Madrid,ES,3,0,0,Madrid,708.879386867,29970.5332703,41.6,1628.0,31.3,14.9,68.9,15.1,2.7,1628.0,14.9,242.572,306529446,25.783768645768067
2807913186,28079,186,13,079,28,13,2807913,28079,Madrid,Comunidad de Madrid,ES,3,0,0,Madrid,2496.72998739,144189.24959,42.8,2227.0,31.6,17.3,74.5,14.4,2.6,2227.0,17.3,385.27099999999996,13203342811,5.951420546884926
2807913187,28079,187,13,079,28,13,2807913,28079,Madrid,Comunidad de Madrid,ES,3,0,0,Madrid,887.27043413,50614.7788393,40.5,1854.0,35.5,13.1,70.9,15.5,2.7,1854.0,13.1,242.87399999999997,306529510,12.837716059882654
2807913189,28079,189,13,079,28,13,2807913,28079,Madrid,Comunidad de Madrid,ES,3,0,0,Madrid,660.210049922,24355.3109182,40.8,1254.0,23.0,14.0,63.5,13.3,3.0,1254.0,14.0,175.56,306528945,31.597132796460034
2807913190,28079,190,13,079,28,13,2807913,28079,Madrid,Comunidad de Madrid,ES,3,0,0,Madrid,923.171579655,44415.4112723,39.8,2134.0,33.6,10.7,63.7,15.0,2.6,2134.0,10.7,228.338,306528950,37.816514316681626
2807913191,28079,191,13,079,28,13,2807913,28079,Madrid,Comunidad de Madrid,ES,3,0,0,Madrid,1205.38104923,52142.1779973,45.6,2054.0,31.7,24.5,79.7,11.9,2.5,2054.0,24.5,503.23,12988601359,11.91400799334631
2807913192,28079,192,13,079,28,13,2807913,28079,Madrid,Comunidad de Madrid,ES,3,0,0,Madrid,757.38572211,27173.5365305,41.9,1441.0,33.0,15.3,66.1,14.4,2.6,1441.0,15.3,220.47299999999998,306528963,29.510946736970684
2807913193,28079,193,13,079,28,13,2807913,28079,Madrid,Comunidad de Madrid,ES,3,0,0,Madrid,774.303609678,30281.8750294,41.5,1422.0,36.9,13.5,71.2,14.6,2.5,1422.0,13.5,191.97,263534843,16.082804060374578
2807913194,28079,194,13,079,28,13,2807913,28079,Madrid,Comunidad de Madrid,ES,3,0,0,Madrid,877.569611605,37272.5852712,40.5,1693.0,38.3,12.6,62.3,13.1,2.4,1693.0,12.6,213.31799999999998,316627693,46.281417300638225
2807913195,28079,195,13,079,28,13,2807913,28079,Madrid,Comunidad de Madrid,ES,3,0,0,Madrid,860.200182564,25432.3600048,41.5,1152.0,35.6,12.5,74.7,13.2,2.5,1152.0,12.5,144.0,1227962639,5.479160429851439
2807913196,28079,196,13,079,28,13,2807913,28079,Madrid,Comunidad de Madrid,ES,3,0,0,Madrid,801.670762067,31681.8515054,41.6,1370.0,32.6,15.3,64.2,13.6,2.7,1370.0,15.3,209.61,302436097,21.731376549583274
2807913197,28079,197,13,079,28,13,2807913,28079,Madrid,Comunidad de Madrid,ES,3,0,0,Madrid,1278.36045466,52235.7933286,40.7,1714.0,32.7,13.9,62.8,14.1,2.6,1714.0,13.9,238.246,302436094,41.70816343376886
2807913198,28079,198,13,079,28,13,2807913,28079,Madrid,Comunidad de Madrid,ES,3,0,0,Madrid,1553.84762228,79233.0285854,46.3,1302.0,28.6,24.1,87.2,12.7,2.6,1302.0,24.1,313.782,13071158163,12.600738076155926
2807913199,28079,199,13,079,28,13,2807913,28079,Madrid,Comunidad de Madrid,ES,3,0,0,Madrid,944.782678099,53966.9681464,49.8,1527.0,24.0,27.9,93.3,8.6,2.5,1527.0,27.9,426.03299999999996,13088989000,52.440983045653816
2807913200,28079,200,13,079,28,13,2807913,28079,Madrid,Comunidad de Madrid,ES,3,0,0,Madrid,1143.33181973,44316.5070107,44.5,1437.0,27.3,20.6,89.4,13.3,2.6,1437.0,20.6,296.022,316629064,29.423647919743008
2807913201,28079,201,13,079,28,13,2807913,28079,Madrid,Comunidad de Madrid,ES,3,0,0,Madrid,1222.58814441,57632.8816586,45.5,1044.0,28.7,25.0,90.5,13.3,2.6,1044.0,25.0,261.0,3274732550,20.637105054083154
2807913202,28079,202,13,079,28,13,2807913,28079,Madrid,Comunidad de Madrid,ES,3,0,0,Madrid,986.570432548,52784.8399799,52.4,1444.0,32.2,36.9,87.2,8.5,2.4,1444.0,36.9,532.836,13142382937,28.49430654224263
2807913203,28079,203,13,079,28,13,2807913,28079,Madrid,Comunidad de Madrid,ES,3,0,0,Madrid,914.451776324,43446.9642381,45.8,1398.0,24.8,19.2,95.4,10.2,2.6,1398.0,19.2,268.416,13103886713,27.997067918041946
2807913204,28079,204,13,079,28,13,2807913,28079,Madrid,Comunidad de Madrid,ES,3,0,0,Madrid,1076.93833935,49782.9765246,46.4,1389.0,25.1,18.0,95.8,8.6,2.5,1389.0,18.0,250.02,13103886719,28.431161286959565
2807913205,28079,205,13,079,28,13,2807913,28079,Madrid,Comunidad de Madrid,ES,3,0,0,Madrid,938.382540954,35978.1505342,44.8,1225.0,21.4,18.2,92.4,12.8,2.6,1225.0,18.2,222.95,6481611802,34.65153788766087
2807913206,28079,206,13,079,28,13,2807913,28079,Madrid,Comunidad de Madrid,ES,3,0,0,Madrid,1350.12444183,79000.5990146,41.4,2803.0,33.1,16.2,80.3,17.5,2.5,2803.0,16.2,454.086,316629449,59.210530403195214
2807913207,28079,207,13,079,28,13,2807913,28079,Madrid,Comunidad de Madrid,ES,3,0,0,Madrid,1347.28355494,83733.641195,44.4,2097.0,23.5,15.2,92.6,12.1,2.6,2097.0,15.2,318.74399999999997,13144868256,45.27950079159551
2807913208,28079,208,13,079,28,13,2807913,28079,Madrid,Comunidad de Madrid,ES,3,0,0,Madrid,1808.54588616,135241.367401,46.3,1667.0,20.4,19.0,93.7,9.8,2.7,1667.0,19.0,316.73,316631260,34.4375283834305
2807913209,28079,209,13,079,28,13,2807913,28079,Madrid,Comunidad de Madrid,ES,3,0,0,Madrid,916.98910251,43426.0569406,46.3,1468.0,20.7,17.8,92.4,9.5,2.7,1468.0,17.8,261.30400000000003,306212789,6.860107028988498
2807913210,28079,210,13,079,28,13,2807913,28079,Madrid,Comunidad de Madrid,ES,3,0,0,Madrid,1341.23874768,77933.8920203,42.9,2394.0,24.5,17.8,90.8,16.2,2.8,2394.0,17.8,426.13200000000006,6681101857,52.117765433404436
2807913211,28079,211,13,079,28,13,2807913,28079,Madrid,Comunidad de Madrid,ES,3,0,0,Madrid,1168.13450543,41065.7148601,42.3,1050.0,16.8,14.3,90.2,15.0,2.9,1050.0,14.3,150.15,13103920749,15.172999619498162
2807913212,28079,212,13,079,28,13,2807913,28079,Madrid,Comunidad de Madrid,ES,3,0,0,Madrid,612.014497971,19680.5641275,52.5,864.0,26.5,37.6,86.7,9.5,2.5,864.0,37.6,324.86400000000003,306213693,44.24610050907211
2807913213,28079,213,13,079,28,13,2807913,28079,Madrid,Comunidad de Madrid,ES,3,0,0,Madrid,962.63388079,38217.4086286,45.6,1300.0,28.1,18.8,86.9,11.3,2.5,1300.0,18.8,244.4,13071231298,18.915296070063995
2807913214,28079,214,13,079,28,13,2807913,28079,Madrid,Comunidad de Madrid,ES,3,0,0,Madrid,919.544826297,50113.3882641,39.6,1298.0,20.8,16.6,85.4,19.7,3.0,1298.0,16.6,215.46800000000002,13071230047,12.292546158432689
2807913215,28079,215,13,079,28,13,2807913,28079,Madrid,Comunidad de Madrid,ES,3,0,0,Madrid,792.769797155,38877.8312459,41.4,1196.0,30.6,15.1,72.1,16.4,2.6,1196.0,15.1,180.59599999999998,316748612,17.686564056693076
2807913216,28079,216,13,079,28,13,2807913,28079,Madrid,Comunidad de Madrid,ES,3,0,0,Madrid,5116.89064265,774245.681535,35.8,2631.0,32.4,4.4,87.5,19.5,2.4,2631.0,4.4,115.76400000000001,1269959244,56.358551430328895
2807913217,28079,217,13,079,28,13,2807913,28079,Madrid,Comunidad de Madrid,ES,3,0,0,Madrid,1149.52804602,61074.2373628,39.6,1366.0,34.9,12.0,73.0,16.5,2.5,1366.0,12.0,163.92,5630962174,35.30549945148766
2807914002,28079,002,14,079,28,13,2807914,28079,Madrid,Comunidad de Madrid,ES,3,0,0,Madrid,1604.58230076,142436.811369,44.6,1385.0,29.4,20.2,80.9,12.7,2.5,1385.0,20.2,279.77,12584621768,3.8475473034030974
2807914003,28079,003,14,079,28,13,2807914,28079,Madrid,Comunidad de Madrid,ES,3,0,0,Madrid,2192.7881975,202440.795198,46.7,1327.0,29.6,24.8,79.6,14.2,2.5,1327.0,24.8,329.096,13825421162,29.154680759395415
2807914004,28079,004,14,079,28,13,2807914,28079,Madrid,Comunidad de Madrid,ES,3,0,0,Madrid,1118.58508309,48044.8854941,48.6,1143.0,27.6,25.2,88.6,11.7,2.5,1143.0,25.2,288.036,2990904914,38.63579574498802
2807914005,28079,005,14,079,28,13,2807914,28079,Madrid,Comunidad de Madrid,ES,3,0,0,Madrid,887.003444659,48328.177734,50.7,716.0,29.7,33.4,88.7,11.7,2.4,716.0,33.4,239.14399999999998,2988198487,10.18206831260187
2807914006,28079,006,14,079,28,13,2807914,28079,Madrid,Comunidad de Madrid,ES,3,0,0,Madrid,616.23961816,22343.9542705,51.2,604.0,28.5,31.0,92.4,11.8,2.4,604.0,31.0,187.24,10309667363,23.10021369483859
2807914010,28079,010,14,079,28,13,2807914,28079,Madrid,Comunidad de Madrid,ES,3,0,0,Madrid,819.987710758,25401.5168317,50.0,1186.0,19.5,33.1,95.0,10.5,2.6,1186.0,33.1,392.566,2993811948,38.16820040015945
2807914012,28079,012,14,079,28,13,2807914,28079,Madrid,Comunidad de Madrid,ES,3,0,0,Madrid,977.191762644,47427.7499937,51.4,1456.0,34.2,34.3,84.4,12.4,2.3,1456.0,34.3,499.40799999999996,7821150857,7.207637078477476
2807914013,28079,013,14,079,28,13,2807914,28079,Madrid,Comunidad de Madrid,ES,3,0,0,Madrid,1176.77630098,60547.7560232,53.9,990.0,27.0,40.5,92.5,10.3,2.4,990.0,40.5,400.95,1550934406,14.564583990047119
2807914014,28079,014,14,079,28,13,2807914,28079,Madrid,Comunidad de Madrid,ES,3,0,0,Madrid,596.480681992,13231.1258447,52.8,626.0,31.5,37.2,94.6,11.5,2.3,626.0,37.2,232.872,6582123750,33.026639855737834
2807914015,28079,015,14,079,28,13,2807914,28079,Madrid,Comunidad de Madrid,ES,3,0,0,Madrid,1397.75840136,80134.7044799,53.9,831.0,29.5,40.3,92.9,9.6,2.3,831.0,40.3,334.893,7826022157,19.968977076598367
2807914016,28079,016,14,079,28,13,2807914,28079,Madrid,Comunidad de Madrid,ES,3,0,0,Madrid,696.253750415,13505.5829795,52.1,691.0,33.6,35.3,93.8,10.4,2.2,691.0,35.3,243.923,7830688489,23.236406706032486
2807914017,28079,017,14,079,28,13,2807914,28079,Madrid,Comunidad de Madrid,ES,3,0,0,Madrid,676.109461338,13806.2039844,51.9,767.0,29.5,35.3,90.9,11.6,2.3,767.0,35.3,270.751,8321096128,24.980882910170592
2807914018,28079,018,14,079,28,13,2807914,28079,Madrid,Comunidad de Madrid,ES,3,0,0,Madrid,717.459299472,25365.342161,53.0,1099.0,31.3,38.0,89.7,11.1,2.3,1099.0,38.0,417.62,8321096129,16.141256992131602
2807914020,28079,020,14,079,28,13,2807914,28079,Madrid,Comunidad de Madrid,ES,3,0,0,Madrid,840.134996968,39778.7980611,54.1,1426.0,31.8,40.4,94.0,11.0,2.3,1426.0,40.4,576.104,3068669805,49.76371125387318
2807914021,28079,021,14,079,28,13,2807914,28079,Madrid,Comunidad de Madrid,ES,3,0,0,Madrid,590.746570594,18713.0067256,53.5,894.0,33.1,37.0,89.9,10.6,2.2,894.0,37.0,330.78,3068669813,5.115476770926838
2807914022,28079,022,14,079,28,13,2807914,28079,Madrid,Comunidad de Madrid,ES,3,0,0,Madrid,643.63626309,22582.8371821,54.2,824.0,30.9,41.3,93.2,12.1,2.3,824.0,41.3,340.31199999999995,12977232178,6.163137601447815
2807914024,28079,024,14,079,28,13,2807914,28079,Madrid,Comunidad de Madrid,ES,3,0,0,Madrid,875.265078458,32019.0314653,54.5,1376.0,32.5,41.1,94.3,9.5,2.2,1376.0,41.1,565.536,12977259413,13.973632519171325
2807914025,28079,025,14,079,28,13,2807914,28079,Madrid,Comunidad de Madrid,ES,3,0,0,Madrid,1160.32461564,50017.0735176,49.5,1160.0,36.1,30.0,85.7,11.4,2.2,1160.0,30.0,348.0,1588573282,22.744851774312604
2807914026,28079,026,14,079,28,13,2807914,28079,Madrid,Comunidad de Madrid,ES,3,0,0,Madrid,709.7755049,22181.9461419,47.5,916.0,33.2,23.1,79.8,10.4,2.3,916.0,23.1,211.59600000000003,10028169598,46.68167662512407
2807914027,28079,027,14,079,28,13,2807914,28079,Madrid,Comunidad de Madrid,ES,3,0,0,Madrid,1176.126747,39539.3765654,48.6,1079.0,39.7,25.8,83.0,10.6,2.2,1079.0,25.8,278.382,4333776311,14.304566116202942
2807914028,28079,028,14,079,28,13,2807914,28079,Madrid,Comunidad de Madrid,ES,3,0,0,Madrid,817.914828034,28525.3479088,46.1,1018.0,42.4,21.5,79.3,10.9,2.1,1018.0,21.5,218.87,8321096031,13.04955302817776
2807914029,28079,029,14,079,28,13,2807914,28079,Madrid,Comunidad de Madrid,ES,3,0,0,Madrid,951.685398885,33899.0713338,46.7,893.0,41.6,25.0,82.0,12.2,2.1,893.0,25.0,223.25,8321096058,55.53020278791871
2807914030,28079,030,14,079,28,13,2807914,28079,Madrid,Comunidad de Madrid,ES,3,0,0,Madrid,1177.86415434,75814.3277427,50.6,1709.0,28.9,35.6,91.5,11.6,2.4,1709.0,35.6,608.404,12219037742,11.806096942007557
2807914031,28079,031,14,079,28,13,2807914,28079,Madrid,Comunidad de Madrid,ES,3,0,0,Madrid,785.663643289,28447.0780192,52.8,868.0,30.6,35.8,90.8,10.4,2.3,868.0,35.8,310.74399999999997,292640834,40.59698436361083
2807914032,28079,032,14,079,28,13,2807914,28079,Madrid,Comunidad de Madrid,ES,3,0,0,Madrid,800.301252627,26029.9702182,55.2,946.0,35.7,41.3,93.2,8.7,2.2,946.0,41.3,390.698,2961305923,37.648384691938716
2807914033,28079,033,14,079,28,13,2807914,28079,Madrid,Comunidad de Madrid,ES,3,0,0,Madrid,703.72322108,28449.6374844,49.0,750.0,34.6,28.5,82.8,11.7,2.4,750.0,28.5,213.75,12978482060,18.970381484468792
2807914034,28079,034,14,079,28,13,2807914,28079,Madrid,Comunidad de Madrid,ES,3,0,0,Madrid,780.332688482,18678.8218448,52.2,860.0,29.2,36.6,91.5,12.0,2.3,860.0,36.6,314.76,13193617259,39.701861674433765
2807914035,28079,035,14,079,28,13,2807914,28079,Madrid,Comunidad de Madrid,ES,3,0,0,Madrid,571.350588237,19416.7289233,46.6,708.0,38.8,24.7,84.0,13.4,2.2,708.0,24.7,174.87599999999998,13193617175,11.908548561035584
2807914036,28079,036,14,079,28,13,2807914,28079,Madrid,Comunidad de Madrid,ES,3,0,0,Madrid,1014.04202714,47161.0426139,43.9,1152.0,33.3,19.6,79.5,14.1,2.6,1152.0,19.6,225.792,13193617112,29.29282400759506
2807914037,28079,037,14,079,28,13,2807914,28079,Madrid,Comunidad de Madrid,ES,3,0,0,Madrid,950.879912467,38591.7871327,45.7,986.0,43.4,22.3,81.3,13.1,2.1,986.0,22.3,219.878,13194328115,0.9906288911529935
2807914038,28079,038,14,079,28,13,2807914,28079,Madrid,Comunidad de Madrid,ES,3,0,0,Madrid,724.59096719,29890.1795868,44.3,863.0,38.6,19.0,73.8,12.5,2.3,863.0,19.0,163.97,13194328138,10.351213363503334
2807914039,28079,039,14,079,28,13,2807914,28079,Madrid,Comunidad de Madrid,ES,3,0,0,Madrid,941.556975326,35695.4545598,46.9,1122.0,35.6,21.7,80.0,10.3,2.4,1122.0,21.7,243.474,13194328179,9.634751334210893
2807914040,28079,040,14,079,28,13,2807914,28079,Madrid,Comunidad de Madrid,ES,3,0,0,Madrid,1775.51146227,144370.016647,48.1,1762.0,25.9,29.6,91.8,11.8,2.5,1762.0,29.6,521.552,1595032140,10.890530379189263
2807914041,28079,041,14,079,28,13,2807914,28079,Madrid,Comunidad de Madrid,ES,3,0,0,Madrid,754.823807843,32202.9539548,57.5,812.0,28.4,50.4,95.7,8.4,2.2,812.0,50.4,409.24799999999993,12978179655,39.984531281098604
2807914042,28079,042,14,079,28,13,2807914,28079,Madrid,Comunidad de Madrid,ES,3,0,0,Madrid,1091.64927626,59289.8002438,52.2,1076.0,28.2,42.2,95.7,12.9,2.5,1076.0,42.2,454.07200000000006,2953110597,16.660196865014775
2807914043,28079,043,14,079,28,13,2807914,28079,Madrid,Comunidad de Madrid,ES,3,0,0,Madrid,3476.3676662,219023.973904,51.9,783.0,31.3,32.2,90.9,11.8,2.3,783.0,32.2,252.12600000000003,2954440346,43.15809382334498
2807914044,28079,044,14,079,28,13,2807914,28079,Madrid,Comunidad de Madrid,ES,3,0,0,Madrid,1071.49209847,32889.537766,48.8,966.0,27.1,29.0,84.9,13.5,2.5,966.0,29.0,280.14,1586917379,16.15571268380037
2807914045,28079,045,14,079,28,13,2807914,28079,Madrid,Comunidad de Madrid,ES,3,0,0,Madrid,968.803858543,28198.0182408,48.3,958.0,36.3,26.8,82.7,12.3,2.4,958.0,26.8,256.744,2935899329,22.877005428701203
2807914046,28079,046,14,079,28,13,2807914,28079,Madrid,Comunidad de Madrid,ES,3,0,0,Madrid,1657.764563,76636.317641,46.8,1141.0,28.7,24.8,80.9,12.5,2.5,1141.0,24.8,282.968,373834041,1.8508226615818604
2807914047,28079,047,14,079,28,13,2807914,28079,Madrid,Comunidad de Madrid,ES,3,0,0,Madrid,898.328301305,33701.2650254,43.9,1187.0,30.7,17.5,79.7,14.5,2.5,1187.0,17.5,207.725,2941135957,21.735390328922975
2807914048,28079,048,14,079,28,13,2807914,28079,Madrid,Comunidad de Madrid,ES,3,0,0,Madrid,861.112536628,28880.2200815,47.0,1110.0,35.8,24.1,80.6,11.7,2.5,1110.0,24.1,267.51,14017017937,39.76104350583757
2807914049,28079,049,14,079,28,13,2807914,28079,Madrid,Comunidad de Madrid,ES,3,0,0,Madrid,933.281991274,35248.8715039,46.6,1178.0,31.4,23.9,81.5,13.0,2.5,1178.0,23.9,281.542,13151628829,2.738655931489607
2807914050,28079,050,14,079,28,13,2807914,28079,Madrid,Comunidad de Madrid,ES,3,0,0,Madrid,1001.4868822,38770.4154152,44.9,1166.0,33.0,21.7,78.0,13.8,2.6,1166.0,21.7,253.02200000000002,317744409,35.387519672516454
2807914051,28079,051,14,079,28,13,2807914,28079,Madrid,Comunidad de Madrid,ES,3,0,0,Madrid,923.30769821,30334.7780022,44.1,1013.0,33.9,19.8,80.4,14.4,2.5,1013.0,19.8,200.574,5499526072,13.624201298659877
2807914052,28079,052,14,079,28,13,2807914,28079,Madrid,Comunidad de Madrid,ES,3,0,0,Madrid,1251.79668509,50243.7520804,45.2,975.0,30.3,21.3,80.4,12.6,2.5,975.0,21.3,207.675,5322820202,10.988664856357778
2807914053,28079,053,14,079,28,13,2807914,28079,Madrid,Comunidad de Madrid,ES,3,0,0,Madrid,970.333111428,53853.792068,43.6,877.0,27.6,18.0,77.9,15.2,2.8,877.0,18.0,157.86,1585540869,3.590010122758556
2807914054,28079,054,14,079,28,13,2807914,28079,Madrid,Comunidad de Madrid,ES,3,0,0,Madrid,1354.33777556,68650.8636361,43.4,1153.0,30.8,19.0,82.3,15.3,2.6,1153.0,19.0,219.07,5320519939,19.461797763071623
2807914055,28079,055,14,079,28,13,2807914,28079,Madrid,Comunidad de Madrid,ES,3,0,0,Madrid,1600.0016494,108038.731375,48.5,907.0,31.9,28.6,83.9,13.2,2.4,907.0,28.6,259.402,307535930,14.070459723410693
2807914056,28079,056,14,079,28,13,2807914,28079,Madrid,Comunidad de Madrid,ES,3,0,0,Madrid,795.997698319,24757.0501401,45.1,793.0,30.1,21.4,79.6,13.6,2.6,793.0,21.4,169.70199999999997,5320509481,11.952230588300171
2807914057,28079,057,14,079,28,13,2807914,28079,Madrid,Comunidad de Madrid,ES,3,0,0,Madrid,911.155801845,37824.690669,45.1,1047.0,30.5,22.5,83.8,15.5,2.5,1047.0,22.5,235.575,1585540860,20.16256657944187
2807914058,28079,058,14,079,28,13,2807914,28079,Madrid,Comunidad de Madrid,ES,3,0,0,Madrid,836.39825973,37570.5279479,45.4,910.0,27.9,23.4,84.6,15.6,2.6,910.0,23.4,212.94,2949122715,7.6340333425325255
2807914059,28079,059,14,079,28,13,2807914,28079,Madrid,Comunidad de Madrid,ES,3,0,0,Madrid,1101.55670462,64814.5366514,45.8,1389.0,29.1,22.3,78.8,12.8,2.6,1389.0,22.3,309.747,5323565641,4.615748304343575
2807914060,28079,060,14,079,28,13,2807914,28079,Madrid,Comunidad de Madrid,ES,3,0,0,Madrid,1108.85548781,60520.8393437,50.4,738.0,30.8,30.6,87.8,13.0,2.4,738.0,30.6,225.828,2986514372,1.96787146672163
2807914061,28079,061,14,079,28,13,2807914,28079,Madrid,Comunidad de Madrid,ES,3,0,0,Madrid,1117.18048713,55011.8749626,51.3,1240.0,26.8,34.7,91.5,10.4,2.4,1240.0,34.7,430.28,2984647248,59.922825751405284
2807914062,28079,062,14,079,28,13,2807914,28079,Madrid,Comunidad de Madrid,ES,3,0,0,Madrid,973.335662901,39093.4233178,47.7,1000.0,27.8,26.4,86.3,13.8,2.5,1000.0,26.4,264.0,1587128061,32.18870672854883
2807914063,28079,063,14,079,28,13,2807914,28079,Madrid,Comunidad de Madrid,ES,3,0,0,Madrid,1072.59667745,52299.9926477,51.8,917.0,29.7,38.5,90.6,12.2,2.3,917.0,38.5,353.045,13031999207,17.126779763609807
2807914064,28079,064,14,079,28,13,2807914,28079,Madrid,Comunidad de Madrid,ES,3,0,0,Madrid,1024.4985025,47644.5552801,49.3,1838.0,36.4,28.1,83.5,11.8,2.3,1838.0,28.1,516.4780000000001,7695605285,35.048597900605245
2807914065,28079,065,14,079,28,13,2807914,28079,Madrid,Comunidad de Madrid,ES,3,0,0,Madrid,701.658370188,27610.1894211,50.1,912.0,36.5,29.5,85.9,10.8,2.2,912.0,29.5,269.04,2380904765,53.15909960955503
2807914067,28079,067,14,079,28,13,2807914,28079,Madrid,Comunidad de Madrid,ES,3,0,0,Madrid,976.881289122,51309.2295721,43.1,1921.0,32.9,17.5,77.6,15.8,2.5,1921.0,17.5,336.175,2620390494,26.83321960333357
2807914069,28079,069,14,079,28,13,2807914,28079,Madrid,Comunidad de Madrid,ES,3,0,0,Madrid,1008.60239886,45489.1161415,47.6,1415.0,36.0,25.3,81.9,12.4,2.3,1415.0,25.3,357.995,13648416897,12.066684584607614
2807914070,28079,070,14,079,28,13,2807914,28079,Madrid,Comunidad de Madrid,ES,3,0,0,Madrid,1091.37911584,41843.5927837,47.6,906.0,37.8,22.5,81.1,11.7,2.3,906.0,22.5,203.85,2620375440,21.780375130324575
2807914071,28079,071,14,079,28,13,2807914,28079,Madrid,Comunidad de Madrid,ES,3,0,0,Madrid,851.891924382,37855.6025215,47.6,1028.0,39.5,25.6,82.9,12.0,2.1,1028.0,25.6,263.168,7825475114,41.54859520422325
2807914072,28079,072,14,079,28,13,2807914,28079,Madrid,Comunidad de Madrid,ES,3,0,0,Madrid,725.167213897,28948.5881079,49.6,921.0,33.2,28.6,88.1,12.4,2.3,921.0,28.6,263.406,7825475124,63.87148766008093
2807914073,28079,073,14,079,28,13,2807914,28079,Madrid,Comunidad de Madrid,ES,3,0,0,Madrid,624.071922472,24378.8942821,48.4,1041.0,31.7,26.8,84.8,12.2,2.4,1041.0,26.8,278.988,2380904732,75.21198598398784
2807914075,28079,075,14,079,28,13,2807914,28079,Madrid,Comunidad de Madrid,ES,3,0,0,Madrid,646.726833992,25539.9014183,48.8,886.0,34.9,28.6,79.4,10.8,2.3,886.0,28.6,253.39600000000002,1593349420,1.9916021491400908
2807914076,28079,076,14,079,28,13,2807914,28079,Madrid,Comunidad de Madrid,ES,3,0,0,Madrid,599.293371423,20526.3995346,48.9,892.0,29.7,29.8,85.4,12.4,2.4,892.0,29.8,265.81600000000003,3005105925,11.331841669551983
2807914077,28079,077,14,079,28,13,2807914,28079,Madrid,Comunidad de Madrid,ES,3,0,0,Madrid,729.492747902,33827.7008869,47.6,1491.0,32.6,25.5,86.1,14.4,2.4,1491.0,25.5,380.205,1593349384,35.80112507031414
2807914079,28079,079,14,079,28,13,2807914,28079,Madrid,Comunidad de Madrid,ES,3,0,0,Madrid,3464.10123327,387208.053009,52.9,932.0,27.2,41.0,95.6,9.7,2.4,932.0,41.0,382.12,11576129885,27.537752389605732
2807914080,28079,080,14,079,28,13,2807914,28079,Madrid,Comunidad de Madrid,ES,3,0,0,Madrid,701.477521221,19842.0298612,48.5,1151.0,17.5,27.7,96.9,10.7,2.8,1151.0,27.7,318.827,306264026,47.13165007020452
2807914081,28079,081,14,079,28,13,2807914,28079,Madrid,Comunidad de Madrid,ES,3,0,0,Madrid,697.764361236,29242.8658795,42.4,831.0,15.8,6.7,97.1,9.8,2.9,831.0,6.7,55.677,5273256159,7.435227597984907
2807914082,28079,082,14,079,28,13,2807914,28079,Madrid,Comunidad de Madrid,ES,3,0,0,Madrid,1749.59943292,101260.301386,39.5,1257.0,18.0,14.6,86.1,20.8,3.3,1257.0,14.6,183.52200000000002,2640355396,48.121176429789955
2807914083,28079,083,14,079,28,13,2807914,28079,Madrid,Comunidad de Madrid,ES,3,0,0,Madrid,2046.24694439,263022.41626,43.9,1606.0,23.2,21.6,88.5,16.2,2.7,1606.0,21.6,346.8960000000001,2952882541,38.25529233968735
2807914084,28079,084,14,079,28,13,2807914,28079,Madrid,Comunidad de Madrid,ES,3,0,0,Madrid,1048.60665672,50287.1370205,48.7,1030.0,32.7,28.0,92.8,11.1,2.3,1030.0,28.0,288.4,2620527653,5.233380623363917
2807914085,28079,085,14,079,28,13,2807914,28079,Madrid,Comunidad de Madrid,ES,3,0,0,Madrid,766.121724653,34772.1850404,49.8,1354.0,20.4,29.5,96.9,9.3,2.5,1354.0,29.5,399.43,6393331675,68.74863280211608
2807914086,28079,086,14,079,28,13,2807914,28079,Madrid,Comunidad de Madrid,ES,3,0,0,Madrid,1885.70803971,178550.043256,42.6,1983.0,17.5,12.1,95.9,12.0,3.0,1983.0,12.1,239.94299999999998,1837500692,65.90625902939765
2807914087,28079,087,14,079,28,13,2807914,28079,Madrid,Comunidad de Madrid,ES,3,0,0,Madrid,734.517765019,22588.591917,45.8,1258.0,19.1,20.6,98.0,11.6,2.7,1258.0,20.6,259.148,317744744,23.39261200730686
2807914088,28079,088,14,079,28,13,2807914,28079,Madrid,Comunidad de Madrid,ES,3,0,0,Madrid,943.517574161,45196.043401,52.0,981.0,20.7,37.7,94.9,10.1,2.5,981.0,37.7,369.83700000000005,1592776266,10.993887002278177
2807914089,28079,089,14,079,28,13,2807914,28079,Madrid,Comunidad de Madrid,ES,3,0,0,Madrid,1441.05513807,104477.306089,40.5,1549.0,16.7,11.6,86.8,18.1,2.9,1549.0,11.6,179.68399999999997,8944858085,7.533076721494518
2807914090,28079,090,14,079,28,13,2807914,28079,Madrid,Comunidad de Madrid,ES,3,0,0,Madrid,2924.755264,423820.081262,39.5,1579.0,18.9,11.1,86.7,17.2,3.0,1579.0,11.1,175.26899999999998,1202371289,44.022576214988156
2807914091,28079,091,14,079,28,13,2807914,28079,Madrid,Comunidad de Madrid,ES,3,0,0,Madrid,1665.62428934,140317.526703,44.9,1834.0,19.6,14.9,96.8,11.6,2.8,1834.0,14.9,273.266,316780255,15.538800946594064
2807914092,28079,092,14,079,28,13,2807914,28079,Madrid,Comunidad de Madrid,ES,3,0,0,Madrid,1603.02037751,116022.482032,39.6,1340.0,16.1,10.2,94.6,18.2,3.1,1340.0,10.2,136.67999999999998,316780110,26.105782758171586
2807914093,28079,093,14,079,28,13,2807914,28079,Madrid,Comunidad de Madrid,ES,3,0,0,Madrid,1108.15020774,66816.36789,41.6,1410.0,23.2,12.1,94.6,16.4,2.7,1410.0,12.1,170.61,4840147919,35.66560868742562
2807914094,28079,094,14,079,28,13,2807914,28079,Madrid,Comunidad de Madrid,ES,3,0,0,Madrid,6584.76716987,924608.904655,49.5,1582.0,22.5,26.0,96.7,9.6,2.6,1582.0,26.0,411.32,7826057620,15.928101648650712
2807914095,28079,095,14,079,28,13,2807914,28079,Madrid,Comunidad de Madrid,ES,3,0,0,Madrid,566.575237498,17256.7212134,47.3,762.0,15.7,21.8,97.1,8.5,2.8,762.0,21.8,166.116,1596384693,71.37667356942536
2807915001,28079,001,15,079,28,13,2807915,28079,Madrid,Comunidad de Madrid,ES,3,0,0,Madrid,1417.32872232,61368.067297,46.0,1072.0,26.8,23.6,86.5,11.7,2.5,1072.0,23.6,252.99200000000002,3253560970,34.18136489616133
2807915002,28079,002,15,079,28,13,2807915,28079,Madrid,Comunidad de Madrid,ES,3,0,0,Madrid,1046.84374506,52928.9358699,47.7,988.0,34.6,26.6,81.6,11.7,2.4,988.0,26.6,262.80800000000005,1411139466,9.064538276770488
2807915003,28079,003,15,079,28,13,2807915,28079,Madrid,Comunidad de Madrid,ES,3,0,0,Madrid,889.026233184,51272.9559863,49.7,1035.0,40.6,30.1,83.8,8.4,2.0,1035.0,30.1,311.535,12570678279,16.53784493867722
2807915005,28079,005,15,079,28,13,2807915,28079,Madrid,Comunidad de Madrid,ES,3,0,0,Madrid,5826.18442162,1631993.22232,49.1,862.0,23.1,28.9,87.4,10.8,2.5,862.0,28.9,249.118,3165294169,23.055736840843945
2807915006,28079,006,15,079,28,13,2807915,28079,Madrid,Comunidad de Madrid,ES,3,0,0,Madrid,985.096405601,24276.5626579,46.4,1382.0,30.7,22.1,80.6,11.9,2.5,1382.0,22.1,305.422,3262170465,11.529563919022252
2807915008,28079,008,15,079,28,13,2807915,28079,Madrid,Comunidad de Madrid,ES,3,0,0,Madrid,2579.66018244,295039.716176,48.4,2031.0,35.0,25.7,84.3,11.1,2.3,2031.0,25.7,521.967,319778678,25.618353819479065
2807915009,28079,009,15,079,28,13,2807915,28079,Madrid,Comunidad de Madrid,ES,3,0,0,Madrid,1049.46068567,29958.6467507,43.5,1365.0,29.6,15.8,78.0,12.9,2.6,1365.0,15.8,215.67,3156322779,13.898199338613173
2807915010,28079,010,15,079,28,13,2807915,28079,Madrid,Comunidad de Madrid,ES,3,0,0,Madrid,786.968107497,30873.9530793,43.7,995.0,36.8,16.5,74.5,13.9,2.4,995.0,16.5,164.175,3158292921,24.6692204727309
2807915011,28079,011,15,079,28,13,2807915,28079,Madrid,Comunidad de Madrid,ES,3,0,0,Madrid,743.7673985,30018.9969158,43.4,1491.0,33.2,16.4,75.3,12.7,2.7,1491.0,16.4,244.52399999999997,3158211444,13.195073047673333
2807915012,28079,012,15,079,28,13,2807915,28079,Madrid,Comunidad de Madrid,ES,3,0,0,Madrid,778.201939476,27681.2373913,45.8,885.0,31.0,21.0,84.5,12.3,2.5,885.0,21.0,185.85,1318829757,13.325494163215847
2807915013,28079,013,15,079,28,13,2807915,28079,Madrid,Comunidad de Madrid,ES,3,0,0,Madrid,1021.27353015,39679.9852505,45.1,1008.0,29.4,18.5,80.0,12.3,2.6,1008.0,18.5,186.48,3161330224,14.921671517399375
2807915014,28079,014,15,079,28,13,2807915,28079,Madrid,Comunidad de Madrid,ES,3,0,0,Madrid,1290.44825794,49332.1882495,44.0,1325.0,30.6,18.6,79.3,13.1,2.6,1325.0,18.6,246.45000000000005,3159777671,8.829077771258442
2807915015,28079,015,15,079,28,13,2807915,28079,Madrid,Comunidad de Madrid,ES,3,0,0,Madrid,683.281471238,16825.6118168,45.6,810.0,36.4,20.0,75.9,11.5,2.5,810.0,20.0,162.0,12222826104,12.164228722219931
2807915016,28079,016,15,079,28,13,2807915,28079,Madrid,Comunidad de Madrid,ES,3,0,0,Madrid,953.264256266,26146.2125497,43.9,1315.0,35.7,19.0,72.9,11.9,2.4,1315.0,19.0,249.85,3156570386,25.334772206209234
2807915017,28079,017,15,079,28,13,2807915,28079,Madrid,Comunidad de Madrid,ES,3,0,0,Madrid,673.428755875,14858.726959,48.5,849.0,31.9,26.9,79.0,8.7,2.4,849.0,26.9,228.38099999999997,3139886777,3.75732933975556
2807915018,28079,018,15,079,28,13,2807915,28079,Madrid,Comunidad de Madrid,ES,3,0,0,Madrid,507.941901954,14369.7337539,48.1,885.0,30.8,28.7,78.5,12.7,2.6,885.0,28.7,253.995,3139935758,11.44781125489544
2807915019,28079,019,15,079,28,13,2807915,28079,Madrid,Comunidad de Madrid,ES,3,0,0,Madrid,492.385221037,14738.0560992,44.5,909.0,32.6,22.0,78.0,12.5,2.4,909.0,22.0,199.98,3139935936,19.512949601997107
2807915020,28079,020,15,079,28,13,2807915,28079,Madrid,Comunidad de Madrid,ES,3,0,0,Madrid,986.265792911,22957.2608844,43.2,1152.0,33.0,19.3,73.2,14.2,2.5,1152.0,19.3,222.336,319774687,17.405380984581505
2807915021,28079,021,15,079,28,13,2807915,28079,Madrid,Comunidad de Madrid,ES,3,0,0,Madrid,484.723733128,14541.8636715,45.8,790.0,35.3,23.2,78.1,12.7,2.4,790.0,23.2,183.28,3256555798,16.236223507830935
2807915022,28079,022,15,079,28,13,2807915,28079,Madrid,Comunidad de Madrid,ES,3,0,0,Madrid,681.324726918,20365.9740478,43.8,1258.0,30.0,18.9,80.6,12.5,2.7,1258.0,18.9,237.76199999999997,3257041792,6.520646577346397
2807915023,28079,023,15,079,28,13,2807915,28079,Madrid,Comunidad de Madrid,ES,3,0,0,Madrid,863.150849074,44006.0325448,46.1,1620.0,32.3,22.2,80.9,10.8,2.4,1620.0,22.2,359.64,307998716,20.489558590781137
2807915024,28079,024,15,079,28,13,2807915,28079,Madrid,Comunidad de Madrid,ES,3,0,0,Madrid,989.517620292,50605.7042114,45.8,1106.0,39.1,21.9,83.0,13.7,2.3,1106.0,21.9,242.21399999999997,307999007,51.91826359212125
2807915025,28079,025,15,079,28,13,2807915,28079,Madrid,Comunidad de Madrid,ES,3,0,0,Madrid,824.308420384,26385.7123557,47.1,1337.0,27.6,25.2,83.4,10.8,2.4,1337.0,25.2,336.92400000000004,307998626,22.072648009143208
2807915026,28079,026,15,079,28,13,2807915,28079,Madrid,Comunidad de Madrid,ES,3,0,0,Madrid,599.584834922,19614.1377561,45.6,1011.0,33.5,21.4,76.6,12.0,2.5,1011.0,21.4,216.35399999999998,3139935975,14.525924727647878
2807915027,28079,027,15,079,28,13,2807915,28079,Madrid,Comunidad de Madrid,ES,3,0,0,Madrid,654.671203587,22333.2160082,44.7,937.0,25.6,21.3,84.6,14.5,2.6,937.0,21.3,199.58100000000002,3142067816,9.774977126068745
2807915028,28079,028,15,079,28,13,2807915,28079,Madrid,Comunidad de Madrid,ES,3,0,0,Madrid,475.520655155,13418.2869887,47.9,947.0,33.0,24.8,83.1,9.7,2.4,947.0,24.8,234.85600000000002,3262170539,9.985411662324237
2807915029,28079,029,15,079,28,13,2807915,28079,Madrid,Comunidad de Madrid,ES,3,0,0,Madrid,609.118701417,21145.0376855,48.1,1197.0,39.9,25.7,82.9,9.6,2.1,1197.0,25.7,307.62899999999996,3255387845,21.390713435292763
2807915030,28079,030,15,079,28,13,2807915,28079,Madrid,Comunidad de Madrid,ES,3,0,0,Madrid,938.47794246,39355.1062522,49.8,1259.0,33.6,33.2,87.3,9.8,2.3,1259.0,33.2,417.98800000000006,12311377770,29.215950973661023
2807915031,28079,031,15,079,28,13,2807915,28079,Madrid,Comunidad de Madrid,ES,3,0,0,Madrid,1107.13724063,49074.0711236,48.3,1132.0,33.9,26.9,86.7,10.8,2.3,1132.0,26.9,304.508,3255064680,30.569916393252917
2807915032,28079,032,15,079,28,13,2807915,28079,Madrid,Comunidad de Madrid,ES,3,0,0,Madrid,867.560076343,29728.7730173,46.8,1312.0,29.0,25.8,87.6,11.9,2.5,1312.0,25.8,338.496,7616421530,20.519437524899278
2807915033,28079,033,15,079,28,13,2807915,28079,Madrid,Comunidad de Madrid,ES,3,0,0,Madrid,1047.59174577,51450.70659,45.1,1555.0,40.1,21.2,76.7,10.5,2.2,1555.0,21.2,329.66,11909348275,55.17540302555845
2807915034,28079,034,15,079,28,13,2807915,28079,Madrid,Comunidad de Madrid,ES,3,0,0,Madrid,1038.09544971,31151.1165602,44.9,943.0,33.3,20.8,78.2,13.0,2.4,943.0,20.8,196.144,101032710,23.496528042662483
2807915035,28079,035,15,079,28,13,2807915,28079,Madrid,Comunidad de Madrid,ES,3,0,0,Madrid,868.007897173,26508.3753638,45.9,1285.0,36.4,23.8,84.4,11.4,2.3,1285.0,23.8,305.83,3249928164,23.380426203306616
2807915036,28079,036,15,079,28,13,2807915,28079,Madrid,Comunidad de Madrid,ES,3,0,0,Madrid,678.948425132,19704.8260068,45.9,976.0,33.8,21.6,76.7,9.8,2.4,976.0,21.6,210.81600000000003,101029011,40.69814777117505
2807915037,28079,037,15,079,28,13,2807915,28079,Madrid,Comunidad de Madrid,ES,3,0,0,Madrid,884.346141115,29033.3907707,44.7,1298.0,35.3,20.2,75.6,9.8,2.4,1298.0,20.2,262.19599999999997,101031756,22.793731789316492
2807915038,28079,038,15,079,28,13,2807915,28079,Madrid,Comunidad de Madrid,ES,3,0,0,Madrid,987.518312995,40445.1891377,45.6,1904.0,31.5,21.5,78.1,10.0,2.4,1904.0,21.5,409.36,3201484522,7.695558606811041
2807915039,28079,039,15,079,28,13,2807915,28079,Madrid,Comunidad de Madrid,ES,3,0,0,Madrid,740.519160861,33497.4303646,44.9,1810.0,38.1,20.4,74.1,10.9,2.3,1810.0,20.4,369.24,101026150,30.424139157603467
2807915040,28079,040,15,079,28,13,2807915,28079,Madrid,Comunidad de Madrid,ES,3,0,0,Madrid,820.493082882,39006.3726715,43.8,1802.0,38.6,20.5,71.3,11.5,2.4,1802.0,20.5,369.41,101025020,9.69885120371958
2807915041,28079,041,15,079,28,13,2807915,28079,Madrid,Comunidad de Madrid,ES,3,0,0,Madrid,974.978542413,46694.6049469,42.5,1898.0,30.7,15.9,75.2,12.5,2.5,1898.0,15.9,301.782,101025026,21.153327906297555
2807915042,28079,042,15,079,28,13,2807915,28079,Madrid,Comunidad de Madrid,ES,3,0,0,Madrid,1076.39611931,57118.973886,46.2,1780.0,28.9,21.0,83.7,10.2,2.5,1780.0,21.0,373.8,101042212,19.742717540494088
2807915043,28079,043,15,079,28,13,2807915,28079,Madrid,Comunidad de Madrid,ES,3,0,0,Madrid,887.844288015,30794.3669244,44.9,1465.0,29.7,21.1,73.9,11.3,2.6,1465.0,21.1,309.115,3176784841,22.893907978540337
2807915044,28079,044,15,079,28,13,2807915,28079,Madrid,Comunidad de Madrid,ES,3,0,0,Madrid,930.953891484,36561.5781624,47.0,1442.0,32.2,26.2,81.2,11.8,2.4,1442.0,26.2,377.80400000000003,100986683,49.44538377681578
2807915045,28079,045,15,079,28,13,2807915,28079,Madrid,Comunidad de Madrid,ES,3,0,0,Madrid,907.719626988,31736.1305168,46.8,1243.0,31.4,26.1,76.2,10.7,2.5,1243.0,26.1,324.423,3276482497,36.639081176543165
2807915046,28079,046,15,079,28,13,2807915,28079,Madrid,Comunidad de Madrid,ES,3,0,0,Madrid,1043.2367836,29339.3346951,45.6,1568.0,29.0,21.7,76.9,10.3,2.6,1568.0,21.7,340.256,100985453,27.224713382068717
2807915047,28079,047,15,079,28,13,2807915,28079,Madrid,Comunidad de Madrid,ES,3,0,0,Madrid,777.572939661,22957.5848409,46.1,1015.0,34.8,23.1,74.0,11.0,2.5,1015.0,23.1,234.465,101037084,42.233291936814695
2807915048,28079,048,15,079,28,13,2807915,28079,Madrid,Comunidad de Madrid,ES,3,0,0,Madrid,911.924703046,29562.8399787,43.8,1464.0,26.4,20.4,70.3,11.8,2.8,1464.0,20.4,298.656,100971069,37.42970981696286
2807915049,28079,049,15,079,28,13,2807915,28079,Madrid,Comunidad de Madrid,ES,3,0,0,Madrid,805.414152406,30316.0250464,42.3,1509.0,36.5,16.3,70.8,14.1,2.5,1509.0,16.3,245.967,100983251,54.38542935230368
2807915050,28079,050,15,079,28,13,2807915,28079,Madrid,Comunidad de Madrid,ES,3,0,0,Madrid,830.754816224,35301.7708571,45.0,1500.0,29.8,21.4,75.5,12.5,2.5,1500.0,21.4,320.99999999999994,565824749,20.24627150673018
2807915051,28079,051,15,079,28,13,2807915,28079,Madrid,Comunidad de Madrid,ES,3,0,0,Madrid,937.479677581,39596.1324364,44.0,1854.0,28.3,19.0,78.3,12.2,2.6,1854.0,19.0,352.26,101039858,10.75136396029503
2807915052,28079,052,15,079,28,13,2807915,28079,Madrid,Comunidad de Madrid,ES,3,0,0,Madrid,504.502935182,12844.6393585,42.7,814.0,31.9,16.6,75.9,13.3,2.5,814.0,16.6,135.12400000000002,101045087,34.520204884015094
2807915053,28079,053,15,079,28,13,2807915,28079,Madrid,Comunidad de Madrid,ES,3,0,0,Madrid,742.487813427,27036.312251,42.6,1678.0,29.4,18.5,73.9,14.0,2.7,1678.0,18.5,310.43,3465449084,20.594452374467547
2807915054,28079,054,15,079,28,13,2807915,28079,Madrid,Comunidad de Madrid,ES,3,0,0,Madrid,936.845917105,51202.6750047,44.2,1748.0,31.0,21.2,75.3,13.8,2.5,1748.0,21.2,370.57599999999996,101056213,12.939164047341002
2807915056,28079,056,15,079,28,13,2807915,28079,Madrid,Comunidad de Madrid,ES,3,0,0,Madrid,1166.90162336,75137.1364235,44.7,1573.0,31.7,20.7,72.8,11.6,2.6,1573.0,20.7,325.611,3523359433,22.29664299170837
2807915057,28079,057,15,079,28,13,2807915,28079,Madrid,Comunidad de Madrid,ES,3,0,0,Madrid,631.650034602,24975.6067992,44.4,1514.0,24.3,20.8,78.5,12.8,2.7,1514.0,20.8,314.91200000000003,3463272551,17.719587101955202
2807915058,28079,058,15,079,28,13,2807915,28079,Madrid,Comunidad de Madrid,ES,3,0,0,Madrid,658.630016636,22909.3578308,42.2,1307.0,28.3,16.1,72.7,13.8,2.7,1307.0,16.1,210.42700000000002,101048126,1.9363902245102473
2807915059,28079,059,15,079,28,13,2807915,28079,Madrid,Comunidad de Madrid,ES,3,0,0,Madrid,659.221978679,17306.9826333,44.8,937.0,31.8,20.7,79.2,12.4,2.6,937.0,20.7,193.95899999999997,101048128,19.317699787282987
2807915060,28079,060,15,079,28,13,2807915,28079,Madrid,Comunidad de Madrid,ES,3,0,0,Madrid,585.803653826,20555.417409,43.2,1252.0,30.9,18.6,73.1,13.0,2.5,1252.0,18.6,232.872,3465448109,13.07549174001881
2807915061,28079,061,15,079,28,13,2807915,28079,Madrid,Comunidad de Madrid,ES,3,0,0,Madrid,1741.29393424,84340.1403679,45.5,1479.0,28.8,24.1,78.9,13.2,2.6,1479.0,24.1,356.439,3274874190,3.7358914291328627
2807915062,28079,062,15,079,28,13,2807915,28079,Madrid,Comunidad de Madrid,ES,3,0,0,Madrid,1462.21946781,78437.6330109,42.8,2537.0,29.5,18.3,82.3,16.6,2.5,2537.0,18.3,464.27099999999996,1602135522,18.216262171570143
2807915065,28079,065,15,079,28,13,2807915,28079,Madrid,Comunidad de Madrid,ES,3,0,0,Madrid,2683.82325787,223144.023828,45.6,1377.0,24.0,21.1,87.9,13.8,2.6,1377.0,21.1,290.547,3280170293,31.26620561815206
2807915066,28079,066,15,079,28,13,2807915,28079,Madrid,Comunidad de Madrid,ES,3,0,0,Madrid,537.513985732,18778.9718154,50.4,702.0,30.1,32.2,86.6,11.5,2.3,702.0,32.2,226.044,1426000975,65.39895724601013
2807915067,28079,067,15,079,28,13,2807915,28079,Madrid,Comunidad de Madrid,ES,3,0,0,Madrid,1698.9296213,127548.416673,53.8,922.0,27.4,42.3,88.7,11.1,2.3,922.0,42.3,390.006,3280735366,56.3640022211512
2807915068,28079,068,15,079,28,13,2807915,28079,Madrid,Comunidad de Madrid,ES,3,0,0,Madrid,981.092989054,55542.1892285,48.4,1174.0,31.1,24.4,94.3,8.6,2.3,1174.0,24.4,286.45599999999996,1425994915,18.769905464033883
2807915069,28079,069,15,079,28,13,2807915,28079,Madrid,Comunidad de Madrid,ES,3,0,0,Madrid,1974.9764655,192521.828064,42.7,1955.0,20.4,12.6,96.0,13.9,2.7,1955.0,12.6,246.33,13660681111,13.149150532151731
2807915070,28079,070,15,079,28,13,2807915,28079,Madrid,Comunidad de Madrid,ES,3,0,0,Madrid,1271.02598872,81589.0186562,44.2,2465.0,21.5,20.3,89.0,15.9,2.7,2465.0,20.3,500.395,101215223,8.281334163361914
2807915071,28079,071,15,079,28,13,2807915,28079,Madrid,Comunidad de Madrid,ES,3,0,0,Madrid,923.717154104,38995.214085,43.8,1483.0,34.5,19.3,73.4,13.8,2.5,1483.0,19.3,286.219,3294853778,32.38802822741987
2807915073,28079,073,15,079,28,13,2807915,28079,Madrid,Comunidad de Madrid,ES,3,0,0,Madrid,1485.67725439,98168.4803832,41.5,1277.0,28.4,17.2,75.8,15.4,2.9,1277.0,17.2,219.64399999999998,3258301660,12.161974597737046
2807915074,28079,074,15,079,28,13,2807915,28079,Madrid,Comunidad de Madrid,ES,3,0,0,Madrid,1250.56082661,66641.5305965,44.1,2029.0,31.5,20.8,78.0,14.9,2.6,2029.0,20.8,422.03200000000004,3298319237,27.020697239559606
2807915075,28079,075,15,079,28,13,2807915,28079,Madrid,Comunidad de Madrid,ES,3,0,0,Madrid,1053.70879365,35423.1623503,47.4,1541.0,32.0,24.9,79.0,11.6,2.6,1541.0,24.9,383.70899999999995,100982829,37.153798603245605
2807915076,28079,076,15,079,28,13,2807915,28079,Madrid,Comunidad de Madrid,ES,3,0,0,Madrid,710.623511925,26207.812205,47.7,961.0,28.4,25.7,79.9,14.4,2.5,961.0,25.7,246.977,3258301873,48.59968217362606
2807915077,28079,077,15,079,28,13,2807915,28079,Madrid,Comunidad de Madrid,ES,3,0,0,Madrid,815.592434111,31069.4113285,48.0,1112.0,30.2,28.0,79.0,12.1,2.5,1112.0,28.0,311.36,3523359464,8.855268452246706
2807915078,28079,078,15,079,28,13,2807915,28079,Madrid,Comunidad de Madrid,ES,3,0,0,Madrid,834.971508701,34624.4615783,43.8,936.0,35.8,18.7,68.0,11.9,2.4,936.0,18.7,175.032,3277380162,14.752033854313545
2807915079,28079,079,15,079,28,13,2807915,28079,Madrid,Comunidad de Madrid,ES,3,0,0,Madrid,689.177572242,24407.1326965,44.5,782.0,40.5,20.1,77.5,12.2,2.4,782.0,20.1,157.18200000000002,3277380506,26.134398452900687
2807915080,28079,080,15,079,28,13,2807915,28079,Madrid,Comunidad de Madrid,ES,3,0,0,Madrid,772.429812187,33158.4591555,42.4,929.0,34.7,17.2,73.6,15.1,2.5,929.0,17.2,159.78799999999998,2455932913,8.095338136818217
2807915081,28079,081,15,079,28,13,2807915,28079,Madrid,Comunidad de Madrid,ES,3,0,0,Madrid,601.345425573,21612.3704884,41.4,1859.0,26.6,14.4,70.0,15.3,2.9,1859.0,14.4,267.696,3523359486,58.04819056475371
2807915082,28079,082,15,079,28,13,2807915,28079,Madrid,Comunidad de Madrid,ES,3,0,0,Madrid,1079.96416857,33896.4481588,49.4,1283.0,29.7,32.9,81.3,9.8,2.4,1283.0,32.9,422.10699999999997,2455932925,11.968655103791992
2807915083,28079,083,15,079,28,13,2807915,28079,Madrid,Comunidad de Madrid,ES,3,0,0,Madrid,732.363288106,33112.8332215,41.8,1575.0,28.8,16.2,71.5,14.2,2.8,1575.0,16.2,255.15,100971329,54.39073804652298
2807915084,28079,084,15,079,28,13,2807915,28079,Madrid,Comunidad de Madrid,ES,3,0,0,Madrid,597.080180737,20044.7424833,44.1,1119.0,28.1,19.0,69.3,12.7,2.6,1119.0,19.0,212.61,100983829,29.73194672370076
2807915085,28079,085,15,079,28,13,2807915,28079,Madrid,Comunidad de Madrid,ES,3,0,0,Madrid,703.059950806,25775.4727066,44.3,1486.0,32.4,19.7,72.0,13.1,2.7,1486.0,19.7,292.742,100971324,49.46855107435067
2807915086,28079,086,15,079,28,13,2807915,28079,Madrid,Comunidad de Madrid,ES,3,0,0,Madrid,984.94305813,30293.0705766,45.8,1085.0,31.5,22.9,75.5,10.8,2.5,1085.0,22.9,248.465,13511762991,41.9354690390378
2807915087,28079,087,15,079,28,13,2807915,28079,Madrid,Comunidad de Madrid,ES,3,0,0,Madrid,655.240833207,23209.1200043,42.8,1376.0,36.3,16.2,64.9,11.3,2.5,1376.0,16.2,222.912,3258078979,30.7544827695359
2807915088,28079,088,15,079,28,13,2807915,28079,Madrid,Comunidad de Madrid,ES,3,0,0,Madrid,719.784894721,26243.8145418,42.4,1242.0,31.4,16.3,67.7,14.8,2.8,1242.0,16.3,202.44600000000003,3523382806,73.6474579693594
2807915089,28079,089,15,079,28,13,2807915,28079,Madrid,Comunidad de Madrid,ES,3,0,0,Madrid,962.519641512,24258.3776826,43.8,1328.0,29.9,19.4,71.5,13.3,2.8,1328.0,19.4,257.63199999999995,3424629941,25.148399117901423
2807915090,28079,090,15,079,28,13,2807915,28079,Madrid,Comunidad de Madrid,ES,3,0,0,Madrid,1194.88153713,77556.0121341,49.8,1836.0,31.9,27.8,90.2,8.2,2.3,1836.0,27.8,510.408,3259100267,20.96053393045403
2807915092,28079,092,15,079,28,13,2807915,28079,Madrid,Comunidad de Madrid,ES,3,0,0,Madrid,1443.22866061,113816.077375,47.6,1536.0,35.4,25.4,85.7,12.8,2.3,1536.0,25.4,390.14399999999995,2506349993,97.73955334841513
2807915093,28079,093,15,079,28,13,2807915,28079,Madrid,Comunidad de Madrid,ES,3,0,0,Madrid,959.549985789,47568.1440288,45.2,1413.0,33.1,21.5,78.7,12.7,2.5,1413.0,21.5,303.795,2507776628,30.31527140273044
2807915094,28079,094,15,079,28,13,2807915,28079,Madrid,Comunidad de Madrid,ES,3,0,0,Madrid,1119.64745041,61703.363902,45.7,1396.0,35.8,20.8,81.0,10.7,2.3,1396.0,20.8,290.368,243073894,13.781414660225735
2807915095,28079,095,15,079,28,13,2807915,28079,Madrid,Comunidad de Madrid,ES,3,0,0,Madrid,524.624294695,16341.2775523,44.9,916.0,35.6,20.6,70.6,12.1,2.4,916.0,20.6,188.69600000000003,1833026278,49.69052017487768
2807915096,28079,096,15,079,28,13,2807915,28079,Madrid,Comunidad de Madrid,ES,3,0,0,Madrid,808.187113885,34634.4003045,45.4,1390.0,31.6,23.0,77.9,13.4,2.5,1390.0,23.0,319.7,1838900132,16.904201737972272
2807915097,28079,097,15,079,28,13,2807915,28079,Madrid,Comunidad de Madrid,ES,3,0,0,Madrid,628.097157039,21852.3792599,43.4,945.0,28.1,19.6,72.5,13.0,2.7,945.0,19.6,185.22,1833026264,57.841159877585625
2807915098,28079,098,15,079,28,13,2807915,28079,Madrid,Comunidad de Madrid,ES,3,0,0,Madrid,630.429766928,22222.5643055,44.3,1156.0,34.0,19.9,71.4,11.5,2.5,1156.0,19.9,230.04399999999998,1838900125,54.66342871185977
2807915099,28079,099,15,079,28,13,2807915,28079,Madrid,Comunidad de Madrid,ES,3,0,0,Madrid,796.741315106,36285.4421045,44.0,1533.0,33.8,18.8,71.1,11.6,2.6,1533.0,18.8,288.204,324348755,20.349474815437887
2807915100,28079,100,15,079,28,13,2807915,28079,Madrid,Comunidad de Madrid,ES,3,0,0,Madrid,557.359627618,19386.5832176,45.0,876.0,37.1,20.2,69.8,12.1,2.5,876.0,20.2,176.952,13511762977,64.54969749192094
2807915101,28079,101,15,079,28,13,2807915,28079,Madrid,Comunidad de Madrid,ES,3,0,0,Madrid,624.136260756,23858.3343926,43.8,1159.0,35.8,19.1,74.9,13.2,2.5,1159.0,19.1,221.36900000000003,1838900147,8.818987517955346
2807915102,28079,102,15,079,28,13,2807915,28079,Madrid,Comunidad de Madrid,ES,3,0,0,Madrid,673.743641035,18902.904381,44.4,1123.0,32.4,18.7,81.4,13.4,2.5,1123.0,18.7,210.00099999999998,2139877352,40.271656205802415
2807915103,28079,103,15,079,28,13,2807915,28079,Madrid,Comunidad de Madrid,ES,3,0,0,Madrid,623.914515888,24475.6509022,44.4,1387.0,37.7,18.4,77.6,10.2,2.3,1387.0,18.4,255.208,250633267,14.047840583456178
2807915105,28079,105,15,079,28,13,2807915,28079,Madrid,Comunidad de Madrid,ES,3,0,0,Madrid,713.069295128,32088.4213197,46.6,1518.0,41.3,22.3,78.7,9.7,2.2,1518.0,22.3,338.514,3294442828,10.592183806142732
2807915106,28079,106,15,079,28,13,2807915,28079,Madrid,Comunidad de Madrid,ES,3,0,0,Madrid,678.186161706,26396.7635876,43.8,1487.0,31.1,20.0,72.7,12.0,2.6,1487.0,20.0,297.4,242851295,10.07041343358914
2807915108,28079,108,15,079,28,13,2807915,28079,Madrid,Comunidad de Madrid,ES,3,0,0,Madrid,701.933698474,25223.9891793,46.3,1025.0,37.6,24.1,76.6,10.4,2.4,1025.0,24.1,247.025,3538436519,9.471958236719438
2807915109,28079,109,15,079,28,13,2807915,28079,Madrid,Comunidad de Madrid,ES,3,0,0,Madrid,856.42254762,37982.6872688,45.3,1488.0,34.9,20.9,83.3,11.0,2.3,1488.0,20.9,310.99199999999996,1833010747,13.886927991786814
2807915110,28079,110,15,079,28,13,2807915,28079,Madrid,Comunidad de Madrid,ES,3,0,0,Madrid,1501.34193543,77235.443686,43.7,1813.0,38.4,19.2,76.3,12.2,2.3,1813.0,19.2,348.096,3558155262,14.059470833233549
2807915111,28079,111,15,079,28,13,2807915,28079,Madrid,Comunidad de Madrid,ES,3,0,0,Madrid,459.090105118,13090.6906508,46.4,913.0,37.8,24.6,83.7,11.7,2.2,913.0,24.6,224.59800000000004,3538436525,1.736767108723393
2807915112,28079,112,15,079,28,13,2807915,28079,Madrid,Comunidad de Madrid,ES,3,0,0,Madrid,809.323606711,34263.3065302,44.3,1518.0,34.0,18.9,76.3,12.3,2.4,1518.0,18.9,286.902,3538436516,9.614388139570849
2807915113,28079,113,15,079,28,13,2807915,28079,Madrid,Comunidad de Madrid,ES,3,0,0,Madrid,798.483990708,34809.5231766,44.7,1508.0,35.8,19.5,76.6,11.4,2.3,1508.0,19.5,294.06,3538436499,8.062450512304354
2807915114,28079,114,15,079,28,13,2807915,28079,Madrid,Comunidad de Madrid,ES,3,0,0,Madrid,810.446778055,31749.1324654,46.3,920.0,38.6,23.2,80.4,10.9,2.2,920.0,23.2,213.44,4416673677,16.24544905877061
2807915115,28079,115,15,079,28,13,2807915,28079,Madrid,Comunidad de Madrid,ES,3,0,0,Madrid,1146.97472283,65820.924068,46.8,1880.0,37.2,24.2,85.2,11.3,2.3,1880.0,24.2,454.96,12323225015,12.490227587046704
2807915116,28079,116,15,079,28,13,2807915,28079,Madrid,Comunidad de Madrid,ES,3,0,0,Madrid,771.450994345,23723.8383836,46.2,1136.0,34.7,22.2,79.3,11.8,2.4,1136.0,22.2,252.192,13686196987,9.887576896921543
2807915117,28079,117,15,079,28,13,2807915,28079,Madrid,Comunidad de Madrid,ES,3,0,0,Madrid,555.763876083,17833.1300988,45.4,1434.0,37.1,21.8,74.0,10.8,2.3,1434.0,21.8,312.612,6875974577,34.98846346830625
2807915118,28079,118,15,079,28,13,2807915,28079,Madrid,Comunidad de Madrid,ES,3,0,0,Madrid,519.665221508,15405.6233243,46.5,1050.0,44.3,23.1,81.9,10.1,2.0,1050.0,23.1,242.55,2794685333,30.075582361505347
2807915119,28079,119,15,079,28,13,2807915,28079,Madrid,Comunidad de Madrid,ES,3,0,0,Madrid,539.313725885,16073.1771525,46.7,1170.0,45.1,23.4,80.4,12.0,2.0,1170.0,23.4,273.78,2794685338,45.548506997667445
2807915120,28079,120,15,079,28,13,2807915,28079,Madrid,Comunidad de Madrid,ES,3,0,0,Madrid,478.675491007,9484.07478313,46.7,974.0,41.0,23.8,74.0,10.4,2.3,974.0,23.8,231.812,5915778757,40.87290023909924
2807915121,28079,121,15,079,28,13,2807915,28079,Madrid,Comunidad de Madrid,ES,3,0,0,Madrid,464.408600999,8739.10409061,47.7,738.0,41.6,24.8,83.2,10.6,2.1,738.0,24.8,183.024,13686196925,49.34199141937027
2807915122,28079,122,15,079,28,13,2807915,28079,Madrid,Comunidad de Madrid,ES,3,0,0,Madrid,1341.65790415,69696.3251387,47.0,1186.0,33.3,24.7,82.8,11.2,2.3,1186.0,24.7,292.942,9233655352,14.965097276795408
2807915123,28079,123,15,079,28,13,2807915,28079,Madrid,Comunidad de Madrid,ES,3,0,0,Madrid,768.714214351,26726.550192,45.9,1270.0,30.6,21.7,86.3,13.5,2.4,1270.0,21.7,275.59,98972113,21.330404240272387
2807915124,28079,124,15,079,28,13,2807915,28079,Madrid,Comunidad de Madrid,ES,3,0,0,Madrid,1508.98930837,90204.7002449,44.8,1114.0,31.5,22.2,82.5,13.7,2.5,1114.0,22.2,247.308,244449873,61.45270378020466
2807915125,28079,125,15,079,28,13,2807915,28079,Madrid,Comunidad de Madrid,ES,3,0,0,Madrid,1198.35767313,69225.5339732,46.5,872.0,27.3,26.4,90.6,17.2,2.6,872.0,26.4,230.208,324497080,33.47938536869739
2807915126,28079,126,15,079,28,13,2807915,28079,Madrid,Comunidad de Madrid,ES,3,0,0,Madrid,562.842631508,19792.7547389,46.4,1243.0,35.0,22.2,80.3,10.6,2.5,1243.0,22.2,275.94599999999997,324348805,26.457248669685676
2807915127,28079,127,15,079,28,13,2807915,28079,Madrid,Comunidad de Madrid,ES,3,0,0,Madrid,1389.7261037,98132.636902,47.8,1549.0,38.0,25.5,85.8,11.8,2.3,1549.0,25.5,394.995,4919600269,30.17097657416484
2807915128,28079,128,15,079,28,13,2807915,28079,Madrid,Comunidad de Madrid,ES,3,0,0,Madrid,2252.08693699,199283.729486,46.6,2089.0,35.8,25.5,89.4,15.5,2.3,2089.0,25.5,532.695,3368693613,22.466708861113634
2807915129,28079,129,15,079,28,13,2807915,28079,Madrid,Comunidad de Madrid,ES,3,0,0,Madrid,1580.49694159,70526.0387564,44.1,1088.0,34.3,20.0,87.1,13.3,2.3,1088.0,20.0,217.6,4000464996,5.008988341194671
2807915130,28079,130,15,079,28,13,2807915,28079,Madrid,Comunidad de Madrid,ES,3,0,0,Madrid,769.106432155,21128.6004392,47.5,1030.0,40.3,23.5,86.2,11.8,2.2,1030.0,23.5,242.05,2646161168,25.088116551756446
2807915131,28079,131,15,079,28,13,2807915,28079,Madrid,Comunidad de Madrid,ES,3,0,0,Madrid,932.029230329,34912.4450823,45.0,1054.0,34.5,22.4,86.5,14.5,2.4,1054.0,22.4,236.09599999999998,98973119,13.44931789758808
2807915132,28079,132,15,079,28,13,2807915,28079,Madrid,Comunidad de Madrid,ES,3,0,0,Madrid,1922.16099257,173668.719113,49.5,1251.0,28.7,30.8,93.2,10.7,2.5,1251.0,30.8,385.30800000000005,2803215923,3.5543546131566424
2807915133,28079,133,15,079,28,13,2807915,28079,Madrid,Comunidad de Madrid,ES,3,0,0,Madrid,1108.60828217,44743.1510569,47.6,1594.0,32.0,26.5,90.7,10.8,2.3,1594.0,26.5,422.41,339205422,28.279845917448917
2807915134,28079,134,15,079,28,13,2807915,28079,Madrid,Comunidad de Madrid,ES,3,0,0,Madrid,755.98850124,22755.7591931,49.5,1201.0,35.9,30.9,88.1,11.9,2.3,1201.0,30.9,371.10900000000004,1600237062,10.69220283668058
2807915135,28079,135,15,079,28,13,2807915,28079,Madrid,Comunidad de Madrid,ES,3,0,0,Madrid,1924.10783245,74487.5763986,47.1,2079.0,34.3,24.0,90.1,10.8,2.3,2079.0,24.0,498.96,2765191394,36.65380638513852
2807915136,28079,136,15,079,28,13,2807915,28079,Madrid,Comunidad de Madrid,ES,3,0,0,Madrid,574.926133045,16771.0935895,48.0,1048.0,35.9,26.0,84.7,10.7,2.2,1048.0,26.0,272.48,2803103520,10.7294468497358
2807915138,28079,138,15,079,28,13,2807915,28079,Madrid,Comunidad de Madrid,ES,3,0,0,Madrid,796.109070505,29754.4010707,46.9,1327.0,41.5,22.4,81.8,10.5,2.1,1327.0,22.4,297.248,5876436506,13.339769193448358
2807915140,28079,140,15,079,28,13,2807915,28079,Madrid,Comunidad de Madrid,ES,3,0,0,Madrid,844.354620284,39417.2738926,47.2,1534.0,41.9,23.9,81.4,10.5,2.1,1534.0,23.9,366.626,4081162604,29.382126732265974
2807915141,28079,141,15,079,28,13,2807915,28079,Madrid,Comunidad de Madrid,ES,3,0,0,Madrid,946.339157453,38639.8825684,47.4,1196.0,34.4,25.8,84.5,12.0,2.3,1196.0,25.8,308.568,13674539210,9.403342307764184
2807915142,28079,142,15,079,28,13,2807915,28079,Madrid,Comunidad de Madrid,ES,3,0,0,Madrid,795.72718919,32237.7166176,53.5,1134.0,30.8,41.6,94.6,10.5,2.2,1134.0,41.6,471.744,12491714758,58.04056723057665
2807915143,28079,143,15,079,28,13,2807915,28079,Madrid,Comunidad de Madrid,ES,3,0,0,Madrid,1963.95961847,235710.284423,44.7,1969.0,31.8,23.6,86.6,15.6,2.4,1969.0,23.6,464.684,243522599,19.016410868871585
2807915144,28079,144,15,079,28,13,2807915,28079,Madrid,Comunidad de Madrid,ES,3,0,0,Madrid,1390.11636537,116838.605464,43.4,1837.0,22.4,22.3,90.9,18.5,2.7,1837.0,22.3,409.651,13674539217,12.888188439970637
2807915146,28079,146,15,079,28,13,2807915,28079,Madrid,Comunidad de Madrid,ES,3,0,0,Madrid,686.435345261,27340.5398261,47.6,1120.0,31.8,29.9,91.5,13.1,2.4,1120.0,29.9,334.88,13529101425,65.35628228223362
2807915147,28079,147,15,079,28,13,2807915,28079,Madrid,Comunidad de Madrid,ES,3,0,0,Madrid,2144.11537071,200132.132083,46.7,1407.0,24.3,28.8,95.2,18.6,2.6,1407.0,28.8,405.216,13871362825,14.847246894817188
2807915148,28079,148,15,079,28,13,2807915,28079,Madrid,Comunidad de Madrid,ES,3,0,0,Madrid,1736.79247351,118728.76198,46.4,1017.0,36.7,23.7,90.9,16.3,2.4,1017.0,23.7,241.02899999999997,254355994,33.538420367008534
2807915149,28079,149,15,079,28,13,2807915,28079,Madrid,Comunidad de Madrid,ES,3,0,0,Madrid,1556.05848895,138301.683228,46.3,1479.0,25.2,25.2,90.1,14.9,2.6,1479.0,25.2,372.70799999999997,355661015,89.45289702866366
2807915150,28079,150,15,079,28,13,2807915,28079,Madrid,Comunidad de Madrid,ES,3,0,0,Madrid,2000.61738258,247909.102764,44.3,1712.0,28.9,23.9,85.9,18.4,2.6,1712.0,23.9,409.16799999999995,12031665773,35.05079788677229
2807915151,28079,151,15,079,28,13,2807915,28079,Madrid,Comunidad de Madrid,ES,3,0,0,Madrid,1907.1902117,150503.83357,44.4,1707.0,27.3,23.0,83.7,17.8,2.6,1707.0,23.0,392.61,12020165293,24.850202099054723
2807915153,28079,153,15,079,28,13,2807915,28079,Madrid,Comunidad de Madrid,ES,3,0,0,Madrid,818.673435619,40220.6846424,50.2,700.0,28.4,33.3,94.1,12.7,2.5,700.0,33.3,233.09999999999997,12994955084,49.66941324280546
2807915154,28079,154,15,079,28,13,2807915,28079,Madrid,Comunidad de Madrid,ES,3,0,0,Madrid,955.478295639,50355.050325,44.8,1174.0,32.3,24.2,88.8,16.8,2.4,1174.0,24.2,284.108,3284347489,36.948271656423955
2807915155,28079,155,15,079,28,13,2807915,28079,Madrid,Comunidad de Madrid,ES,3,0,0,Madrid,1725.26081028,123609.306223,46.4,1508.0,33.4,24.7,90.1,15.4,2.4,1508.0,24.7,372.476,11704898897,61.88831461958831
2807915156,28079,156,15,079,28,13,2807915,28079,Madrid,Comunidad de Madrid,ES,3,0,0,Madrid,903.929793009,43051.6559227,45.1,1516.0,36.4,22.5,87.5,15.2,2.3,1516.0,22.5,341.1,11704898944,11.888842205577044
2807915157,28079,157,15,079,28,13,2807915,28079,Madrid,Comunidad de Madrid,ES,3,0,0,Madrid,1919.95495433,175342.861426,44.3,1043.0,34.5,20.1,85.5,13.4,2.3,1043.0,20.1,209.64300000000003,282504443,7.534923383656733
2807915158,28079,158,15,079,28,13,2807915,28079,Madrid,Comunidad de Madrid,ES,3,0,0,Madrid,1976.6936489,174209.308409,43.6,1338.0,29.0,21.6,89.2,18.8,2.6,1338.0,21.6,289.00800000000004,5598074622,92.21452441423942
2807915159,28079,159,15,079,28,13,2807915,28079,Madrid,Comunidad de Madrid,ES,3,0,0,Madrid,2194.03208162,245383.372459,44.0,1536.0,30.5,21.0,88.2,17.5,2.5,1536.0,21.0,322.56,4976016392,8.86893185109326
2807915160,28079,160,15,079,28,13,2807915,28079,Madrid,Comunidad de Madrid,ES,3,0,0,Madrid,2007.97623299,251787.274846,44.7,1994.0,34.4,21.8,89.7,16.6,2.5,1994.0,21.8,434.69200000000006,4570588042,30.088973550335453
2807915161,28079,161,15,079,28,13,2807915,28079,Madrid,Comunidad de Madrid,ES,3,0,0,Madrid,2564.19427389,361249.502988,41.9,2239.0,21.1,18.5,92.6,19.0,3.0,2239.0,18.5,414.215,285919416,70.04131058437412
2807915162,28079,162,15,079,28,13,2807915,28079,Madrid,Comunidad de Madrid,ES,3,0,0,Madrid,1574.38590555,117800.695691,47.5,1910.0,24.5,29.5,93.5,14.8,2.8,1910.0,29.5,563.45,12322956399,45.44989534845592
2807915163,28079,163,15,079,28,13,2807915,28079,Madrid,Comunidad de Madrid,ES,3,0,0,Madrid,1121.605969,55242.1506427,45.0,1162.0,25.1,22.8,94.2,17.0,2.7,1162.0,22.8,264.93600000000004,10908507742,26.685022747133388
2807915164,28079,164,15,079,28,13,2807915,28079,Madrid,Comunidad de Madrid,ES,3,0,0,Madrid,1251.46046219,58026.4214423,48.1,1052.0,23.0,29.9,94.3,15.6,2.8,1052.0,29.9,314.548,270131768,11.949647851275625
2807915165,28079,165,15,079,28,13,2807915,28079,Madrid,Comunidad de Madrid,ES,3,0,0,Madrid,1003.49040192,36379.7595445,48.1,993.0,23.2,29.2,96.1,16.7,2.7,993.0,29.2,289.95599999999996,100953977,28.27803916657747
2807915166,28079,166,15,079,28,13,2807915,28079,Madrid,Comunidad de Madrid,ES,3,0,0,Madrid,598.193815833,18795.051335,46.4,851.0,26.3,30.1,96.7,19.3,2.7,851.0,30.1,256.151,303607273,60.16777692111211
2807915167,28079,167,15,079,28,13,2807915,28079,Madrid,Comunidad de Madrid,ES,3,0,0,Madrid,993.359508082,55670.0711713,46.2,1043.0,22.2,28.5,95.5,17.5,2.8,1043.0,28.5,297.255,2637062083,61.2732388521277
2807915168,28079,168,15,079,28,13,2807915,28079,Madrid,Comunidad de Madrid,ES,3,0,0,Madrid,1090.96346276,63346.0008644,45.0,1666.0,27.5,24.4,94.5,16.7,2.7,1666.0,24.4,406.50399999999996,305773104,20.61941658347381
2807915170,28079,170,15,079,28,13,2807915,28079,Madrid,Comunidad de Madrid,ES,3,0,0,Madrid,1764.69766114,110956.553666,44.3,2079.0,25.1,21.7,94.3,14.4,2.6,2079.0,21.7,451.143,300676068,24.277729703368347
2807915171,28079,171,15,079,28,13,2807915,28079,Madrid,Comunidad de Madrid,ES,3,0,0,Madrid,913.062716265,39706.8674473,44.0,1330.0,27.3,20.0,85.2,12.3,2.6,1330.0,20.0,266.0,286216819,64.65906079571188
2807915172,28079,172,15,079,28,13,2807915,28079,Madrid,Comunidad de Madrid,ES,3,0,0,Madrid,1063.59728273,33104.1340385,47.3,1067.0,21.5,30.9,96.3,13.1,2.7,1067.0,30.9,329.703,4014933790,25.597953537968326
2807915173,28079,173,15,079,28,13,2807915,28079,Madrid,Comunidad de Madrid,ES,3,0,0,Madrid,1794.31458534,120919.8457,44.0,1896.0,22.3,22.0,95.6,18.2,2.8,1896.0,22.0,417.12,13313227475,22.949262909751898
2807915174,28079,174,15,079,28,13,2807915,28079,Madrid,Comunidad de Madrid,ES,3,0,0,Madrid,1301.21100934,97551.2901246,43.9,1462.0,30.2,22.4,87.6,16.8,2.6,1462.0,22.4,327.488,4756491516,38.18680717952931
2807915175,28079,175,15,079,28,13,2807915,28079,Madrid,Comunidad de Madrid,ES,3,0,0,Madrid,941.198204451,56447.9215953,49.6,1136.0,35.0,31.3,92.2,11.8,2.2,1136.0,31.3,355.56800000000004,3611006213,7.153270519632481
2807915176,28079,176,15,079,28,13,2807915,28079,Madrid,Comunidad de Madrid,ES,3,0,0,Madrid,1362.13565299,79316.5415654,42.3,1919.0,33.8,16.9,92.0,16.0,2.3,1919.0,16.9,324.311,26743177,50.527238238859184
2807915177,28079,177,15,079,28,13,2807915,28079,Madrid,Comunidad de Madrid,ES,3,0,0,Madrid,1099.34495694,56525.3438249,50.1,1261.0,26.1,31.1,89.8,11.6,2.5,1261.0,31.1,392.171,1426013693,27.158966160889022
2807915178,28079,178,15,079,28,13,2807915,28079,Madrid,Comunidad de Madrid,ES,3,0,0,Madrid,2207.61182809,94921.7044469,42.7,1361.0,29.2,17.4,90.8,16.6,2.4,1361.0,17.4,236.81399999999996,3383384856,79.1597525610914
2807915179,28079,179,15,079,28,13,2807915,28079,Madrid,Comunidad de Madrid,ES,3,0,0,Madrid,1168.95860229,57426.002258,51.1,1362.0,24.2,34.7,90.1,9.5,2.5,1362.0,34.7,472.61400000000003,307486847,17.17817219866945
2807915180,28079,180,15,079,28,13,2807915,28079,Madrid,Comunidad de Madrid,ES,3,0,0,Madrid,1311.26678501,70779.3500771,40.2,2245.0,30.5,11.4,90.3,17.0,2.5,2245.0,11.4,255.93,6354396736,10.853397775482707
2807915181,28079,181,15,079,28,13,2807915,28079,Madrid,Comunidad de Madrid,ES,3,0,0,Madrid,2364.50980283,143681.377339,47.2,1131.0,25.2,25.0,95.6,11.7,2.5,1131.0,25.0,282.75,3280688902,27.831128892038905
2807915182,28079,182,15,079,28,13,2807915,28079,Madrid,Comunidad de Madrid,ES,3,0,0,Madrid,706.9526608,25300.7202336,46.2,674.0,22.1,28.2,96.0,13.8,2.7,674.0,28.2,190.06799999999998,26745130,34.48150634492756
2807916001,28079,001,16,079,28,13,2807916,28079,Madrid,Comunidad de Madrid,ES,3,0,0,Madrid,2991.72596072,493374.868249,40.8,2058.0,15.3,16.3,90.9,22.7,3.1,2058.0,16.3,335.454,5714814521,37.309556827150004
2807916002,28079,002,16,079,28,13,2807916,28079,Madrid,Comunidad de Madrid,ES,3,0,0,Madrid,2875.09731345,352345.216107,39.3,1881.0,16.3,13.8,89.3,22.9,3.1,1881.0,13.8,259.57800000000003,13865319171,38.89882247543208
2807916003,28079,003,16,079,28,13,2807916,28079,Madrid,Comunidad de Madrid,ES,3,0,0,Madrid,3745.23564439,474848.883215,41.3,2075.0,21.2,13.4,89.0,17.6,2.8,2075.0,13.4,278.05,8197648475,9.964745876391476
2807916004,28079,004,16,079,28,13,2807916,28079,Madrid,Comunidad de Madrid,ES,3,0,0,Madrid,3705.09095438,807848.62657,41.1,2557.0,17.6,17.8,72.6,22.4,3.4,2557.0,17.8,455.14599999999996,2422171907,38.41468944751005
2807916005,28079,005,16,079,28,13,2807916,28079,Madrid,Comunidad de Madrid,ES,3,0,0,Madrid,2247.34754892,240927.341299,42.6,1952.0,20.7,20.4,85.6,22.0,3.0,1952.0,20.4,398.20799999999997,4753738639,16.632685678365604
2807916006,28079,006,16,079,28,13,2807916,28079,Madrid,Comunidad de Madrid,ES,3,0,0,Madrid,2433.95812396,257123.801554,43.6,1826.0,28.5,20.4,78.0,17.6,2.7,1826.0,20.4,372.50399999999996,5596848480,3.4806475614440946
2807916007,28079,007,16,079,28,13,2807916,28079,Madrid,Comunidad de Madrid,ES,3,0,0,Madrid,2123.91785952,223320.189313,44.9,2179.0,26.6,23.2,89.8,18.3,2.7,2179.0,23.2,505.52799999999996,5605092654,9.172776623791192
2807916008,28079,008,16,079,28,13,2807916,28079,Madrid,Comunidad de Madrid,ES,3,0,0,Madrid,943.323678032,46281.6793876,45.7,1105.0,25.1,24.0,90.7,16.0,2.6,1105.0,24.0,265.2,353176258,22.950179141352443
2807916009,28079,009,16,079,28,13,2807916,28079,Madrid,Comunidad de Madrid,ES,3,0,0,Madrid,911.305757112,38485.6030985,42.5,1098.0,30.6,15.9,79.2,15.2,2.4,1098.0,15.9,174.582,12314026954,11.573114941599416
2807916011,28079,011,16,079,28,13,2807916,28079,Madrid,Comunidad de Madrid,ES,3,0,0,Madrid,1406.77030453,77234.0095564,44.4,1315.0,31.4,19.1,85.3,14.4,2.5,1315.0,19.1,251.16500000000005,219507210,25.280314620180825
2807916012,28079,012,16,079,28,13,2807916,28079,Madrid,Comunidad de Madrid,ES,3,0,0,Madrid,1027.34519553,36300.3716832,47.4,724.0,38.1,22.9,85.4,11.7,2.2,724.0,22.9,165.796,1489535602,34.10797441691246
2807916013,28079,013,16,079,28,13,2807916,28079,Madrid,Comunidad de Madrid,ES,3,0,0,Madrid,686.629308152,27312.4130434,50.2,1000.0,25.2,33.1,89.8,13.2,2.5,1000.0,33.1,331.0,4360010098,24.438507770720292
2807916014,28079,014,16,079,28,13,2807916,28079,Madrid,Comunidad de Madrid,ES,3,0,0,Madrid,773.91583044,27487.6528184,54.9,808.0,28.7,42.2,91.3,10.6,2.3,808.0,42.2,340.97600000000006,353024109,11.779000306118238
2807916015,28079,015,16,079,28,13,2807916,28079,Madrid,Comunidad de Madrid,ES,3,0,0,Madrid,840.493152378,39225.4990675,52.0,1193.0,26.2,36.1,86.3,12.2,2.4,1193.0,36.1,430.673,4741600525,9.909996355011007
2807916016,28079,016,16,079,28,13,2807916,28079,Madrid,Comunidad de Madrid,ES,3,0,0,Madrid,1528.9123018,86718.0011451,48.5,1030.0,24.9,31.8,90.2,15.9,2.5,1030.0,31.8,327.54,3576508141,8.343787037006008
2807916017,28079,017,16,079,28,13,2807916,28079,Madrid,Comunidad de Madrid,ES,3,0,0,Madrid,938.406792467,36409.0102588,53.4,963.0,30.8,38.3,91.4,10.3,2.3,963.0,38.3,368.82899999999995,4234145011,9.31379177487798
2807916018,28079,018,16,079,28,13,2807916,28079,Madrid,Comunidad de Madrid,ES,3,0,0,Madrid,653.01623364,26126.5375845,52.0,805.0,27.4,37.9,89.7,13.3,2.4,805.0,37.9,305.095,4212232919,15.41471284282515
2807916019,28079,019,16,079,28,13,2807916,28079,Madrid,Comunidad de Madrid,ES,3,0,0,Madrid,651.818964668,22872.3149953,51.4,929.0,26.3,36.7,92.4,14.1,2.4,929.0,36.7,340.94300000000004,3578707077,6.412252240515968
2807916020,28079,020,16,079,28,13,2807916,28079,Madrid,Comunidad de Madrid,ES,3,0,0,Madrid,931.880269176,38146.800219,49.9,1160.0,23.4,33.7,91.9,12.7,2.5,1160.0,33.7,390.92,3592318930,14.088916737462094
2807916021,28079,021,16,079,28,13,2807916,28079,Madrid,Comunidad de Madrid,ES,3,0,0,Madrid,1888.11352501,120916.876008,52.5,1087.0,28.0,37.7,93.5,10.7,2.3,1087.0,37.7,409.79900000000004,12128164871,19.43932713874195
2807916022,28079,022,16,079,28,13,2807916,28079,Madrid,Comunidad de Madrid,ES,3,0,0,Madrid,965.035861913,48323.996885,50.3,1274.0,27.8,33.8,91.7,12.2,2.4,1274.0,33.8,430.61199999999997,2917952577,25.96942579072343
2807916024,28079,024,16,079,28,13,2807916,28079,Madrid,Comunidad de Madrid,ES,3,0,0,Madrid,1065.7342678,69475.7892092,46.3,2175.0,26.9,22.1,89.7,12.9,2.5,2175.0,22.1,480.675,3336684637,18.703862386076445
2807916025,28079,025,16,079,28,13,2807916,28079,Madrid,Comunidad de Madrid,ES,3,0,0,Madrid,2790.97628963,249434.636116,45.7,2102.0,34.5,19.7,89.0,10.0,2.3,2102.0,19.7,414.094,9035523686,15.182895852444172
2807916026,28079,026,16,079,28,13,2807916,28079,Madrid,Comunidad de Madrid,ES,3,0,0,Madrid,561.772709544,16797.4596531,48.7,785.0,32.1,28.4,81.9,11.3,2.3,785.0,28.4,222.94,9029872143,6.047947756621154
2807916027,28079,027,16,079,28,13,2807916,28079,Madrid,Comunidad de Madrid,ES,3,0,0,Madrid,524.620513915,16061.3343067,50.8,733.0,28.0,31.8,86.9,12.0,2.4,733.0,31.8,233.09400000000002,4594407449,2.69102668437151
2807916028,28079,028,16,079,28,13,2807916,28079,Madrid,Comunidad de Madrid,ES,3,0,0,Madrid,564.926471363,17763.4261061,52.9,919.0,28.5,41.1,93.4,12.7,2.2,919.0,41.1,377.709,3068950642,27.1874648416082
2807916029,28079,029,16,079,28,13,2807916,28079,Madrid,Comunidad de Madrid,ES,3,0,0,Madrid,844.061573246,32989.2752016,51.5,1149.0,29.7,34.7,90.5,11.9,2.3,1149.0,34.7,398.70300000000003,1239877657,5.574980079018196
2807916030,28079,030,16,079,28,13,2807916,28079,Madrid,Comunidad de Madrid,ES,3,0,0,Madrid,1218.77274589,67611.3828742,47.5,1789.0,35.5,25.1,89.5,12.1,2.2,1789.0,25.1,449.039,5720921627,20.468957468047336
2807916031,28079,031,16,079,28,13,2807916,28079,Madrid,Comunidad de Madrid,ES,3,0,0,Madrid,797.10253949,32182.2852777,51.6,1221.0,20.7,37.8,94.4,10.2,2.4,1221.0,37.8,461.53799999999995,5726318144,6.8137045637764855
2807916032,28079,032,16,079,28,13,2807916,28079,Madrid,Comunidad de Madrid,ES,3,0,0,Madrid,1268.8849447,58053.7153636,48.8,1507.0,32.5,27.8,92.3,9.4,2.3,1507.0,27.8,418.94599999999997,219434600,11.814900757584558
2807916033,28079,033,16,079,28,13,2807916,28079,Madrid,Comunidad de Madrid,ES,3,0,0,Madrid,2461.86488238,298778.817164,44.3,1628.0,34.5,20.3,83.9,14.5,2.4,1628.0,20.3,330.48400000000004,355164095,23.771604373066562
2807916034,28079,034,16,079,28,13,2807916,28079,Madrid,Comunidad de Madrid,ES,3,0,0,Madrid,1424.00791295,89710.9205954,43.0,1976.0,34.8,17.7,80.6,14.3,2.4,1976.0,17.7,349.75199999999995,5731621896,38.01385807019741
2807916035,28079,035,16,079,28,13,2807916,28079,Madrid,Comunidad de Madrid,ES,3,0,0,Madrid,2424.66549547,288580.862669,46.2,1606.0,25.5,25.3,88.2,15.1,2.7,1606.0,25.3,406.31800000000004,254357146,48.45456665033079
2807916036,28079,036,16,079,28,13,2807916,28079,Madrid,Comunidad de Madrid,ES,3,0,0,Madrid,2515.80873904,331265.201052,40.3,2564.0,16.9,14.2,93.3,22.2,3.0,2564.0,14.2,364.08799999999997,13917797928,14.457986776835456
2807916037,28079,037,16,079,28,13,2807916,28079,Madrid,Comunidad de Madrid,ES,3,0,0,Madrid,807.026461286,40673.3208113,46.2,1026.0,35.0,22.3,79.5,13.0,2.4,1026.0,22.3,228.798,13290586082,63.10263390648937
2807916038,28079,038,16,079,28,13,2807916,28079,Madrid,Comunidad de Madrid,ES,3,0,0,Madrid,1465.88326842,107813.68876,47.0,1331.0,36.2,23.7,83.1,12.5,2.3,1331.0,23.7,315.447,4457126909,84.37343028629293
2807916039,28079,039,16,079,28,13,2807916,28079,Madrid,Comunidad de Madrid,ES,3,0,0,Madrid,1000.17000622,45199.0278096,43.6,1115.0,33.4,18.5,75.4,15.7,2.4,1115.0,18.5,206.275,254996946,41.306115768069034
2807916040,28079,040,16,079,28,13,2807916,28079,Madrid,Comunidad de Madrid,ES,3,0,0,Madrid,1059.62864579,54018.3538832,44.6,1979.0,36.9,19.4,74.5,12.9,2.3,1979.0,19.4,383.926,254996930,29.558551220709916
2807916042,28079,042,16,079,28,13,2807916,28079,Madrid,Comunidad de Madrid,ES,3,0,0,Madrid,1278.38224282,53209.0432169,49.3,1428.0,32.3,30.8,85.6,13.4,2.3,1428.0,30.8,439.824,2455933100,16.13423245764532
2807916043,28079,043,16,079,28,13,2807916,28079,Madrid,Comunidad de Madrid,ES,3,0,0,Madrid,782.704252064,24262.9033338,47.0,948.0,31.5,24.0,83.0,12.6,2.5,948.0,24.0,227.52,11284279957,22.823086712855716
2807916044,28079,044,16,079,28,13,2807916,28079,Madrid,Comunidad de Madrid,ES,3,0,0,Madrid,1416.55636066,50964.5694581,46.8,1100.0,30.4,24.5,86.6,14.1,2.5,1100.0,24.5,269.5,355164166,18.52501650555045
2807916045,28079,045,16,079,28,13,2807916,28079,Madrid,Comunidad de Madrid,ES,3,0,0,Madrid,1489.37348952,102260.232763,45.7,1567.0,26.5,23.7,93.5,14.6,2.5,1567.0,23.7,371.379,355164157,19.849769054459557
2807916046,28079,046,16,079,28,13,2807916,28079,Madrid,Comunidad de Madrid,ES,3,0,0,Madrid,1015.42829463,58952.8225801,49.3,1700.0,31.2,30.4,89.7,12.1,2.3,1700.0,30.4,516.8,253114082,38.20874022733279
2807916048,28079,048,16,079,28,13,2807916,28079,Madrid,Comunidad de Madrid,ES,3,0,0,Madrid,2344.80445095,251400.195021,47.1,2152.0,29.0,26.4,87.8,12.3,2.4,2152.0,26.4,568.1279999999999,4976324353,5.608115107001887
2807916049,28079,049,16,079,28,13,2807916,28079,Madrid,Comunidad de Madrid,ES,3,0,0,Madrid,1253.48435572,60333.2184183,52.5,1148.0,26.9,38.9,95.4,8.9,2.4,1148.0,38.9,446.57199999999995,10808076041,18.68635951181923
2807916050,28079,050,16,079,28,13,2807916,28079,Madrid,Comunidad de Madrid,ES,3,0,0,Madrid,2455.1139922,141015.498545,49.6,1491.0,23.2,32.5,90.4,11.3,2.5,1491.0,32.5,484.575,13399649111,15.587709475442626
2807916051,28079,051,16,079,28,13,2807916,28079,Madrid,Comunidad de Madrid,ES,3,0,0,Madrid,1138.58730699,38638.2984782,45.5,1008.0,25.6,25.6,84.4,15.1,2.5,1008.0,25.6,258.048,13394905165,20.21869157075389
2807916052,28079,052,16,079,28,13,2807916,28079,Madrid,Comunidad de Madrid,ES,3,0,0,Madrid,845.52944378,37784.7525383,47.5,1164.0,25.6,29.6,84.3,14.1,2.5,1164.0,29.6,344.54400000000004,13394841718,1.9470298126302774
2807916053,28079,053,16,079,28,13,2807916,28079,Madrid,Comunidad de Madrid,ES,3,0,0,Madrid,657.391241678,18219.2898973,45.6,942.0,31.6,25.2,83.7,15.0,2.4,942.0,25.2,237.384,13396445890,16.789524846919296
2807916054,28079,054,16,079,28,13,2807916,28079,Madrid,Comunidad de Madrid,ES,3,0,0,Madrid,1059.34751411,35123.0308093,50.2,791.0,38.8,29.6,83.8,9.2,2.2,791.0,29.6,234.13600000000002,13408776623,18.678129378659712
2807916055,28079,055,16,079,28,13,2807916,28079,Madrid,Comunidad de Madrid,ES,3,0,0,Madrid,1105.22869293,60241.4937994,46.4,1534.0,33.9,22.6,79.5,12.8,2.4,1534.0,22.6,346.684,13399649060,16.60987594965715
2807916057,28079,057,16,079,28,13,2807916,28079,Madrid,Comunidad de Madrid,ES,3,0,0,Madrid,715.538897829,27451.2373527,49.0,993.0,37.0,28.7,86.1,13.2,2.3,993.0,28.7,284.991,1602478897,6.48836499216354
2807916058,28079,058,16,079,28,13,2807916,28079,Madrid,Comunidad de Madrid,ES,3,0,0,Madrid,1108.82774022,54057.4694287,45.9,1433.0,30.2,23.0,84.7,13.5,2.5,1433.0,23.0,329.59,13410486085,4.309627428257528
2807916059,28079,059,16,079,28,13,2807916,28079,Madrid,Comunidad de Madrid,ES,3,0,0,Madrid,955.376552608,59765.97596,52.1,1739.0,25.1,35.1,88.8,10.4,2.5,1739.0,35.1,610.389,12314158915,8.473281118196997
2807916060,28079,060,16,079,28,13,2807916,28079,Madrid,Comunidad de Madrid,ES,3,0,0,Madrid,1240.15270377,68593.1184451,51.2,1491.0,22.7,38.1,90.3,12.2,2.5,1491.0,38.1,568.071,4690600899,15.427175095606243
2807916061,28079,061,16,079,28,13,2807916,28079,Madrid,Comunidad de Madrid,ES,3,0,0,Madrid,1395.76895479,41748.5529445,52.1,1355.0,28.9,39.0,91.1,12.3,2.4,1355.0,39.0,528.45,13480367549,25.40011417260685
2807916063,28079,063,16,079,28,13,2807916,28079,Madrid,Comunidad de Madrid,ES,3,0,0,Madrid,1625.78339427,104607.575166,52.6,1537.0,28.3,39.2,91.1,11.3,2.4,1537.0,39.2,602.504,12952198232,34.76979888954807
2807916064,28079,064,16,079,28,13,2807916,28079,Madrid,Comunidad de Madrid,ES,3,0,0,Madrid,775.435828399,31779.9401416,49.8,1243.0,24.2,33.4,87.5,12.7,2.6,1243.0,33.4,415.162,4657272736,12.120227271938518
2807916065,28079,065,16,079,28,13,2807916,28079,Madrid,Comunidad de Madrid,ES,3,0,0,Madrid,1661.89354016,74564.1974797,45.8,1084.0,41.2,24.9,80.9,11.6,2.0,1084.0,24.9,269.916,4656562810,28.736813360071263
2807916066,28079,066,16,079,28,13,2807916,28079,Madrid,Comunidad de Madrid,ES,3,0,0,Madrid,766.3542417,26287.6510426,46.4,1103.0,44.3,24.3,81.4,11.3,2.0,1103.0,24.3,268.029,3605293576,30.853613591098348
2807916067,28079,067,16,079,28,13,2807916,28079,Madrid,Comunidad de Madrid,ES,3,0,0,Madrid,922.285080741,53329.6950417,46.7,1963.0,35.2,23.2,84.5,11.5,2.3,1963.0,23.2,455.416,4668322655,4.950794953297256
2807916069,28079,069,16,079,28,13,2807916,28079,Madrid,Comunidad de Madrid,ES,3,0,0,Madrid,1582.63907595,122960.2031,47.1,1211.0,30.4,27.9,88.0,12.9,2.3,1211.0,27.9,337.869,254994414,13.730119900946109
2807916070,28079,070,16,079,28,13,2807916,28079,Madrid,Comunidad de Madrid,ES,3,0,0,Madrid,1168.58187252,69157.1285206,47.0,1697.0,25.5,23.6,92.5,11.4,2.5,1697.0,23.6,400.492,1137332677,43.74516506739168
2807916071,28079,071,16,079,28,13,2807916,28079,Madrid,Comunidad de Madrid,ES,3,0,0,Madrid,1272.63811321,85274.5778666,44.3,1348.0,22.8,19.7,94.5,15.9,2.6,1348.0,19.7,265.556,4672001707,20.603090886352934
2807916073,28079,073,16,079,28,13,2807916,28079,Madrid,Comunidad de Madrid,ES,3,0,0,Madrid,988.400128873,44315.6868106,44.6,1775.0,27.1,21.0,82.5,14.8,2.7,1775.0,21.0,372.75,4686971881,6.995387955737165
2807916074,28079,074,16,079,28,13,2807916,28079,Madrid,Comunidad de Madrid,ES,3,0,0,Madrid,850.964305116,44694.9841077,45.4,1112.0,36.3,20.0,83.4,14.5,2.4,1112.0,20.0,222.4,2987783092,47.343062681003204
2807916075,28079,075,16,079,28,13,2807916,28079,Madrid,Comunidad de Madrid,ES,3,0,0,Madrid,862.788181507,41920.8144326,47.6,1233.0,37.4,24.6,82.6,11.8,2.3,1233.0,24.6,303.31800000000004,1252641350,16.126796008958447
2807916076,28079,076,16,079,28,13,2807916,28079,Madrid,Comunidad de Madrid,ES,3,0,0,Madrid,848.175227728,42280.7263379,45.4,1433.0,33.4,25.1,76.3,13.5,2.3,1433.0,25.1,359.68300000000005,263916738,23.882044896115598
2807916077,28079,077,16,079,28,13,2807916,28079,Madrid,Comunidad de Madrid,ES,3,0,0,Madrid,936.920752491,34703.0443963,44.4,1469.0,28.4,19.8,75.5,14.0,2.6,1469.0,19.8,290.862,1137332680,10.726286853654853
2807916078,28079,078,16,079,28,13,2807916,28079,Madrid,Comunidad de Madrid,ES,3,0,0,Madrid,1006.51324806,34449.5723802,43.6,923.0,26.8,18.7,77.9,14.0,2.6,923.0,18.7,172.601,254996482,29.77717838829777
2807916079,28079,079,16,079,28,13,2807916,28079,Madrid,Comunidad de Madrid,ES,3,0,0,Madrid,1982.71642206,185775.328889,45.2,1989.0,24.4,22.1,90.6,13.7,2.7,1989.0,22.1,439.569,5559894877,57.56020980874032
2807916080,28079,080,16,079,28,13,2807916,28079,Madrid,Comunidad de Madrid,ES,3,0,0,Madrid,1243.14141691,95260.5004311,48.1,855.0,19.3,30.2,93.7,15.8,2.9,855.0,30.2,258.21,285915611,31.90150376525556
2807916081,28079,081,16,079,28,13,2807916,28079,Madrid,Comunidad de Madrid,ES,3,0,0,Madrid,1909.90933733,106596.202948,45.4,1192.0,28.6,26.9,92.5,19.9,2.6,1192.0,26.9,320.64799999999997,285913552,32.21287945804352
2807916082,28079,082,16,079,28,13,2807916,28079,Madrid,Comunidad de Madrid,ES,3,0,0,Madrid,936.615752552,34909.2018842,44.3,833.0,27.6,18.9,80.3,13.5,2.6,833.0,18.9,157.43699999999998,270184715,26.555268796313065
2807916083,28079,083,16,079,28,13,2807916,28079,Madrid,Comunidad de Madrid,ES,3,0,0,Madrid,1594.23917657,134394.06894,43.9,2265.0,29.1,17.3,86.7,13.5,2.6,2265.0,17.3,391.845,7276399169,26.42166418322101
2807916085,28079,085,16,079,28,13,2807916,28079,Madrid,Comunidad de Madrid,ES,3,0,0,Madrid,1006.17872712,50025.6061488,43.5,1402.0,28.4,16.0,85.5,12.4,2.6,1402.0,16.0,224.32,285922453,45.691862260563646
2807916086,28079,086,16,079,28,13,2807916,28079,Madrid,Comunidad de Madrid,ES,3,0,0,Madrid,1326.61240086,73215.5824942,44.3,2163.0,24.9,17.5,85.9,13.6,2.6,2163.0,17.5,378.525,285921872,51.54394156934002
2807916087,28079,087,16,079,28,13,2807916,28079,Madrid,Comunidad de Madrid,ES,3,0,0,Madrid,686.675895028,27325.4910078,47.2,878.0,33.3,25.5,83.5,12.0,2.4,878.0,25.5,223.89,1492770631,67.8784314920889
2807916088,28079,088,16,079,28,13,2807916,28079,Madrid,Comunidad de Madrid,ES,3,0,0,Madrid,1269.64338543,92286.2486786,47.7,1462.0,32.5,27.2,86.9,12.9,2.5,1462.0,27.2,397.664,5557151959,11.734745414608689
2807916089,28079,089,16,079,28,13,2807916,28079,Madrid,Comunidad de Madrid,ES,3,0,0,Madrid,1177.5532225,69951.7657302,51.8,785.0,33.8,35.7,88.3,11.6,2.3,785.0,35.7,280.24500000000006,10095225606,37.64334702161598
2807916090,28079,090,16,079,28,13,2807916,28079,Madrid,Comunidad de Madrid,ES,3,0,0,Madrid,2816.89453451,361140.728218,46.2,1498.0,25.9,24.2,90.8,13.6,2.6,1498.0,24.2,362.51599999999996,254992799,15.95315447375556
2807916091,28079,091,16,079,28,13,2807916,28079,Madrid,Comunidad de Madrid,ES,3,0,0,Madrid,3113.2040927,425399.926093,36.0,2501.0,8.9,6.4,83.7,25.5,3.8,2501.0,6.4,160.06400000000002,2298851765,18.342191650085056
2807916092,28079,092,16,079,28,13,2807916,28079,Madrid,Comunidad de Madrid,ES,3,0,0,Madrid,975.201099779,43866.2963906,48.1,1182.0,22.3,31.1,90.0,15.1,2.6,1182.0,31.1,367.60200000000003,2828809451,16.66746804668148
2807916093,28079,093,16,079,28,13,2807916,28079,Madrid,Comunidad de Madrid,ES,3,0,0,Madrid,768.327625028,24351.9136757,47.4,1036.0,22.6,31.4,91.1,15.3,2.6,1036.0,31.4,325.304,262449766,17.88706391486359
2807916096,28079,096,16,079,28,13,2807916,28079,Madrid,Comunidad de Madrid,ES,3,0,0,Madrid,4102.52969783,798947.050891,41.6,1621.0,17.9,15.5,93.5,18.5,3.0,1621.0,15.5,251.255,308726073,55.614402670359546
2807916097,28079,097,16,079,28,13,2807916,28079,Madrid,Comunidad de Madrid,ES,3,0,0,Madrid,1343.33197516,73036.9017487,50.0,1444.0,28.2,33.4,91.3,9.4,2.3,1444.0,33.4,482.296,1243078819,19.587487944082472
2807916098,28079,098,16,079,28,13,2807916,28079,Madrid,Comunidad de Madrid,ES,3,0,0,Madrid,1077.38209877,46091.908676,51.0,1351.0,29.5,40.1,93.6,12.4,2.4,1351.0,40.1,541.751,3578344316,10.071986054114257
2807916099,28079,099,16,079,28,13,2807916,28079,Madrid,Comunidad de Madrid,ES,3,0,0,Madrid,996.223686567,56794.9970597,46.9,1691.0,23.4,31.9,92.9,15.2,2.6,1691.0,31.9,539.429,262449787,14.327609648451642
2807916100,28079,100,16,079,28,13,2807916,28079,Madrid,Comunidad de Madrid,ES,3,0,0,Madrid,1122.84757122,49835.1250092,47.9,969.0,17.5,26.9,96.3,11.3,2.7,969.0,26.9,260.661,8990277675,57.309728059613654
2807916101,28079,101,16,079,28,13,2807916,28079,Madrid,Comunidad de Madrid,ES,3,0,0,Madrid,963.26563662,37594.6549414,50.0,1149.0,18.5,29.3,95.0,7.9,2.5,1149.0,29.3,336.65700000000004,219435127,4.005329874142932
2807916102,28079,102,16,079,28,13,2807916,28079,Madrid,Comunidad de Madrid,ES,3,0,0,Madrid,2506.06370041,351511.033593,40.7,2392.0,22.1,15.9,82.2,20.3,2.9,2392.0,15.9,380.32800000000003,353025209,58.24015474385379
2807916103,28079,103,16,079,28,13,2807916,28079,Madrid,Comunidad de Madrid,ES,3,0,0,Madrid,4465.16424302,936900.590196,42.1,2006.0,22.2,19.3,78.9,20.4,3.0,2006.0,19.3,387.158,3350556877,51.453808161288606
2807916104,28079,104,16,079,28,13,2807916,28079,Madrid,Comunidad de Madrid,ES,3,0,0,Madrid,2063.61885707,97988.0214916,45.3,1998.0,18.2,16.6,94.0,10.0,2.8,1998.0,16.6,331.668,8189762373,44.60762557378124
2807916105,28079,105,16,079,28,13,2807916,28079,Madrid,Comunidad de Madrid,ES,3,0,0,Madrid,1230.0750029,72708.951444,46.4,1271.0,18.4,27.8,92.4,17.9,3.0,1271.0,27.8,353.338,254320209,46.849576604426225
2807916106,28079,106,16,079,28,13,2807916,28079,Madrid,Comunidad de Madrid,ES,3,0,0,Madrid,3328.36873526,511112.80991,39.4,2009.0,40.8,11.5,78.0,15.4,2.1,2009.0,11.5,231.035,300022718,34.75432882973974
2807916107,28079,107,16,079,28,13,2807916,28079,Madrid,Comunidad de Madrid,ES,3,0,0,Madrid,3783.24124858,829410.8404,36.2,2656.0,11.4,8.9,92.7,29.5,3.3,2656.0,8.9,236.38400000000001,4614694773,26.403440959293437
2807916108,28079,108,16,079,28,13,2807916,28079,Madrid,Comunidad de Madrid,ES,3,0,0,Madrid,1277.37031411,88032.0095602,35.0,2114.0,20.1,6.5,87.4,30.1,3.1,2114.0,6.5,137.41,283578024,7.685664401638128
2807916109,28079,109,16,079,28,13,2807916,28079,Madrid,Comunidad de Madrid,ES,3,0,0,Madrid,4421.315402,544894.150087,36.8,2499.0,23.2,7.5,84.8,19.3,2.9,2499.0,7.5,187.425,1834969859,49.50647552304157
2807916110,28079,110,16,079,28,13,2807916,28079,Madrid,Comunidad de Madrid,ES,3,0,0,Madrid,2133.375015,270225.438506,34.9,2654.0,19.9,4.7,89.8,27.9,2.9,2654.0,4.7,124.73800000000001,1449237518,29.014195489358567
2807916111,28079,111,16,079,28,13,2807916,28079,Madrid,Comunidad de Madrid,ES,3,0,0,Madrid,1182.27569893,69012.0321222,36.3,1309.0,20.6,8.2,93.4,28.3,3.0,1309.0,8.2,107.338,3978763782,59.75375789576553
2807916112,28079,112,16,079,28,13,2807916,28079,Madrid,Comunidad de Madrid,ES,3,0,0,Madrid,883.168779515,48355.1493251,37.9,1448.0,15.6,8.8,93.5,19.1,3.1,1448.0,8.8,127.42400000000002,277967715,87.40552969259822
2807916113,28079,113,16,079,28,13,2807916,28079,Madrid,Comunidad de Madrid,ES,3,0,0,Madrid,2006.90863218,236782.57911,40.5,2014.0,24.3,15.7,82.9,20.6,2.8,2014.0,15.7,316.198,221379174,55.38584088801466
2807916114,28079,114,16,079,28,13,2807916,28079,Madrid,Comunidad de Madrid,ES,3,0,0,Madrid,4691.17813336,984656.43943,35.9,2990.0,28.6,7.0,83.6,25.9,2.6,2990.0,7.0,209.3,5293561829,16.438732592803845
2807916115,28079,115,16,079,28,13,2807916,28079,Madrid,Comunidad de Madrid,ES,3,0,0,Madrid,1362.25785695,93841.612449,37.5,1799.0,26.3,9.8,86.1,25.0,2.6,1799.0,9.8,176.30200000000002,283591510,9.752985700541386
2807916116,28079,116,16,079,28,13,2807916,28079,Madrid,Comunidad de Madrid,ES,3,0,0,Madrid,1227.06004562,85048.6211372,34.3,1906.0,29.9,6.9,82.3,26.8,2.5,1906.0,6.9,131.514,299401839,69.8783506561582
2807916117,28079,117,16,079,28,13,2807916,28079,Madrid,Comunidad de Madrid,ES,3,0,0,Madrid,2106.64838921,169149.799809,35.6,2677.0,18.3,6.5,90.2,28.1,3.0,2677.0,6.5,174.005,299507022,8.88470830664935
2807916118,28079,118,16,079,28,13,2807916,28079,Madrid,Comunidad de Madrid,ES,3,0,0,Madrid,1940.41130332,155549.939389,35.3,2575.0,17.4,4.3,90.0,26.3,3.0,2575.0,4.3,110.725,3429315362,42.14446499170583
2807916119,28079,119,16,079,28,13,2807916,28079,Madrid,Comunidad de Madrid,ES,3,0,0,Madrid,3816.73131163,535228.86474,33.9,2866.0,30.1,5.7,88.9,29.8,2.6,2866.0,5.7,163.362,9167282815,34.236209391208874
2807916120,28079,120,16,079,28,13,2807916,28079,Madrid,Comunidad de Madrid,ES,3,0,0,Madrid,3106.43186938,431377.22535,37.5,2088.0,24.6,7.7,89.4,25.6,2.6,2088.0,7.7,160.776,1077809494,95.63171919525486
2807916121,28079,121,16,079,28,13,2807916,28079,Madrid,Comunidad de Madrid,ES,3,0,0,Madrid,2353.02166313,225245.847154,40.8,1705.0,25.8,13.5,87.5,19.4,2.7,1705.0,13.5,230.175,5679778966,29.150470889831738
2807916122,28079,122,16,079,28,13,2807916,28079,Madrid,Comunidad de Madrid,ES,3,0,0,Madrid,1362.49627582,109342.550442,35.0,2073.0,17.3,7.3,84.2,29.4,3.0,2073.0,7.3,151.329,13191168165,40.742036636207935
2807916123,28079,123,16,079,28,13,2807916,28079,Madrid,Comunidad de Madrid,ES,3,0,0,Madrid,6285.15225138,1224075.89561,34.5,2435.0,14.8,6.6,86.0,31.7,3.5,2435.0,6.6,160.71,8457628056,41.276229729103626
2807916124,28079,124,16,079,28,13,2807916,28079,Madrid,Comunidad de Madrid,ES,3,0,0,Madrid,11055.5975168,4298054.13413,32.3,3493.0,24.5,4.5,79.3,29.2,2.7,3493.0,4.5,157.185,3427556757,5.220629690041061
2807916125,28079,125,16,079,28,13,2807916,28079,Madrid,Comunidad de Madrid,ES,3,0,0,Madrid,3072.67008218,486695.393474,36.1,2304.0,19.4,8.1,87.3,27.7,3.0,2304.0,8.1,186.62399999999997,2919063020,16.83086545256647
2807916126,28079,126,16,079,28,13,2807916,28079,Madrid,Comunidad de Madrid,ES,3,0,0,Madrid,2986.39726902,252232.501657,32.8,1877.0,15.7,6.8,92.4,35.1,3.2,1877.0,6.8,127.63600000000001,4579523787,8.070413206916227
2807916127,28079,127,16,079,28,13,2807916,28079,Madrid,Comunidad de Madrid,ES,3,0,0,Madrid,1056.65872914,40830.5789773,37.1,1518.0,22.0,9.4,88.6,26.4,2.8,1518.0,9.4,142.692,13321856987,20.446842160518592
2807916128,28079,128,16,079,28,13,2807916,28079,Madrid,Comunidad de Madrid,ES,3,0,0,Madrid,1501.99470338,106687.220611,31.2,2456.0,19.0,3.1,90.9,34.2,3.0,2456.0,3.1,76.13600000000001,1813635631,6.376388102844132
2807916129,28079,129,16,079,28,13,2807916,28079,Madrid,Comunidad de Madrid,ES,3,0,0,Madrid,1789.12313089,139778.571008,30.6,2746.0,23.7,2.6,92.5,35.7,2.9,2746.0,2.6,71.396,1813636591,6.178752898868192
2807916130,28079,130,16,079,28,13,2807916,28079,Madrid,Comunidad de Madrid,ES,3,0,0,Madrid,3488.20497898,797321.633114,30.8,3019.0,24.4,3.3,90.8,33.4,2.7,3019.0,3.3,99.627,1824597344,33.95738199682778
2807916131,28079,131,16,079,28,13,2807916,28079,Madrid,Comunidad de Madrid,ES,3,0,0,Madrid,3297.38026311,515529.110357,30.0,3541.0,14.3,2.7,91.4,36.9,3.2,3541.0,2.7,95.60700000000001,1824595458,31.87408858227259
2807916132,28079,132,16,079,28,13,2807916,28079,Madrid,Comunidad de Madrid,ES,3,0,0,Madrid,1518.51011906,102654.624306,29.7,2171.0,18.7,3.0,92.6,36.6,3.0,2171.0,3.0,65.13,1813635815,29.25646124250006
2807916133,28079,133,16,079,28,13,2807916,28079,Madrid,Comunidad de Madrid,ES,3,0,0,Madrid,1007.33003572,54254.5556347,38.2,1866.0,23.4,10.9,90.6,25.6,2.8,1866.0,10.9,203.394,13665088304,86.40594218984289
2807916134,28079,134,16,079,28,13,2807916,28079,Madrid,Comunidad de Madrid,ES,3,0,0,Madrid,7699.92343432,2637964.07959,33.7,2751.0,15.0,5.5,82.9,29.9,3.1,2751.0,5.5,151.305,2281943187,57.000156501075175
2807917002,28079,002,17,079,28,13,2807917,28079,Madrid,Comunidad de Madrid,ES,3,0,0,Madrid,947.482269627,52536.2631551,44.2,1341.0,21.3,21.3,72.8,14.4,2.9,1341.0,21.3,285.633,1367876333,18.946990547031078
2807917003,28079,003,17,079,28,13,2807917,28079,Madrid,Comunidad de Madrid,ES,3,0,0,Madrid,1049.92305748,58707.9396866,44.6,1452.0,24.6,19.8,67.8,13.0,2.9,1452.0,19.8,287.49600000000004,459672764,29.620819503992127
2807917004,28079,004,17,079,28,13,2807917,28079,Madrid,Comunidad de Madrid,ES,3,0,0,Madrid,928.585825305,44612.1699584,40.0,2578.0,29.8,14.4,62.6,17.8,2.8,2578.0,14.4,371.232,11769875002,18.081625275686413
2807917006,28079,006,17,079,28,13,2807917,28079,Madrid,Comunidad de Madrid,ES,3,0,0,Madrid,902.026031561,47827.5629389,41.8,1765.0,25.6,16.0,70.4,15.9,2.9,1765.0,16.0,282.4,11768532651,9.440990178387658
2807917007,28079,007,17,079,28,13,2807917,28079,Madrid,Comunidad de Madrid,ES,3,0,0,Madrid,837.522061547,28690.6011819,41.5,1025.0,22.4,15.6,66.9,16.0,3.0,1025.0,15.6,159.9,11769874967,32.970238427648724
2807917008,28079,008,17,079,28,13,2807917,28079,Madrid,Comunidad de Madrid,ES,3,0,0,Madrid,1032.22490231,49150.8167803,41.4,1580.0,26.3,14.7,69.2,16.8,2.9,1580.0,14.7,232.26,5244378095,43.885979694333855
2807917009,28079,009,17,079,28,13,2807917,28079,Madrid,Comunidad de Madrid,ES,3,0,0,Madrid,694.117637959,19722.3227286,40.0,1095.0,18.8,14.1,69.0,17.5,3.2,1095.0,14.1,154.395,11769874916,15.750568280301971
2807917010,28079,010,17,079,28,13,2807917,28079,Madrid,Comunidad de Madrid,ES,3,0,0,Madrid,685.201001111,26282.2034899,41.8,1342.0,27.3,16.9,68.1,17.1,2.9,1342.0,16.9,226.798,11769874899,1.4968966677220736
2807917011,28079,011,17,079,28,13,2807917,28079,Madrid,Comunidad de Madrid,ES,3,0,0,Madrid,845.45256071,37067.0938908,40.4,1435.0,27.2,15.5,67.5,17.5,3.0,1435.0,15.5,222.425,5423359146,16.556342990241642
2807917012,28079,012,17,079,28,13,2807917,28079,Madrid,Comunidad de Madrid,ES,3,0,0,Madrid,890.720993267,33880.6003113,41.7,1790.0,24.4,16.8,67.2,15.7,3.0,1790.0,16.8,300.72,5383019226,8.443726416864598
2807917013,28079,013,17,079,28,13,2807917,28079,Madrid,Comunidad de Madrid,ES,3,0,0,Madrid,644.092619237,17774.8739107,43.7,953.0,28.9,19.3,69.4,14.4,2.7,953.0,19.3,183.929,11768532562,21.06522338352567
2807917014,28079,014,17,079,28,13,2807917,28079,Madrid,Comunidad de Madrid,ES,3,0,0,Madrid,603.658508749,21327.6573476,39.9,1276.0,21.3,13.4,66.9,17.2,3.0,1276.0,13.4,170.984,11768532582,10.902075961580783
2807917015,28079,015,17,079,28,13,2807917,28079,Madrid,Comunidad de Madrid,ES,3,0,0,Madrid,706.543983594,24593.7154879,39.9,1532.0,25.8,14.4,66.8,18.6,2.9,1532.0,14.4,220.608,306359098,46.578377101977885
2807917016,28079,016,17,079,28,13,2807917,28079,Madrid,Comunidad de Madrid,ES,3,0,0,Madrid,693.317679699,15646.4414799,44.1,977.0,29.7,20.3,71.9,14.9,2.7,977.0,20.3,198.33100000000002,11764959277,34.0155498094599
2807917017,28079,017,17,079,28,13,2807917,28079,Madrid,Comunidad de Madrid,ES,3,0,0,Madrid,863.474824683,31937.080957,45.7,1261.0,20.5,25.0,75.9,14.0,2.9,1261.0,25.0,315.25,5360947176,26.961281394315094
2807917018,28079,018,17,079,28,13,2807917,28079,Madrid,Comunidad de Madrid,ES,3,0,0,Madrid,703.236675065,25347.2455928,40.4,1238.0,27.6,14.9,67.4,18.0,2.9,1238.0,14.9,184.46200000000002,11768532519,20.234955137471683
2807917019,28079,019,17,079,28,13,2807917,28079,Madrid,Comunidad de Madrid,ES,3,0,0,Madrid,718.9349669,23320.243572,42.4,1021.0,31.2,17.7,72.3,14.4,2.7,1021.0,17.7,180.717,5372680762,32.91845761207049
2807917020,28079,020,17,079,28,13,2807917,28079,Madrid,Comunidad de Madrid,ES,3,0,0,Madrid,1113.37885934,66909.4419072,42.5,909.0,19.4,18.8,83.7,17.6,3.0,909.0,18.8,170.892,3617686297,24.021012725106097
2807917021,28079,021,17,079,28,13,2807917,28079,Madrid,Comunidad de Madrid,ES,3,0,0,Madrid,10416.8931434,2704300.87103,39.0,1146.0,16.5,13.8,87.7,21.8,3.3,1146.0,13.8,158.14800000000002,5321969791,2.233939380320146
2807917022,28079,022,17,079,28,13,2807917,28079,Madrid,Comunidad de Madrid,ES,3,0,0,Madrid,1208.45694445,63541.2163306,42.8,1119.0,26.4,20.1,83.0,18.4,2.8,1119.0,20.1,224.919,5297622258,8.0778823699608
2807917023,28079,023,17,079,28,13,2807917,28079,Madrid,Comunidad de Madrid,ES,3,0,0,Madrid,929.495684013,47730.0472962,44.7,2026.0,28.2,21.3,76.8,13.7,2.7,2026.0,21.3,431.538,11769856166,50.53347037532464
2807917024,28079,024,17,079,28,13,2807917,28079,Madrid,Comunidad de Madrid,ES,3,0,0,Madrid,928.074187658,52953.1462753,41.9,1994.0,25.7,16.2,66.0,15.7,2.9,1994.0,16.2,323.028,11769856144,21.82066712620923
2807917025,28079,025,17,079,28,13,2807917,28079,Madrid,Comunidad de Madrid,ES,3,0,0,Madrid,661.198979634,20802.1084452,41.9,941.0,21.6,18.0,67.4,17.4,3.1,941.0,18.0,169.38,5284003265,13.270194211290207
2807917026,28079,026,17,079,28,13,2807917,28079,Madrid,Comunidad de Madrid,ES,3,0,0,Madrid,803.147627441,28608.5216396,42.7,1400.0,27.2,18.9,74.9,16.3,2.8,1400.0,18.9,264.59999999999997,458101046,27.131513351617414
2807917027,28079,027,17,079,28,13,2807917,28079,Madrid,Comunidad de Madrid,ES,3,0,0,Madrid,1333.73318032,80288.0817613,44.0,1936.0,24.2,18.6,81.7,13.3,2.7,1936.0,18.6,360.09600000000006,5277729430,24.764178856303104
2807917028,28079,028,17,079,28,13,2807917,28079,Madrid,Comunidad de Madrid,ES,3,0,0,Madrid,852.412446777,43667.100455,42.1,1267.0,28.6,15.3,75.6,16.3,2.8,1267.0,15.3,193.85100000000003,5247237169,11.106791346877126
2807917029,28079,029,17,079,28,13,2807917,28079,Madrid,Comunidad de Madrid,ES,3,0,0,Madrid,3476.12269528,361031.909873,40.3,1659.0,38.2,10.9,83.7,16.3,2.3,1659.0,10.9,180.83100000000002,5347117328,55.21114482121485
2807917031,28079,031,17,079,28,13,2807917,28079,Madrid,Comunidad de Madrid,ES,3,0,0,Madrid,2975.91473738,263951.561194,37.5,1197.0,24.5,11.1,64.8,20.8,3.2,1197.0,11.1,132.867,10178114173,14.7027693354258
2807917032,28079,032,17,079,28,13,2807917,28079,Madrid,Comunidad de Madrid,ES,3,0,0,Madrid,1145.71164177,49189.2857834,37.9,2206.0,24.0,11.1,62.7,19.4,3.3,2206.0,11.1,244.86599999999999,11756850146,25.37127011833325
2807917033,28079,033,17,079,28,13,2807917,28079,Madrid,Comunidad de Madrid,ES,3,0,0,Madrid,792.900383228,32064.5856814,35.8,1656.0,19.9,8.6,59.0,23.0,3.5,1656.0,8.6,142.416,11756878920,28.203699233551852
2807917035,28079,035,17,079,28,13,2807917,28079,Madrid,Comunidad de Madrid,ES,3,0,0,Madrid,605.670791835,24235.5478562,36.5,1328.0,23.3,8.6,64.6,20.6,3.2,1328.0,8.6,114.208,11756846501,36.03636050920802
2807917036,28079,036,17,079,28,13,2807917,28079,Madrid,Comunidad de Madrid,ES,3,0,0,Madrid,676.256277196,19955.0539096,40.2,1042.0,26.3,14.0,63.1,18.6,3.1,1042.0,14.0,145.88,410842350,9.491463479444183
2807917037,28079,037,17,079,28,13,2807917,28079,Madrid,Comunidad de Madrid,ES,3,0,0,Madrid,827.998631233,25370.3026076,36.2,1332.0,22.6,9.0,56.4,21.5,3.4,1332.0,9.0,119.88,11756748507,6.542300855767417
2807917038,28079,038,17,079,28,13,2807917,28079,Madrid,Comunidad de Madrid,ES,3,0,0,Madrid,1247.16176648,83231.0434304,39.1,1542.0,20.8,12.9,65.4,18.5,3.4,1542.0,12.9,198.918,316025614,29.12265034877056
2807917039,28079,039,17,079,28,13,2807917,28079,Madrid,Comunidad de Madrid,ES,3,0,0,Madrid,951.268845339,49541.49462,39.5,1959.0,21.8,11.6,65.0,17.8,3.2,1959.0,11.6,227.24399999999997,1367876416,36.16583168480487
2807917041,28079,041,17,079,28,13,2807917,28079,Madrid,Comunidad de Madrid,ES,3,0,0,Madrid,3231.76339898,492222.362435,36.1,1266.0,21.9,8.7,58.7,20.9,3.4,1266.0,8.7,110.142,2613311984,146.62990682684736
2807917042,28079,042,17,079,28,13,2807917,28079,Madrid,Comunidad de Madrid,ES,3,0,0,Madrid,642.365693561,23312.8795427,36.0,1737.0,21.0,9.4,58.0,23.6,3.6,1737.0,9.4,163.27800000000002,11756802878,8.811156516226317
2807917043,28079,043,17,079,28,13,2807917,28079,Madrid,Comunidad de Madrid,ES,3,0,0,Madrid,1234.35226732,57023.6688249,37.8,2181.0,18.6,11.1,60.4,21.1,3.4,2181.0,11.1,242.09099999999998,1367876568,30.429369244329642
2807917045,28079,045,17,079,28,13,2807917,28079,Madrid,Comunidad de Madrid,ES,3,0,0,Madrid,5102.57461631,649205.412581,40.8,1959.0,16.7,13.6,88.9,19.8,2.9,1959.0,13.6,266.424,2613374607,35.26098559959853
2807917046,28079,046,17,079,28,13,2807917,28079,Madrid,Comunidad de Madrid,ES,3,0,0,Madrid,773.765836591,34817.3469201,41.5,1843.0,20.7,17.5,72.9,16.6,2.9,1843.0,17.5,322.525,11773625518,40.06722759656114
2807917047,28079,047,17,079,28,13,2807917,28079,Madrid,Comunidad de Madrid,ES,3,0,0,Madrid,915.463204656,45742.9014264,41.6,1703.0,26.9,16.6,69.6,16.9,2.9,1703.0,16.6,282.69800000000004,11773625812,15.784938344517307
2807917048,28079,048,17,079,28,13,2807917,28079,Madrid,Comunidad de Madrid,ES,3,0,0,Madrid,2242.84425057,219360.197579,43.4,1838.0,23.2,14.4,89.1,13.3,2.7,1838.0,14.4,264.672,4939076028,5.881612566936363
2807917049,28079,049,17,079,28,13,2807917,28079,Madrid,Comunidad de Madrid,ES,3,0,0,Madrid,486.007961497,14338.7875163,40.4,1244.0,24.2,14.9,67.2,17.8,3.2,1244.0,14.9,185.35600000000002,5083752364,4.653947893871064
2807917050,28079,050,17,079,28,13,2807917,28079,Madrid,Comunidad de Madrid,ES,3,0,0,Madrid,664.249229568,23362.7790486,44.7,1429.0,31.0,22.5,73.3,15.1,2.5,1429.0,22.5,321.525,5025050976,9.234184148931126
2807917051,28079,051,17,079,28,13,2807917,28079,Madrid,Comunidad de Madrid,ES,3,0,0,Madrid,722.891397014,24955.6905634,41.1,1187.0,24.1,16.8,66.5,17.7,3.0,1187.0,16.8,199.41600000000003,5027086575,4.084115271000682
2807917052,28079,052,17,079,28,13,2807917,28079,Madrid,Comunidad de Madrid,ES,3,0,0,Madrid,458.830901465,12523.8027245,46.6,1176.0,28.0,27.3,71.9,14.4,2.7,1176.0,27.3,321.048,5169000961,3.113031907490646
2807917053,28079,053,17,079,28,13,2807917,28079,Madrid,Comunidad de Madrid,ES,3,0,0,Madrid,656.618181754,24447.1678543,46.7,1038.0,25.5,29.4,73.4,14.8,2.8,1038.0,29.4,305.17199999999997,5100785741,35.22776614243146
2807917054,28079,054,17,079,28,13,2807917,28079,Madrid,Comunidad de Madrid,ES,3,0,0,Madrid,880.04894366,37264.1153066,42.8,1338.0,24.4,19.1,63.0,16.4,3.0,1338.0,19.1,255.55800000000002,5053514757,2.6665538153895976
2807917055,28079,055,17,079,28,13,2807917,28079,Madrid,Comunidad de Madrid,ES,3,0,0,Madrid,1050.02004343,56624.4899314,47.1,1704.0,22.5,28.6,78.8,13.5,2.7,1704.0,28.6,487.344,306168858,5.603840887340917
2807917057,28079,057,17,079,28,13,2807917,28079,Madrid,Comunidad de Madrid,ES,3,0,0,Madrid,1292.40978599,55097.0192109,41.4,1711.0,28.2,16.1,69.1,17.2,2.9,1711.0,16.1,275.471,6593174215,17.868677023186876
2807917058,28079,058,17,079,28,13,2807917,28079,Madrid,Comunidad de Madrid,ES,3,0,0,Madrid,841.356517066,36680.3328621,41.4,1450.0,24.6,16.3,68.6,16.1,2.9,1450.0,16.3,236.35,4108442269,18.446260784791104
2807917059,28079,059,17,079,28,13,2807917,28079,Madrid,Comunidad de Madrid,ES,3,0,0,Madrid,774.992200629,34502.2057294,42.8,1524.0,28.1,18.8,69.4,16.3,2.9,1524.0,18.8,286.512,11772677048,4.810325311124532
2807917060,28079,060,17,079,28,13,2807917,28079,Madrid,Comunidad de Madrid,ES,3,0,0,Madrid,1286.91037437,55755.3362417,43.1,977.0,25.0,18.6,72.6,15.8,2.8,977.0,18.6,181.722,11772687946,2.7032568999845643
2807917061,28079,061,17,079,28,13,2807917,28079,Madrid,Comunidad de Madrid,ES,3,0,0,Madrid,587.954462561,18395.8647166,39.8,1447.0,23.8,12.5,59.9,18.0,3.2,1447.0,12.5,180.875,316023913,24.792204216804492
2807917062,28079,062,17,079,28,13,2807917,28079,Madrid,Comunidad de Madrid,ES,3,0,0,Madrid,752.464743541,29265.2872755,40.7,1694.0,21.1,14.9,64.5,18.2,3.1,1694.0,14.9,252.40600000000003,11772687960,2.5402782811923723
2807917063,28079,063,17,079,28,13,2807917,28079,Madrid,Comunidad de Madrid,ES,3,0,0,Madrid,680.179092084,23726.4054556,42.6,1113.0,26.7,18.5,66.0,16.4,2.9,1113.0,18.5,205.905,11772687795,6.581004731957782
2807917064,28079,064,17,079,28,13,2807917,28079,Madrid,Comunidad de Madrid,ES,3,0,0,Madrid,765.455044234,36528.4359985,42.5,1651.0,24.8,17.5,65.5,15.8,3.0,1651.0,17.5,288.925,11772687779,6.7987956569527475
2807917065,28079,065,17,079,28,13,2807917,28079,Madrid,Comunidad de Madrid,ES,3,0,0,Madrid,701.694429049,29104.305376,43.6,1300.0,20.7,19.7,68.2,14.9,3.0,1300.0,19.7,256.1,3547342527,1.888828505196439
2807917066,28079,066,17,079,28,13,2807917,28079,Madrid,Comunidad de Madrid,ES,3,0,0,Madrid,2357.40776895,128814.752279,41.0,1318.0,21.7,15.0,62.4,17.0,3.2,1318.0,15.0,197.7,6627669456,9.802887392583933
2807917068,28079,068,17,079,28,13,2807917,28079,Madrid,Comunidad de Madrid,ES,3,0,0,Madrid,2172.55293842,273795.767157,41.1,2053.0,26.4,14.7,84.7,17.0,2.6,2053.0,14.7,301.791,10123998319,37.856324256291316
2807917069,28079,069,17,079,28,13,2807917,28079,Madrid,Comunidad de Madrid,ES,3,0,0,Madrid,1030.7158521,40298.1581625,42.5,1660.0,23.1,19.9,68.0,17.3,3.0,1660.0,19.9,330.34,3392529502,9.259726602402568
2807917070,28079,070,17,079,28,13,2807917,28079,Madrid,Comunidad de Madrid,ES,3,0,0,Madrid,1129.73085625,59279.3358528,52.0,1232.0,23.7,35.0,88.6,8.8,2.5,1232.0,35.0,431.2,3287637227,22.13226253162323
2807917071,28079,071,17,079,28,13,2807917,28079,Madrid,Comunidad de Madrid,ES,3,0,0,Madrid,1077.72890286,61537.5734456,46.2,2006.0,22.7,27.5,72.2,14.0,2.8,2006.0,27.5,551.65,3521873271,3.2569526763393712
2807917072,28079,072,17,079,28,13,2807917,28079,Madrid,Comunidad de Madrid,ES,3,0,0,Madrid,719.057811293,24213.4476403,38.8,1334.0,25.4,11.3,58.0,17.9,3.0,1334.0,11.3,150.74200000000002,3496820584,3.640130586231487
2807917073,28079,073,17,079,28,13,2807917,28079,Madrid,Comunidad de Madrid,ES,3,0,0,Madrid,657.920179864,27012.1387817,47.7,962.0,38.2,25.6,73.1,13.2,2.4,962.0,25.6,246.27200000000002,3637128995,13.43310488669282
2807917074,28079,074,17,079,28,13,2807917,28079,Madrid,Comunidad de Madrid,ES,3,0,0,Madrid,1067.35379391,46930.5742072,47.1,893.0,29.1,24.4,83.2,13.4,2.7,893.0,24.4,217.89199999999997,3510203827,7.357867626340156
2807917075,28079,075,17,079,28,13,2807917,28079,Madrid,Comunidad de Madrid,ES,3,0,0,Madrid,929.134919269,45511.1269034,48.1,1529.0,28.0,26.9,79.6,11.5,2.7,1529.0,26.9,411.301,1745478803,12.589216725014703
2807917076,28079,076,17,079,28,13,2807917,28079,Madrid,Comunidad de Madrid,ES,3,0,0,Madrid,892.38739429,48793.7987177,52.9,1197.0,27.7,38.2,80.0,10.9,2.5,1197.0,38.2,457.254,3336274747,13.628555674890046
2807917078,28079,078,17,079,28,13,2807917,28079,Madrid,Comunidad de Madrid,ES,3,0,0,Madrid,959.538188335,33368.1810378,54.1,1321.0,33.8,39.8,80.7,9.3,2.4,1321.0,39.8,525.7579999999999,940283754,14.190655298204748
2807917079,28079,079,17,079,28,13,2807917,28079,Madrid,Comunidad de Madrid,ES,3,0,0,Madrid,612.005064266,17653.8408922,47.8,868.0,38.2,26.4,81.8,12.1,2.2,868.0,26.4,229.15199999999996,316444134,5.593695638031787
2807917080,28079,080,17,079,28,13,2807917,28079,Madrid,Comunidad de Madrid,ES,3,0,0,Madrid,3785.40457283,510211.810191,34.3,2910.0,26.3,4.1,83.0,21.4,2.6,2910.0,4.1,119.30999999999999,3471360150,36.25185869777916
2807917082,28079,082,17,079,28,13,2807917,28079,Madrid,Comunidad de Madrid,ES,3,0,0,Madrid,888.989729441,48189.5996018,45.7,1572.0,31.9,21.6,76.8,13.6,2.5,1572.0,21.6,339.552,3371812322,4.543044074904236
2807917083,28079,083,17,079,28,13,2807917,28079,Madrid,Comunidad de Madrid,ES,3,0,0,Madrid,831.051245265,40803.0170108,43.2,1465.0,30.3,18.0,75.5,16.3,2.6,1465.0,18.0,263.7,3366004461,1.1542395943883166
2807917084,28079,084,17,079,28,13,2807917,28079,Madrid,Comunidad de Madrid,ES,3,0,0,Madrid,731.337424642,31161.4103104,42.7,1117.0,30.2,18.2,69.9,16.6,2.6,1117.0,18.2,203.29399999999998,3351844118,8.618394073990755
2807917085,28079,085,17,079,28,13,2807917,28079,Madrid,Comunidad de Madrid,ES,3,0,0,Madrid,738.669585648,28682.1480331,51.0,745.0,34.9,31.1,78.7,9.5,2.5,745.0,31.1,231.695,524129407,10.37933544107271
2807917086,28079,086,17,079,28,13,2807917,28079,Madrid,Comunidad de Madrid,ES,3,0,0,Madrid,721.456875868,28122.1394898,51.0,811.0,29.9,32.3,80.2,11.1,2.5,811.0,32.3,261.953,1152798048,14.808556069582858
2807917087,28079,087,17,079,28,13,2807917,28079,Madrid,Comunidad de Madrid,ES,3,0,0,Madrid,1087.02392016,65214.1585039,47.2,1625.0,29.0,25.4,79.3,13.1,2.6,1625.0,25.4,412.75,3334077458,3.1927721057228546
2807917089,28079,089,17,079,28,13,2807917,28079,Madrid,Comunidad de Madrid,ES,3,0,0,Madrid,1002.53281602,44882.9256513,45.5,1196.0,29.4,20.8,76.6,13.2,2.6,1196.0,20.8,248.768,1297027929,11.820093612636622
2807917090,28079,090,17,079,28,13,2807917,28079,Madrid,Comunidad de Madrid,ES,3,0,0,Madrid,921.190978889,45887.1185792,46.8,1130.0,28.1,25.1,78.9,13.8,2.7,1130.0,25.1,283.63,3901385387,36.13914815458063
2807917091,28079,091,17,079,28,13,2807917,28079,Madrid,Comunidad de Madrid,ES,3,0,0,Madrid,976.879074565,41843.861173,44.0,1201.0,25.9,17.8,71.9,14.0,2.8,1201.0,17.8,213.778,3314299335,5.353586387201333
2807917092,28079,092,17,079,28,13,2807917,28079,Madrid,Comunidad de Madrid,ES,3,0,0,Madrid,1132.08073908,65880.6355287,49.4,826.0,25.9,31.2,84.5,11.4,2.6,826.0,31.2,257.712,1740271753,48.66816859122403
2807917093,28079,093,17,079,28,13,2807917,28079,Madrid,Comunidad de Madrid,ES,3,0,0,Madrid,740.778265186,35362.641387,50.0,682.0,26.5,29.6,87.1,10.0,2.5,682.0,29.6,201.872,3298520585,3.466517200695249
2807917094,28079,094,17,079,28,13,2807917,28079,Madrid,Comunidad de Madrid,ES,3,0,0,Madrid,667.626952856,16889.9578522,46.5,836.0,25.5,25.8,73.7,12.9,2.7,836.0,25.8,215.688,3294597404,22.466521271223467
2807917095,28079,095,17,079,28,13,2807917,28079,Madrid,Comunidad de Madrid,ES,3,0,0,Madrid,897.431636632,29943.4290299,46.9,890.0,29.1,27.6,79.3,12.9,2.5,890.0,27.6,245.64,318947835,18.029110067796527
2807917096,28079,096,17,079,28,13,2807917,28079,Madrid,Comunidad de Madrid,ES,3,0,0,Madrid,1337.93444528,80081.8890514,45.6,1229.0,20.8,18.1,90.5,9.8,2.7,1229.0,18.1,222.449,5179959883,13.009124802785381
2807917097,28079,097,17,079,28,13,2807917,28079,Madrid,Comunidad de Madrid,ES,3,0,0,Madrid,1305.48841027,83278.2623916,50.0,1473.0,21.0,28.2,91.7,8.5,2.6,1473.0,28.2,415.38599999999997,5046289688,2.0736859871900823
2807917098,28079,098,17,079,28,13,2807917,28079,Madrid,Comunidad de Madrid,ES,3,0,0,Madrid,933.84890724,41584.5087579,40.1,1186.0,20.6,16.3,90.3,21.8,3.2,1186.0,16.3,193.31799999999998,5306470532,2.7876420282670256
2807917099,28079,099,17,079,28,13,2807917,28079,Madrid,Comunidad de Madrid,ES,3,0,0,Madrid,2728.07827902,224297.441621,46.0,778.0,13.1,22.4,96.5,11.1,3.0,778.0,22.4,174.27199999999996,5325559508,39.9958551379961
2807917100,28079,100,17,079,28,13,2807917,28079,Madrid,Comunidad de Madrid,ES,3,0,0,Madrid,603.199486527,17949.5539645,40.5,1164.0,24.3,17.5,68.3,19.6,3.0,1164.0,17.5,203.7,3073886407,5.300481906609977
2807917101,28079,101,17,079,28,13,2807917,28079,Madrid,Comunidad de Madrid,ES,3,0,0,Madrid,1238.73517822,56286.4361739,42.1,2086.0,26.5,18.4,74.6,13.8,2.7,2086.0,18.4,383.82399999999996,11773625531,31.683967911726942
2807917102,28079,102,17,079,28,13,2807917,28079,Madrid,Comunidad de Madrid,ES,3,0,0,Madrid,1027.04521719,36650.9844708,53.3,1093.0,18.7,39.2,94.0,8.3,2.5,1093.0,39.2,428.4560000000001,3386609768,12.885774914866724
2807917103,28079,103,17,079,28,13,2807917,28079,Madrid,Comunidad de Madrid,ES,3,0,0,Madrid,927.162457051,47319.5011563,43.4,2137.0,22.0,14.3,91.2,15.4,2.7,2137.0,14.3,305.591,3159536211,2.4350647492191877
2807917104,28079,104,17,079,28,13,2807917,28079,Madrid,Comunidad de Madrid,ES,3,0,0,Madrid,2033.62345941,169850.822139,44.2,1981.0,22.6,16.6,87.8,12.7,2.8,1981.0,16.6,328.84600000000006,4918983201,17.273847006157926
2807917105,28079,105,17,079,28,13,2807917,28079,Madrid,Comunidad de Madrid,ES,3,0,0,Madrid,1092.35431818,54657.2507752,45.3,1526.0,19.3,16.0,87.1,8.1,2.8,1526.0,16.0,244.16,5214938376,6.554203270741097
2807917106,28079,106,17,079,28,13,2807917,28079,Madrid,Comunidad de Madrid,ES,3,0,0,Madrid,9424.89791029,4755593.00451,37.6,3219.0,23.9,6.7,79.9,20.9,2.9,3219.0,6.7,215.673,6360493729,82.58217269540208
2807917107,28079,107,17,079,28,13,2807917,28079,Madrid,Comunidad de Madrid,ES,3,0,0,Madrid,1425.19604728,105712.771569,36.9,2555.0,18.7,5.7,94.0,26.5,2.9,2555.0,5.7,145.635,4899641445,20.57307567898859
2807917108,28079,108,17,079,28,13,2807917,28079,Madrid,Comunidad de Madrid,ES,3,0,0,Madrid,1467.34261418,53982.4348544,41.3,1553.0,22.0,10.2,92.5,17.9,2.6,1553.0,10.2,158.40599999999998,1735582370,7.994530366585529
2807917109,28079,109,17,079,28,13,2807917,28079,Madrid,Comunidad de Madrid,ES,3,0,0,Madrid,717.073321758,22446.6934076,44.5,1191.0,28.5,19.4,82.6,14.4,2.6,1191.0,19.4,231.05399999999997,5247236508,5.5688590143200205
2807917110,28079,110,17,079,28,13,2807917,28079,Madrid,Comunidad de Madrid,ES,3,0,0,Madrid,930.518017404,55526.5930946,36.8,2231.0,19.6,6.4,91.3,26.7,2.9,2231.0,6.4,142.78400000000002,404112493,7.359198043250542
2807917111,28079,111,17,079,28,13,2807917,28079,Madrid,Comunidad de Madrid,ES,3,0,0,Madrid,6972.5704227,992379.311433,34.1,2733.0,18.6,4.6,78.5,25.0,3.1,2733.0,4.6,125.71799999999999,2613354372,15.169138168497724
2807917112,28079,112,17,079,28,13,2807917,28079,Madrid,Comunidad de Madrid,ES,3,0,0,Madrid,1826.71519013,96327.1179419,38.6,2095.0,17.7,8.6,92.9,22.9,2.9,2095.0,8.6,180.17,11773625326,11.401175536056064
2807917113,28079,113,17,079,28,13,2807917,28079,Madrid,Comunidad de Madrid,ES,3,0,0,Madrid,2050.9854659,170112.902718,40.9,2767.0,24.0,11.3,92.3,19.3,2.6,2767.0,11.3,312.67100000000005,248795122,12.083046098726813
2807917114,28079,114,17,079,28,13,2807917,28079,Madrid,Comunidad de Madrid,ES,3,0,0,Madrid,1320.72330372,77790.9776339,37.7,1714.0,20.0,7.5,89.6,23.2,2.8,1714.0,7.5,128.55,5237934147,12.449758463781606
2807917115,28079,115,17,079,28,13,2807917,28079,Madrid,Comunidad de Madrid,ES,3,0,0,Madrid,1302.76670289,77530.1668742,33.8,2301.0,22.0,4.7,89.9,28.8,2.8,2301.0,4.7,108.147,4899641793,6.927301910509322
2807917116,28079,116,17,079,28,13,2807917,28079,Madrid,Comunidad de Madrid,ES,3,0,0,Madrid,1143.22119092,71054.4825443,45.0,1220.0,25.5,14.6,89.4,7.3,2.7,1220.0,14.6,178.12,248846594,12.199754907636303
2807917117,28079,117,17,079,28,13,2807917,28079,Madrid,Comunidad de Madrid,ES,3,0,0,Madrid,9565.48670184,4246312.71544,31.8,2862.0,21.5,4.0,82.0,29.1,2.7,2862.0,4.0,114.48,3295138419,148.32294069099294
2807917118,28079,118,17,079,28,13,2807917,28079,Madrid,Comunidad de Madrid,ES,3,0,0,Madrid,1941.69217895,188840.253955,38.5,2784.0,25.2,13.8,69.9,15.1,2.6,2784.0,13.8,384.19200000000006,12287713047,32.85420494340329
2807918002,28079,002,18,079,28,13,2807918,28079,Madrid,Comunidad de Madrid,ES,3,0,0,Madrid,1008.21659884,37801.6837336,43.1,1417.0,22.8,17.0,88.1,14.5,2.7,1417.0,17.0,240.89,316775253,9.648535941628731
2807918003,28079,003,18,079,28,13,2807918,28079,Madrid,Comunidad de Madrid,ES,3,0,0,Madrid,459.967796481,13359.9769341,44.1,907.0,24.2,21.9,78.9,15.6,2.6,907.0,21.9,198.63299999999998,11775957742,47.97817504472183
2807918004,28079,004,18,079,28,13,2807918,28079,Madrid,Comunidad de Madrid,ES,3,0,0,Madrid,668.105849096,26368.1690467,44.6,1194.0,24.6,19.9,81.6,13.7,2.7,1194.0,19.9,237.606,316772364,43.02187690539099
2807918005,28079,005,18,079,28,13,2807918,28079,Madrid,Comunidad de Madrid,ES,3,0,0,Madrid,679.915532139,23266.1165512,40.1,1260.0,26.7,15.3,76.7,19.1,2.7,1260.0,15.3,192.78,316773738,37.07261644852935
2807918006,28079,006,18,079,28,13,2807918,28079,Madrid,Comunidad de Madrid,ES,3,0,0,Madrid,933.900806331,44186.2954593,41.4,1348.0,24.5,14.9,74.2,15.3,2.9,1348.0,14.9,200.852,308619954,29.90175888501643
2807918007,28079,007,18,079,28,13,2807918,28079,Madrid,Comunidad de Madrid,ES,3,0,0,Madrid,1162.83262206,45555.108912,43.5,1009.0,32.7,17.9,75.2,13.3,2.6,1009.0,17.9,180.611,3686903904,37.136787663409045
2807918008,28079,008,18,079,28,13,2807918,28079,Madrid,Comunidad de Madrid,ES,3,0,0,Madrid,904.367647313,38405.6207469,43.7,1207.0,31.2,19.1,75.1,13.8,2.6,1207.0,19.1,230.537,316772322,33.54425089992344
2807918009,28079,009,18,079,28,13,2807918,28079,Madrid,Comunidad de Madrid,ES,3,0,0,Madrid,922.070965814,40576.6278501,44.2,1600.0,21.9,20.1,77.9,15.0,2.8,1600.0,20.1,321.6,11775957772,32.3226078822069
2807918010,28079,010,18,079,28,13,2807918,28079,Madrid,Comunidad de Madrid,ES,3,0,0,Madrid,982.251268114,37502.5888737,42.9,1105.0,25.6,17.1,72.0,14.7,2.9,1105.0,17.1,188.955,6195727851,15.354354457245162
2807918011,28079,011,18,079,28,13,2807918,28079,Madrid,Comunidad de Madrid,ES,3,0,0,Madrid,946.644323903,35122.7963098,43.9,1267.0,28.0,21.3,76.6,15.1,2.6,1267.0,21.3,269.87100000000004,13092877254,22.372371246093095
2807918012,28079,012,18,079,28,13,2807918,28079,Madrid,Comunidad de Madrid,ES,3,0,0,Madrid,1523.30649912,56352.8912893,45.4,1558.0,28.6,24.6,86.1,15.0,2.6,1558.0,24.6,383.26800000000003,11775952752,27.18682157590641
2807918013,28079,013,18,079,28,13,2807918,28079,Madrid,Comunidad de Madrid,ES,3,0,0,Madrid,811.14504985,35163.7978651,42.4,1237.0,32.3,18.0,71.2,15.4,2.7,1237.0,18.0,222.66,316771307,32.754787442043224
2807918014,28079,014,18,079,28,13,2807918,28079,Madrid,Comunidad de Madrid,ES,3,0,0,Madrid,1173.66581508,51025.4548832,43.5,1482.0,29.1,19.2,78.8,15.3,2.7,1482.0,19.2,284.544,4719224073,20.306647628900823
2807918015,28079,015,18,079,28,13,2807918,28079,Madrid,Comunidad de Madrid,ES,3,0,0,Madrid,1132.06391905,45931.7053246,42.4,1152.0,27.8,17.5,76.7,14.9,2.7,1152.0,17.5,201.6,316773282,87.68373655124086
2807918016,28079,016,18,079,28,13,2807918,28079,Madrid,Comunidad de Madrid,ES,3,0,0,Madrid,873.972607193,31172.8940297,41.5,1334.0,28.0,17.2,75.5,17.3,2.6,1334.0,17.2,229.44799999999998,2599989797,37.79333570522609
2807918017,28079,017,18,079,28,13,2807918,28079,Madrid,Comunidad de Madrid,ES,3,0,0,Madrid,760.261543436,25193.7715941,42.6,1166.0,30.3,17.6,79.1,16.0,2.5,1166.0,17.6,205.216,2599989781,12.302049505131336
2807918018,28079,018,18,079,28,13,2807918,28079,Madrid,Comunidad de Madrid,ES,3,0,0,Madrid,941.129802047,47318.4979388,42.2,1905.0,29.9,16.9,81.8,15.9,2.5,1905.0,16.9,321.94499999999994,11775957667,19.47176463683091
2807918019,28079,019,18,079,28,13,2807918,28079,Madrid,Comunidad de Madrid,ES,3,0,0,Madrid,770.632105928,33283.3128013,43.6,1734.0,25.0,19.1,84.8,14.8,2.6,1734.0,19.1,331.194,316773894,15.441776939772518
2807918020,28079,020,18,079,28,13,2807918,28079,Madrid,Comunidad de Madrid,ES,3,0,0,Madrid,865.013496543,36300.0587867,45.5,1465.0,24.2,20.1,89.4,12.8,2.6,1465.0,20.1,294.46500000000003,14114101011,25.859006584826695
2807918021,28079,021,18,079,28,13,2807918,28079,Madrid,Comunidad de Madrid,ES,3,0,0,Madrid,1448.05861032,91920.5756057,50.5,1010.0,23.5,33.7,89.5,9.4,2.4,1010.0,33.7,340.37,11775957587,61.79921447256957
2807918022,28079,022,18,079,28,13,2807918,28079,Madrid,Comunidad de Madrid,ES,3,0,0,Madrid,781.476003704,32845.3070025,42.2,1450.0,30.5,18.3,75.1,16.8,2.5,1450.0,18.3,265.35,316774625,21.97413574954747
2807918023,28079,023,18,079,28,13,2807918,28079,Madrid,Comunidad de Madrid,ES,3,0,0,Madrid,2153.81531955,160926.400789,44.6,1250.0,32.2,19.5,79.3,12.5,2.4,1250.0,19.5,243.75,11775288727,129.17612979285465
2807918024,28079,024,18,079,28,13,2807918,28079,Madrid,Comunidad de Madrid,ES,3,0,0,Madrid,704.42149484,25075.6279287,49.1,1003.0,29.0,31.7,83.3,12.5,2.5,1003.0,31.7,317.95099999999996,11775957525,53.05467990657176
2807918025,28079,025,18,079,28,13,2807918,28079,Madrid,Comunidad de Madrid,ES,3,0,0,Madrid,1286.16345283,63840.6867438,43.5,1739.0,21.2,15.9,95.3,15.5,2.7,1739.0,15.9,276.50100000000003,11775093371,12.7233834888331
2807918026,28079,026,18,079,28,13,2807918,28079,Madrid,Comunidad de Madrid,ES,3,0,0,Madrid,1332.14292911,84871.1655942,43.2,1593.0,20.7,20.0,90.9,16.8,3.0,1593.0,20.0,318.6,8021278743,53.281803214910624
2807918027,28079,027,18,079,28,13,2807918,28079,Madrid,Comunidad de Madrid,ES,3,0,0,Madrid,4480.73079845,873421.268575,43.1,1855.0,20.3,14.3,86.7,13.2,2.9,1855.0,14.3,265.265,1539776598,28.60167126059016
2807918028,28079,028,18,079,28,13,2807918,28079,Madrid,Comunidad de Madrid,ES,3,0,0,Madrid,929.51530288,51707.774137,48.7,1925.0,25.6,30.9,85.7,11.1,2.5,1925.0,30.9,594.825,2920448960,33.92119276542548
2807918029,28079,029,18,079,28,13,2807918,28079,Madrid,Comunidad de Madrid,ES,3,0,0,Madrid,749.061888105,23691.3158361,48.3,1101.0,21.7,29.2,90.5,11.5,2.5,1101.0,29.2,321.492,9108590251,12.163560076655799
2807918030,28079,030,18,079,28,13,2807918,28079,Madrid,Comunidad de Madrid,ES,3,0,0,Madrid,982.690586872,43066.4965115,48.7,777.0,29.0,30.9,87.9,14.0,2.4,777.0,30.9,240.093,11775405558,22.860119788382224
2807918031,28079,031,18,079,28,13,2807918,28079,Madrid,Comunidad de Madrid,ES,3,0,0,Madrid,869.019726127,42764.8800443,47.9,1106.0,27.0,29.6,85.4,13.7,2.5,1106.0,29.6,327.37600000000003,13609331337,9.583296936006978
2807918032,28079,032,18,079,28,13,2807918,28079,Madrid,Comunidad de Madrid,ES,3,0,0,Madrid,1130.92163247,62406.5041792,49.6,1308.0,29.9,32.6,87.2,12.8,2.4,1308.0,32.6,426.408,9111439943,65.94324834648145
2807918033,28079,033,18,079,28,13,2807918,28079,Madrid,Comunidad de Madrid,ES,3,0,0,Madrid,839.887577916,41426.9776968,49.6,1279.0,26.3,33.0,87.2,12.9,2.4,1279.0,33.0,422.07,4124732662,31.275324217977467
2807918034,28079,034,18,079,28,13,2807918,28079,Madrid,Comunidad de Madrid,ES,3,0,0,Madrid,619.703171058,24020.806928,50.6,1236.0,28.1,34.4,88.0,10.9,2.3,1236.0,34.4,425.184,316757910,46.82462621003489
2807918035,28079,035,18,079,28,13,2807918,28079,Madrid,Comunidad de Madrid,ES,3,0,0,Madrid,551.497253087,18699.6306077,49.5,922.0,24.2,34.6,83.7,12.8,2.5,922.0,34.6,319.012,12866598457,73.3333405892269
2807918036,28079,036,18,079,28,13,2807918,28079,Madrid,Comunidad de Madrid,ES,3,0,0,Madrid,1321.82023259,58692.4411961,46.2,1294.0,23.8,20.7,89.5,10.7,2.7,1294.0,20.7,267.858,309890714,68.64852585618259
2807918037,28079,037,18,079,28,13,2807918,28079,Madrid,Comunidad de Madrid,ES,3,0,0,Madrid,1384.03574263,71160.593625,45.9,1095.0,25.2,23.7,78.2,15.0,2.6,1095.0,23.7,259.515,316776036,28.489132773471603
2807918038,28079,038,18,079,28,13,2807918,28079,Madrid,Comunidad de Madrid,ES,3,0,0,Madrid,561.657754205,19651.724106,43.5,1013.0,21.8,20.7,88.8,17.3,2.9,1013.0,20.7,209.69099999999997,2611795955,12.676909044829216
2807918039,28079,039,18,079,28,13,2807918,28079,Madrid,Comunidad de Madrid,ES,3,0,0,Madrid,1073.69377364,65302.2587622,48.9,1241.0,19.3,24.5,94.5,7.6,2.6,1241.0,24.5,304.045,13369269049,5.537468238054296
2807918040,28079,040,18,079,28,13,2807918,28079,Madrid,Comunidad de Madrid,ES,3,0,0,Madrid,3819.52593984,465940.805152,43.8,2290.0,19.8,21.7,94.7,16.9,2.7,2290.0,21.7,496.93,8899261894,29.07550298756257
2807918041,28079,041,18,079,28,13,2807918,28079,Madrid,Comunidad de Madrid,ES,3,0,0,Madrid,719.451275812,22364.9436005,47.4,1264.0,23.8,28.9,80.4,13.1,2.6,1264.0,28.9,365.296,9108636753,28.65841437647247
2807918042,28079,042,18,079,28,13,2807918,28079,Madrid,Comunidad de Madrid,ES,3,0,0,Madrid,2038.89439544,175442.903889,40.8,1837.0,24.5,12.4,87.1,16.2,2.6,1837.0,12.4,227.78799999999998,2836309521,29.183287171441872
2807918043,28079,043,18,079,28,13,2807918,28079,Madrid,Comunidad de Madrid,ES,3,0,0,Madrid,829.309356319,34289.4774397,41.4,1997.0,24.4,11.3,87.6,15.2,2.7,1997.0,11.3,225.66100000000003,970480971,9.88866967945335
2807918044,28079,044,18,079,28,13,2807918,28079,Madrid,Comunidad de Madrid,ES,3,0,0,Madrid,926.920635124,51639.6111017,48.6,1259.0,16.0,23.4,92.6,7.7,2.7,1259.0,23.4,294.606,12484671696,25.33112816868897
2807918045,28079,045,18,079,28,13,2807918,28079,Madrid,Comunidad de Madrid,ES,3,0,0,Madrid,25052.0609718,26674667.5907,28.2,2925.0,24.2,5.1,67.9,37.6,3.3,2925.0,5.1,149.17499999999998,311288411,363.46389918665665
2807918046,28079,046,18,079,28,13,2807918,28079,Madrid,Comunidad de Madrid,ES,3,0,0,Madrid,20847.0488378,15061662.6028,35.6,2127.0,30.2,5.9,65.6,20.2,2.6,2127.0,5.9,125.49300000000001,12192371604,165.92276924043003
2807918047,28079,047,18,079,28,13,2807918,28079,Madrid,Comunidad de Madrid,ES,3,0,0,Madrid,2431.6823593,209778.508015,37.3,1272.0,29.7,8.5,90.1,25.2,2.5,1272.0,8.5,108.12,819450276,32.5272649030799
2807918048,28079,048,18,079,28,13,2807918,28079,Madrid,Comunidad de Madrid,ES,3,0,0,Madrid,875.41033903,42330.8735045,47.9,1291.0,19.3,25.1,93.4,10.7,2.7,1291.0,25.1,324.041,6361714525,51.07920729569085
2807918049,28079,049,18,079,28,13,2807918,28079,Madrid,Comunidad de Madrid,ES,3,0,0,Madrid,1315.67714461,83960.5952527,37.2,1503.0,16.3,7.6,93.6,26.0,3.0,1503.0,7.6,114.228,11900621557,36.347611390841244
2807918050,28079,050,18,079,28,13,2807918,28079,Madrid,Comunidad de Madrid,ES,3,0,0,Madrid,1250.32917208,83650.0643154,35.6,2692.0,27.9,5.6,80.6,23.9,2.7,2692.0,5.6,150.75199999999998,1511349794,18.68025919489703
2807918051,28079,051,18,079,28,13,2807918,28079,Madrid,Comunidad de Madrid,ES,3,0,0,Madrid,2043.50368224,260331.659473,37.6,1504.0,40.1,7.6,95.6,20.4,2.1,1504.0,7.6,114.304,2828879670,4.433264913904594
2807918052,28079,052,18,079,28,13,2807918,28079,Madrid,Comunidad de Madrid,ES,3,0,0,Madrid,842.584509487,44313.3501216,33.6,2318.0,25.5,5.0,82.4,23.6,2.7,2318.0,5.0,115.9,3259060754,9.333945727449898
2807918053,28079,053,18,079,28,13,2807918,28079,Madrid,Comunidad de Madrid,ES,3,0,0,Madrid,1861.03826302,215944.457596,35.5,2504.0,28.4,5.4,84.3,25.0,2.6,2504.0,5.4,135.216,11757684125,27.842123323493066
2807918054,28079,054,18,079,28,13,2807918,28079,Madrid,Comunidad de Madrid,ES,3,0,0,Madrid,1256.94685328,90413.9109898,34.6,3130.0,29.7,5.4,88.2,27.3,2.5,3130.0,5.4,169.02,2611795868,10.81013284142943
2807918055,28079,055,18,079,28,13,2807918,28079,Madrid,Comunidad de Madrid,ES,3,0,0,Madrid,3337.73603193,470017.768328,34.6,1971.0,25.1,5.7,90.1,29.5,2.7,1971.0,5.7,112.34700000000001,7620493104,11.647975099398018
2807918056,28079,056,18,079,28,13,2807918,28079,Madrid,Comunidad de Madrid,ES,3,0,0,Madrid,1583.91314222,151284.551901,35.6,2168.0,26.7,6.1,72.1,20.9,2.6,2168.0,6.1,132.248,1526747159,20.25289997736842
2807918057,28079,057,18,079,28,13,2807918,28079,Madrid,Comunidad de Madrid,ES,3,0,0,Madrid,5926.38002536,1082838.78328,34.7,3123.0,40.0,4.4,84.5,23.3,2.2,3123.0,4.4,137.412,2229621428,22.88537911343941
2807918058,28079,058,18,079,28,13,2807918,28079,Madrid,Comunidad de Madrid,ES,3,0,0,Madrid,5729.41766089,812120.180736,33.6,3829.0,19.2,3.9,80.9,26.1,3.0,3829.0,3.9,149.33100000000002,14104666038,23.58524617534944
2807918059,28079,059,18,079,28,13,2807918,28079,Madrid,Comunidad de Madrid,ES,3,0,0,Madrid,2512.76940322,302603.7971,34.4,2771.0,26.6,5.2,84.5,26.5,2.7,2771.0,5.2,144.092,11916767381,28.449835960994445
2807918060,28079,060,18,079,28,13,2807918,28079,Madrid,Comunidad de Madrid,ES,3,0,0,Madrid,1097.22252338,74926.2174937,34.6,1821.0,25.1,4.3,86.0,25.0,2.6,1821.0,4.3,78.303,14086742043,33.476333382332335
2807918061,28079,061,18,079,28,13,2807918,28079,Madrid,Comunidad de Madrid,ES,3,0,0,Madrid,1489.48122629,128585.786961,36.0,1642.0,30.3,6.9,94.1,24.9,2.4,1642.0,6.9,113.29800000000002,11775252159,3.445937324405691
2807918062,28079,062,18,079,28,13,2807918,28079,Madrid,Comunidad de Madrid,ES,3,0,0,Madrid,1508.35228643,139475.707266,34.7,2016.0,40.4,5.3,86.3,22.7,2.1,2016.0,5.3,106.848,6698873501,15.83119036738482
2807918063,28079,063,18,079,28,13,2807918,28079,Madrid,Comunidad de Madrid,ES,3,0,0,Madrid,2464.8640778,292442.942073,34.3,1560.0,27.1,4.8,93.5,29.1,2.6,1560.0,4.8,74.88,1538838218,10.791748853097008
2807918064,28079,064,18,079,28,13,2807918,28079,Madrid,Comunidad de Madrid,ES,3,0,0,Madrid,1724.9864869,175202.461128,35.7,2610.0,25.1,6.6,81.9,22.1,2.7,2610.0,6.6,172.26,14106878308,55.70156563980064
2807918065,28079,065,18,079,28,13,2807918,28079,Madrid,Comunidad de Madrid,ES,3,0,0,Madrid,2139.86233382,205611.270881,33.9,3130.0,31.0,5.4,72.9,22.6,2.6,3130.0,5.4,169.02,11886824879,38.16692797709773
2807918066,28079,066,18,079,28,13,2807918,28079,Madrid,Comunidad de Madrid,ES,3,0,0,Madrid,1657.40206196,161533.61921,34.8,2227.0,27.3,5.2,91.8,26.8,2.6,2227.0,5.2,115.804,14136490076,39.22555503898763
2807918067,28079,067,18,079,28,13,2807918,28079,Madrid,Comunidad de Madrid,ES,3,0,0,Madrid,1261.80775833,86516.6336386,33.9,1769.0,25.2,4.9,90.3,29.4,2.7,1769.0,4.9,86.681,1515516012,30.384979433537687
2807918068,28079,068,18,079,28,13,2807918,28079,Madrid,Comunidad de Madrid,ES,3,0,0,Madrid,3332.34502134,681601.962381,35.9,1343.0,41.5,5.1,87.2,21.5,2.2,1343.0,5.1,68.493,597612781,16.638523168135226
2807918069,28079,069,18,079,28,13,2807918,28079,Madrid,Comunidad de Madrid,ES,3,0,0,Madrid,1630.50203193,135217.218205,33.4,1796.0,23.5,5.2,89.7,29.7,2.7,1796.0,5.2,93.39200000000001,14134379899,35.285860346607954
2807918070,28079,070,18,079,28,13,2807918,28079,Madrid,Comunidad de Madrid,ES,3,0,0,Madrid,839.239141661,33915.7522945,37.3,1463.0,26.1,6.4,92.6,24.3,2.6,1463.0,6.4,93.632,1086654032,32.83709624028271
2807918071,28079,071,18,079,28,13,2807918,28079,Madrid,Comunidad de Madrid,ES,3,0,0,Madrid,1303.48011731,95267.034881,36.5,2107.0,39.5,5.2,85.1,19.8,2.2,2107.0,5.2,109.564,14104639961,26.417789349842167
2807918072,28079,072,18,079,28,13,2807918,28079,Madrid,Comunidad de Madrid,ES,3,0,0,Madrid,1134.56877078,79859.8296188,36.2,1515.0,39.7,6.1,84.1,20.0,2.1,1515.0,6.1,92.415,11774489257,28.679414580164625
2807918073,28079,073,18,079,28,13,2807918,28079,Madrid,Comunidad de Madrid,ES,3,0,0,Madrid,2179.78079124,276614.453561,35.3,1670.0,30.3,6.1,82.8,24.6,2.6,1670.0,6.1,101.87,14074154691,10.394943860225673
2807919001,28079,001,19,079,28,13,2807919,28079,Madrid,Comunidad de Madrid,ES,3,0,0,Madrid,25205.1639263,18502977.4659,32.2,2178.0,23.6,6.5,69.6,32.0,3.2,2178.0,6.5,141.57,13477876162,229.4124078098469
2807919002,28079,002,19,079,28,13,2807919,28079,Madrid,Comunidad de Madrid,ES,3,0,0,Madrid,2382.88826614,209638.134912,41.3,2919.0,21.8,14.4,86.3,20.4,2.8,2919.0,14.4,420.336,11776504314,4.017888986306555
2807919003,28079,003,19,079,28,13,2807919,28079,Madrid,Comunidad de Madrid,ES,3,0,0,Madrid,716.907041167,29657.7484181,44.9,941.0,25.9,22.6,73.9,15.7,2.7,941.0,22.6,212.66600000000003,307532678,7.430065911502398
2807919004,28079,004,19,079,28,13,2807919,28079,Madrid,Comunidad de Madrid,ES,3,0,0,Madrid,775.79557834,34407.7374197,43.6,975.0,28.9,20.5,70.2,14.9,2.7,975.0,20.5,199.875,13582744193,8.990963186938068
2807919005,28079,005,19,079,28,13,2807919,28079,Madrid,Comunidad de Madrid,ES,3,0,0,Madrid,1088.3892923,49132.960759,44.3,1699.0,24.5,18.0,79.0,13.2,2.6,1699.0,18.0,305.82,13584390508,10.478146368361717
2807919006,28079,006,19,079,28,13,2807919,28079,Madrid,Comunidad de Madrid,ES,3,0,0,Madrid,935.997130336,55447.8595361,43.2,1237.0,28.2,17.8,77.4,15.5,2.5,1237.0,17.8,220.18600000000004,3247246181,55.474825250920794
2807919007,28079,007,19,079,28,13,2807919,28079,Madrid,Comunidad de Madrid,ES,3,0,0,Madrid,904.571965092,39264.9884736,45.5,1225.0,27.1,22.0,80.0,13.1,2.6,1225.0,22.0,269.5,2048161051,55.70464441296905
2807919008,28079,008,19,079,28,13,2807919,28079,Madrid,Comunidad de Madrid,ES,3,0,0,Madrid,1279.793156,71684.5891107,42.8,1379.0,26.2,20.5,72.2,15.7,2.6,1379.0,20.5,282.695,8645504143,11.512518064159535
2807919009,28079,009,19,079,28,13,2807919,28079,Madrid,Comunidad de Madrid,ES,3,0,0,Madrid,859.822937689,40123.5520612,44.8,1625.0,25.1,22.6,75.6,15.1,2.6,1625.0,22.6,367.25,8647735949,22.865407189723758
2807919011,28079,011,19,079,28,13,2807919,28079,Madrid,Comunidad de Madrid,ES,3,0,0,Madrid,699.813089664,24040.6098967,47.4,1267.0,29.3,25.3,81.4,11.2,2.4,1267.0,25.3,320.55100000000004,11776504201,37.00572446903505
2807919012,28079,012,19,079,28,13,2807919,28079,Madrid,Comunidad de Madrid,ES,3,0,0,Madrid,881.650471859,35783.3803911,47.5,1070.0,33.3,25.7,73.8,11.7,2.4,1070.0,25.7,274.99,11776504248,21.60036501012582
2807919014,28079,014,19,079,28,13,2807919,28079,Madrid,Comunidad de Madrid,ES,3,0,0,Madrid,1558.95913044,117533.437466,43.0,1567.0,22.0,18.1,82.9,15.3,2.7,1567.0,18.1,283.627,7126292958,20.07480853557671
2807919015,28079,015,19,079,28,13,2807919,28079,Madrid,Comunidad de Madrid,ES,3,0,0,Madrid,805.403256771,24654.7948639,47.1,1015.0,35.0,23.9,77.8,11.5,2.4,1015.0,23.9,242.585,5996912438,5.5507388500060095
2807919016,28079,016,19,079,28,13,2807919,28079,Madrid,Comunidad de Madrid,ES,3,0,0,Madrid,575.879096128,20599.3152458,44.2,945.0,27.5,20.7,73.0,14.9,2.6,945.0,20.7,195.615,8645492486,27.244349731988798
2807919018,28079,018,19,079,28,13,2807919,28079,Madrid,Comunidad de Madrid,ES,3,0,0,Madrid,682.200230323,25690.1898507,46.8,1224.0,31.7,25.8,73.6,12.8,2.4,1224.0,25.8,315.79200000000003,307533728,18.19764254546287
2807919019,28079,019,19,079,28,13,2807919,28079,Madrid,Comunidad de Madrid,ES,3,0,0,Madrid,750.601128972,25829.5635664,49.7,1016.0,31.5,30.3,74.9,10.6,2.4,1016.0,30.3,307.848,11776504198,10.071750443165241
2807919020,28079,020,19,079,28,13,2807919,28079,Madrid,Comunidad de Madrid,ES,3,0,0,Madrid,523.524386424,16398.1672074,49.4,1030.0,30.6,30.0,82.4,11.8,2.4,1030.0,30.0,309.0,307532151,73.65832474563335
2807919021,28079,021,19,079,28,13,2807919,28079,Madrid,Comunidad de Madrid,ES,3,0,0,Madrid,1027.11099816,29119.0970928,50.8,1284.0,33.2,32.5,80.5,10.6,2.4,1284.0,32.5,417.3,1147280146,4.355739947719811
2807919022,28079,022,19,079,28,13,2807919,28079,Madrid,Comunidad de Madrid,ES,3,0,0,Madrid,747.512496918,33952.949037,43.2,1144.0,29.0,20.0,76.7,16.1,2.5,1144.0,20.0,228.8,1146002939,25.14176299737008
2807919023,28079,023,19,079,28,13,2807919,28079,Madrid,Comunidad de Madrid,ES,3,0,0,Madrid,838.531170373,41441.1129873,43.9,1160.0,30.2,20.0,77.0,15.0,2.6,1160.0,20.0,232.0,3247246248,14.049892614816281
2807919024,28079,024,19,079,28,13,2807919,28079,Madrid,Comunidad de Madrid,ES,3,0,0,Madrid,613.260358479,21097.7299946,45.0,895.0,30.7,22.4,72.2,13.5,2.5,895.0,22.4,200.48,282990800,33.4425766745893
2807919025,28079,025,19,079,28,13,2807919,28079,Madrid,Comunidad de Madrid,ES,3,0,0,Madrid,1769.10590341,133587.412026,45.2,1072.0,32.8,22.8,74.1,13.4,2.5,1072.0,22.8,244.41600000000003,11207902485,17.966537565108997
2807919026,28079,026,19,079,28,13,2807919,28079,Madrid,Comunidad de Madrid,ES,3,0,0,Madrid,1305.30932489,49882.0286142,44.9,947.0,33.3,20.9,75.0,14.3,2.5,947.0,20.9,197.923,316050428,3.713944835947718
2807919027,28079,027,19,079,28,13,2807919,28079,Madrid,Comunidad de Madrid,ES,3,0,0,Madrid,697.182915717,19870.4373424,44.3,979.0,27.3,21.3,77.3,15.0,2.6,979.0,21.3,208.52700000000002,7876028606,20.805323315623472
2807919028,28079,028,19,079,28,13,2807919,28079,Madrid,Comunidad de Madrid,ES,3,0,0,Madrid,990.817090917,38798.8761568,43.2,1490.0,25.3,18.5,69.3,14.4,2.8,1490.0,18.5,275.65,7876028779,18.070371659213542
2807919029,28079,029,19,079,28,13,2807919,28079,Madrid,Comunidad de Madrid,ES,3,0,0,Madrid,4191.8134149,900103.203428,43.0,958.0,27.8,19.5,77.9,17.2,2.7,958.0,19.5,186.81,1458568283,22.385271085424254
2807919032,28079,032,19,079,28,13,2807919,28079,Madrid,Comunidad de Madrid,ES,3,0,0,Madrid,5356.77930084,957432.008889,39.3,2330.0,24.3,11.6,81.9,21.2,2.8,2330.0,11.6,270.28,1539848659,40.28558675940882
2807919033,28079,033,19,079,28,13,2807919,28079,Madrid,Comunidad de Madrid,ES,3,0,0,Madrid,2289.34018896,279963.312375,45.5,2035.0,20.2,16.8,93.6,10.7,2.7,2035.0,16.8,341.88,12219183668,24.173605038506988
2807919034,28079,034,19,079,28,13,2807919,28079,Madrid,Comunidad de Madrid,ES,3,0,0,Madrid,918.72145207,52763.8876357,45.0,1670.0,21.5,16.3,92.6,10.5,2.7,1670.0,16.3,272.21,13916781323,34.255143683101664
2807919035,28079,035,19,079,28,13,2807919,28079,Madrid,Comunidad de Madrid,ES,3,0,0,Madrid,1531.16491733,127224.605558,46.1,1580.0,22.7,19.1,91.6,9.1,2.7,1580.0,19.1,301.78000000000003,11778949098,21.124820391125866
2807919036,28079,036,19,079,28,13,2807919,28079,Madrid,Comunidad de Madrid,ES,3,0,0,Madrid,2149.01393512,135108.960983,47.0,2052.0,26.3,20.5,91.2,9.2,2.6,2052.0,20.5,420.66,13909135321,42.77148908764136
2807919037,28079,037,19,079,28,13,2807919,28079,Madrid,Comunidad de Madrid,ES,3,0,0,Madrid,2217.96216001,122476.645377,45.7,1961.0,21.8,16.9,92.2,8.6,2.7,1961.0,16.9,331.40899999999993,11776504768,5.199419396062618
2807919038,28079,038,19,079,28,13,2807919,28079,Madrid,Comunidad de Madrid,ES,3,0,0,Madrid,1719.50239256,137730.788792,40.6,1860.0,20.1,13.6,92.0,17.4,2.9,1860.0,13.6,252.96,11778949103,5.28213001103438
2807919039,28079,039,19,079,28,13,2807919,28079,Madrid,Comunidad de Madrid,ES,3,0,0,Madrid,1318.6362434,64341.3759078,40.2,1587.0,17.4,11.8,84.8,15.3,2.9,1587.0,11.8,187.26600000000002,2771994967,4.221616199262056
2807919040,28079,040,19,079,28,13,2807919,28079,Madrid,Comunidad de Madrid,ES,3,0,0,Madrid,1059.30651524,60781.9144223,39.5,2247.0,22.9,8.7,94.0,20.9,2.7,2247.0,8.7,195.48899999999998,8645504274,50.79932657823898
2807919041,28079,041,19,079,28,13,2807919,28079,Madrid,Comunidad de Madrid,ES,3,0,0,Madrid,846.448452507,38601.7378848,39.2,1496.0,25.0,9.4,95.3,26.2,2.6,1496.0,9.4,140.624,13925275065,49.17743428336286
2807919042,28079,042,19,079,28,13,2807919,28079,Madrid,Comunidad de Madrid,ES,3,0,0,Madrid,1359.22188694,107381.950518,39.1,2406.0,19.6,6.9,97.5,23.7,2.8,2406.0,6.9,166.014,1540699282,23.000150403006355
2807919043,28079,043,19,079,28,13,2807919,28079,Madrid,Comunidad de Madrid,ES,3,0,0,Madrid,1138.63491936,63885.5142061,45.2,1325.0,22.2,18.0,92.7,11.3,2.7,1325.0,18.0,238.5,11776504585,12.774899771967165
2807919044,28079,044,19,079,28,13,2807919,28079,Madrid,Comunidad de Madrid,ES,3,0,0,Madrid,7314.34820285,1576623.74028,39.1,1944.0,18.4,9.8,82.1,17.2,3.1,1944.0,9.8,190.512,1539295382,15.16038803894292
2807919045,28079,045,19,079,28,13,2807919,28079,Madrid,Comunidad de Madrid,ES,3,0,0,Madrid,1182.54334374,56103.0733864,38.5,1683.0,18.2,7.4,96.0,24.8,2.8,1683.0,7.4,124.542,13946772272,10.087479580407008
2807919046,28079,046,19,079,28,13,2807919,28079,Madrid,Comunidad de Madrid,ES,3,0,0,Madrid,1213.11981127,61409.4982931,36.6,1907.0,14.8,6.8,95.2,26.2,3.0,1907.0,6.8,129.67600000000002,4548158911,6.581872909059475
2807919047,28079,047,19,079,28,13,2807919,28079,Madrid,Comunidad de Madrid,ES,3,0,0,Madrid,2180.42644155,157762.047401,38.0,2504.0,20.9,7.4,93.1,24.6,2.8,2504.0,7.4,185.29600000000002,5071076796,11.883982209108337
2807919048,28079,048,19,079,28,13,2807919,28079,Madrid,Comunidad de Madrid,ES,3,0,0,Madrid,806.140457258,30709.5477447,37.8,1598.0,15.1,7.4,95.2,27.0,3.0,1598.0,7.4,118.25200000000001,1540748505,36.725184476909156
2807919049,28079,049,19,079,28,13,2807919,28079,Madrid,Comunidad de Madrid,ES,3,0,0,Madrid,1042.84132921,53060.6445166,38.6,2044.0,23.9,8.4,94.8,25.1,2.7,2044.0,8.4,171.69600000000003,13933772117,14.888592421301063
2807919050,28079,050,19,079,28,13,2807919,28079,Madrid,Comunidad de Madrid,ES,3,0,0,Madrid,860.620444646,46520.4887683,43.3,1137.0,23.3,12.4,96.1,14.2,2.6,1137.0,12.4,140.988,10094917256,36.616475964344474
2807919051,28079,051,19,079,28,13,2807919,28079,Madrid,Comunidad de Madrid,ES,3,0,0,Madrid,1301.61107039,81869.9677839,37.4,1927.0,18.2,6.4,94.7,26.3,2.9,1927.0,6.4,123.32800000000002,3064731059,21.854133094830566
2807919052,28079,052,19,079,28,13,2807919,28079,Madrid,Comunidad de Madrid,ES,3,0,0,Madrid,5663.15829829,1707776.84097,32.8,3416.0,29.7,2.7,91.8,22.3,2.4,3416.0,2.7,92.23200000000001,1156936773,12.39971276360237
2807919053,28079,053,19,079,28,13,2807919,28079,Madrid,Comunidad de Madrid,ES,3,0,0,Madrid,11810.0817575,6233396.05374,32.0,3949.0,19.8,3.6,73.9,25.4,3.0,3949.0,3.6,142.164,8538138353,298.2524758689254
2807919054,28079,054,19,079,28,13,2807919,28079,Madrid,Comunidad de Madrid,ES,3,0,0,Madrid,4462.39666057,1230048.67331,33.2,4620.0,21.6,3.7,84.8,22.8,2.5,4620.0,3.7,170.94,11757475035,5.55384932225256
2807919055,28079,055,19,079,28,13,2807919,28079,Madrid,Comunidad de Madrid,ES,3,0,0,Madrid,4567.57664747,1070331.04975,31.5,2402.0,31.6,2.1,92.9,25.0,2.4,2402.0,2.1,50.442,12367143557,19.057354785819662
2807919056,28079,056,19,079,28,13,2807919,28079,Madrid,Comunidad de Madrid,ES,3,0,0,Madrid,2424.42919514,266812.540738,31.2,2818.0,24.1,2.6,91.8,26.8,2.6,2818.0,2.6,73.268,8779112262,11.429195769025768
2807920001,28079,001,20,079,28,13,2807920,28079,Madrid,Comunidad de Madrid,ES,3,0,0,Madrid,2953.61899923,246766.638424,44.7,2154.0,30.9,19.4,76.4,12.5,2.5,2154.0,19.4,417.876,9724477615,32.79447279585945
2807920002,28079,002,20,079,28,13,2807920,28079,Madrid,Comunidad de Madrid,ES,3,0,0,Madrid,2227.25016132,203955.490981,41.6,1600.0,23.8,12.9,91.4,17.3,2.6,1600.0,12.9,206.4,84905632,59.27636840707076
2807920003,28079,003,20,079,28,13,2807920,28079,Madrid,Comunidad de Madrid,ES,3,0,0,Madrid,1074.44747051,32432.2208568,46.1,1101.0,33.1,21.3,80.3,12.5,2.5,1101.0,21.3,234.513,13933772053,21.771320380110147
2807920006,28079,006,20,079,28,13,2807920,28079,Madrid,Comunidad de Madrid,ES,3,0,0,Madrid,683.908572331,24093.3886506,43.2,951.0,29.7,17.3,82.1,15.5,2.8,951.0,17.3,164.523,2455932709,22.69380389879778
2807920007,28079,007,20,079,28,13,2807920,28079,Madrid,Comunidad de Madrid,ES,3,0,0,Madrid,918.413149769,41720.8507176,43.2,1711.0,27.6,18.8,75.1,13.7,2.7,1711.0,18.8,321.668,1536618089,18.17022178075948
2807920008,28079,008,20,079,28,13,2807920,28079,Madrid,Comunidad de Madrid,ES,3,0,0,Madrid,821.902050879,36933.8941157,42.1,1359.0,27.1,15.6,75.1,16.4,2.7,1359.0,15.6,212.004,9214337284,29.831499330170125
2807920009,28079,009,20,079,28,13,2807920,28079,Madrid,Comunidad de Madrid,ES,3,0,0,Madrid,633.747905693,25006.5207269,48.1,802.0,28.8,24.3,88.0,12.2,2.5,802.0,24.3,194.88600000000002,9996829693,58.994107119099155
2807920010,28079,010,20,079,28,13,2807920,28079,Madrid,Comunidad de Madrid,ES,3,0,0,Madrid,695.189617008,27038.1575825,48.7,656.0,29.5,26.5,88.4,11.4,2.4,656.0,26.5,173.84,7356814477,52.6226995474191
2807920011,28079,011,20,079,28,13,2807920,28079,Madrid,Comunidad de Madrid,ES,3,0,0,Madrid,624.601014696,22946.3296446,47.8,724.0,27.4,27.1,84.8,13.7,2.6,724.0,27.1,196.204,1602163874,36.39117929943502
2807920012,28079,012,20,079,28,13,2807920,28079,Madrid,Comunidad de Madrid,ES,3,0,0,Madrid,565.365904593,19448.4428892,40.6,1568.0,27.3,13.8,65.1,16.1,2.7,1568.0,13.8,216.38400000000001,4893983102,26.85585117676331
2807920013,28079,013,20,079,28,13,2807920,28079,Madrid,Comunidad de Madrid,ES,3,0,0,Madrid,587.573685898,17671.9627833,42.4,979.0,34.3,17.8,70.5,14.6,2.6,979.0,17.8,174.262,13511488205,17.249086628917023
2807920015,28079,015,20,079,28,13,2807920,28079,Madrid,Comunidad de Madrid,ES,3,0,0,Madrid,820.132391734,33079.8181945,41.9,1867.0,34.9,16.3,68.6,14.5,2.5,1867.0,16.3,304.321,334541982,29.001756021050028
2807920016,28079,016,20,079,28,13,2807920,28079,Madrid,Comunidad de Madrid,ES,3,0,0,Madrid,675.273295312,16985.3634355,43.9,797.0,39.8,20.0,71.3,13.7,2.3,797.0,20.0,159.4,2455932638,12.588422264026422
2807920017,28079,017,20,079,28,13,2807920,28079,Madrid,Comunidad de Madrid,ES,3,0,0,Madrid,2951.67244066,140846.742451,42.0,1123.0,31.4,16.0,74.6,15.0,2.6,1123.0,16.0,179.68,4894949064,31.211005851937824
2807920018,28079,018,20,079,28,13,2807920,28079,Madrid,Comunidad de Madrid,ES,3,0,0,Madrid,472.817850528,13619.5235967,41.4,1150.0,30.2,12.9,64.9,14.4,2.6,1150.0,12.9,148.35,4935720561,44.18226676184495
2807920020,28079,020,20,079,28,13,2807920,28079,Madrid,Comunidad de Madrid,ES,3,0,0,Madrid,845.153675708,33293.7517603,42.1,1849.0,32.1,14.4,66.4,14.7,2.5,1849.0,14.4,266.25600000000003,2455932769,1.0950272337590379
2807920021,28079,021,20,079,28,13,2807920,28079,Madrid,Comunidad de Madrid,ES,3,0,0,Madrid,3801.83297083,187259.040287,41.6,976.0,27.0,14.9,76.1,17.7,2.7,976.0,14.9,145.424,1602163822,26.634858600457925
2807920022,28079,022,20,079,28,13,2807920,28079,Madrid,Comunidad de Madrid,ES,3,0,0,Madrid,1088.16791566,46509.6587079,41.0,1230.0,29.1,14.6,73.3,17.2,2.8,1230.0,14.6,179.58,334539371,7.7543552863657155
2807920023,28079,023,20,079,28,13,2807920,28079,Madrid,Comunidad de Madrid,ES,3,0,0,Madrid,1016.47838777,49030.7147873,41.6,1822.0,30.2,16.3,72.1,15.9,2.7,1822.0,16.3,296.98600000000005,1596136219,27.99223347324414
2807920025,28079,025,20,079,28,13,2807920,28079,Madrid,Comunidad de Madrid,ES,3,0,0,Madrid,786.585809662,27850.1283186,41.3,1190.0,29.7,16.3,74.4,17.1,2.7,1190.0,16.3,193.97,1596136262,24.724674218341704
2807920026,28079,026,20,079,28,13,2807920,28079,Madrid,Comunidad de Madrid,ES,3,0,0,Madrid,1819.21407029,101681.562609,46.9,1348.0,30.7,25.2,85.2,14.8,2.5,1348.0,25.2,339.69599999999997,12320439332,22.038215217514306
2807920027,28079,027,20,079,28,13,2807920,28079,Madrid,Comunidad de Madrid,ES,3,0,0,Madrid,761.948034848,25314.014655,49.0,1048.0,26.7,26.9,92.4,11.4,2.5,1048.0,26.9,281.912,12320440231,40.32381713610997
2807920028,28079,028,20,079,28,13,2807920,28079,Madrid,Comunidad de Madrid,ES,3,0,0,Madrid,589.529239832,18812.0590549,51.6,700.0,31.8,31.6,88.9,11.1,2.4,700.0,31.6,221.2,307484447,50.46471034129698
2807920029,28079,029,20,079,28,13,2807920,28079,Madrid,Comunidad de Madrid,ES,3,0,0,Madrid,1371.40155283,91851.3526368,43.9,1438.0,30.2,19.1,82.1,14.4,2.6,1438.0,19.1,274.658,1598800945,33.84924479182333
2807920031,28079,031,20,079,28,13,2807920,28079,Madrid,Comunidad de Madrid,ES,3,0,0,Madrid,1814.27076553,87807.1488771,40.6,1375.0,26.9,13.9,70.6,16.3,2.8,1375.0,13.9,191.125,1598842545,28.3332239623279
2807920032,28079,032,20,079,28,13,2807920,28079,Madrid,Comunidad de Madrid,ES,3,0,0,Madrid,1219.21122778,50964.5371075,39.7,1127.0,34.8,11.7,63.5,15.4,2.7,1127.0,11.7,131.859,1597746800,11.07413377569269
2807920033,28079,033,20,079,28,13,2807920,28079,Madrid,Comunidad de Madrid,ES,3,0,0,Madrid,622.430965671,24204.0759302,41.4,1177.0,31.2,16.2,69.8,16.6,2.7,1177.0,16.2,190.67399999999998,6507061446,4.910140720743922
2807920034,28079,034,20,079,28,13,2807920,28079,Madrid,Comunidad de Madrid,ES,3,0,0,Madrid,789.955729853,29496.6738599,40.4,1199.0,29.4,13.6,73.4,17.6,2.8,1199.0,13.6,163.064,1603441306,11.294572930790029
2807920035,28079,035,20,079,28,13,2807920,28079,Madrid,Comunidad de Madrid,ES,3,0,0,Madrid,922.275290072,42255.6610884,40.7,1199.0,28.6,13.8,68.6,15.0,2.8,1199.0,13.8,165.46200000000002,13961723227,17.677895709734532
2807920036,28079,036,20,079,28,13,2807920,28079,Madrid,Comunidad de Madrid,ES,3,0,0,Madrid,942.214389763,33010.3875311,39.4,1181.0,27.8,13.7,71.7,18.9,2.8,1181.0,13.7,161.797,3048869838,12.361022121131603
2807920037,28079,037,20,079,28,13,2807920,28079,Madrid,Comunidad de Madrid,ES,3,0,0,Madrid,644.574181942,19427.1771819,49.0,772.0,29.9,28.1,90.2,12.4,2.4,772.0,28.1,216.93200000000002,1598309348,8.034949016466436
2807920038,28079,038,20,079,28,13,2807920,28079,Madrid,Comunidad de Madrid,ES,3,0,0,Madrid,1248.62693259,64225.6826185,47.1,660.0,25.8,23.3,91.7,12.1,2.6,660.0,23.3,153.78,3588248659,39.05934641325257
2807920039,28079,039,20,079,28,13,2807920,28079,Madrid,Comunidad de Madrid,ES,3,0,0,Madrid,629.637650872,16426.8056905,49.7,720.0,35.1,30.3,90.7,14.3,2.4,720.0,30.3,218.16,1598303916,32.0143287266906
2807920040,28079,040,20,079,28,13,2807920,28079,Madrid,Comunidad de Madrid,ES,3,0,0,Madrid,1043.64119154,46816.1014153,49.7,878.0,30.0,29.0,92.0,9.9,2.4,878.0,29.0,254.62,1609220191,75.24474572497911
2807920041,28079,041,20,079,28,13,2807920,28079,Madrid,Comunidad de Madrid,ES,3,0,0,Madrid,771.58047177,34283.4509346,48.8,892.0,28.8,29.7,88.7,11.3,2.5,892.0,29.7,264.924,352653838,35.34783967863651
2807920042,28079,042,20,079,28,13,2807920,28079,Madrid,Comunidad de Madrid,ES,3,0,0,Madrid,593.159943176,17986.9445664,47.1,700.0,27.1,25.0,88.1,12.9,2.7,700.0,25.0,175.0,13348172481,52.285989358688354
2807920043,28079,043,20,079,28,13,2807920,28079,Madrid,Comunidad de Madrid,ES,3,0,0,Madrid,1045.61568933,52182.252024,49.2,822.0,28.9,28.4,89.2,11.2,2.5,822.0,28.4,233.44799999999998,352653651,29.07372537963889
2807920044,28079,044,20,079,28,13,2807920,28079,Madrid,Comunidad de Madrid,ES,3,0,0,Madrid,1199.12281759,80534.3268017,43.5,1135.0,25.9,18.8,81.6,17.9,2.8,1135.0,18.8,213.38,13198285335,24.321453805639447
2807920046,28079,046,20,079,28,13,2807920,28079,Madrid,Comunidad de Madrid,ES,3,0,0,Madrid,655.543982376,27049.7468338,41.1,1022.0,30.0,14.9,68.8,15.0,2.6,1022.0,14.9,152.27800000000002,2987662897,5.581612406819243
2807920047,28079,047,20,079,28,13,2807920,28079,Madrid,Comunidad de Madrid,ES,3,0,0,Madrid,1227.64069113,67648.7323431,41.4,1609.0,27.8,15.7,72.5,14.8,2.7,1609.0,15.7,252.613,3275193010,5.689208252417674
2807920048,28079,048,20,079,28,13,2807920,28079,Madrid,Comunidad de Madrid,ES,3,0,0,Madrid,733.336406916,24040.4721434,41.3,1043.0,28.9,14.5,69.6,15.3,2.7,1043.0,14.5,151.235,307485933,19.50353938772022
2807920049,28079,049,20,079,28,13,2807920,28079,Madrid,Comunidad de Madrid,ES,3,0,0,Madrid,1336.83269536,58945.5735158,42.7,995.0,28.6,17.9,85.1,16.3,2.6,995.0,17.9,178.105,1597694502,22.720039211839794
2807920050,28079,050,20,079,28,13,2807920,28079,Madrid,Comunidad de Madrid,ES,3,0,0,Madrid,700.573502951,23182.8537332,41.4,1032.0,33.8,16.2,77.1,17.0,2.6,1032.0,16.2,167.18399999999997,1597746700,9.060565960437616
2807920051,28079,051,20,079,28,13,2807920,28079,Madrid,Comunidad de Madrid,ES,3,0,0,Madrid,752.995116731,26658.5023721,41.8,1059.0,28.4,15.5,77.9,17.3,2.6,1059.0,15.5,164.145,1597746657,25.017392648848656
2807920053,28079,053,20,079,28,13,2807920,28079,Madrid,Comunidad de Madrid,ES,3,0,0,Madrid,1370.86253885,67095.5330816,40.4,2274.0,26.3,14.4,73.8,17.8,2.8,2274.0,14.4,327.456,3431663632,16.00538183187897
2807920055,28079,055,20,079,28,13,2807920,28079,Madrid,Comunidad de Madrid,ES,3,0,0,Madrid,1393.67931528,117613.979723,40.3,1763.0,18.7,9.9,95.5,15.9,3.0,1763.0,9.9,174.537,4257969689,30.581406349252656
2807920056,28079,056,20,079,28,13,2807920,28079,Madrid,Comunidad de Madrid,ES,3,0,0,Madrid,897.161978361,52057.7887617,45.9,1265.0,27.8,23.6,87.3,13.4,2.6,1265.0,23.6,298.54,448915868,13.70728334077218
2807920058,28079,058,20,079,28,13,2807920,28079,Madrid,Comunidad de Madrid,ES,3,0,0,Madrid,679.726137049,28196.9553725,45.7,1035.0,23.7,22.7,86.2,14.3,2.6,1035.0,22.7,234.945,1609220187,13.751642106962715
2807920059,28079,059,20,079,28,13,2807920,28079,Madrid,Comunidad de Madrid,ES,3,0,0,Madrid,603.523404987,16107.881513,44.6,760.0,26.2,21.6,87.1,15.0,2.7,760.0,21.6,164.16,4573742151,10.705887666214045
2807920062,28079,062,20,079,28,13,2807920,28079,Madrid,Comunidad de Madrid,ES,3,0,0,Madrid,845.63676933,42078.2013339,50.3,1392.0,23.1,33.8,90.2,11.3,2.4,1392.0,33.8,470.496,1598919901,22.677356697663978
2807920063,28079,063,20,079,28,13,2807920,28079,Madrid,Comunidad de Madrid,ES,3,0,0,Madrid,1148.00674701,69375.4643452,52.6,1138.0,21.7,41.0,91.5,9.7,2.5,1138.0,41.0,466.58,8152421544,8.765203540630056
2807920064,28079,064,20,079,28,13,2807920,28079,Madrid,Comunidad de Madrid,ES,3,0,0,Madrid,788.493644468,35382.4232046,52.3,946.0,25.7,39.1,90.2,9.6,2.5,946.0,39.1,369.88599999999997,1597595599,44.00739469474311
2807920065,28079,065,20,079,28,13,2807920,28079,Madrid,Comunidad de Madrid,ES,3,0,0,Madrid,1024.95466721,57601.7574021,48.0,1810.0,22.6,27.2,85.1,11.5,2.6,1810.0,27.2,492.32,1597600719,31.24381931158378
2807920066,28079,066,20,079,28,13,2807920,28079,Madrid,Comunidad de Madrid,ES,3,0,0,Madrid,1081.97538953,61851.0119704,51.1,1749.0,24.2,35.3,90.4,9.7,2.5,1749.0,35.3,617.3969999999999,3049723628,26.319720168785146
2807920067,28079,067,20,079,28,13,2807920,28079,Madrid,Comunidad de Madrid,ES,3,0,0,Madrid,17440.9571249,7691167.02727,42.6,2268.0,19.4,13.3,92.6,14.0,2.8,2268.0,13.3,301.644,8729960997,59.38497126436187
2807920068,28079,068,20,079,28,13,2807920,28079,Madrid,Comunidad de Madrid,ES,3,0,0,Madrid,2712.06512303,483781.499309,39.5,2709.0,31.4,11.9,81.5,19.8,2.5,2709.0,11.9,322.37100000000004,11759292397,54.54707343976291
2807920069,28079,069,20,079,28,13,2807920,28079,Madrid,Comunidad de Madrid,ES,3,0,0,Madrid,1328.15821999,62075.3632281,45.3,1099.0,31.3,22.2,84.8,16.0,2.6,1099.0,22.2,243.97799999999998,14022685655,34.43859955344894
2807920070,28079,070,20,079,28,13,2807920,28079,Madrid,Comunidad de Madrid,ES,3,0,0,Madrid,1383.51535004,83372.071014,45.9,1038.0,35.5,22.9,81.1,16.2,2.4,1038.0,22.9,237.70199999999997,14007710219,12.253229040624909
2807920071,28079,071,20,079,28,13,2807920,28079,Madrid,Comunidad de Madrid,ES,3,0,0,Madrid,1946.05366901,175194.374995,42.1,1685.0,27.6,14.7,83.4,17.6,2.6,1685.0,14.7,247.695,9435920454,56.71392040955874
2807920072,28079,072,20,079,28,13,2807920,28079,Madrid,Comunidad de Madrid,ES,3,0,0,Madrid,3591.52881833,398649.491299,45.6,1745.0,27.4,22.8,84.6,14.4,2.5,1745.0,22.8,397.86,4545703326,131.29912583441268
2807920073,28079,073,20,079,28,13,2807920,28079,Madrid,Comunidad de Madrid,ES,3,0,0,Madrid,586.232300895,20268.0850709,41.7,1045.0,30.0,16.4,71.1,14.9,2.6,1045.0,16.4,171.38,13954074575,45.798087468043576
2807920074,28079,074,20,079,28,13,2807920,28079,Madrid,Comunidad de Madrid,ES,3,0,0,Madrid,526.53031065,17831.405344,41.6,974.0,25.3,17.2,76.4,16.4,2.7,974.0,17.2,167.528,13954091036,55.005089111387214
2807920075,28079,075,20,079,28,13,2807920,28079,Madrid,Comunidad de Madrid,ES,3,0,0,Madrid,815.519665876,32919.8723085,42.5,1059.0,25.5,18.5,68.6,15.6,2.8,1059.0,18.5,195.915,5022736716,52.264573579220155
2807920076,28079,076,20,079,28,13,2807920,28079,Madrid,Comunidad de Madrid,ES,3,0,0,Madrid,992.338931568,47602.1272496,43.3,1431.0,24.4,20.8,78.2,17.3,2.6,1431.0,20.8,297.64799999999997,5030300335,8.967323922086905
2807920077,28079,077,20,079,28,13,2807920,28079,Madrid,Comunidad de Madrid,ES,3,0,0,Madrid,1083.9477345,72790.7476451,45.7,2306.0,21.3,23.0,82.0,13.0,2.8,2306.0,23.0,530.38,84905747,23.10225765605969
2807920078,28079,078,20,079,28,13,2807920,28079,Madrid,Comunidad de Madrid,ES,3,0,0,Madrid,768.383326635,35169.3582965,43.0,1539.0,27.8,18.7,77.3,14.5,2.6,1539.0,18.7,287.793,4549487002,37.114179817270795
2807920079,28079,079,20,079,28,13,2807920,28079,Madrid,Comunidad de Madrid,ES,3,0,0,Madrid,852.383923105,33683.2611205,45.6,1169.0,23.7,20.8,84.3,13.6,2.7,1169.0,20.8,243.15200000000002,2076382101,40.19426410901793
2807920080,28079,080,20,079,28,13,2807920,28079,Madrid,Comunidad de Madrid,ES,3,0,0,Madrid,1066.79767615,69090.2516216,47.0,1265.0,25.3,26.4,86.8,13.3,2.6,1265.0,26.4,333.96,8145466337,40.66613594051426
2807920082,28079,082,20,079,28,13,2807920,28079,Madrid,Comunidad de Madrid,ES,3,0,0,Madrid,1373.36625012,54012.7286065,45.1,1954.0,26.6,23.2,81.4,14.9,2.7,1954.0,23.2,453.328,88054121,17.29712044109658
2807920083,28079,083,20,079,28,13,2807920,28079,Madrid,Comunidad de Madrid,ES,3,0,0,Madrid,1003.28079653,45932.6822137,46.5,880.0,30.6,24.1,79.9,13.0,2.6,880.0,24.1,212.08,5054370466,25.4378865375294
2807920085,28079,085,20,079,28,13,2807920,28079,Madrid,Comunidad de Madrid,ES,3,0,0,Madrid,2256.37823273,198752.449732,47.0,1862.0,27.4,26.5,80.2,14.0,2.5,1862.0,26.5,493.43,88054064,33.40327419407837
2807920086,28079,086,20,079,28,13,2807920,28079,Madrid,Comunidad de Madrid,ES,3,0,0,Madrid,703.320107386,28720.8035486,47.8,1612.0,31.9,28.8,79.5,12.0,2.5,1612.0,28.8,464.256,88054054,97.9357125860796
2807920087,28079,087,20,079,28,13,2807920,28079,Madrid,Comunidad de Madrid,ES,3,0,0,Madrid,645.381934999,22515.8361046,44.5,1153.0,29.6,21.7,76.0,15.3,2.6,1153.0,21.7,250.201,3061515855,51.75667686325806
2807920088,28079,088,20,079,28,13,2807920,28079,Madrid,Comunidad de Madrid,ES,3,0,0,Madrid,1365.13378454,59024.5144021,45.3,2103.0,31.6,22.7,79.4,14.1,2.5,2103.0,22.7,477.381,88054368,24.61964243470944
2807920090,28079,090,20,079,28,13,2807920,28079,Madrid,Comunidad de Madrid,ES,3,0,0,Madrid,749.308418203,31408.7852159,50.4,1213.0,29.9,34.9,89.9,12.0,2.4,1213.0,34.9,423.337,88054326,78.57490752281794
2807920091,28079,091,20,079,28,13,2807920,28079,Madrid,Comunidad de Madrid,ES,3,0,0,Madrid,793.948903755,28330.8519663,44.0,1452.0,35.3,19.9,72.7,13.8,2.4,1452.0,19.9,288.948,13994379733,45.97292085868259
2807920092,28079,092,20,079,28,13,2807920,28079,Madrid,Comunidad de Madrid,ES,3,0,0,Madrid,1409.26675381,39989.4092417,47.4,1623.0,32.0,26.4,78.0,11.2,2.4,1623.0,26.4,428.472,5046315318,22.630437647514178
2807920093,28079,093,20,079,28,13,2807920,28079,Madrid,Comunidad de Madrid,ES,3,0,0,Madrid,1849.05049469,197004.322681,45.5,1328.0,25.5,25.6,82.9,17.0,2.7,1328.0,25.6,339.968,5152304647,26.61760288080217
2807920095,28079,095,20,079,28,13,2807920,28079,Madrid,Comunidad de Madrid,ES,3,0,0,Madrid,2880.87402184,471957.254104,49.5,1282.0,29.8,30.4,92.9,13.6,2.4,1282.0,30.4,389.72799999999995,4729156794,24.66150529356528
2807920096,28079,096,20,079,28,13,2807920,28079,Madrid,Comunidad de Madrid,ES,3,0,0,Madrid,1101.67737859,55583.2842192,47.3,1069.0,26.8,22.4,91.9,8.8,2.5,1069.0,22.4,239.456,5195439099,25.96304580286928
2807920097,28079,097,20,079,28,13,2807920,28079,Madrid,Comunidad de Madrid,ES,3,0,0,Madrid,1126.85537959,68923.7293358,47.0,1119.0,33.1,25.9,82.9,12.6,2.5,1119.0,25.9,289.82099999999997,5137769810,68.53355059810936
2807920098,28079,098,20,079,28,13,2807920,28079,Madrid,Comunidad de Madrid,ES,3,0,0,Madrid,749.67127951,32736.6335445,50.3,990.0,33.9,32.2,91.3,12.6,2.2,990.0,32.2,318.78000000000003,114123695,1.741384743506116
2807920099,28079,099,20,079,28,13,2807920,28079,Madrid,Comunidad de Madrid,ES,3,0,0,Madrid,3728.90448932,656315.45247,45.0,1716.0,19.5,21.7,93.0,14.5,2.8,1716.0,21.7,372.37199999999996,297610607,18.854595202345152
2807920100,28079,100,20,079,28,13,2807920,28079,Madrid,Comunidad de Madrid,ES,3,0,0,Madrid,2441.11448159,217042.969485,44.3,1668.0,31.9,19.4,71.0,11.2,2.6,1668.0,19.4,323.592,6360566049,41.1345283084864
2807920101,28079,101,20,079,28,13,2807920,28079,Madrid,Comunidad de Madrid,ES,3,0,0,Madrid,1824.50431095,163559.309071,46.1,1440.0,26.0,24.5,84.8,12.4,2.6,1440.0,24.5,352.8,30097689,37.77573799704139
2807920102,28079,102,20,079,28,13,2807920,28079,Madrid,Comunidad de Madrid,ES,3,0,0,Madrid,1492.89680498,101062.171263,47.3,1860.0,25.1,24.8,92.6,13.2,2.5,1860.0,24.8,461.28,1597595575,33.30167766138084
2807920103,28079,103,20,079,28,13,2807920,28079,Madrid,Comunidad de Madrid,ES,3,0,0,Madrid,1489.8319446,83713.3514435,42.4,2314.0,19.5,10.2,95.8,11.8,2.8,2314.0,10.2,236.028,5031861885,52.56863730880128
2807920104,28079,104,20,079,28,13,2807920,28079,Madrid,Comunidad de Madrid,ES,3,0,0,Madrid,1317.89592605,80465.0077825,41.0,2267.0,16.7,10.5,96.4,18.0,2.9,2267.0,10.5,238.035,24344879,60.4406861232441
2807920105,28079,105,20,079,28,13,2807920,28079,Madrid,Comunidad de Madrid,ES,3,0,0,Madrid,1642.71133815,92105.8744487,46.3,1929.0,24.1,20.8,91.6,10.2,2.6,1929.0,20.8,401.232,5198074310,24.407804918400764
2807920106,28079,106,20,079,28,13,2807920,28079,Madrid,Comunidad de Madrid,ES,3,0,0,Madrid,1873.92524489,111924.243662,39.7,1594.0,27.0,7.9,91.7,19.2,2.6,1594.0,7.9,125.926,1245970056,4.151842351337553
2807920107,28079,107,20,079,28,13,2807920,28079,Madrid,Comunidad de Madrid,ES,3,0,0,Madrid,1508.38124268,139343.404775,41.4,2083.0,18.0,8.5,95.9,14.7,2.8,2083.0,8.5,177.055,7892597293,17.389831121557343
2807920108,28079,108,20,079,28,13,2807920,28079,Madrid,Comunidad de Madrid,ES,3,0,0,Madrid,3440.53417384,424118.27019,45.4,1737.0,27.4,22.8,88.1,15.4,2.6,1737.0,22.8,396.036,5139863818,151.07730292087442
2807920109,28079,109,20,079,28,13,2807920,28079,Madrid,Comunidad de Madrid,ES,3,0,0,Madrid,2320.13953006,179596.956489,44.9,1818.0,23.5,16.5,92.3,11.2,2.7,1818.0,16.5,299.97,12313941650,24.4399956150963
2807920110,28079,110,20,079,28,13,2807920,28079,Madrid,Comunidad de Madrid,ES,3,0,0,Madrid,1546.83095033,91526.1150415,43.3,2031.0,19.4,14.8,96.0,15.4,2.7,2031.0,14.8,300.588,5022793343,51.96725592096169
2807920111,28079,111,20,079,28,13,2807920,28079,Madrid,Comunidad de Madrid,ES,3,0,0,Madrid,1308.84954669,62525.8506235,39.5,1937.0,17.1,7.6,94.7,18.4,2.9,1937.0,7.6,147.212,2654479469,32.26248739473832
2807920112,28079,112,20,079,28,13,2807920,28079,Madrid,Comunidad de Madrid,ES,3,0,0,Madrid,1142.13959399,79978.4615012,41.7,1673.0,22.3,12.6,93.3,17.1,2.7,1673.0,12.6,210.798,20960689,25.3056660227536
2807920113,28079,113,20,079,28,13,2807920,28079,Madrid,Comunidad de Madrid,ES,3,0,0,Madrid,1551.58426987,100979.339167,40.0,2200.0,16.1,9.7,97.1,18.9,2.9,2200.0,9.7,213.4,4964536514,10.091057483372786
2807920114,28079,114,20,079,28,13,2807920,28079,Madrid,Comunidad de Madrid,ES,3,0,0,Madrid,1906.36671186,179237.461562,40.6,1911.0,15.5,10.0,95.1,17.0,3.0,1911.0,10.0,191.1,5029371173,27.171713429862923
2807920115,28079,115,20,079,28,13,2807920,28079,Madrid,Comunidad de Madrid,ES,3,0,0,Madrid,1595.58310555,117615.357558,41.4,1966.0,19.3,8.3,96.8,13.8,2.8,1966.0,8.3,163.178,10163844413,6.641752038376824
2807920116,28079,116,20,079,28,13,2807920,28079,Madrid,Comunidad de Madrid,ES,3,0,0,Madrid,2846.0263689,310345.435511,38.4,2020.0,24.2,10.4,84.9,23.6,2.7,2020.0,10.4,210.08,1299428482,39.29956488894771
2807920117,28079,117,20,079,28,13,2807920,28079,Madrid,Comunidad de Madrid,ES,3,0,0,Madrid,2263.6123437,194984.778103,42.1,1550.0,19.1,14.3,94.8,17.4,2.7,1550.0,14.3,221.65,5174937985,25.80575350531374
2807920118,28079,118,20,079,28,13,2807920,28079,Madrid,Comunidad de Madrid,ES,3,0,0,Madrid,1425.00881382,75889.4752724,37.7,1980.0,18.9,6.4,92.0,23.0,2.9,1980.0,6.4,126.72,4893943110,83.28707939145647
2807920119,28079,119,20,079,28,13,2807920,28079,Madrid,Comunidad de Madrid,ES,3,0,0,Madrid,2879.98522033,489398.099276,38.7,1834.0,32.4,7.9,82.2,17.1,2.4,1834.0,7.9,144.886,31107294,71.46692552468099
2807920120,28079,120,20,079,28,13,2807920,28079,Madrid,Comunidad de Madrid,ES,3,0,0,Madrid,10556.8676316,2782991.09796,37.1,2981.0,30.7,7.9,76.1,22.3,2.5,2981.0,7.9,235.49900000000002,6406473664,94.67019398659112
2807920121,28079,121,20,079,28,13,2807920,28079,Madrid,Comunidad de Madrid,ES,3,0,0,Madrid,2962.69624981,522081.114705,37.5,3448.0,36.3,6.2,72.6,18.7,2.3,3448.0,6.2,213.776,31035995,24.573523988810834
2807920122,28079,122,20,079,28,13,2807920,28079,Madrid,Comunidad de Madrid,ES,3,0,0,Madrid,1280.86617412,88398.6944093,39.7,1762.0,22.7,9.6,92.3,20.7,2.7,1762.0,9.6,169.15200000000002,4921125115,69.2655664814003
2807920123,28079,123,20,079,28,13,2807920,28079,Madrid,Comunidad de Madrid,ES,3,0,0,Madrid,1732.80076654,115911.016803,43.3,1330.0,23.8,18.9,84.4,16.0,2.7,1330.0,18.9,251.36999999999998,386582751,52.41788374994371
2807920124,28079,124,20,079,28,13,2807920,28079,Madrid,Comunidad de Madrid,ES,3,0,0,Madrid,1421.29339733,77815.9633912,46.1,1380.0,26.2,21.7,86.5,11.4,2.5,1380.0,21.7,299.46,5195612449,50.052193899266264
2807920125,28079,125,20,079,28,13,2807920,28079,Madrid,Comunidad de Madrid,ES,3,0,0,Madrid,2978.86834579,465210.96873,42.3,1480.0,47.3,15.6,79.9,10.9,1.9,1480.0,15.6,230.88,8185061994,78.7479637375703
2807920126,28079,126,20,079,28,13,2807920,28079,Madrid,Comunidad de Madrid,ES,3,0,0,Madrid,2975.76006192,467823.631877,39.2,1558.0,23.4,11.3,83.7,20.4,2.8,1558.0,11.3,176.054,311839781,33.57416500406386
2807920127,28079,127,20,079,28,13,2807920,28079,Madrid,Comunidad de Madrid,ES,3,0,0,Madrid,2447.59715843,238920.711305,34.9,1843.0,17.3,4.9,96.5,28.3,3.0,1843.0,4.9,90.307,13792600815,31.88955277488518
2807920128,28079,128,20,079,28,13,2807920,28079,Madrid,Comunidad de Madrid,ES,3,0,0,Madrid,1302.79560216,84749.0103533,42.3,1268.0,16.5,9.7,94.7,14.4,2.9,1268.0,9.7,122.99599999999998,5025051624,33.652956865482274
2807921001,28079,001,21,079,28,13,2807921,28079,Madrid,Comunidad de Madrid,ES,3,0,0,Madrid,4054.10801004,767180.43575,43.4,1540.0,21.6,19.0,89.2,17.1,2.8,1540.0,19.0,292.6,1298911677,26.02101859422685
2807921002,28079,002,21,079,28,13,2807921,28079,Madrid,Comunidad de Madrid,ES,3,0,0,Madrid,1519.8674419,79116.3863952,50.3,1446.0,18.5,35.4,95.4,13.0,2.7,1446.0,35.4,511.884,11760876513,17.205373562782253
2807921003,28079,003,21,079,28,13,2807921,28079,Madrid,Comunidad de Madrid,ES,3,0,0,Madrid,832.427648423,38635.7285826,49.7,1188.0,24.1,35.4,94.4,14.5,2.5,1188.0,35.4,420.55199999999996,14136457414,55.215124041261504
2807921004,28079,004,21,079,28,13,2807921,28079,Madrid,Comunidad de Madrid,ES,3,0,0,Madrid,781.391291825,36978.1156081,48.8,1118.0,23.0,33.4,91.7,14.4,2.6,1118.0,33.4,373.412,11760876660,57.071397470792235
2807921005,28079,005,21,079,28,13,2807921,28079,Madrid,Comunidad de Madrid,ES,3,0,0,Madrid,2677.86597538,349619.262868,39.9,2427.0,16.1,15.3,93.2,24.6,3.0,2427.0,15.3,371.33099999999996,13957498591,42.68977823405096
2807921006,28079,006,21,079,28,13,2807921,28079,Madrid,Comunidad de Madrid,ES,3,0,0,Madrid,1131.54703889,78466.9604438,46.6,1249.0,19.0,29.6,95.1,17.6,2.8,1249.0,29.6,369.704,252931107,73.26891989975044
2807921007,28079,007,21,079,28,13,2807921,28079,Madrid,Comunidad de Madrid,ES,3,0,0,Madrid,1832.19338471,136283.96816,45.3,1935.0,21.8,22.6,92.4,18.0,2.6,1935.0,22.6,437.31,11760876685,1.686968697687277
2807921008,28079,008,21,079,28,13,2807921,28079,Madrid,Comunidad de Madrid,ES,3,0,0,Madrid,889.306068717,32167.4230517,50.3,655.0,30.1,35.6,90.8,15.4,2.4,655.0,35.6,233.18,11097576940,87.72372093679184
2807921009,28079,009,21,079,28,13,2807921,28079,Madrid,Comunidad de Madrid,ES,3,0,0,Madrid,1512.33221252,49100.1657386,51.5,617.0,31.6,35.7,92.4,11.4,2.3,617.0,35.7,220.269,12216647912,44.25272754336226
2807921010,28079,010,21,079,28,13,2807921,28079,Madrid,Comunidad de Madrid,ES,3,0,0,Madrid,998.780881142,42632.2618615,48.3,1281.0,26.0,31.3,91.7,16.6,2.5,1281.0,31.3,400.95300000000003,4519734823,23.29619406417777
2807921011,28079,011,21,079,28,13,2807921,28079,Madrid,Comunidad de Madrid,ES,3,0,0,Madrid,1315.38625312,98080.3148595,44.7,1708.0,24.7,22.3,90.4,17.5,2.6,1708.0,22.3,380.884,251946560,28.25560466822368
2807921012,28079,012,21,079,28,13,2807921,28079,Madrid,Comunidad de Madrid,ES,3,0,0,Madrid,772.82564689,33168.9252227,45.6,931.0,23.0,26.2,91.6,17.0,2.7,931.0,26.2,243.922,2367883685,16.916818384930774
2807921013,28079,013,21,079,28,13,2807921,28079,Madrid,Comunidad de Madrid,ES,3,0,0,Madrid,1095.84416541,52717.0400266,49.8,1236.0,28.1,36.3,93.1,14.6,2.5,1236.0,36.3,448.66799999999995,2394900208,4.671853211880756
2807921014,28079,014,21,079,28,13,2807921,28079,Madrid,Comunidad de Madrid,ES,3,0,0,Madrid,2158.73180452,188293.253917,44.1,2365.0,27.7,21.7,93.2,18.1,2.5,2365.0,21.7,513.205,8188812745,6.122806552938667
2807921015,28079,015,21,079,28,13,2807921,28079,Madrid,Comunidad de Madrid,ES,3,0,0,Madrid,28408.544385,29703461.5106,41.7,1902.0,27.6,15.2,74.7,17.1,2.6,1902.0,15.2,289.104,2157984667,245.6395653980549
2807921017,28079,017,21,079,28,13,2807921,28079,Madrid,Comunidad de Madrid,ES,3,0,0,Madrid,1640.08873977,90152.5498389,45.6,1444.0,32.0,20.5,79.2,10.7,2.3,1444.0,20.5,296.02,9892926703,3.055370508941449
2807921018,28079,018,21,079,28,13,2807921,28079,Madrid,Comunidad de Madrid,ES,3,0,0,Madrid,1304.42620306,104647.08108,44.4,1496.0,34.9,19.7,77.1,12.2,2.3,1496.0,19.7,294.712,6029578313,29.370009302825935
2807921019,28079,019,21,079,28,13,2807921,28079,Madrid,Comunidad de Madrid,ES,3,0,0,Madrid,1964.14736433,196023.730283,43.9,1434.0,36.7,17.5,79.4,11.6,2.3,1434.0,17.5,250.95,12354098915,8.163323788199286
2807921020,28079,020,21,079,28,13,2807921,28079,Madrid,Comunidad de Madrid,ES,3,0,0,Madrid,1573.16310759,114885.019706,46.4,1794.0,32.7,23.8,83.6,11.9,2.3,1794.0,23.8,426.97200000000004,12358952483,12.39475639723744
2807921021,28079,021,21,079,28,13,2807921,28079,Madrid,Comunidad de Madrid,ES,3,0,0,Madrid,1086.93458421,48289.2219693,43.0,1333.0,27.6,16.9,78.0,14.5,2.6,1333.0,16.9,225.27699999999996,252096845,1.0931718939639765
2807921022,28079,022,21,079,28,13,2807921,28079,Madrid,Comunidad de Madrid,ES,3,0,0,Madrid,1335.76166251,101436.281826,43.7,1694.0,27.8,15.5,88.3,12.5,2.6,1694.0,15.5,262.57,378322168,6.808041111311369
2807921023,28079,023,21,079,28,13,2807921,28079,Madrid,Comunidad de Madrid,ES,3,0,0,Madrid,932.816064244,48019.6802237,43.2,1116.0,29.2,16.9,83.5,17.4,2.4,1116.0,16.9,188.60399999999998,12171428215,26.20917112631035
2807921025,28079,025,21,079,28,13,2807921,28079,Madrid,Comunidad de Madrid,ES,3,0,0,Madrid,2521.18346634,280085.861893,43.8,1501.0,17.1,21.7,91.3,20.0,3.0,1501.0,21.7,325.717,13979821115,40.26812918192976
2807921026,28079,026,21,079,28,13,2807921,28079,Madrid,Comunidad de Madrid,ES,3,0,0,Madrid,1481.40067771,117789.412272,46.4,1598.0,29.8,21.4,88.6,9.6,2.4,1598.0,21.4,341.972,11762309522,5.643797290378738
2807921027,28079,027,21,079,28,13,2807921,28079,Madrid,Comunidad de Madrid,ES,3,0,0,Madrid,1338.02372803,109311.523605,39.5,2600.0,21.9,9.6,92.4,20.9,2.7,2600.0,9.6,249.6,11760876427,20.077428010584203
2807921028,28079,028,21,079,28,13,2807921,28079,Madrid,Comunidad de Madrid,ES,3,0,0,Madrid,3732.56989655,728510.486294,38.0,1935.0,15.6,10.6,91.9,24.8,3.1,1935.0,10.6,205.11,11762296750,83.35344040554071
2807921029,28079,029,21,079,28,13,2807921,28079,Madrid,Comunidad de Madrid,ES,3,0,0,Madrid,8470.18779875,3948493.33181,37.8,1690.0,14.4,7.3,93.9,22.5,3.1,1690.0,7.3,123.37,6990953816,4.586263379606249
2807921030,28079,030,21,079,28,13,2807921,28079,Madrid,Comunidad de Madrid,ES,3,0,0,Madrid,1164.17895059,77966.4959018,41.6,1584.0,22.4,14.5,87.4,17.7,2.7,1584.0,14.5,229.68,11762309415,14.888576667927305
2807921031,28079,031,21,079,28,13,2807921,28079,Madrid,Comunidad de Madrid,ES,3,0,0,Madrid,1558.62658793,127637.270324,34.6,1618.0,29.5,5.6,92.7,27.8,2.5,1618.0,5.6,90.60799999999999,11762309313,22.32179145457126
2807921032,28079,032,21,079,28,13,2807921,28079,Madrid,Comunidad de Madrid,ES,3,0,0,Madrid,3678.77719133,265217.010905,36.8,1902.0,27.6,6.5,92.7,26.0,2.6,1902.0,6.5,123.63,257686193,4.176524380148634
2807921033,28079,033,21,079,28,13,2807921,28079,Madrid,Comunidad de Madrid,ES,3,0,0,Madrid,11112.4814772,3589275.06755,34.1,1285.0,30.4,6.3,91.1,29.8,2.4,1285.0,6.3,80.955,1433073664,92.28231757092354
2807921034,28079,034,21,079,28,13,2807921,28079,Madrid,Comunidad de Madrid,ES,3,0,0,Madrid,1541.37587952,70372.4817611,37.9,1374.0,18.5,9.9,91.9,22.5,2.9,1374.0,9.9,136.026,2435402686,9.007872570750829
