CUSEC,poblacion,pob_65,pct_65,pct_unipersonal,dist_m,t_min_A,t_min_B,servida_A,servida_B,alcanzable,frac_C_uniforme_manana_10_12,frac_C_uniforme_manana_10_12_u32,frac_C2_uniforme_diaria_manana_10_12,frac_C2_uniforme_diaria_manana_10_12_u32,frac_D_observada_manana_10_12,frac_D_observada_manana_10_12_u32,delta_manana_10_12,frac_C_uniforme_tarde_16_18,frac_C_uniforme_tarde_16_18_u32,frac_C2_uniforme_diaria_tarde_16_18,frac_C2_uniforme_diaria_tarde_16_18_u32,frac_D_observada_tarde_16_18,frac_D_observada_tarde_16_18_u32,delta_tarde_16_18,distrito
4625001001,873.0,186.82199999999997,21.4,45.7,953.3460674747079,12.711280899662771,17.654556805087182,True,False,False,0.8413001912045889,0.9598470363288719,0.8451242829827916,0.9541108986615678,0.8298279158699808,0.9598470363288719,-0.01147227533460804,0.7330754352030948,0.9516441005802708,0.7195357833655706,0.9458413926499033,0.7059961315280464,0.941972920696325,-0.027079303675048405,01
4625001002,1067.0,195.26100000000002,18.3,39.7,748.0622355666815,9.974163140889086,13.853004362345953,True,True,True,0.8413001912045889,0.9598470363288719,0.8451242829827916,0.9541108986615678,0.8298279158699808,0.9598470363288719,-0.01147227533460804,0.7330754352030948,0.9516441005802708,0.7195357833655706,0.9458413926499033,0.7059961315280464,0.941972920696325,-0.027079303675048405,01
4625001003,1000.0,196.0,19.6,44.9,553.7210281129278,7.3829470415057035,10.254093113202368,True,True,True,0.8413001912045889,0.9598470363288719,0.8451242829827916,0.9541108986615678,0.8279158699808795,0.9598470363288719,-0.013384321223709361,0.7330754352030948,0.9516441005802708,0.7195357833655706,0.9458413926499033,0.7040618955512572,0.941972920696325,-0.029013539651837617,01
4625001005,1074.0,245.946,22.9,43.0,966.0314459342557,12.880419279123409,17.889471221004733,True,False,False,0.8413001912045889,0.9598470363288719,0.8451242829827916,0.9541108986615678,0.8298279158699808,0.9598470363288719,-0.01147227533460804,0.7330754352030948,0.9516441005802708,0.7195357833655706,0.9458413926499033,0.7059961315280464,0.941972920696325,-0.027079303675048405,01
4625001007,803.0,186.296,23.2,40.4,1205.2758645695283,16.070344860927044,22.319923417954225,False,False,False,0.8413001912045889,0.9598470363288719,0.8451242829827916,0.9541108986615678,0.8317399617590823,0.9598470363288719,-0.009560229445506607,0.7330754352030948,0.9516441005802708,0.7195357833655706,0.9458413926499033,0.7059961315280464,0.9439071566731141,-0.027079303675048405,01
4625001008,997.0,199.4,20.0,37.3,980.7664723336226,13.076886297781634,18.16234208025227,True,False,False,0.8413001912045889,0.9598470363288719,0.8451242829827916,0.9541108986615678,0.8317399617590823,0.9598470363288719,-0.009560229445506607,0.7330754352030948,0.9516441005802708,0.7195357833655706,0.9458413926499033,0.7117988394584139,0.9439071566731141,-0.021276595744680882,01
4625001009,1102.0,281.01,25.5,32.4,1069.049318428016,14.253990912373547,19.797209600518816,True,False,False,0.8413001912045889,0.9598470363288719,0.8451242829827916,0.9541108986615678,0.8393881453154876,0.9598470363288719,-0.0019120458891013214,0.7330754352030948,0.9516441005802708,0.7195357833655706,0.9458413926499033,0.7195357833655706,0.9477756286266924,-0.013539651837524258,01
4625001010,1043.0,193.99800000000002,18.6,44.0,720.8091352320499,9.610788469760667,13.348317319112034,True,True,True,0.8413001912045889,0.9598470363288719,0.8451242829827916,0.9541108986615678,0.8049713193116634,0.9445506692160612,-0.03632887189292544,0.7330754352030948,0.9516441005802708,0.7195357833655706,0.9458413926499033,0.6847195357833655,0.9303675048355899,-0.04835589941972929,01
4625001011,1430.0,278.85,19.5,44.9,817.847396281095,10.9046319504146,15.14532215335361,True,False,False,0.8413001912045889,0.9598470363288719,0.8451242829827916,0.9541108986615678,0.8240917782026769,0.9579349904397706,-0.017208413001912004,0.7330754352030948,0.9516441005802708,0.7195357833655706,0.9458413926499033,0.7001934235976789,0.941972920696325,-0.03288201160541593,01
4625001012,885.0,93.81,10.6,43.1,411.23165486399176,5.4830887315198895,7.615401015999847,True,True,True,0.8413001912045889,0.9598470363288719,0.8451242829827916,0.9541108986615678,0.8068833652007649,0.9464627151051626,-0.03441682600382401,0.7330754352030948,0.9516441005802708,0.7195357833655706,0.9458413926499033,0.6866537717601547,0.9342359767891683,-0.046421663442940075,01
4625001013,1429.0,328.67,23.0,38.6,301.1415350492258,4.015220467323011,5.576695093504182,True,True,True,0.8413001912045889,0.9598470363288719,0.8451242829827916,0.9541108986615678,0.8202676864244742,0.9502868068833652,-0.021032504780114647,0.7330754352030948,0.9516441005802708,0.7195357833655706,0.9458413926499033,0.6924564796905223,0.9400386847195358,-0.04061895551257255,01
4625001014,874.0,106.62799999999999,12.2,47.0,553.8991331246239,7.385321774994984,10.2573913541597,True,True,True,0.8413001912045889,0.9598470363288719,0.8451242829827916,0.9541108986615678,0.8202676864244742,0.9541108986615678,-0.021032504780114647,0.7330754352030948,0.9516441005802708,0.7195357833655706,0.9458413926499033,0.6963249516441006,0.941972920696325,-0.03675048355899424,01
4625001017,726.0,198.92399999999998,27.4,44.4,291.4975915004133,3.886634553338844,5.3981035463039495,True,True,True,0.8413001912045889,0.9598470363288719,0.8451242829827916,0.9541108986615678,0.8164435946462715,0.9521988527724665,-0.0248565965583174,0.7330754352030948,0.9516441005802708,0.7195357833655706,0.9458413926499033,0.690522243713733,0.9381044487427466,-0.042553191489361764,01
4625001019,2084.0,268.836,12.9,40.1,393.1368351908539,5.241824469211385,7.28031176279359,True,True,True,0.8413001912045889,0.9598470363288719,0.8451242829827916,0.9541108986615678,0.8202676864244742,0.9541108986615678,-0.021032504780114647,0.7330754352030948,0.9516441005802708,0.7195357833655706,0.9458413926499033,0.6924564796905223,0.941972920696325,-0.04061895551257255,01
4625001022,1438.0,312.046,21.7,41.8,693.4255673059906,9.245674230746541,12.841214209370197,True,True,True,0.8413001912045889,0.9598470363288719,0.8451242829827916,0.9541108986615678,0.8260038240917782,0.9541108986615678,-0.015296367112810683,0.7330754352030948,0.9516441005802708,0.7195357833655706,0.9458413926499033,0.6982591876208898,0.9458413926499033,-0.03481624758220503,01
4625001023,948.0,157.36800000000002,16.6,44.4,804.9384466926924,10.732512622569232,14.906267531346154,True,True,True,0.8413001912045889,0.9598470363288719,0.8451242829827916,0.9541108986615678,0.8240917782026769,0.9579349904397706,-0.017208413001912004,0.7330754352030948,0.9516441005802708,0.7195357833655706,0.9458413926499033,0.7059961315280464,0.9439071566731141,-0.027079303675048405,01
4625001024,1162.0,226.59,19.5,40.6,544.6029517075225,7.261372689433633,10.085239846435602,True,True,True,0.8413001912045889,0.9598470363288719,0.8451242829827916,0.9541108986615678,0.8260038240917782,0.9598470363288719,-0.015296367112810683,0.7330754352030948,0.9516441005802708,0.7195357833655706,0.9458413926499033,0.7021276595744681,0.941972920696325,-0.030947775628626717,01
4625001025,1028.0,188.12400000000002,18.3,48.3,754.4609358163827,10.059479144218438,13.971498811414495,True,True,True,0.8413001912045889,0.9598470363288719,0.8451242829827916,0.9541108986615678,0.8279158699808795,0.9598470363288719,-0.013384321223709361,0.7330754352030948,0.9516441005802708,0.7195357833655706,0.9458413926499033,0.7059961315280464,0.941972920696325,-0.027079303675048405,01
4625001026,1639.0,275.35200000000003,16.8,42.4,869.5500076775792,11.594000102367723,16.10277791995517,True,False,False,0.8413001912045889,0.9598470363288719,0.8451242829827916,0.9541108986615678,0.8279158699808795,0.9598470363288719,-0.013384321223709361,0.7330754352030948,0.9516441005802708,0.7195357833655706,0.9458413926499033,0.7059961315280464,0.941972920696325,-0.027079303675048405,01
4625001028,874.0,202.768,23.2,41.1,1035.7670988981422,13.810227985308563,19.180872201817447,True,False,False,0.8413001912045889,0.9598470363288719,0.8451242829827916,0.9541108986615678,0.8317399617590823,0.9598470363288719,-0.009560229445506607,0.7330754352030948,0.9516441005802708,0.7195357833655706,0.9458413926499033,0.7059961315280464,0.9439071566731141,-0.027079303675048405,01
4625001030,900.0,243.9,27.1,35.3,1025.3520309539354,13.671360412719139,18.988000573221026,True,False,False,0.8413001912045889,0.9598470363288719,0.8451242829827916,0.9541108986615678,0.8355640535372849,0.9598470363288719,-0.005736137667303964,0.7330754352030948,0.9516441005802708,0.7195357833655706,0.9458413926499033,0.7117988394584139,0.9458413926499033,-0.021276595744680882,01
4625001031,858.0,205.06199999999998,23.9,38.3,908.626110724345,12.115014809657934,16.82640945785824,True,False,False,0.8413001912045889,0.9598470363288719,0.8451242829827916,0.9541108986615678,0.8355640535372849,0.9598470363288719,-0.005736137667303964,0.7330754352030948,0.9516441005802708,0.7195357833655706,0.9458413926499033,0.7117988394584139,0.9458413926499033,-0.021276595744680882,01
4625001032,1468.0,384.616,26.2,36.3,833.8048338891743,11.117397785188992,15.440830257206931,True,False,False,0.8413001912045889,0.9598470363288719,0.8451242829827916,0.9541108986615678,0.8317399617590823,0.9598470363288719,-0.009560229445506607,0.7330754352030948,0.9516441005802708,0.7195357833655706,0.9458413926499033,0.7117988394584139,0.9477756286266924,-0.021276595744680882,01
4625001034,1801.0,401.62300000000005,22.3,33.6,1008.6952063306185,13.449269417741581,18.679540857974416,True,False,False,0.8413001912045889,0.9598470363288719,0.8451242829827916,0.9541108986615678,0.8279158699808795,0.9560229445506692,-0.013384321223709361,0.7330754352030948,0.9516441005802708,0.7195357833655706,0.9458413926499033,0.7098646034816247,0.9458413926499033,-0.023210831721470093,01
4625002001,1038.0,271.95599999999996,26.2,38.1,552.0270192403511,7.360360256538015,10.22272257852502,True,True,True,0.8413001912045889,0.9598470363288719,0.8451242829827916,0.9541108986615678,0.8374760994263862,0.9598470363288719,-0.003824091778202643,0.7330754352030948,0.9516441005802708,0.7195357833655706,0.9458413926499033,0.7253384912959381,0.9497098646034816,-0.007736943907156735,02
4625002003,1032.0,234.26399999999998,22.7,35.7,716.9271074340611,9.559028099120814,13.276427915445575,True,True,True,0.8413001912045889,0.9598470363288719,0.8451242829827916,0.9541108986615678,0.8355640535372849,0.9598470363288719,-0.005736137667303964,0.7330754352030948,0.9516441005802708,0.7195357833655706,0.9458413926499033,0.7253384912959381,0.9497098646034816,-0.007736943907156735,02
4625002004,1576.0,340.41600000000005,21.6,33.2,641.4742574590514,8.552990099454018,11.879152915908358,True,True,True,0.8413001912045889,0.9598470363288719,0.8451242829827916,0.9541108986615678,0.875717017208413,0.9694072657743786,0.03441682600382412,0.7330754352030948,0.9516441005802708,0.7195357833655706,0.9458413926499033,0.7678916827852998,0.9690522243713733,0.03481624758220503,02
4625002006,1353.0,320.661,23.7,34.4,575.2437033417691,7.669916044556921,10.652661172995725,True,True,True,0.8413001912045889,0.9598470363288719,0.8451242829827916,0.9541108986615678,0.8738049713193117,0.9694072657743786,0.0325047801147228,0.7330754352030948,0.9516441005802708,0.7195357833655706,0.9458413926499033,0.7620889748549323,0.9671179883945842,0.029013539651837505,02
4625002008,1288.0,275.63199999999995,21.4,36.8,159.5469729214171,2.1272929722855616,2.9545735726188354,True,True,True,0.8413001912045889,0.9598470363288719,0.8451242829827916,0.9541108986615678,0.8527724665391969,0.9598470363288719,0.01147227533460804,0.7330754352030948,0.9516441005802708,0.7195357833655706,0.9458413926499033,0.7485493230174082,0.9555125725338491,0.015473887814313358,02
4625002009,1139.0,197.047,17.3,37.4,357.22640697209516,4.763018759627935,6.615303832816577,True,True,True,0.8413001912045889,0.9598470363288719,0.8451242829827916,0.9541108986615678,0.864244741873805,0.9636711281070746,0.02294455066921608,0.7330754352030948,0.9516441005802708,0.7195357833655706,0.9458413926499033,0.758220502901354,0.9593810444874274,0.025145067698259194,02
4625002010,965.0,208.44,21.6,31.6,613.4986279758185,8.179981706344247,11.361085703255899,True,True,True,0.8413001912045889,0.9598470363288719,0.8451242829827916,0.9541108986615678,0.8738049713193117,0.9694072657743786,0.0325047801147228,0.7330754352030948,0.9516441005802708,0.7195357833655706,0.9458413926499033,0.7601547388781431,0.9671179883945842,0.027079303675048294,02
4625002013,1410.0,246.75,17.5,42.2,232.6962972038786,3.1026172960517147,4.309190688960714,True,True,True,0.8413001912045889,0.9598470363288719,0.8451242829827916,0.9541108986615678,0.847036328871893,0.9598470363288719,0.005736137667304075,0.7330754352030948,0.9516441005802708,0.7195357833655706,0.9458413926499033,0.7369439071566731,0.9535783365570599,0.003868471953578312,02
4625002014,865.0,185.975,21.5,31.6,187.13274470736314,2.495103262764842,3.4654211982845027,True,True,True,0.8413001912045889,0.9598470363288719,0.8451242829827916,0.9541108986615678,0.8451242829827916,0.9598470363288719,0.003824091778202754,0.7330754352030948,0.9516441005802708,0.7195357833655706,0.9458413926499033,0.7330754352030948,0.9535783365570599,0.0,02
4625002015,1186.0,180.27200000000002,15.2,42.4,535.8680312745554,7.144907083660739,9.923482060639914,True,True,True,0.8413001912045889,0.9598470363288719,0.8451242829827916,0.9541108986615678,0.8451242829827916,0.9598470363288719,0.003824091778202754,0.7330754352030948,0.9516441005802708,0.7195357833655706,0.9458413926499033,0.7330754352030948,0.9516441005802708,0.0,02
4625002016,1467.0,315.405,21.5,39.6,567.5388933709827,7.567185244946436,10.50997950687005,True,True,True,0.8413001912045889,0.9598470363288719,0.8451242829827916,0.9541108986615678,0.8451242829827916,0.9598470363288719,0.003824091778202754,0.7330754352030948,0.9516441005802708,0.7195357833655706,0.9458413926499033,0.7272727272727273,0.9516441005802708,-0.005802707930367523,02
4625002018,613.0,180.222,29.4,35.3,408.38602367722393,5.445146982362986,7.562704142170814,True,True,True,0.8413001912045889,0.9598470363288719,0.8451242829827916,0.9541108986615678,0.8565965583173997,0.9636711281070746,0.015296367112810794,0.7330754352030948,0.9516441005802708,0.7195357833655706,0.9458413926499033,0.7524177949709865,0.9555125725338491,0.01934235976789167,02
4625002019,1150.0,198.95,17.3,45.3,558.8184855222067,7.45091314029609,10.34849047263346,True,True,True,0.8413001912045889,0.9598470363288719,0.8451242829827916,0.9541108986615678,0.8451242829827916,0.9598470363288719,0.003824091778202754,0.7330754352030948,0.9516441005802708,0.7195357833655706,0.9458413926499033,0.7369439071566731,0.9535783365570599,0.003868471953578312,02
4625002020,1032.0,205.368,19.9,32.9,988.8336075719526,13.184448100959369,18.31173347355468,True,False,False,0.8413001912045889,0.9598470363288719,0.8451242829827916,0.9541108986615678,0.847036328871893,0.9598470363288719,0.005736137667304075,0.7330754352030948,0.9516441005802708,0.7195357833655706,0.9458413926499033,0.7369439071566731,0.9535783365570599,0.003868471953578312,02
4625002021,820.0,146.77999999999997,17.9,33.0,423.08467432603436,5.641128991013791,7.834901376408044,True,True,True,0.8413001912045889,0.9598470363288719,0.8451242829827916,0.9541108986615678,0.8604206500956023,0.9636711281070746,0.019120458891013437,0.7330754352030948,0.9516441005802708,0.7195357833655706,0.9458413926499033,0.7543520309477756,0.9593810444874274,0.02127659574468077,02
4625002022,1239.0,308.51099999999997,24.9,32.4,667.7847201897706,8.90379626919694,12.366383707217974,True,True,True,0.8413001912045889,0.9598470363288719,0.8451242829827916,0.9541108986615678,0.8604206500956023,0.9636711281070746,0.019120458891013437,0.7330754352030948,0.9516441005802708,0.7195357833655706,0.9458413926499033,0.7543520309477756,0.9574468085106383,0.02127659574468077,02
4625002023,1224.0,243.576,19.9,35.0,815.7422108759001,10.876562811678669,15.106337238442594,True,False,False,0.8413001912045889,0.9598470363288719,0.8451242829827916,0.9541108986615678,0.8565965583173997,0.9636711281070746,0.015296367112810794,0.7330754352030948,0.9516441005802708,0.7195357833655706,0.9458413926499033,0.7524177949709865,0.9555125725338491,0.01934235976789167,02
4625002024,740.0,150.22,20.3,40.0,1063.423810116459,14.17898413488612,19.693033520675165,True,False,False,0.8413001912045889,0.9598470363288719,0.8451242829827916,0.9541108986615678,0.8489483747609943,0.9598470363288719,0.007648183556405397,0.7330754352030948,0.9516441005802708,0.7195357833655706,0.9458413926499033,0.7408123791102514,0.9535783365570599,0.007736943907156624,02
4625002025,781.0,138.237,17.7,37.5,568.334556999598,7.577794093327973,10.524714018511075,True,True,True,0.8413001912045889,0.9598470363288719,0.8451242829827916,0.9541108986615678,0.8527724665391969,0.9598470363288719,0.01147227533460804,0.7330754352030948,0.9516441005802708,0.7195357833655706,0.9458413926499033,0.7446808510638298,0.9555125725338491,0.011605415860734936,02
4625002026,1042.0,187.56,18.0,41.3,447.6370489733773,5.968493986311698,8.28957498098847,True,True,True,0.8413001912045889,0.9598470363288719,0.8451242829827916,0.9541108986615678,0.8527724665391969,0.9617590822179732,0.01147227533460804,0.7330754352030948,0.9516441005802708,0.7195357833655706,0.9458413926499033,0.7504835589941973,0.9555125725338491,0.01740812379110246,02
4625002030,822.0,157.002,19.1,43.4,791.285660162358,10.55047546883144,14.653438151154777,True,True,True,0.8413001912045889,0.9598470363288719,0.8451242829827916,0.9541108986615678,0.8432122370936902,0.9598470363288719,0.0019120458891013214,0.7330754352030948,0.9516441005802708,0.7195357833655706,0.9458413926499033,0.7292069632495164,0.9516441005802708,-0.003868471953578423,02
4625002031,1097.0,181.005,16.5,38.0,916.9575584849077,12.22610077979877,16.98069552749829,True,False,False,0.8413001912045889,0.9598470363288719,0.8451242829827916,0.9541108986615678,0.8451242829827916,0.9598470363288719,0.003824091778202754,0.7330754352030948,0.9516441005802708,0.7195357833655706,0.9458413926499033,0.7369439071566731,0.9535783365570599,0.003868471953578312,02
4625002032,864.0,240.192,27.8,33.1,973.0197805816395,12.973597074421859,18.018884825585918,True,False,False,0.8413001912045889,0.9598470363288719,0.8451242829827916,0.9541108986615678,0.847036328871893,0.9598470363288719,0.005736137667304075,0.7330754352030948,0.9516441005802708,0.7195357833655706,0.9458413926499033,0.7369439071566731,0.9535783365570599,0.003868471953578312,02
4625002033,1591.0,435.93399999999997,27.4,32.6,325.304100455509,4.3373880060734535,6.024150008435352,True,True,True,0.8413001912045889,0.9598470363288719,0.8451242829827916,0.9541108986615678,0.8413001912045889,0.9598470363288719,0.0,0.7330754352030948,0.9516441005802708,0.7195357833655706,0.9458413926499033,0.7253384912959381,0.9497098646034816,-0.007736943907156735,02
4625002035,1048.0,280.86400000000003,26.8,33.4,622.7397766849479,8.303197022465971,11.532218086758293,True,True,True,0.8413001912045889,0.9598470363288719,0.8451242829827916,0.9541108986615678,0.8432122370936902,0.9598470363288719,0.0019120458891013214,0.7330754352030948,0.9516441005802708,0.7195357833655706,0.9458413926499033,0.7292069632495164,0.9497098646034816,-0.003868471953578423,02
4625002036,786.0,209.07600000000002,26.6,27.4,674.5015183031212,8.99335357737495,12.490768857465207,True,True,True,0.8413001912045889,0.9598470363288719,0.8451242829827916,0.9541108986615678,0.8413001912045889,0.9598470363288719,0.0,0.7330754352030948,0.9516441005802708,0.7195357833655706,0.9458413926499033,0.7253384912959381,0.9497098646034816,-0.007736943907156735,02
4625002037,1340.0,321.6,24.0,35.5,842.0567519040047,11.227423358720063,15.593643553777865,True,False,False,0.8413001912045889,0.9598470363288719,0.8451242829827916,0.9541108986615678,0.8451242829827916,0.9598470363288719,0.003824091778202754,0.7330754352030948,0.9516441005802708,0.7195357833655706,0.9458413926499033,0.7330754352030948,0.9535783365570599,0.0,02
4625002041,763.0,211.351,27.7,36.0,967.2894633647581,12.897192844863442,17.912767840088115,True,False,False,0.8413001912045889,0.9598470363288719,0.8451242829827916,0.9541108986615678,0.8527724665391969,0.9636711281070746,0.01147227533460804,0.7330754352030948,0.9516441005802708,0.7195357833655706,0.9458413926499033,0.7524177949709865,0.9555125725338491,0.01934235976789167,02
4625002042,1072.0,284.08,26.5,40.2,508.150960692622,6.775346142568293,9.410202975789296,True,True,True,0.8413001912045889,0.9598470363288719,0.8451242829827916,0.9541108986615678,0.8604206500956023,0.9636711281070746,0.019120458891013437,0.7330754352030948,0.9516441005802708,0.7195357833655706,0.9458413926499033,0.7524177949709865,0.9574468085106383,0.01934235976789167,02
4625002043,706.0,196.268,27.8,35.0,58.29385226572501,0.7772513635430001,1.0795157826986113,True,True,True,0.8413001912045889,0.9598470363288719,0.8451242829827916,0.9541108986615678,0.8451242829827916,0.9598470363288719,0.003824091778202754,0.7330754352030948,0.9516441005802708,0.7195357833655706,0.9458413926499033,0.7330754352030948,0.9535783365570599,0.0,02
4625002044,733.0,197.91,27.0,31.3,335.05964027385005,4.467461870318001,6.204808153219445,True,True,True,0.8413001912045889,0.9598470363288719,0.8451242829827916,0.9541108986615678,0.8489483747609943,0.9598470363288719,0.007648183556405397,0.7330754352030948,0.9516441005802708,0.7195357833655706,0.9458413926499033,0.7427466150870407,0.9535783365570599,0.009671179883945835,02
4625002045,1391.0,339.404,24.4,30.6,884.3652536116697,11.791536714822263,16.37713432614203,True,False,False,0.8413001912045889,0.9598470363288719,0.8451242829827916,0.9541108986615678,0.869980879541109,0.9674952198852772,0.028680688336520155,0.7330754352030948,0.9516441005802708,0.7195357833655706,0.9458413926499033,0.7640232108317214,0.965183752417795,0.030947775628626606,02
4625002046,950.0,240.35,25.3,30.8,876.4067072222085,11.68542276296278,16.229753837448307,True,False,False,0.8413001912045889,0.9598470363288719,0.8451242829827916,0.9541108986615678,0.864244741873805,0.9636711281070746,0.02294455066921608,0.7330754352030948,0.9516441005802708,0.7195357833655706,0.9458413926499033,0.7562862669245648,0.9632495164410058,0.023210831721469982,02
4625002047,827.0,200.961,24.3,32.6,760.2969136921449,10.137292182561932,14.079572475780461,True,True,True,0.8413001912045889,0.9598470363288719,0.8451242829827916,0.9541108986615678,0.8508604206500956,0.9598470363288719,0.009560229445506718,0.7330754352030948,0.9516441005802708,0.7195357833655706,0.9458413926499033,0.7485493230174082,0.9555125725338491,0.015473887814313358,02
4625002050,1131.0,268.047,23.7,35.9,335.05964027385005,4.467461870318001,6.204808153219445,True,True,True,0.8413001912045889,0.9598470363288719,0.8451242829827916,0.9541108986615678,0.8527724665391969,0.9636711281070746,0.01147227533460804,0.7330754352030948,0.9516441005802708,0.7195357833655706,0.9458413926499033,0.7504835589941973,0.9555125725338491,0.01740812379110246,02
4625002051,1408.0,322.43199999999996,22.9,32.5,508.150960692622,6.775346142568293,9.410202975789296,True,True,True,0.8413001912045889,0.9598470363288719,0.8451242829827916,0.9541108986615678,0.869980879541109,0.9674952198852772,0.028680688336520155,0.7330754352030948,0.9516441005802708,0.7195357833655706,0.9458413926499033,0.7601547388781431,0.9632495164410058,0.027079303675048294,02
4625002053,946.0,204.336,21.6,32.4,595.9325575193266,7.945767433591021,11.03578810220975,True,True,True,0.8413001912045889,0.9598470363288719,0.8451242829827916,0.9541108986615678,0.875717017208413,0.9694072657743786,0.03441682600382412,0.7330754352030948,0.9516441005802708,0.7195357833655706,0.9458413926499033,0.7678916827852998,0.9690522243713733,0.03481624758220503,02
4625002054,731.0,170.32299999999998,23.3,28.0,850.3091591454869,11.337455455273158,15.746465910101609,True,False,False,0.8413001912045889,0.9598470363288719,0.8451242829827916,0.9541108986615678,0.875717017208413,0.9694072657743786,0.03441682600382412,0.7330754352030948,0.9516441005802708,0.7195357833655706,0.9458413926499033,0.769825918762089,0.9729206963249516,0.03675048355899413,02
4625002055,1300.0,338.0,26.0,32.4,878.3928018777405,11.71190402503654,16.266533368106305,True,False,False,0.8413001912045889,0.9598470363288719,0.8451242829827916,0.9541108986615678,0.875717017208413,0.9694072657743786,0.03441682600382412,0.7330754352030948,0.9516441005802708,0.7195357833655706,0.9458413926499033,0.769825918762089,0.9690522243713733,0.03675048355899413,02
4625002057,996.0,241.032,24.2,28.0,931.1685302177323,12.415580402903096,17.243861670698745,True,False,False,0.8413001912045889,0.9598470363288719,0.8451242829827916,0.9541108986615678,0.8795411089866156,0.97131931166348,0.03824091778202676,0.7330754352030948,0.9516441005802708,0.7195357833655706,0.9458413926499033,0.7736943907156673,0.9748549323017408,0.04061895551257244,02
4625003001,858.0,227.37,26.5,34.4,819.2889210855382,10.923852281140508,15.172017057139595,True,False,False,0.8413001912045889,0.9598470363288719,0.8451242829827916,0.9541108986615678,0.8240917782026769,0.9541108986615678,-0.017208413001912004,0.7330754352030948,0.9516441005802708,0.7195357833655706,0.9458413926499033,0.7001934235976789,0.9477756286266924,-0.03288201160541593,03
4625003002,1655.0,321.06999999999994,19.4,38.7,528.5293613594182,7.047058151458909,9.787580765915152,True,True,True,0.8413001912045889,0.9598470363288719,0.8451242829827916,0.9541108986615678,0.8202676864244742,0.9521988527724665,-0.021032504780114647,0.7330754352030948,0.9516441005802708,0.7195357833655706,0.9458413926499033,0.6943907156673114,0.9400386847195358,-0.03868471953578345,03
4625003004,1790.0,318.62,17.8,44.4,389.9228295969228,5.198971061292303,7.220793140683755,True,True,True,0.8413001912045889,0.9598470363288719,0.8451242829827916,0.9541108986615678,0.8202676864244742,0.9464627151051626,-0.021032504780114647,0.7330754352030948,0.9516441005802708,0.7195357833655706,0.9458413926499033,0.688588007736944,0.9381044487427466,-0.044487427466150864,03
4625003007,882.0,228.438,25.9,37.8,1045.2340166099054,13.936453554798739,19.356185492776028,True,False,False,0.8413001912045889,0.9598470363288719,0.8451242829827916,0.9541108986615678,0.8183556405353728,0.9464627151051626,-0.02294455066921608,0.7330754352030948,0.9516441005802708,0.7195357833655706,0.9458413926499033,0.6789168278529981,0.9361702127659575,-0.0541586073500967,03
4625003008,1277.0,213.259,16.7,40.1,276.8713879426927,3.6916185059025692,5.12724792486468,True,True,True,0.8413001912045889,0.9598470363288719,0.8451242829827916,0.9541108986615678,0.8068833652007649,0.9426386233269598,-0.03441682600382401,0.7330754352030948,0.9516441005802708,0.7195357833655706,0.9458413926499033,0.6789168278529981,0.9361702127659575,-0.0541586073500967,03
4625003010,1849.0,327.27299999999997,17.7,39.8,665.491556235633,8.87322074980844,12.323917708067277,True,True,True,0.8413001912045889,0.9598470363288719,0.8451242829827916,0.9541108986615678,0.8279158699808795,0.9598470363288719,-0.013384321223709361,0.7330754352030948,0.9516441005802708,0.7195357833655706,0.9458413926499033,0.7117988394584139,0.9477756286266924,-0.021276595744680882,03
4625003013,1824.0,417.69599999999997,22.9,40.3,569.4059511857873,7.592079349143831,10.544554651588653,True,True,True,0.8413001912045889,0.9598470363288719,0.8451242829827916,0.9541108986615678,0.8279158699808795,0.9560229445506692,-0.013384321223709361,0.7330754352030948,0.9516441005802708,0.7195357833655706,0.9458413926499033,0.7098646034816247,0.9477756286266924,-0.023210831721470093,03
4625003015,1201.0,241.401,20.1,38.5,896.8627698137753,11.958170264183671,16.60856981136621,True,False,False,0.8413001912045889,0.9598470363288719,0.8451242829827916,0.9541108986615678,0.8279158699808795,0.9560229445506692,-0.013384321223709361,0.7330754352030948,0.9516441005802708,0.7195357833655706,0.9458413926499033,0.7059961315280464,0.9477756286266924,-0.027079303675048405,03
4625003017,1303.0,274.93300000000005,21.1,37.5,1029.7055073057816,13.729406764077087,19.068620505662622,True,False,False,0.8413001912045889,0.9598470363288719,0.8451242829827916,0.9541108986615678,0.8240917782026769,0.9521988527724665,-0.017208413001912004,0.7330754352030948,0.9516441005802708,0.7195357833655706,0.9458413926499033,0.7021276595744681,0.9439071566731141,-0.030947775628626717,03
4625003018,891.0,190.67399999999998,21.4,36.8,845.9896803168085,11.279862404224113,15.666475561422379,True,False,False,0.8413001912045889,0.9598470363288719,0.8451242829827916,0.9541108986615678,0.8202676864244742,0.9502868068833652,-0.021032504780114647,0.7330754352030948,0.9516441005802708,0.7195357833655706,0.9458413926499033,0.6943907156673114,0.941972920696325,-0.03868471953578345,03
4625003019,1200.0,240.0,20.0,35.5,782.4411037494912,10.432548049993215,14.48965006943502,True,True,True,0.8413001912045889,0.9598470363288719,0.8451242829827916,0.9541108986615678,0.8202676864244742,0.9464627151051626,-0.021032504780114647,0.7330754352030948,0.9516441005802708,0.7195357833655706,0.9458413926499033,0.688588007736944,0.941972920696325,-0.044487427466150864,03
4625003020,1542.0,368.53799999999995,23.9,33.1,912.761359367938,12.170151458239172,16.902988136443295,True,False,False,0.8413001912045889,0.9598470363288719,0.8451242829827916,0.9541108986615678,0.8202676864244742,0.9483747609942639,-0.021032504780114647,0.7330754352030948,0.9516441005802708,0.7195357833655706,0.9458413926499033,0.6924564796905223,0.941972920696325,-0.04061895551257255,03
4625003021,1361.0,250.42399999999998,18.4,34.3,808.6473003185775,10.781964004247701,14.974950005899585,True,True,True,0.8413001912045889,0.9598470363288719,0.8451242829827916,0.9541108986615678,0.8183556405353728,0.9464627151051626,-0.02294455066921608,0.7330754352030948,0.9516441005802708,0.7195357833655706,0.9458413926499033,0.6827852998065764,0.9361702127659575,-0.05029013539651839,03
4625003023,1417.0,379.756,26.8,33.0,769.6812175428388,10.262416233904519,14.253355880422939,True,True,True,0.8413001912045889,0.9598470363288719,0.8451242829827916,0.9541108986615678,0.8164435946462715,0.9464627151051626,-0.0248565965583174,0.7330754352030948,0.9516441005802708,0.7195357833655706,0.9458413926499033,0.6808510638297872,0.9342359767891683,-0.0522243713733076,03
4625003025,998.0,227.544,22.8,32.1,785.1519835998098,10.46869311466413,14.539851548144627,True,True,True,0.8413001912045889,0.9598470363288719,0.8451242829827916,0.9541108986615678,0.8183556405353728,0.9464627151051626,-0.02294455066921608,0.7330754352030948,0.9516441005802708,0.7195357833655706,0.9458413926499033,0.690522243713733,0.941972920696325,-0.042553191489361764,03
4625003026,1165.0,322.705,27.7,33.5,979.3613467167545,13.058151289556726,18.136321235495455,True,False,False,0.8413001912045889,0.9598470363288719,0.8451242829827916,0.9541108986615678,0.8183556405353728,0.9464627151051626,-0.02294455066921608,0.7330754352030948,0.9516441005802708,0.7195357833655706,0.9458413926499033,0.688588007736944,0.9400386847195358,-0.044487427466150864,03
4625003027,2294.0,601.0279999999999,26.2,28.8,1009.0193617266955,13.453591489689273,18.68554373567955,True,False,False,0.8413001912045889,0.9598470363288719,0.8451242829827916,0.9541108986615678,0.8202676864244742,0.9521988527724665,-0.021032504780114647,0.7330754352030948,0.9516441005802708,0.7195357833655706,0.9458413926499033,0.6963249516441006,0.9439071566731141,-0.03675048355899424,03
4625003029,927.0,197.45100000000002,21.3,33.9,1166.3264138192797,15.551018850923729,21.598637292949622,False,False,False,0.8413001912045889,0.9598470363288719,0.8451242829827916,0.9541108986615678,0.8240917782026769,0.9521988527724665,-0.017208413001912004,0.7330754352030948,0.9516441005802708,0.7195357833655706,0.9458413926499033,0.7040618955512572,0.9458413926499033,-0.029013539651837617,03
4625003030,1081.0,230.253,21.3,27.8,920.7289849122064,12.276386465496085,17.050536757633452,True,False,False,0.8413001912045889,0.9598470363288719,0.8451242829827916,0.9541108986615678,0.8202676864244742,0.9521988527724665,-0.021032504780114647,0.7330754352030948,0.9516441005802708,0.7195357833655706,0.9458413926499033,0.7021276595744681,0.9439071566731141,-0.030947775628626717,03
4625003032,941.0,197.61,21.0,39.7,1242.9682256181611,16.572909674908814,23.017930104040023,False,False,False,0.8413001912045889,0.9598470363288719,0.8451242829827916,0.9541108986615678,0.8240917782026769,0.9521988527724665,-0.017208413001912004,0.7330754352030948,0.9516441005802708,0.7195357833655706,0.9458413926499033,0.7021276595744681,0.9458413926499033,-0.030947775628626717,03
4625003033,1037.0,241.621,23.3,35.1,363.0604460245692,4.840805946994256,6.723341593047578,True,True,True,0.8413001912045889,0.9598470363288719,0.8451242829827916,0.9541108986615678,0.8393881453154876,0.9598470363288719,-0.0019120458891013214,0.7330754352030948,0.9516441005802708,0.7195357833655706,0.9458413926499033,0.7292069632495164,0.9516441005802708,-0.003868471953578423,03
4625003034,1293.0,355.575,27.5,31.2,695.0820425605405,9.267760567473873,12.871889677047045,True,True,True,0.8413001912045889,0.9598470363288719,0.8451242829827916,0.9541108986615678,0.8279158699808795,0.9560229445506692,-0.013384321223709361,0.7330754352030948,0.9516441005802708,0.7195357833655706,0.9458413926499033,0.7059961315280464,0.9477756286266924,-0.027079303675048405,03
4625003035,1621.0,427.94399999999996,26.4,35.8,425.6215932787541,5.674954577050055,7.881881357013965,True,True,True,0.8413001912045889,0.9598470363288719,0.8451242829827916,0.9541108986615678,0.8298279158699808,0.9579349904397706,-0.01147227533460804,0.7330754352030948,0.9516441005802708,0.7195357833655706,0.9458413926499033,0.7098646034816247,0.9497098646034816,-0.023210831721470093,03
4625003036,1527.0,390.91200000000003,25.6,30.3,226.52896164796,3.020386155306133,4.1949807712585185,True,True,True,0.8413001912045889,0.9598470363288719,0.8451242829827916,0.9541108986615678,0.8279158699808795,0.9598470363288719,-0.013384321223709361,0.7330754352030948,0.9516441005802708,0.7195357833655706,0.9458413926499033,0.7137330754352031,0.9497098646034816,-0.01934235976789167,03
4625003037,1205.0,285.585,23.7,34.2,175.59545949342635,2.3412727932456847,3.251767768396784,True,True,True,0.8413001912045889,0.9598470363288719,0.8451242829827916,0.9541108986615678,0.8317399617590823,0.9579349904397706,-0.009560229445506607,0.7330754352030948,0.9516441005802708,0.7195357833655706,0.9458413926499033,0.7137330754352031,0.9497098646034816,-0.01934235976789167,03
4625003038,693.0,173.94299999999998,25.1,34.1,218.59156698718326,2.9145542264957767,4.0479919812441345,True,True,True,0.8413001912045889,0.9598470363288719,0.8451242829827916,0.9541108986615678,0.8279158699808795,0.9579349904397706,-0.013384321223709361,0.7330754352030948,0.9516441005802708,0.7195357833655706,0.9458413926499033,0.7117988394584139,0.9497098646034816,-0.021276595744680882,03
4625003040,988.0,198.58800000000002,20.1,32.7,852.0363019740648,11.360484026320865,15.778450036556755,True,False,False,0.8413001912045889,0.9598470363288719,0.8451242829827916,0.9541108986615678,0.8279158699808795,0.9560229445506692,-0.013384321223709361,0.7330754352030948,0.9516441005802708,0.7195357833655706,0.9458413926499033,0.7040618955512572,0.9477756286266924,-0.029013539651837617,03
4625003041,1965.0,349.77,17.8,37.8,536.4427495251908,7.1525699936692115,9.934124991207236,True,True,True,0.8413001912045889,0.9598470363288719,0.8451242829827916,0.9541108986615678,0.8279158699808795,0.9560229445506692,-0.013384321223709361,0.7330754352030948,0.9516441005802708,0.7195357833655706,0.9458413926499033,0.7079303675048356,0.9477756286266924,-0.025145067698259194,03
4625003044,1545.0,421.785,27.3,32.7,414.88977889417845,5.5318637185890465,7.683144053595897,True,True,True,0.8413001912045889,0.9598470363288719,0.8451242829827916,0.9541108986615678,0.8279158699808795,0.9579349904397706,-0.013384321223709361,0.7330754352030948,0.9516441005802708,0.7195357833655706,0.9458413926499033,0.7098646034816247,0.9477756286266924,-0.023210831721470093,03
4625003046,1680.0,418.32,24.9,36.2,726.8217169252382,9.690956225669844,13.459661424541448,True,True,True,0.8413001912045889,0.9598470363288719,0.8451242829827916,0.9541108986615678,0.8279158699808795,0.9579349904397706,-0.013384321223709361,0.7330754352030948,0.9516441005802708,0.7195357833655706,0.9458413926499033,0.7059961315280464,0.9477756286266924,-0.027079303675048405,03
4625003047,1495.0,406.64,27.2,32.3,278.8630535187442,3.718174046916589,5.1641306207174855,True,True,True,0.8413001912045889,0.9598470363288719,0.8451242829827916,0.9541108986615678,0.8336520076481836,0.9579349904397706,-0.007648183556405286,0.7330754352030948,0.9516441005802708,0.7195357833655706,0.9458413926499033,0.7156673114119922,0.9497098646034816,-0.01740812379110257,03
4625003048,1753.0,496.099,28.3,31.2,868.0244068414651,11.5736587578862,16.074526052619724,True,False,False,0.8413001912045889,0.9598470363288719,0.8451242829827916,0.9541108986615678,0.8240917782026769,0.9560229445506692,-0.017208413001912004,0.7330754352030948,0.9516441005802708,0.7195357833655706,0.9458413926499033,0.7040618955512572,0.9477756286266924,-0.029013539651837617,03
4625003049,1138.0,264.01599999999996,23.2,31.1,946.332804050361,12.61777072067148,17.52468155648817,True,False,False,0.8413001912045889,0.9598470363288719,0.8451242829827916,0.9541108986615678,0.8240917782026769,0.9521988527724665,-0.017208413001912004,0.7330754352030948,0.9516441005802708,0.7195357833655706,0.9458413926499033,0.7021276595744681,0.9477756286266924,-0.030947775628626717,03
4625003050,1295.0,337.995,26.1,36.1,966.5547912135003,12.887397216180004,17.899162800250004,True,False,False,0.8413001912045889,0.9598470363288719,0.8451242829827916,0.9541108986615678,0.8240917782026769,0.9521988527724665,-0.017208413001912004,0.7330754352030948,0.9516441005802708,0.7195357833655706,0.9458413926499033,0.7021276595744681,0.9458413926499033,-0.030947775628626717,03
4625003052,2005.0,471.175,23.5,34.0,921.8055261270184,12.290740348360247,17.0704727060559,True,False,False,0.8413001912045889,0.9598470363288719,0.8451242829827916,0.9541108986615678,0.8240917782026769,0.9541108986615678,-0.017208413001912004,0.7330754352030948,0.9516441005802708,0.7195357833655706,0.9458413926499033,0.7021276595744681,0.9458413926499033,-0.030947775628626717,03
4625003053,890.0,180.67,20.3,36.6,1139.2294590036697,15.18972612004893,21.096841833401292,False,False,False,0.8413001912045889,0.9598470363288719,0.8451242829827916,0.9541108986615678,0.8240917782026769,0.9521988527724665,-0.017208413001912004,0.7330754352030948,0.9516441005802708,0.7195357833655706,0.9458413926499033,0.7021276595744681,0.9458413926499033,-0.030947775628626717,03
4625003055,798.0,264.13800000000003,33.1,31.8,183.39687535062217,2.445291671341629,3.3962384324189285,True,True,True,0.8413001912045889,0.9598470363288719,0.8451242829827916,0.9541108986615678,0.8279158699808795,0.9579349904397706,-0.013384321223709361,0.7330754352030948,0.9516441005802708,0.7195357833655706,0.9458413926499033,0.7137330754352031,0.9497098646034816,-0.01934235976789167,03
4625004001,1204.0,372.036,30.9,33.4,470.1272926105201,6.2683639014736015,8.70606097426889,True,True,True,0.8413001912045889,0.9598470363288719,0.8451242829827916,0.9541108986615678,0.8126195028680688,0.9426386233269598,-0.028680688336520044,0.7330754352030948,0.9516441005802708,0.7195357833655706,0.9458413926499033,0.6827852998065764,0.9361702127659575,-0.05029013539651839,04
4625004002,763.0,176.253,23.1,36.9,749.1674026873561,9.988898702498082,13.873470420136224,True,True,True,0.8413001912045889,0.9598470363288719,0.8451242829827916,0.9541108986615678,0.8145315487571702,0.9502868068833652,-0.026768642447418722,0.7330754352030948,0.9516441005802708,0.7195357833655706,0.9458413926499033,0.690522243713733,0.941972920696325,-0.042553191489361764,04
4625004003,1481.0,379.13599999999997,25.6,28.7,766.5734767697966,10.220979690263954,14.195805125366602,True,True,True,0.8413001912045889,0.9598470363288719,0.8451242829827916,0.9541108986615678,0.8202676864244742,0.9521988527724665,-0.021032504780114647,0.7330754352030948,0.9516441005802708,0.7195357833655706,0.9458413926499033,0.6963249516441006,0.9439071566731141,-0.03675048355899424,04
4625004004,924.0,275.35200000000003,29.8,31.7,791.5357477334979,10.553809969779971,14.658069402472185,True,True,True,0.8413001912045889,0.9598470363288719,0.8451242829827916,0.9541108986615678,0.8183556405353728,0.9502868068833652,-0.02294455066921608,0.7330754352030948,0.9516441005802708,0.7195357833655706,0.9458413926499033,0.6924564796905223,0.9439071566731141,-0.04061895551257255,04
4625004005,1170.0,442.26,37.8,26.4,660.3265004049446,8.804353338732595,12.228268526017493,True,True,True,0.8413001912045889,0.9598470363288719,0.8451242829827916,0.9541108986615678,0.8202676864244742,0.9464627151051626,-0.021032504780114647,0.7330754352030948,0.9516441005802708,0.7195357833655706,0.9458413926499033,0.688588007736944,0.9400386847195358,-0.044487427466150864,04
4625004006,1420.0,487.05999999999995,34.3,25.3,406.60157840977627,5.421354378797017,7.5296588594403016,True,True,True,0.8413001912045889,0.9598470363288719,0.8451242829827916,0.9541108986615678,0.8202676864244742,0.9521988527724665,-0.021032504780114647,0.7330754352030948,0.9516441005802708,0.7195357833655706,0.9458413926499033,0.6982591876208898,0.9439071566731141,-0.03481624758220503,04
4625004007,1309.0,369.138,28.2,35.4,520.2356733577031,6.936475644769375,9.633993951068577,True,True,True,0.8413001912045889,0.9598470363288719,0.8451242829827916,0.9541108986615678,0.780114722753346,0.9311663479923518,-0.06118546845124284,0.7330754352030948,0.9516441005802708,0.7195357833655706,0.9458413926499033,0.6750483558994197,0.9226305609284333,-0.05802707930367512,04
4625004008,904.0,252.21599999999998,27.9,32.6,293.2729159146481,3.910305545528641,5.430979924345335,True,True,True,0.8413001912045889,0.9598470363288719,0.8451242829827916,0.9541108986615678,0.7877629063097514,0.9330783938814532,-0.053537284894837445,0.7330754352030948,0.9516441005802708,0.7195357833655706,0.9458413926499033,0.6750483558994197,0.9245647969052224,-0.05802707930367512,04
4625004009,1135.0,253.105,22.3,30.4,232.67383046860053,3.1023177395813404,4.308774638307416,True,True,True,0.8413001912045889,0.9598470363288719,0.8451242829827916,0.9541108986615678,0.7896749521988528,0.9330783938814532,-0.05162523900573612,0.7330754352030948,0.9516441005802708,0.7195357833655706,0.9458413926499033,0.6750483558994197,0.9245647969052224,-0.05802707930367512,04
4625004010,1134.0,315.252,27.8,29.2,374.8479528057367,4.997972704076489,6.9416287556617915,True,True,True,0.8413001912045889,0.9598470363288719,0.8451242829827916,0.9541108986615678,0.780114722753346,0.9311663479923518,-0.06118546845124284,0.7330754352030948,0.9516441005802708,0.7195357833655706,0.9458413926499033,0.6750483558994197,0.9226305609284333,-0.05802707930367512,04
4625004011,858.0,205.92,24.0,34.8,459.27667322011365,6.123688976268182,8.505123578150252,True,True,True,0.8413001912045889,0.9598470363288719,0.8451242829827916,0.9541108986615678,0.7954110898661568,0.9330783938814532,-0.04588910133843205,0.7330754352030948,0.9516441005802708,0.7195357833655706,0.9458413926499033,0.6731141199226306,0.9264990328820116,-0.05996131528046422,04
4625004012,1709.0,338.38200000000006,19.8,33.0,716.3765062264239,9.55168674968565,13.266231596785627,True,True,True,0.8413001912045889,0.9598470363288719,0.8451242829827916,0.9541108986615678,0.8011472275334608,0.9407265774378585,-0.040152963671128084,0.7330754352030948,0.9516441005802708,0.7195357833655706,0.9458413926499033,0.6808510638297872,0.9303675048355899,-0.0522243713733076,04
4625004014,848.0,201.824,23.8,30.4,621.5297262882563,8.28706301717675,11.509809746078819,True,True,True,0.8413001912045889,0.9598470363288719,0.8451242829827916,0.9541108986615678,0.8011472275334608,0.9407265774378585,-0.040152963671128084,0.7330754352030948,0.9516441005802708,0.7195357833655706,0.9458413926499033,0.6808510638297872,0.9284332688588007,-0.0522243713733076,04
4625004015,1150.0,287.5,25.0,36.1,267.29097822364906,3.563879709648654,4.949832930067575,True,True,True,0.8413001912045889,0.9598470363288719,0.8451242829827916,0.9541108986615678,0.8068833652007649,0.9426386233269598,-0.03441682600382401,0.7330754352030948,0.9516441005802708,0.7195357833655706,0.9458413926499033,0.6847195357833655,0.9381044487427466,-0.04835589941972929,04
4625004016,1429.0,300.09,21.0,37.4,633.3568180590967,8.444757574121288,11.728829964057345,True,True,True,0.8413001912045889,0.9598470363288719,0.8451242829827916,0.9541108986615678,0.8068833652007649,0.9407265774378585,-0.03441682600382401,0.7330754352030948,0.9516441005802708,0.7195357833655706,0.9458413926499033,0.6847195357833655,0.9323017408123792,-0.04835589941972929,04
4625004017,1231.0,407.461,33.1,26.6,705.0730068048099,9.400973424064132,13.056907533422406,True,True,True,0.8413001912045889,0.9598470363288719,0.8451242829827916,0.9541108986615678,0.8164435946462715,0.9502868068833652,-0.0248565965583174,0.7330754352030948,0.9516441005802708,0.7195357833655706,0.9458413926499033,0.6924564796905223,0.9439071566731141,-0.04061895551257255,04
4625004018,2136.0,339.624,15.9,22.9,1378.8951947395658,18.38526926319421,25.535096198880847,False,False,False,0.8413001912045889,0.9598470363288719,0.8451242829827916,0.9541108986615678,0.8298279158699808,0.9541108986615678,-0.01147227533460804,0.7330754352030948,0.9516441005802708,0.7195357833655706,0.9458413926499033,0.7040618955512572,0.9458413926499033,-0.029013539651837617,04
4625004020,1246.0,411.18,33.0,31.9,579.3644945900189,7.724859927866919,10.728972122037387,True,True,True,0.8413001912045889,0.9598470363288719,0.8451242829827916,0.9541108986615678,0.8202676864244742,0.9464627151051626,-0.021032504780114647,0.7330754352030948,0.9516441005802708,0.7195357833655706,0.9458413926499033,0.688588007736944,0.941972920696325,-0.044487427466150864,04
4625004021,2017.0,540.556,26.8,25.7,302.6038491677457,4.034717988903276,5.603774984587884,True,True,True,0.8413001912045889,0.9598470363288719,0.8451242829827916,0.9541108986615678,0.8260038240917782,0.9521988527724665,-0.015296367112810683,0.7330754352030948,0.9516441005802708,0.7195357833655706,0.9458413926499033,0.7021276595744681,0.9439071566731141,-0.030947775628626717,04
4625004022,1229.0,369.92900000000003,30.1,25.9,830.5011445712852,11.073348594283802,15.37965082539417,True,False,False,0.8413001912045889,0.9598470363288719,0.8451242829827916,0.9541108986615678,0.8145315487571702,0.9483747609942639,-0.026768642447418722,0.7330754352030948,0.9516441005802708,0.7195357833655706,0.9458413926499033,0.6866537717601547,0.941972920696325,-0.046421663442940075,04
4625004023,916.0,292.20399999999995,31.9,32.5,373.8138415182789,4.984184553577052,6.922478546634793,True,True,True,0.8413001912045889,0.9598470363288719,0.8451242829827916,0.9541108986615678,0.8317399617590823,0.9560229445506692,-0.009560229445506607,0.7330754352030948,0.9516441005802708,0.7195357833655706,0.9458413926499033,0.7156673114119922,0.9516441005802708,-0.01740812379110257,04
4625004024,2425.0,324.95,13.4,23.4,1316.5615152329663,17.55415353643955,24.380768800610486,False,False,False,0.8413001912045889,0.9598470363288719,0.8451242829827916,0.9541108986615678,0.8183556405353728,0.9521988527724665,-0.02294455066921608,0.7330754352030948,0.9516441005802708,0.7195357833655706,0.9458413926499033,0.6963249516441006,0.9458413926499033,-0.03675048355899424,04
4625004026,1867.0,194.168,10.4,24.1,1580.7984433540767,21.077312578054357,29.274045247297714,False,False,False,0.8413001912045889,0.9598470363288719,0.8451242829827916,0.9541108986615678,0.8240917782026769,0.9521988527724665,-0.017208413001912004,0.7330754352030948,0.9516441005802708,0.7195357833655706,0.9458413926499033,0.6963249516441006,0.9458413926499033,-0.03675048355899424,04
4625004027,1833.0,218.127,11.9,19.1,1032.2236759914508,13.762982346552679,19.11525325910094,True,False,False,0.8413001912045889,0.9598470363288719,0.8451242829827916,0.9541108986615678,0.8202676864244742,0.9521988527724665,-0.021032504780114647,0.7330754352030948,0.9516441005802708,0.7195357833655706,0.9458413926499033,0.6963249516441006,0.9458413926499033,-0.03675048355899424,04
4625004028,1529.0,276.749,18.1,26.9,937.4741917736552,12.499655890315402,17.360633180993613,True,False,False,0.8413001912045889,0.9598470363288719,0.8451242829827916,0.9541108986615678,0.8164435946462715,0.9521988527724665,-0.0248565965583174,0.7330754352030948,0.9516441005802708,0.7195357833655706,0.9458413926499033,0.6943907156673114,0.9458413926499033,-0.03868471953578345,04
4625005001,1156.0,349.11199999999997,30.2,33.0,823.1128565449411,10.974838087265882,15.242830676758167,True,False,False,0.8413001912045889,0.9598470363288719,0.8451242829827916,0.9541108986615678,0.7973231357552581,0.9349904397705545,-0.043977055449330726,0.7330754352030948,0.9516441005802708,0.7195357833655706,0.9458413926499033,0.6808510638297872,0.9264990328820116,-0.0522243713733076,05
4625005002,942.0,195.93600000000004,20.8,28.9,1014.0834820207787,13.521113093610381,18.77932374112553,True,False,False,0.8413001912045889,0.9598470363288719,0.8451242829827916,0.9541108986615678,0.8011472275334608,0.9388145315487572,-0.040152963671128084,0.7330754352030948,0.9516441005802708,0.7195357833655706,0.9458413926499033,0.6827852998065764,0.9303675048355899,-0.05029013539651839,05
4625005003,842.0,173.452,20.6,31.7,827.7832426663231,11.037109902217642,15.329319308635611,True,False,False,0.8413001912045889,0.9598470363288719,0.8451242829827916,0.9541108986615678,0.8011472275334608,0.9407265774378585,-0.040152963671128084,0.7330754352030948,0.9516441005802708,0.7195357833655706,0.9458413926499033,0.6808510638297872,0.9303675048355899,-0.0522243713733076,05
4625005004,1493.0,338.911,22.7,26.4,754.9658357692371,10.066211143589829,13.980848810541428,True,True,True,0.8413001912045889,0.9598470363288719,0.8451242829827916,0.9541108986615678,0.8030592734225621,0.9407265774378585,-0.03824091778202676,0.7330754352030948,0.9516441005802708,0.7195357833655706,0.9458413926499033,0.6808510638297872,0.9303675048355899,-0.0522243713733076,05
4625005005,1297.0,290.528,22.4,33.1,739.288569918432,9.857180932245761,13.690529072563555,True,True,True,0.8413001912045889,0.9598470363288719,0.8451242829827916,0.9541108986615678,0.7954110898661568,0.9330783938814532,-0.04588910133843205,0.7330754352030948,0.9516441005802708,0.7195357833655706,0.9458413926499033,0.6750483558994197,0.9264990328820116,-0.05802707930367512,05
4625005006,1292.0,372.096,28.8,34.0,553.7161969655092,7.38288262620679,10.254003647509428,True,True,True,0.8413001912045889,0.9598470363288719,0.8451242829827916,0.9541108986615678,0.7877629063097514,0.9330783938814532,-0.053537284894837445,0.7330754352030948,0.9516441005802708,0.7195357833655706,0.9458413926499033,0.6750483558994197,0.9245647969052224,-0.05802707930367512,05
4625005007,1072.0,259.424,24.2,36.3,637.5780164373955,8.501040219165272,11.807000304396212,True,True,True,0.8413001912045889,0.9598470363288719,0.8451242829827916,0.9541108986615678,0.7915869980879541,0.9330783938814532,-0.0497131931166348,0.7330754352030948,0.9516441005802708,0.7195357833655706,0.9458413926499033,0.6731141199226306,0.9264990328820116,-0.05996131528046422,05
4625005008,1890.0,561.33,29.7,32.2,596.7870490776083,7.957160654368111,11.05161201995571,True,True,True,0.8413001912045889,0.9598470363288719,0.8451242829827916,0.9541108986615678,0.7915869980879541,0.9330783938814532,-0.0497131931166348,0.7330754352030948,0.9516441005802708,0.7195357833655706,0.9458413926499033,0.6731141199226306,0.9245647969052224,-0.05996131528046422,05
4625005009,1040.0,248.56,23.9,29.6,1179.656164362672,15.72874885816896,21.845484525234664,False,False,False,0.8413001912045889,0.9598470363288719,0.8451242829827916,0.9541108986615678,0.7954110898661568,0.9330783938814532,-0.04588910133843205,0.7330754352030948,0.9516441005802708,0.7195357833655706,0.9458413926499033,0.6789168278529981,0.9264990328820116,-0.0541586073500967,05
4625005010,879.0,266.337,30.3,31.9,726.7312880824273,9.689750507765698,13.457986816341247,True,True,True,0.8413001912045889,0.9598470363288719,0.8451242829827916,0.9541108986615678,0.8087954110898662,0.9502868068833652,-0.03250478011472269,0.7330754352030948,0.9516441005802708,0.7195357833655706,0.9458413926499033,0.6963249516441006,0.9400386847195358,-0.03675048355899424,05
4625005011,1207.0,242.607,20.1,38.8,887.3867192571073,11.831822923428097,16.433087393650133,True,False,False,0.8413001912045889,0.9598470363288719,0.8451242829827916,0.9541108986615678,0.8068833652007649,0.9483747609942639,-0.03441682600382401,0.7330754352030948,0.9516441005802708,0.7195357833655706,0.9458413926499033,0.688588007736944,0.9361702127659575,-0.044487427466150864,05
4625005013,1318.0,321.592,24.4,33.7,1010.582799198912,13.47443732265216,18.714496281461333,True,False,False,0.8413001912045889,0.9598470363288719,0.8451242829827916,0.9541108986615678,0.8068833652007649,0.9483747609942639,-0.03441682600382401,0.7330754352030948,0.9516441005802708,0.7195357833655706,0.9458413926499033,0.690522243713733,0.9381044487427466,-0.042553191489361764,05
4625005014,816.0,124.03199999999998,15.2,33.8,1127.2057377610233,15.029409836813644,20.874180328907837,False,False,False,0.8413001912045889,0.9598470363288719,0.8451242829827916,0.9541108986615678,0.8049713193116634,0.9483747609942639,-0.03632887189292544,0.7330754352030948,0.9516441005802708,0.7195357833655706,0.9458413926499033,0.6866537717601547,0.9342359767891683,-0.046421663442940075,05
4625005015,1319.0,258.524,19.6,35.3,1027.5362496135926,13.700483328181235,19.02844906691838,True,False,False,0.8413001912045889,0.9598470363288719,0.8451242829827916,0.9541108986615678,0.8068833652007649,0.9483747609942639,-0.03441682600382401,0.7330754352030948,0.9516441005802708,0.7195357833655706,0.9458413926499033,0.6943907156673114,0.9400386847195358,-0.03868471953578345,05
4625005016,1171.0,255.278,21.8,30.7,1014.2162725788775,13.522883634385034,18.78178282553477,True,False,False,0.8413001912045889,0.9598470363288719,0.8451242829827916,0.9541108986615678,0.8049713193116634,0.9483747609942639,-0.03632887189292544,0.7330754352030948,0.9516441005802708,0.7195357833655706,0.9458413926499033,0.688588007736944,0.9342359767891683,-0.044487427466150864,05
4625005017,540.0,99.9,18.5,39.1,680.4497412966379,9.072663217288504,12.600921135122922,True,True,True,0.8413001912045889,0.9598470363288719,0.8451242829827916,0.9541108986615678,0.8126195028680688,0.9521988527724665,-0.028680688336520044,0.7330754352030948,0.9516441005802708,0.7195357833655706,0.9458413926499033,0.7001934235976789,0.9439071566731141,-0.03288201160541593,05
4625005018,2431.0,607.75,25.0,34.5,826.8824575858827,11.025099434478436,15.312638103442271,True,False,False,0.8413001912045889,0.9598470363288719,0.8451242829827916,0.9541108986615678,0.8107074569789675,0.9521988527724665,-0.030592734225621365,0.7330754352030948,0.9516441005802708,0.7195357833655706,0.9458413926499033,0.7001934235976789,0.9439071566731141,-0.03288201160541593,05
4625005021,1295.0,253.82000000000005,19.6,43.1,694.0131877118332,9.25350916949111,12.852096068737653,True,True,True,0.8413001912045889,0.9598470363288719,0.8451242829827916,0.9541108986615678,0.8317399617590823,0.9579349904397706,-0.009560229445506607,0.7330754352030948,0.9516441005802708,0.7195357833655706,0.9458413926499033,0.7137330754352031,0.9497098646034816,-0.01934235976789167,05
4625005022,1687.0,411.62799999999993,24.4,40.0,756.082474377952,10.081099658372693,14.001527303295408,True,True,True,0.8413001912045889,0.9598470363288719,0.8451242829827916,0.9541108986615678,0.8260038240917782,0.9579349904397706,-0.015296367112810683,0.7330754352030948,0.9516441005802708,0.7195357833655706,0.9458413926499033,0.7079303675048356,0.9458413926499033,-0.025145067698259194,05
4625005025,717.0,172.08,24.0,39.4,681.7816910380668,9.090422547174224,12.625586871075312,True,True,True,0.8413001912045889,0.9598470363288719,0.8451242829827916,0.9541108986615678,0.8279158699808795,0.9579349904397706,-0.013384321223709361,0.7330754352030948,0.9516441005802708,0.7195357833655706,0.9458413926499033,0.7117988394584139,0.9477756286266924,-0.021276595744680882,05
4625005026,1466.0,416.344,28.4,37.5,304.94604440948234,4.065947258793098,5.647148970545969,True,True,True,0.8413001912045889,0.9598470363288719,0.8451242829827916,0.9541108986615678,0.8298279158699808,0.9579349904397706,-0.01147227533460804,0.7330754352030948,0.9516441005802708,0.7195357833655706,0.9458413926499033,0.7137330754352031,0.9477756286266924,-0.01934235976789167,05
4625005027,1791.0,440.58600000000007,24.6,31.4,564.9765779965117,7.533021039953488,10.462529222157624,True,True,True,0.8413001912045889,0.9598470363288719,0.8451242829827916,0.9541108986615678,0.8221797323135756,0.9560229445506692,-0.019120458891013326,0.7330754352030948,0.9516441005802708,0.7195357833655706,0.9458413926499033,0.7021276595744681,0.9458413926499033,-0.030947775628626717,05
4625005028,1131.0,290.66700000000003,25.7,31.6,265.9870031938793,3.54649337591839,4.925685244331097,True,True,True,0.8413001912045889,0.9598470363288719,0.8451242829827916,0.9541108986615678,0.8240917782026769,0.9579349904397706,-0.017208413001912004,0.7330754352030948,0.9516441005802708,0.7195357833655706,0.9458413926499033,0.7001934235976789,0.9439071566731141,-0.03288201160541593,05
4625005029,1175.0,265.55,22.6,34.6,896.2472388938238,11.949963185250985,16.597171090626365,True,False,False,0.8413001912045889,0.9598470363288719,0.8451242829827916,0.9541108986615678,0.8049713193116634,0.9483747609942639,-0.03632887189292544,0.7330754352030948,0.9516441005802708,0.7195357833655706,0.9458413926499033,0.688588007736944,0.9342359767891683,-0.044487427466150864,05
4625005031,1057.0,126.84,12.0,28.3,682.1902481369963,9.095869975159951,12.633152743277709,True,True,True,0.8413001912045889,0.9598470363288719,0.8451242829827916,0.9541108986615678,0.8068833652007649,0.9483747609942639,-0.03441682600382401,0.7330754352030948,0.9516441005802708,0.7195357833655706,0.9458413926499033,0.6943907156673114,0.9400386847195358,-0.03868471953578345,05
4625005033,1730.0,392.71,22.7,25.7,675.0340722245077,9.000454296326769,12.500630967120513,True,True,True,0.8413001912045889,0.9598470363288719,0.8451242829827916,0.9541108986615678,0.8049713193116634,0.9483747609942639,-0.03632887189292544,0.7330754352030948,0.9516441005802708,0.7195357833655706,0.9458413926499033,0.688588007736944,0.9342359767891683,-0.044487427466150864,05
4625005034,1526.0,236.53,15.5,38.4,809.0416637327552,10.787222183103403,14.982253032088058,True,True,True,0.8413001912045889,0.9598470363288719,0.8451242829827916,0.9541108986615678,0.8049713193116634,0.9464627151051626,-0.03632887189292544,0.7330754352030948,0.9516441005802708,0.7195357833655706,0.9458413926499033,0.688588007736944,0.9342359767891683,-0.044487427466150864,05
4625005036,1226.0,252.556,20.6,27.5,514.66090114836,6.862145348644801,9.530757428673333,True,True,True,0.8413001912045889,0.9598470363288719,0.8451242829827916,0.9541108986615678,0.8011472275334608,0.9407265774378585,-0.040152963671128084,0.7330754352030948,0.9516441005802708,0.7195357833655706,0.9458413926499033,0.6827852998065764,0.9303675048355899,-0.05029013539651839,05
4625005037,770.0,176.33,22.9,31.7,917.1821880370686,12.229095840494248,16.98485533401979,True,False,False,0.8413001912045889,0.9598470363288719,0.8451242829827916,0.9541108986615678,0.8068833652007649,0.9483747609942639,-0.03441682600382401,0.7330754352030948,0.9516441005802708,0.7195357833655706,0.9458413926499033,0.6924564796905223,0.9400386847195358,-0.04061895551257255,05
4625005038,1422.0,355.5,25.0,25.4,594.6145514784964,7.928194019713286,11.011380582935118,True,True,True,0.8413001912045889,0.9598470363288719,0.8451242829827916,0.9541108986615678,0.8068833652007649,0.9483747609942639,-0.03441682600382401,0.7330754352030948,0.9516441005802708,0.7195357833655706,0.9458413926499033,0.6963249516441006,0.941972920696325,-0.03675048355899424,05
4625005039,1683.0,430.848,25.6,34.2,720.2614933164747,9.603486577552996,13.338175802156938,True,True,True,0.8413001912045889,0.9598470363288719,0.8451242829827916,0.9541108986615678,0.8183556405353728,0.9560229445506692,-0.02294455066921608,0.7330754352030948,0.9516441005802708,0.7195357833655706,0.9458413926499033,0.7021276595744681,0.9458413926499033,-0.030947775628626717,05
4625005040,1857.0,447.53700000000003,24.1,30.2,840.85934364467,11.211457915262267,15.571469326753148,True,False,False,0.8413001912045889,0.9598470363288719,0.8451242829827916,0.9541108986615678,0.8087954110898662,0.9502868068833652,-0.03250478011472269,0.7330754352030948,0.9516441005802708,0.7195357833655706,0.9458413926499033,0.6963249516441006,0.9439071566731141,-0.03675048355899424,05
4625005042,1590.0,349.8,22.0,34.5,656.2372632694909,8.749830176926544,12.15254191239798,True,True,True,0.8413001912045889,0.9598470363288719,0.8451242829827916,0.9541108986615678,0.8087954110898662,0.9521988527724665,-0.03250478011472269,0.7330754352030948,0.9516441005802708,0.7195357833655706,0.9458413926499033,0.6982591876208898,0.9458413926499033,-0.03481624758220503,05
4625005043,1996.0,353.292,17.7,29.1,515.2300054078538,6.869733405438051,9.541296396441737,True,True,True,0.8413001912045889,0.9598470363288719,0.8451242829827916,0.9541108986615678,0.8068833652007649,0.9483747609942639,-0.03441682600382401,0.7330754352030948,0.9516441005802708,0.7195357833655706,0.9458413926499033,0.6963249516441006,0.941972920696325,-0.03675048355899424,05
4625006001,1373.0,354.23400000000004,25.8,32.4,961.2544516956465,12.816726022608618,17.80100836473419,True,False,False,0.8413001912045889,0.9598470363288719,0.8451242829827916,0.9541108986615678,0.8413001912045889,0.9598470363288719,0.0,0.7330754352030948,0.9516441005802708,0.7195357833655706,0.9458413926499033,0.7253384912959381,0.9497098646034816,-0.007736943907156735,06
4625006002,1547.0,417.69,27.0,25.7,886.7908281942088,11.823877709256116,16.422052373966828,True,False,False,0.8413001912045889,0.9598470363288719,0.8451242829827916,0.9541108986615678,0.8451242829827916,0.9598470363288719,0.003824091778202754,0.7330754352030948,0.9516441005802708,0.7195357833655706,0.9458413926499033,0.7408123791102514,0.9535783365570599,0.007736943907156624,06
4625006003,1033.0,206.6,20.0,30.7,835.1754182736386,11.135672243648514,15.466211449511825,True,False,False,0.8413001912045889,0.9598470363288719,0.8451242829827916,0.9541108986615678,0.8565965583173997,0.9636711281070746,0.015296367112810794,0.7330754352030948,0.9516441005802708,0.7195357833655706,0.9458413926499033,0.7543520309477756,0.9593810444874274,0.02127659574468077,06
4625006004,1615.0,373.065,23.1,32.3,913.3845163179176,12.178460217572233,16.914528079961435,True,False,False,0.8413001912045889,0.9598470363288719,0.8451242829827916,0.9541108986615678,0.8546845124282982,0.9636711281070746,0.013384321223709361,0.7330754352030948,0.9516441005802708,0.7195357833655706,0.9458413926499033,0.7543520309477756,0.9593810444874274,0.02127659574468077,06
4625006006,1204.0,374.444,31.1,24.9,888.4014367683404,11.84535249024454,16.45187845867297,True,False,False,0.8413001912045889,0.9598470363288719,0.8451242829827916,0.9541108986615678,0.8413001912045889,0.9598470363288719,0.0,0.7330754352030948,0.9516441005802708,0.7195357833655706,0.9458413926499033,0.723404255319149,0.9497098646034816,-0.009671179883945835,06
4625006007,1270.0,281.94,22.2,29.7,597.06304224404,7.960840563253868,11.05672300451926,True,True,True,0.8413001912045889,0.9598470363288719,0.8451242829827916,0.9541108986615678,0.8680688336520076,0.9674952198852772,0.026768642447418722,0.7330754352030948,0.9516441005802708,0.7195357833655706,0.9458413926499033,0.7640232108317214,0.965183752417795,0.030947775628626606,06
4625006008,1915.0,540.03,28.2,28.2,438.47876933300387,5.846383591106718,8.119977209870441,True,True,True,0.8413001912045889,0.9598470363288719,0.8451242829827916,0.9541108986615678,0.8738049713193117,0.9674952198852772,0.0325047801147228,0.7330754352030948,0.9516441005802708,0.7195357833655706,0.9458413926499033,0.7717601547388782,0.9690522243713733,0.03868471953578334,06
4625006009,1390.0,294.68,21.2,38.7,227.00747026279134,3.0267662701705516,4.203842041903544,True,True,True,0.8413001912045889,0.9598470363288719,0.8451242829827916,0.9541108986615678,0.8852772466539197,0.97131931166348,0.04397705544933084,0.7330754352030948,0.9516441005802708,0.7195357833655706,0.9458413926499033,0.8085106382978723,0.97678916827853,0.07543520309477747,06
4625006011,834.0,145.11599999999999,17.4,35.5,632.0274928725935,8.427033238301247,11.704212830973953,True,True,True,0.8413001912045889,0.9598470363288719,0.8451242829827916,0.9541108986615678,0.8833652007648184,0.9694072657743786,0.042065009560229516,0.7330754352030948,0.9516441005802708,0.7195357833655706,0.9458413926499033,0.804642166344294,0.97678916827853,0.07156673114119916,06
4625006012,1123.0,248.18300000000002,22.1,37.9,805.0052911592729,10.733403882123639,14.907505391838386,True,True,True,0.8413001912045889,0.9598470363288719,0.8451242829827916,0.9541108986615678,0.8852772466539197,0.97131931166348,0.04397705544933084,0.7330754352030948,0.9516441005802708,0.7195357833655706,0.9458413926499033,0.7911025145067698,0.97678916827853,0.05802707930367501,06
4625006013,1430.0,306.02,21.4,29.3,397.20976326844493,5.296130176912599,7.355736356823054,True,True,True,0.8413001912045889,0.9598470363288719,0.8451242829827916,0.9541108986615678,0.8891013384321224,0.97131931166348,0.04780114722753348,0.7330754352030948,0.9516441005802708,0.7195357833655706,0.9458413926499033,0.8027079303675049,0.9787234042553191,0.06963249516441006,06
4625006014,1579.0,356.85400000000004,22.6,32.2,446.79734406451314,5.957297920860175,8.274024890083576,True,True,True,0.8413001912045889,0.9598470363288719,0.8451242829827916,0.9541108986615678,0.8833652007648184,0.97131931166348,0.042065009560229516,0.7330754352030948,0.9516441005802708,0.7195357833655706,0.9458413926499033,0.7949709864603481,0.97678916827853,0.06189555125725332,06
4625006015,2117.0,474.20799999999997,22.4,32.2,59.81899981440223,0.7975866641920298,1.1077592558222635,True,True,True,0.8413001912045889,0.9598470363288719,0.8451242829827916,0.9541108986615678,0.8852772466539197,0.97131931166348,0.04397705544933084,0.7330754352030948,0.9516441005802708,0.7195357833655706,0.9458413926499033,0.8027079303675049,0.97678916827853,0.06963249516441006,06
4625006016,862.0,212.914,24.7,31.1,408.4276541742867,5.445702055657156,7.5634750773016055,True,True,True,0.8413001912045889,0.9598470363288719,0.8451242829827916,0.9541108986615678,0.8432122370936902,0.9598470363288719,0.0019120458891013214,0.7330754352030948,0.9516441005802708,0.7195357833655706,0.9458413926499033,0.7330754352030948,0.9535783365570599,0.0,06
4625006017,1757.0,444.52099999999996,25.3,27.0,432.20646760011255,5.762752901334834,8.003823474076158,True,True,True,0.8413001912045889,0.9598470363288719,0.8451242829827916,0.9541108986615678,0.8451242829827916,0.9598470363288719,0.003824091778202754,0.7330754352030948,0.9516441005802708,0.7195357833655706,0.9458413926499033,0.7350096711798839,0.9535783365570599,0.0019342359767891004,06
4625006018,1021.0,286.901,28.1,25.7,724.360348521182,9.658137980282426,13.414080528170038,True,True,True,0.8413001912045889,0.9598470363288719,0.8451242829827916,0.9541108986615678,0.8413001912045889,0.9579349904397706,0.0,0.7330754352030948,0.9516441005802708,0.7195357833655706,0.9458413926499033,0.723404255319149,0.9497098646034816,-0.009671179883945835,06
4625006019,1011.0,232.53,23.0,30.9,499.19263790602605,6.655901838747014,9.244308109370852,True,True,True,0.8413001912045889,0.9598470363288719,0.8451242829827916,0.9541108986615678,0.8413001912045889,0.9579349904397706,0.0,0.7330754352030948,0.9516441005802708,0.7195357833655706,0.9458413926499033,0.723404255319149,0.9497098646034816,-0.009671179883945835,06
4625006021,811.0,223.025,27.5,27.5,508.6629312440178,6.782172416586904,9.419683911926255,True,True,True,0.8413001912045889,0.9598470363288719,0.8451242829827916,0.9541108986615678,0.8451242829827916,0.9598470363288719,0.003824091778202754,0.7330754352030948,0.9516441005802708,0.7195357833655706,0.9458413926499033,0.7350096711798839,0.9535783365570599,0.0019342359767891004,06
4625006022,1014.0,269.724,26.6,27.3,287.53769830811666,3.8338359774415554,5.324772190891049,True,True,True,0.8413001912045889,0.9598470363288719,0.8451242829827916,0.9541108986615678,0.847036328871893,0.9598470363288719,0.005736137667304075,0.7330754352030948,0.9516441005802708,0.7195357833655706,0.9458413926499033,0.746615087040619,0.9535783365570599,0.013539651837524147,06
4625006023,1205.0,307.275,25.5,29.6,804.2644881577253,10.723526508769671,14.893786817735652,True,True,True,0.8413001912045889,0.9598470363288719,0.8451242829827916,0.9541108986615678,0.875717017208413,0.9674952198852772,0.03441682600382412,0.7330754352030948,0.9516441005802708,0.7195357833655706,0.9458413926499033,0.7794970986460348,0.9729206963249516,0.046421663442939964,06
4625006024,1562.0,374.88,24.0,33.4,649.3132744021563,8.657510325362084,12.024319896336227,True,True,True,0.8413001912045889,0.9598470363288719,0.8451242829827916,0.9541108986615678,0.8546845124282982,0.9636711281070746,0.013384321223709361,0.7330754352030948,0.9516441005802708,0.7195357833655706,0.9458413926499033,0.7504835589941973,0.9593810444874274,0.01740812379110246,06
4625006026,1666.0,411.50199999999995,24.7,33.4,519.5502897931165,6.927337197241553,9.62130166283549,True,True,True,0.8413001912045889,0.9598470363288719,0.8451242829827916,0.9541108986615678,0.8795411089866156,0.9674952198852772,0.03824091778202676,0.7330754352030948,0.9516441005802708,0.7195357833655706,0.9458413926499033,0.793036750483559,0.9748549323017408,0.05996131528046422,06
4625006027,1253.0,294.455,23.5,30.5,306.3274745210611,4.084366326947481,5.67273100964928,True,True,True,0.8413001912045889,0.9598470363288719,0.8451242829827916,0.9541108986615678,0.8814531548757171,0.9674952198852772,0.040152963671128195,0.7330754352030948,0.9516441005802708,0.7195357833655706,0.9458413926499033,0.7969052224371374,0.97678916827853,0.06382978723404253,06
4625007001,1216.0,284.544,23.4,34.7,825.6436674086674,11.008582232115566,15.289697544604952,True,False,False,0.8413001912045889,0.9598470363288719,0.8451242829827916,0.9541108986615678,0.8279158699808795,0.9560229445506692,-0.013384321223709361,0.7330754352030948,0.9516441005802708,0.7195357833655706,0.9458413926499033,0.7117988394584139,0.9458413926499033,-0.021276595744680882,07
4625007002,1892.0,361.37200000000007,19.1,31.0,1007.8488423171971,13.437984564229293,18.663867450318467,True,False,False,0.8413001912045889,0.9598470363288719,0.8451242829827916,0.9541108986615678,0.8336520076481836,0.9560229445506692,-0.007648183556405286,0.7330754352030948,0.9516441005802708,0.7195357833655706,0.9458413926499033,0.7195357833655706,0.9497098646034816,-0.013539651837524258,07
4625007003,1404.0,341.172,24.3,31.5,769.30554346931,10.257407246257467,14.24639895313537,True,True,True,0.8413001912045889,0.9598470363288719,0.8451242829827916,0.9541108986615678,0.8317399617590823,0.9560229445506692,-0.009560229445506607,0.7330754352030948,0.9516441005802708,0.7195357833655706,0.9458413926499033,0.7176015473887815,0.9516441005802708,-0.015473887814313358,07
4625007004,960.0,211.2,22.0,36.2,1039.8948452594695,13.865264603459593,19.257311949249434,True,False,False,0.8413001912045889,0.9598470363288719,0.8451242829827916,0.9541108986615678,0.8298279158699808,0.9560229445506692,-0.01147227533460804,0.7330754352030948,0.9516441005802708,0.7195357833655706,0.9458413926499033,0.7117988394584139,0.9477756286266924,-0.021276595744680882,07
4625007005,1151.0,189.915,16.5,28.4,1169.0724625711641,15.587632834282187,21.64949004761415,False,False,False,0.8413001912045889,0.9598470363288719,0.8451242829827916,0.9541108986615678,0.8298279158699808,0.9560229445506692,-0.01147227533460804,0.7330754352030948,0.9516441005802708,0.7195357833655706,0.9458413926499033,0.7117988394584139,0.9477756286266924,-0.021276595744680882,07
4625007006,1156.0,223.108,19.3,35.3,1179.0159263872981,15.720212351830641,21.833628266431447,False,False,False,0.8413001912045889,0.9598470363288719,0.8451242829827916,0.9541108986615678,0.8279158699808795,0.9560229445506692,-0.013384321223709361,0.7330754352030948,0.9516441005802708,0.7195357833655706,0.9458413926499033,0.7079303675048356,0.9458413926499033,-0.025145067698259194,07
4625007007,1118.0,269.43800000000005,24.1,37.1,1249.8823301236694,16.665097734982258,23.145969076364246,False,False,False,0.8413001912045889,0.9598470363288719,0.8451242829827916,0.9541108986615678,0.8298279158699808,0.9560229445506692,-0.01147227533460804,0.7330754352030948,0.9516441005802708,0.7195357833655706,0.9458413926499033,0.7117988394584139,0.9477756286266924,-0.021276595744680882,07
4625007008,778.0,182.83,23.5,33.2,1199.2166034558434,15.98955471274458,22.207714878811917,False,False,False,0.8413001912045889,0.9598470363288719,0.8451242829827916,0.9541108986615678,0.8298279158699808,0.9560229445506692,-0.01147227533460804,0.7330754352030948,0.9516441005802708,0.7195357833655706,0.9458413926499033,0.7079303675048356,0.9458413926499033,-0.025145067698259194,07
4625007009,1158.0,251.28599999999997,21.7,42.3,1104.6045092683023,14.728060123577364,20.455639060524117,True,False,False,0.8413001912045889,0.9598470363288719,0.8451242829827916,0.9541108986615678,0.8279158699808795,0.9560229445506692,-0.013384321223709361,0.7330754352030948,0.9516441005802708,0.7195357833655706,0.9458413926499033,0.7079303675048356,0.9458413926499033,-0.025145067698259194,07
4625007010,2009.0,423.899,21.1,30.9,922.6451829547844,12.301935772730458,17.086021906570082,True,False,False,0.8413001912045889,0.9598470363288719,0.8451242829827916,0.9541108986615678,0.8489483747609943,0.9579349904397706,0.007648183556405397,0.7330754352030948,0.9516441005802708,0.7195357833655706,0.9458413926499033,0.7272727272727273,0.9497098646034816,-0.005802707930367523,07
4625007012,1124.0,213.56,19.0,32.4,828.7299735605765,11.049732980807686,15.346851362232899,True,False,False,0.8413001912045889,0.9598470363288719,0.8451242829827916,0.9541108986615678,0.8489483747609943,0.9579349904397706,0.007648183556405397,0.7330754352030948,0.9516441005802708,0.7195357833655706,0.9458413926499033,0.7292069632495164,0.9497098646034816,-0.003868471953578423,07
4625007013,1004.0,187.748,18.7,40.5,1008.9915097623661,13.453220130164881,18.685027958562337,True,False,False,0.8413001912045889,0.9598470363288719,0.8451242829827916,0.9541108986615678,0.8489483747609943,0.9579349904397706,0.007648183556405397,0.7330754352030948,0.9516441005802708,0.7195357833655706,0.9458413926499033,0.7292069632495164,0.9497098646034816,-0.003868471953578423,07
4625007014,1036.0,224.812,21.7,33.2,964.7141294185595,12.862855058914128,17.865076470714065,True,False,False,0.8413001912045889,0.9598470363288719,0.8451242829827916,0.9541108986615678,0.8489483747609943,0.9579349904397706,0.007648183556405397,0.7330754352030948,0.9516441005802708,0.7195357833655706,0.9458413926499033,0.7292069632495164,0.9497098646034816,-0.003868471953578423,07
4625007015,1138.0,190.046,16.7,27.6,970.7304991770629,12.94307332236084,17.976490725501165,True,False,False,0.8413001912045889,0.9598470363288719,0.8451242829827916,0.9541108986615678,0.8489483747609943,0.9579349904397706,0.007648183556405397,0.7330754352030948,0.9516441005802708,0.7195357833655706,0.9458413926499033,0.7292069632495164,0.9497098646034816,-0.003868471953578423,07
4625007016,1927.0,470.18799999999993,24.4,31.7,1033.854829967737,13.784731066236494,19.145459814217354,True,False,False,0.8413001912045889,0.9598470363288719,0.8451242829827916,0.9541108986615678,0.8489483747609943,0.9579349904397706,0.007648183556405397,0.7330754352030948,0.9516441005802708,0.7195357833655706,0.9458413926499033,0.7292069632495164,0.9497098646034816,-0.003868471953578423,07
4625007017,2063.0,439.41900000000004,21.3,34.4,985.907268210005,13.145430242800067,18.257542003888982,True,False,False,0.8413001912045889,0.9598470363288719,0.8451242829827916,0.9541108986615678,0.8451242829827916,0.9579349904397706,0.003824091778202754,0.7330754352030948,0.9516441005802708,0.7195357833655706,0.9458413926499033,0.7272727272727273,0.9497098646034816,-0.005802707930367523,07
4625007018,1250.0,302.5,24.2,33.1,1142.8980480461987,15.238640640615984,21.164778667522196,False,False,False,0.8413001912045889,0.9598470363288719,0.8451242829827916,0.9541108986615678,0.8336520076481836,0.9560229445506692,-0.007648183556405286,0.7330754352030948,0.9516441005802708,0.7195357833655706,0.9458413926499033,0.723404255319149,0.9516441005802708,-0.009671179883945835,07
4625007019,1680.0,339.36,20.2,27.7,812.5396621215956,10.833862161621274,15.047030780029548,True,False,False,0.8413001912045889,0.9598470363288719,0.8451242829827916,0.9541108986615678,0.8451242829827916,0.9579349904397706,0.003824091778202754,0.7330754352030948,0.9516441005802708,0.7195357833655706,0.9458413926499033,0.7272727272727273,0.9497098646034816,-0.005802707930367523,07
4625007020,1722.0,430.5,25.0,31.3,1058.7877077666756,14.117169436889007,19.607179773456956,True,False,False,0.8413001912045889,0.9598470363288719,0.8451242829827916,0.9541108986615678,0.8317399617590823,0.9560229445506692,-0.009560229445506607,0.7330754352030948,0.9516441005802708,0.7195357833655706,0.9458413926499033,0.7195357833655706,0.9497098646034816,-0.013539651837524258,07
4625007021,1394.0,299.71,21.5,33.1,870.3143468413969,11.604191291218624,16.116932348914755,True,False,False,0.8413001912045889,0.9598470363288719,0.8451242829827916,0.9541108986615678,0.8336520076481836,0.9560229445506692,-0.007648183556405286,0.7330754352030948,0.9516441005802708,0.7195357833655706,0.9458413926499033,0.7214700193423598,0.9516441005802708,-0.011605415860735047,07
4625007022,1424.0,361.69599999999997,25.4,33.0,918.4065063769403,12.245420085025872,17.007527895869266,True,False,False,0.8413001912045889,0.9598470363288719,0.8451242829827916,0.9541108986615678,0.8336520076481836,0.9560229445506692,-0.007648183556405286,0.7330754352030948,0.9516441005802708,0.7195357833655706,0.9458413926499033,0.723404255319149,0.9516441005802708,-0.009671179883945835,07
4625007023,767.0,201.72100000000003,26.3,36.8,782.1343990405852,10.428458653874468,14.483970352603428,True,True,True,0.8413001912045889,0.9598470363288719,0.8451242829827916,0.9541108986615678,0.8393881453154876,0.9560229445506692,-0.0019120458891013214,0.7330754352030948,0.9516441005802708,0.7195357833655706,0.9458413926499033,0.723404255319149,0.9516441005802708,-0.009671179883945835,07
4625007024,1430.0,228.8,16.0,33.1,777.9386902252363,10.372515869669819,14.406272041208078,True,True,True,0.8413001912045889,0.9598470363288719,0.8451242829827916,0.9541108986615678,0.8432122370936902,0.9579349904397706,0.0019120458891013214,0.7330754352030948,0.9516441005802708,0.7195357833655706,0.9458413926499033,0.7272727272727273,0.9497098646034816,-0.005802707930367523,07
4625007025,1025.0,244.975,23.9,33.7,962.8575209146405,12.838100278861873,17.830694831752602,True,False,False,0.8413001912045889,0.9598470363288719,0.8451242829827916,0.9541108986615678,0.8336520076481836,0.9560229445506692,-0.007648183556405286,0.7330754352030948,0.9516441005802708,0.7195357833655706,0.9458413926499033,0.723404255319149,0.9516441005802708,-0.009671179883945835,07
4625007026,1197.0,154.413,12.9,29.5,520.813800445074,6.94418400593432,9.64470000824211,True,True,True,0.8413001912045889,0.9598470363288719,0.8451242829827916,0.9541108986615678,0.8432122370936902,0.9579349904397706,0.0019120458891013214,0.7330754352030948,0.9516441005802708,0.7195357833655706,0.9458413926499033,0.7272727272727273,0.9497098646034816,-0.005802707930367523,07
4625007030,1668.0,236.856,14.2,30.5,667.3845257592794,8.898460343457058,12.358972699245916,True,True,True,0.8413001912045889,0.9598470363288719,0.8451242829827916,0.9541108986615678,0.8489483747609943,0.9579349904397706,0.007648183556405397,0.7330754352030948,0.9516441005802708,0.7195357833655706,0.9458413926499033,0.7272727272727273,0.9497098646034816,-0.005802707930367523,07
4625007031,1069.0,275.802,25.8,34.1,315.1462572924097,4.201950097232129,5.836041801711291,True,True,True,0.8413001912045889,0.9598470363288719,0.8451242829827916,0.9541108986615678,0.8336520076481836,0.9560229445506692,-0.007648183556405286,0.7330754352030948,0.9516441005802708,0.7195357833655706,0.9458413926499033,0.723404255319149,0.9516441005802708,-0.009671179883945835,07
4625007032,1172.0,378.556,32.3,30.8,275.03011668923733,3.6670682225231643,5.093150309059951,True,True,True,0.8413001912045889,0.9598470363288719,0.8451242829827916,0.9541108986615678,0.8355640535372849,0.9560229445506692,-0.005736137667303964,0.7330754352030948,0.9516441005802708,0.7195357833655706,0.9458413926499033,0.723404255319149,0.9516441005802708,-0.009671179883945835,07
4625007036,1714.0,311.948,18.2,28.8,187.84286223425937,2.5045714964567916,3.478571522856655,True,True,True,0.8413001912045889,0.9598470363288719,0.8451242829827916,0.9541108986615678,0.8336520076481836,0.9560229445506692,-0.007648183556405286,0.7330754352030948,0.9516441005802708,0.7195357833655706,0.9458413926499033,0.7253384912959381,0.9516441005802708,-0.007736943907156735,07
4625007037,2008.0,327.30400000000003,16.3,25.8,173.36089878066244,2.3114786504088323,3.2103870144567117,True,True,True,0.8413001912045889,0.9598470363288719,0.8451242829827916,0.9541108986615678,0.8336520076481836,0.9560229445506692,-0.007648183556405286,0.7330754352030948,0.9516441005802708,0.7195357833655706,0.9458413926499033,0.7253384912959381,0.9516441005802708,-0.007736943907156735,07
4625007039,1377.0,380.052,27.6,19.8,457.28139149084717,6.097085219877963,8.46817391649717,True,True,True,0.8413001912045889,0.9598470363288719,0.8451242829827916,0.9541108986615678,0.8336520076481836,0.9560229445506692,-0.007648183556405286,0.7330754352030948,0.9516441005802708,0.7195357833655706,0.9458413926499033,0.7214700193423598,0.9516441005802708,-0.011605415860735047,07
4625007040,1245.0,347.355,27.9,29.1,435.6516130356205,5.808688173808274,8.067622463622602,True,True,True,0.8413001912045889,0.9598470363288719,0.8451242829827916,0.9541108986615678,0.8336520076481836,0.9560229445506692,-0.007648183556405286,0.7330754352030948,0.9516441005802708,0.7195357833655706,0.9458413926499033,0.7214700193423598,0.9497098646034816,-0.011605415860735047,07
4625007041,1077.0,252.018,23.4,30.3,1010.3467297019184,13.471289729358913,18.7101246241096,True,False,False,0.8413001912045889,0.9598470363288719,0.8451242829827916,0.9541108986615678,0.8489483747609943,0.9579349904397706,0.007648183556405397,0.7330754352030948,0.9516441005802708,0.7195357833655706,0.9458413926499033,0.7272727272727273,0.9497098646034816,-0.005802707930367523,07
4625007042,2243.0,444.11400000000003,19.8,28.8,654.1272079283442,8.721696105711256,12.113466813487856,True,True,True,0.8413001912045889,0.9598470363288719,0.8451242829827916,0.9541108986615678,0.8336520076481836,0.9560229445506692,-0.007648183556405286,0.7330754352030948,0.9516441005802708,0.7195357833655706,0.9458413926499033,0.723404255319149,0.9516441005802708,-0.009671179883945835,07
4625008002,825.0,235.95,28.6,30.3,1025.649065214311,13.675320869524144,18.993501207672423,True,False,False,0.8413001912045889,0.9598470363288719,0.8451242829827916,0.9541108986615678,0.8298279158699808,0.9560229445506692,-0.01147227533460804,0.7330754352030948,0.9516441005802708,0.7195357833655706,0.9458413926499033,0.7098646034816247,0.9458413926499033,-0.023210831721470093,08
4625008003,823.0,199.989,24.3,26.6,742.7320236635909,9.903093648847879,13.754296734510943,True,True,True,0.8413001912045889,0.9598470363288719,0.8451242829827916,0.9541108986615678,0.8298279158699808,0.9560229445506692,-0.01147227533460804,0.7330754352030948,0.9516441005802708,0.7195357833655706,0.9458413926499033,0.7098646034816247,0.9477756286266924,-0.023210831721470093,08
4625008004,1755.0,375.57,21.4,34.1,727.0826955919507,9.69443594122601,13.464494362813902,True,True,True,0.8413001912045889,0.9598470363288719,0.8451242829827916,0.9541108986615678,0.8317399617590823,0.9560229445506692,-0.009560229445506607,0.7330754352030948,0.9516441005802708,0.7195357833655706,0.9458413926499033,0.7156673114119922,0.9497098646034816,-0.01740812379110257,08
4625008006,1028.0,302.23199999999997,29.4,32.4,1065.1284373585981,14.201712498114642,19.72460069182589,True,False,False,0.8413001912045889,0.9598470363288719,0.8451242829827916,0.9541108986615678,0.8317399617590823,0.9560229445506692,-0.009560229445506607,0.7330754352030948,0.9516441005802708,0.7195357833655706,0.9458413926499033,0.7156673114119922,0.9497098646034816,-0.01740812379110257,08
4625008007,1100.0,280.5,25.5,29.6,179.28868342157887,2.390515778954385,3.320160804103312,True,True,True,0.8413001912045889,0.9598470363288719,0.8451242829827916,0.9541108986615678,0.8298279158699808,0.9579349904397706,-0.01147227533460804,0.7330754352030948,0.9516441005802708,0.7195357833655706,0.9458413926499033,0.7117988394584139,0.9497098646034816,-0.021276595744680882,08
4625008008,898.0,217.31599999999997,24.2,37.2,466.6796851011161,6.222395801348214,8.642216390761408,True,True,True,0.8413001912045889,0.9598470363288719,0.8451242829827916,0.9541108986615678,0.8298279158699808,0.9579349904397706,-0.01147227533460804,0.7330754352030948,0.9516441005802708,0.7195357833655706,0.9458413926499033,0.7059961315280464,0.9497098646034816,-0.027079303675048405,08
4625008009,851.0,182.965,21.5,33.7,622.4626655728987,8.29950220763865,11.527086399498124,True,True,True,0.8413001912045889,0.9598470363288719,0.8451242829827916,0.9541108986615678,0.8298279158699808,0.9579349904397706,-0.01147227533460804,0.7330754352030948,0.9516441005802708,0.7195357833655706,0.9458413926499033,0.7079303675048356,0.9477756286266924,-0.025145067698259194,08
4625008010,2266.0,335.36800000000005,14.8,29.1,712.4507682111292,9.499343576148389,13.193532744650541,True,True,True,0.8413001912045889,0.9598470363288719,0.8451242829827916,0.9541108986615678,0.8336520076481836,0.9560229445506692,-0.007648183556405286,0.7330754352030948,0.9516441005802708,0.7195357833655706,0.9458413926499033,0.7137330754352031,0.9497098646034816,-0.01934235976789167,08
4625008012,1389.0,391.698,28.2,33.8,578.5923923146582,7.714565230862109,10.71467393175293,True,True,True,0.8413001912045889,0.9598470363288719,0.8451242829827916,0.9541108986615678,0.8336520076481836,0.9560229445506692,-0.007648183556405286,0.7330754352030948,0.9516441005802708,0.7195357833655706,0.9458413926499033,0.7137330754352031,0.9497098646034816,-0.01934235976789167,08
4625008013,2093.0,542.087,25.9,26.3,687.0631777329281,9.160842369772375,12.72339218023941,True,True,True,0.8413001912045889,0.9598470363288719,0.8451242829827916,0.9541108986615678,0.8317399617590823,0.9560229445506692,-0.009560229445506607,0.7330754352030948,0.9516441005802708,0.7195357833655706,0.9458413926499033,0.7195357833655706,0.9497098646034816,-0.013539651837524258,08
4625008014,1804.0,483.47200000000004,26.8,32.2,388.1559518180514,5.1754126909073515,7.188073181815766,True,True,True,0.8413001912045889,0.9598470363288719,0.8451242829827916,0.9541108986615678,0.8336520076481836,0.9579349904397706,-0.007648183556405286,0.7330754352030948,0.9516441005802708,0.7195357833655706,0.9458413926499033,0.7117988394584139,0.9516441005802708,-0.021276595744680882,08
4625008015,1028.0,240.55199999999996,23.4,37.2,368.88835349622246,4.918511379949633,6.831265805485601,True,True,True,0.8413001912045889,0.9598470363288719,0.8451242829827916,0.9541108986615678,0.8317399617590823,0.9579349904397706,-0.009560229445506607,0.7330754352030948,0.9516441005802708,0.7195357833655706,0.9458413926499033,0.7079303675048356,0.9477756286266924,-0.025145067698259194,08
4625008016,735.0,124.95,17.0,43.8,351.17861343962363,4.682381512528314,6.503307656289326,True,True,True,0.8413001912045889,0.9598470363288719,0.8451242829827916,0.9541108986615678,0.8336520076481836,0.9579349904397706,-0.007648183556405286,0.7330754352030948,0.9516441005802708,0.7195357833655706,0.9458413926499033,0.7137330754352031,0.9516441005802708,-0.01934235976789167,08
4625008017,790.0,190.39,24.1,36.6,409.60213377771254,5.461361783702833,7.585224699587269,True,True,True,0.8413001912045889,0.9598470363288719,0.8451242829827916,0.9541108986615678,0.8336520076481836,0.9579349904397706,-0.007648183556405286,0.7330754352030948,0.9516441005802708,0.7195357833655706,0.9458413926499033,0.7137330754352031,0.9497098646034816,-0.01934235976789167,08
4625008018,2257.0,494.28299999999996,21.9,28.6,286.6029808159407,3.8213730775458763,5.307462607702606,True,True,True,0.8413001912045889,0.9598470363288719,0.8451242829827916,0.9541108986615678,0.8336520076481836,0.9579349904397706,-0.007648183556405286,0.7330754352030948,0.9516441005802708,0.7195357833655706,0.9458413926499033,0.7117988394584139,0.9516441005802708,-0.021276595744680882,08
4625008019,1998.0,351.648,17.6,27.2,557.3066549725255,7.430755399633673,10.320493610602323,True,True,True,0.8413001912045889,0.9598470363288719,0.8451242829827916,0.9541108986615678,0.8355640535372849,0.9579349904397706,-0.005736137667303964,0.7330754352030948,0.9516441005802708,0.7195357833655706,0.9458413926499033,0.7195357833655706,0.9516441005802708,-0.013539651837524258,08
4625008020,1840.0,309.12,16.8,22.5,572.4080751791121,7.632107669054828,10.600149540353927,True,True,True,0.8413001912045889,0.9598470363288719,0.8451242829827916,0.9541108986615678,0.8355640535372849,0.9579349904397706,-0.005736137667303964,0.7330754352030948,0.9516441005802708,0.7195357833655706,0.9458413926499033,0.7195357833655706,0.9497098646034816,-0.013539651837524258,08
4625008021,1445.0,294.78,20.4,23.7,871.5885989193191,11.621181318924254,16.14052960961702,True,False,False,0.8413001912045889,0.9598470363288719,0.8451242829827916,0.9541108986615678,0.8374760994263862,0.9579349904397706,-0.003824091778202643,0.7330754352030948,0.9516441005802708,0.7195357833655706,0.9458413926499033,0.7195357833655706,0.9516441005802708,-0.013539651837524258,08
4625008022,1384.0,388.904,28.1,27.4,368.19265469251246,4.909235395900167,6.818382494305785,True,True,True,0.8413001912045889,0.9598470363288719,0.8451242829827916,0.9541108986615678,0.8336520076481836,0.9560229445506692,-0.007648183556405286,0.7330754352030948,0.9516441005802708,0.7195357833655706,0.9458413926499033,0.7214700193423598,0.9516441005802708,-0.011605415860735047,08
4625008023,947.0,252.849,26.7,27.4,513.1764784479894,6.8423530459731925,9.503268119407212,True,True,True,0.8413001912045889,0.9598470363288719,0.8451242829827916,0.9541108986615678,0.8355640535372849,0.9560229445506692,-0.005736137667303964,0.7330754352030948,0.9516441005802708,0.7195357833655706,0.9458413926499033,0.7214700193423598,0.9516441005802708,-0.011605415860735047,08
4625008024,1574.0,338.41,21.5,29.5,1000.2568507069791,13.336758009426386,18.523275013092203,True,False,False,0.8413001912045889,0.9598470363288719,0.8451242829827916,0.9541108986615678,0.8355640535372849,0.9560229445506692,-0.005736137667303964,0.7330754352030948,0.9516441005802708,0.7195357833655706,0.9458413926499033,0.7195357833655706,0.9497098646034816,-0.013539651837524258,08
4625008025,798.0,200.29800000000003,25.1,33.1,227.34541850591881,3.0312722467455844,4.210100342702201,True,True,True,0.8413001912045889,0.9598470363288719,0.8451242829827916,0.9541108986615678,0.8355640535372849,0.9560229445506692,-0.005736137667303964,0.7330754352030948,0.9516441005802708,0.7195357833655706,0.9458413926499033,0.7214700193423598,0.9516441005802708,-0.011605415860735047,08
4625008026,1465.0,471.7300000000001,32.2,32.7,157.30301328026113,2.0973735104034814,2.9130187644492804,True,True,True,0.8413001912045889,0.9598470363288719,0.8451242829827916,0.9541108986615678,0.8336520076481836,0.9560229445506692,-0.007648183556405286,0.7330754352030948,0.9516441005802708,0.7195357833655706,0.9458413926499033,0.723404255319149,0.9516441005802708,-0.009671179883945835,08
4625008027,2152.0,329.256,15.3,27.6,822.4374781562849,10.9658330420838,15.23032366956083,True,False,False,0.8413001912045889,0.9598470363288719,0.8451242829827916,0.9541108986615678,0.8355640535372849,0.9579349904397706,-0.005736137667303964,0.7330754352030948,0.9516441005802708,0.7195357833655706,0.9458413926499033,0.7176015473887815,0.9516441005802708,-0.015473887814313358,08
4625008028,750.0,243.75,32.5,25.5,811.3746448954923,10.818328598606564,15.025456386953561,True,False,False,0.8413001912045889,0.9598470363288719,0.8451242829827916,0.9541108986615678,0.8336520076481836,0.9560229445506692,-0.007648183556405286,0.7330754352030948,0.9516441005802708,0.7195357833655706,0.9458413926499033,0.7156673114119922,0.9497098646034816,-0.01740812379110257,08
4625008029,1952.0,302.56,15.5,29.0,764.6624479567022,10.195499306089364,14.160415702901892,True,True,True,0.8413001912045889,0.9598470363288719,0.8451242829827916,0.9541108986615678,0.8336520076481836,0.9579349904397706,-0.007648183556405286,0.7330754352030948,0.9516441005802708,0.7195357833655706,0.9458413926499033,0.7195357833655706,0.9497098646034816,-0.013539651837524258,08
4625008030,2052.0,437.07599999999996,21.3,25.6,883.5371780360281,11.780495707147042,16.36179959325978,True,False,False,0.8413001912045889,0.9598470363288719,0.8451242829827916,0.9541108986615678,0.8355640535372849,0.9579349904397706,-0.005736137667303964,0.7330754352030948,0.9516441005802708,0.7195357833655706,0.9458413926499033,0.7195357833655706,0.9497098646034816,-0.013539651837524258,08
4625008031,1715.0,322.42,18.8,29.1,742.6830326494578,9.902440435326104,13.753389493508477,True,True,True,0.8413001912045889,0.9598470363288719,0.8451242829827916,0.9541108986615678,0.8374760994263862,0.9579349904397706,-0.003824091778202643,0.7330754352030948,0.9516441005802708,0.7195357833655706,0.9458413926499033,0.7176015473887815,0.9516441005802708,-0.015473887814313358,08
4625008032,1838.0,371.276,20.2,31.7,1052.9278499896145,14.039037999861527,19.498663888696566,True,False,False,0.8413001912045889,0.9598470363288719,0.8451242829827916,0.9541108986615678,0.8374760994263862,0.9579349904397706,-0.003824091778202643,0.7330754352030948,0.9516441005802708,0.7195357833655706,0.9458413926499033,0.7214700193423598,0.9516441005802708,-0.011605415860735047,08
4625008033,1668.0,503.736,30.2,32.1,873.0147278543233,11.640196371390976,16.16693940470969,True,False,False,0.8413001912045889,0.9598470363288719,0.8451242829827916,0.9541108986615678,0.8279158699808795,0.9560229445506692,-0.013384321223709361,0.7330754352030948,0.9516441005802708,0.7195357833655706,0.9458413926499033,0.7059961315280464,0.9458413926499033,-0.027079303675048405,08
4625008034,1544.0,342.768,22.2,27.2,363.26071020030975,4.84347613600413,6.727050188894625,True,True,True,0.8413001912045889,0.9598470363288719,0.8451242829827916,0.9541108986615678,0.8374760994263862,0.9579349904397706,-0.003824091778202643,0.7330754352030948,0.9516441005802708,0.7195357833655706,0.9458413926499033,0.7195357833655706,0.9516441005802708,-0.013539651837524258,08
4625008035,2257.0,361.12,16.0,25.6,151.92593052345035,2.0256790736460046,2.813443157841673,True,True,True,0.8413001912045889,0.9598470363288719,0.8451242829827916,0.9541108986615678,0.8374760994263862,0.9579349904397706,-0.003824091778202643,0.7330754352030948,0.9516441005802708,0.7195357833655706,0.9458413926499033,0.7195357833655706,0.9516441005802708,-0.013539651837524258,08
4625008036,1174.0,455.51199999999994,38.8,30.0,302.28377365285223,4.030450315371363,5.5978476602380045,True,True,True,0.8413001912045889,0.9598470363288719,0.8451242829827916,0.9541108986615678,0.8336520076481836,0.9560229445506692,-0.007648183556405286,0.7330754352030948,0.9516441005802708,0.7195357833655706,0.9458413926499033,0.7214700193423598,0.9516441005802708,-0.011605415860735047,08
4625008037,1378.0,472.65399999999994,34.3,22.6,180.1041846987676,2.4013891293169016,3.335262679606807,True,True,True,0.8413001912045889,0.9598470363288719,0.8451242829827916,0.9541108986615678,0.8355640535372849,0.9560229445506692,-0.005736137667303964,0.7330754352030948,0.9516441005802708,0.7195357833655706,0.9458413926499033,0.7214700193423598,0.9516441005802708,-0.011605415860735047,08
4625008038,1381.0,386.68,28.0,20.2,263.7926589920721,3.517235453227628,4.885049240593928,True,True,True,0.8413001912045889,0.9598470363288719,0.8451242829827916,0.9541108986615678,0.8355640535372849,0.9560229445506692,-0.005736137667303964,0.7330754352030948,0.9516441005802708,0.7195357833655706,0.9458413926499033,0.7214700193423598,0.9516441005802708,-0.011605415860735047,08
4625008039,1023.0,260.865,25.5,23.4,133.24190148854566,1.776558686513942,2.467442620158253,True,True,True,0.8413001912045889,0.9598470363288719,0.8451242829827916,0.9541108986615678,0.8374760994263862,0.9579349904397706,-0.003824091778202643,0.7330754352030948,0.9516441005802708,0.7195357833655706,0.9458413926499033,0.7214700193423598,0.9516441005802708,-0.011605415860735047,08
4625008040,1114.0,246.19400000000002,22.1,37.2,359.62399660635424,4.794986621418057,6.659703640858411,True,True,True,0.8413001912045889,0.9598470363288719,0.8451242829827916,0.9541108986615678,0.8298279158699808,0.9579349904397706,-0.01147227533460804,0.7330754352030948,0.9516441005802708,0.7195357833655706,0.9458413926499033,0.7098646034816247,0.9497098646034816,-0.023210831721470093,08
4625008041,1270.0,360.68,28.4,28.4,636.8976930398218,8.491969240530956,11.794401722959662,True,True,True,0.8413001912045889,0.9598470363288719,0.8451242829827916,0.9541108986615678,0.8336520076481836,0.9560229445506692,-0.007648183556405286,0.7330754352030948,0.9516441005802708,0.7195357833655706,0.9458413926499033,0.7195357833655706,0.9497098646034816,-0.013539651837524258,08
4625008042,2441.0,322.212,13.2,23.0,512.0648540092712,6.827531386790283,9.482682481653171,True,True,True,0.8413001912045889,0.9598470363288719,0.8451242829827916,0.9541108986615678,0.8355640535372849,0.9579349904397706,-0.005736137667303964,0.7330754352030948,0.9516441005802708,0.7195357833655706,0.9458413926499033,0.7156673114119922,0.9516441005802708,-0.01740812379110257,08
4625009001,1299.0,341.63700000000006,26.3,31.3,365.4670644300313,4.872894192400418,6.767908600556136,True,True,True,0.8413001912045889,0.9598470363288719,0.8451242829827916,0.9541108986615678,0.8336520076481836,0.9579349904397706,-0.007648183556405286,0.7330754352030948,0.9516441005802708,0.7195357833655706,0.9458413926499033,0.7156673114119922,0.9516441005802708,-0.01740812379110257,09
4625009002,1024.0,326.656,31.9,35.3,307.4368059124628,4.0991574121661705,5.693274183564125,True,True,True,0.8413001912045889,0.9598470363288719,0.8451242829827916,0.9541108986615678,0.8298279158699808,0.9579349904397706,-0.01147227533460804,0.7330754352030948,0.9516441005802708,0.7195357833655706,0.9458413926499033,0.7137330754352031,0.9497098646034816,-0.01934235976789167,09
4625009003,1112.0,261.32,23.5,36.3,145.5326721992352,1.9404356293231362,2.695049485171022,True,True,True,0.8413001912045889,0.9598470363288719,0.8451242829827916,0.9541108986615678,0.8317399617590823,0.9579349904397706,-0.009560229445506607,0.7330754352030948,0.9516441005802708,0.7195357833655706,0.9458413926499033,0.7137330754352031,0.9516441005802708,-0.01934235976789167,09
4625009004,1045.0,242.44,23.2,34.0,291.53761871574915,3.887168249543322,5.398844791032391,True,True,True,0.8413001912045889,0.9598470363288719,0.8451242829827916,0.9541108986615678,0.8355640535372849,0.9579349904397706,-0.005736137667303964,0.7330754352030948,0.9516441005802708,0.7195357833655706,0.9458413926499033,0.7156673114119922,0.9516441005802708,-0.01740812379110257,09
4625009005,2207.0,322.222,14.6,34.9,447.09658130892757,5.961287750785701,8.279566320535697,True,True,True,0.8413001912045889,0.9598470363288719,0.8451242829827916,0.9541108986615678,0.8374760994263862,0.9579349904397706,-0.003824091778202643,0.7330754352030948,0.9516441005802708,0.7195357833655706,0.9458413926499033,0.7176015473887815,0.9516441005802708,-0.015473887814313358,09
4625009007,1630.0,311.33000000000004,19.1,30.2,675.7301093890217,9.009734791853623,12.513520544241143,True,True,True,0.8413001912045889,0.9598470363288719,0.8451242829827916,0.9541108986615678,0.8374760994263862,0.9598470363288719,-0.003824091778202643,0.7330754352030948,0.9516441005802708,0.7195357833655706,0.9458413926499033,0.7214700193423598,0.9516441005802708,-0.011605415860735047,09
4625009008,967.0,199.202,20.6,32.4,579.34033701651,7.724537826886801,10.728524759565001,True,True,True,0.8413001912045889,0.9598470363288719,0.8451242829827916,0.9541108986615678,0.8374760994263862,0.9598470363288719,-0.003824091778202643,0.7330754352030948,0.9516441005802708,0.7195357833655706,0.9458413926499033,0.7214700193423598,0.9516441005802708,-0.011605415860735047,09
4625009009,1814.0,293.868,16.2,29.7,695.9425772585749,9.279234363447666,12.887825504788424,True,True,True,0.8413001912045889,0.9598470363288719,0.8451242829827916,0.9541108986615678,0.8413001912045889,0.9598470363288719,0.0,0.7330754352030948,0.9516441005802708,0.7195357833655706,0.9458413926499033,0.7253384912959381,0.9516441005802708,-0.007736943907156735,09
4625009010,1722.0,332.346,19.3,35.5,726.6389614205593,9.688519485607458,13.456277063343691,True,True,True,0.8413001912045889,0.9598470363288719,0.8451242829827916,0.9541108986615678,0.8451242829827916,0.9598470363288719,0.003824091778202754,0.7330754352030948,0.9516441005802708,0.7195357833655706,0.9458413926499033,0.7350096711798839,0.9516441005802708,0.0019342359767891004,09
4625009012,1178.0,237.956,20.2,29.5,883.6972635317536,11.782630180423382,16.364764139476918,True,False,False,0.8413001912045889,0.9598470363288719,0.8451242829827916,0.9541108986615678,0.8432122370936902,0.9598470363288719,0.0019120458891013214,0.7330754352030948,0.9516441005802708,0.7195357833655706,0.9458413926499033,0.7311411992263056,0.9516441005802708,-0.0019342359767892114,09
4625009013,1805.0,344.755,19.1,33.5,800.0638448754111,10.667517931672148,14.815997127322426,True,True,True,0.8413001912045889,0.9598470363288719,0.8451242829827916,0.9541108986615678,0.8374760994263862,0.9579349904397706,-0.003824091778202643,0.7330754352030948,0.9516441005802708,0.7195357833655706,0.9458413926499033,0.723404255319149,0.9516441005802708,-0.009671179883945835,09
4625009015,1238.0,162.178,13.1,30.6,689.73865710477,9.1965154280636,12.772938094532778,True,True,True,0.8413001912045889,0.9598470363288719,0.8451242829827916,0.9541108986615678,0.8374760994263862,0.9579349904397706,-0.003824091778202643,0.7330754352030948,0.9516441005802708,0.7195357833655706,0.9458413926499033,0.7214700193423598,0.9516441005802708,-0.011605415860735047,09
4625009016,1449.0,360.801,24.9,31.5,914.956559405777,12.199420792077028,16.943639988995873,True,False,False,0.8413001912045889,0.9598470363288719,0.8451242829827916,0.9541108986615678,0.8432122370936902,0.9598470363288719,0.0019120458891013214,0.7330754352030948,0.9516441005802708,0.7195357833655706,0.9458413926499033,0.7330754352030948,0.9516441005802708,0.0,09
4625009017,933.0,209.925,22.5,23.7,214.0517709363049,2.8540236124840654,3.9639216840056464,True,True,True,0.8413001912045889,0.9598470363288719,0.8451242829827916,0.9541108986615678,0.8432122370936902,0.9598470363288719,0.0019120458891013214,0.7330754352030948,0.9516441005802708,0.7195357833655706,0.9458413926499033,0.7369439071566731,0.9516441005802708,0.003868471953578312,09
4625009018,1840.0,288.88,15.7,24.0,349.96051198899283,4.666140159853238,6.4807502220183855,True,True,True,0.8413001912045889,0.9598470363288719,0.8451242829827916,0.9541108986615678,0.8393881453154876,0.9598470363288719,-0.0019120458891013214,0.7330754352030948,0.9516441005802708,0.7195357833655706,0.9458413926499033,0.7330754352030948,0.9516441005802708,0.0,09
4625009019,1365.0,323.505,23.7,26.4,680.1986876985594,9.069315835980793,12.596271994417767,True,True,True,0.8413001912045889,0.9598470363288719,0.8451242829827916,0.9541108986615678,0.8374760994263862,0.9598470363288719,-0.003824091778202643,0.7330754352030948,0.9516441005802708,0.7195357833655706,0.9458413926499033,0.7272727272727273,0.9516441005802708,-0.005802707930367523,09
4625009020,1630.0,435.21,26.7,23.8,617.2685438742766,8.23024725165702,11.430898960634751,True,True,True,0.8413001912045889,0.9598470363288719,0.8451242829827916,0.9541108986615678,0.8432122370936902,0.9598470363288719,0.0019120458891013214,0.7330754352030948,0.9516441005802708,0.7195357833655706,0.9458413926499033,0.7330754352030948,0.9516441005802708,0.0,09
4625009021,1847.0,470.985,25.5,22.5,651.2081571061378,8.682775428081838,12.059410316780331,True,True,True,0.8413001912045889,0.9598470363288719,0.8451242829827916,0.9541108986615678,0.8432122370936902,0.9598470363288719,0.0019120458891013214,0.7330754352030948,0.9516441005802708,0.7195357833655706,0.9458413926499033,0.7330754352030948,0.9516441005802708,0.0,09
4625009022,1187.0,384.58799999999997,32.4,29.5,901.677203142319,12.022362708564254,16.697725984117017,True,False,False,0.8413001912045889,0.9598470363288719,0.8451242829827916,0.9541108986615678,0.8432122370936902,0.9598470363288719,0.0019120458891013214,0.7330754352030948,0.9516441005802708,0.7195357833655706,0.9458413926499033,0.7292069632495164,0.9516441005802708,-0.003868471953578423,09
4625009023,1211.0,395.99700000000007,32.7,27.7,934.2819714103417,12.45709295213789,17.301517989080402,True,False,False,0.8413001912045889,0.9598470363288719,0.8451242829827916,0.9541108986615678,0.8393881453154876,0.9598470363288719,-0.0019120458891013214,0.7330754352030948,0.9516441005802708,0.7195357833655706,0.9458413926499033,0.7292069632495164,0.9516441005802708,-0.003868471953578423,09
4625009024,1063.0,246.61599999999999,23.2,27.9,898.7935303665789,11.983913738221052,16.644324636418126,True,False,False,0.8413001912045889,0.9598470363288719,0.8451242829827916,0.9541108986615678,0.8374760994263862,0.9579349904397706,-0.003824091778202643,0.7330754352030948,0.9516441005802708,0.7195357833655706,0.9458413926499033,0.723404255319149,0.9516441005802708,-0.009671179883945835,09
4625009025,1394.0,282.982,20.3,27.0,1063.9307258955344,14.185743011940458,19.702420849917303,True,False,False,0.8413001912045889,0.9598470363288719,0.8451242829827916,0.9541108986615678,0.8451242829827916,0.9598470363288719,0.003824091778202754,0.7330754352030948,0.9516441005802708,0.7195357833655706,0.9458413926499033,0.7388781431334622,0.9535783365570599,0.005802707930367412,09
4625009026,1686.0,313.596,18.6,30.2,1076.3692304862977,14.351589739817303,19.932763527524035,True,False,False,0.8413001912045889,0.9598470363288719,0.8451242829827916,0.9541108986615678,0.8451242829827916,0.9598470363288719,0.003824091778202754,0.7330754352030948,0.9516441005802708,0.7195357833655706,0.9458413926499033,0.7350096711798839,0.9516441005802708,0.0019342359767891004,09
4625009028,1779.0,535.479,30.1,24.2,615.215756740985,8.202876756546466,11.392884384092314,True,True,True,0.8413001912045889,0.9598470363288719,0.8451242829827916,0.9541108986615678,0.8451242829827916,0.9598470363288719,0.003824091778202754,0.7330754352030948,0.9516441005802708,0.7195357833655706,0.9458413926499033,0.7369439071566731,0.9535783365570599,0.003868471953578312,09
4625009029,1144.0,281.42400000000004,24.6,27.0,641.636225553457,8.555149674046095,11.88215232506402,True,True,True,0.8413001912045889,0.9598470363288719,0.8451242829827916,0.9541108986615678,0.8451242829827916,0.9598470363288719,0.003824091778202754,0.7330754352030948,0.9516441005802708,0.7195357833655706,0.9458413926499033,0.7350096711798839,0.9516441005802708,0.0019342359767891004,09
4625009030,1921.0,466.80300000000005,24.3,25.3,207.13432144110917,2.7617909525481226,3.8358207674279474,True,True,True,0.8413001912045889,0.9598470363288719,0.8451242829827916,0.9541108986615678,0.8451242829827916,0.9598470363288719,0.003824091778202754,0.7330754352030948,0.9516441005802708,0.7195357833655706,0.9458413926499033,0.7427466150870407,0.9535783365570599,0.009671179883945835,09
4625009031,1894.0,308.722,16.3,28.3,376.8372898542446,5.0244971980565944,6.978468330634159,True,True,True,0.8413001912045889,0.9598470363288719,0.8451242829827916,0.9541108986615678,0.8451242829827916,0.9598470363288719,0.003824091778202754,0.7330754352030948,0.9516441005802708,0.7195357833655706,0.9458413926499033,0.7408123791102514,0.9535783365570599,0.007736943907156624,09
4625009032,1072.0,171.52,16.0,26.5,273.89195761019346,3.651892768135913,5.0720732890776565,True,True,True,0.8413001912045889,0.9598470363288719,0.8451242829827916,0.9541108986615678,0.847036328871893,0.9598470363288719,0.005736137667304075,0.7330754352030948,0.9516441005802708,0.7195357833655706,0.9458413926499033,0.7427466150870407,0.9555125725338491,0.009671179883945835,09
4625009033,898.0,165.23199999999997,18.4,33.7,235.2162983447756,3.136217311263674,4.355857376755103,True,True,True,0.8413001912045889,0.9598470363288719,0.8451242829827916,0.9541108986615678,0.8451242829827916,0.9598470363288719,0.003824091778202754,0.7330754352030948,0.9516441005802708,0.7195357833655706,0.9458413926499033,0.7427466150870407,0.9535783365570599,0.009671179883945835,09
4625009034,844.0,178.928,21.2,38.4,233.35216351831411,3.111362180244188,4.321336361450261,True,True,True,0.8413001912045889,0.9598470363288719,0.8451242829827916,0.9541108986615678,0.8451242829827916,0.9598470363288719,0.003824091778202754,0.7330754352030948,0.9516441005802708,0.7195357833655706,0.9458413926499033,0.7388781431334622,0.9535783365570599,0.005802707930367412,09
4625009035,994.0,345.912,34.8,26.8,323.6788213901097,4.315717618534796,5.994052247964995,True,True,True,0.8413001912045889,0.9598470363288719,0.8451242829827916,0.9541108986615678,0.8451242829827916,0.9598470363288719,0.003824091778202754,0.7330754352030948,0.9516441005802708,0.7195357833655706,0.9458413926499033,0.7369439071566731,0.9516441005802708,0.003868471953578312,09
4625009036,750.0,276.75,36.9,22.0,370.8414882325834,4.944553176434445,6.8674349672700625,True,True,True,0.8413001912045889,0.9598470363288719,0.8451242829827916,0.9541108986615678,0.8451242829827916,0.9598470363288719,0.003824091778202754,0.7330754352030948,0.9516441005802708,0.7195357833655706,0.9458413926499033,0.7388781431334622,0.9516441005802708,0.005802707930367412,09
4625009037,927.0,252.14399999999998,27.2,32.5,319.9825330037569,4.266433773383425,5.925602463032535,True,True,True,0.8413001912045889,0.9598470363288719,0.8451242829827916,0.9541108986615678,0.8451242829827916,0.9598470363288719,0.003824091778202754,0.7330754352030948,0.9516441005802708,0.7195357833655706,0.9458413926499033,0.7388781431334622,0.9535783365570599,0.005802707930367412,09
4625009039,1703.0,313.352,18.4,28.9,730.7847880621341,9.743797174161788,13.53305163078026,True,True,True,0.8413001912045889,0.9598470363288719,0.8451242829827916,0.9541108986615678,0.8432122370936902,0.9598470363288719,0.0019120458891013214,0.7330754352030948,0.9516441005802708,0.7195357833655706,0.9458413926499033,0.7369439071566731,0.9516441005802708,0.003868471953578312,09
4625009040,925.0,308.025,33.3,34.6,374.93814824345407,4.9991753099127205,6.943299041545445,True,True,True,0.8413001912045889,0.9598470363288719,0.8451242829827916,0.9541108986615678,0.8451242829827916,0.9598470363288719,0.003824091778202754,0.7330754352030948,0.9516441005802708,0.7195357833655706,0.9458413926499033,0.7388781431334622,0.9535783365570599,0.005802707930367412,09
4625009041,1622.0,313.04600000000005,19.3,29.5,506.45493560343385,6.752732474712451,9.378795103767294,True,True,True,0.8413001912045889,0.9598470363288719,0.8451242829827916,0.9541108986615678,0.8355640535372849,0.9598470363288719,-0.005736137667303964,0.7330754352030948,0.9516441005802708,0.7195357833655706,0.9458413926499033,0.7253384912959381,0.9516441005802708,-0.007736943907156735,09
4625009042,1372.0,307.328,22.4,25.5,289.7754976549226,3.863673302065635,5.366212919535603,True,True,True,0.8413001912045889,0.9598470363288719,0.8451242829827916,0.9541108986615678,0.8451242829827916,0.9598470363288719,0.003824091778202754,0.7330754352030948,0.9516441005802708,0.7195357833655706,0.9458413926499033,0.7369439071566731,0.9516441005802708,0.003868471953578312,09
4625010001,2025.0,506.25,25.0,33.5,818.074914500194,10.907665526669254,15.149535453707298,True,False,False,0.8413001912045889,0.9598470363288719,0.8451242829827916,0.9541108986615678,0.8833652007648184,0.97131931166348,0.042065009560229516,0.7330754352030948,0.9516441005802708,0.7195357833655706,0.9458413926499033,0.7756286266924565,0.9748549323017408,0.04255319148936165,10
4625010002,1601.0,315.397,19.7,32.4,706.5383968920049,9.420511958560066,13.08404438688898,True,True,True,0.8413001912045889,0.9598470363288719,0.8451242829827916,0.9541108986615678,0.8738049713193117,0.9694072657743786,0.0325047801147228,0.7330754352030948,0.9516441005802708,0.7195357833655706,0.9458413926499033,0.7640232108317214,0.9690522243713733,0.030947775628626606,10
4625010003,1941.0,329.97,17.0,32.0,880.7159232133556,11.742878976178075,16.309554133580658,True,False,False,0.8413001912045889,0.9598470363288719,0.8451242829827916,0.9541108986615678,0.875717017208413,0.9694072657743786,0.03441682600382412,0.7330754352030948,0.9516441005802708,0.7195357833655706,0.9458413926499033,0.7659574468085106,0.9690522243713733,0.03288201160541582,10
4625010004,1267.0,276.206,21.8,29.6,724.5865833689305,9.661154444919074,13.4182700623876,True,True,True,0.8413001912045889,0.9598470363288719,0.8451242829827916,0.9541108986615678,0.875717017208413,0.9694072657743786,0.03441682600382412,0.7330754352030948,0.9516441005802708,0.7195357833655706,0.9458413926499033,0.7678916827852998,0.9709864603481625,0.03481624758220503,10
4625010005,1422.0,428.02200000000005,30.1,33.0,582.8607068285824,7.771476091047765,10.793716793121895,True,True,True,0.8413001912045889,0.9598470363288719,0.8451242829827916,0.9541108986615678,0.875717017208413,0.97131931166348,0.03441682600382412,0.7330754352030948,0.9516441005802708,0.7195357833655706,0.9458413926499033,0.7736943907156673,0.9729206963249516,0.04061895551257244,10
4625010006,1364.0,240.06400000000002,17.6,34.9,735.1309440198428,9.80174592026457,13.613536000367457,True,True,True,0.8413001912045889,0.9598470363288719,0.8451242829827916,0.9541108986615678,0.875717017208413,0.97131931166348,0.03441682600382412,0.7330754352030948,0.9516441005802708,0.7195357833655706,0.9458413926499033,0.7736943907156673,0.9748549323017408,0.04061895551257244,10
4625010007,2109.0,423.909,20.1,25.7,355.29595613553255,4.737279415140434,6.579554743250602,True,True,True,0.8413001912045889,0.9598470363288719,0.8451242829827916,0.9541108986615678,0.8833652007648184,0.97131931166348,0.042065009560229516,0.7330754352030948,0.9516441005802708,0.7195357833655706,0.9458413926499033,0.7756286266924565,0.9748549323017408,0.04255319148936165,10
4625010008,1754.0,420.96,24.0,32.5,361.20994030854973,4.81613253744733,6.6890729686768475,True,True,True,0.8413001912045889,0.9598470363288719,0.8451242829827916,0.9541108986615678,0.8833652007648184,0.97131931166348,0.042065009560229516,0.7330754352030948,0.9516441005802708,0.7195357833655706,0.9458413926499033,0.7756286266924565,0.9748549323017408,0.04255319148936165,10
4625010009,1104.0,235.15200000000002,21.3,36.5,360.50895054862946,4.8067860073150595,6.676091676826472,True,True,True,0.8413001912045889,0.9598470363288719,0.8451242829827916,0.9541108986615678,0.887189292543021,0.97131931166348,0.04588910133843216,0.7330754352030948,0.9516441005802708,0.7195357833655706,0.9458413926499033,0.7794970986460348,0.97678916827853,0.046421663442939964,10
4625010010,1135.0,299.64,26.4,29.1,568.338252533948,7.577843367119306,10.524782454332371,True,True,True,0.8413001912045889,0.9598470363288719,0.8451242829827916,0.9541108986615678,0.887189292543021,0.97131931166348,0.04588910133843216,0.7330754352030948,0.9516441005802708,0.7195357833655706,0.9458413926499033,0.7833655705996132,0.97678916827853,0.05029013539651839,10
4625010011,926.0,276.87399999999997,29.9,34.8,383.4112878945979,5.112150505261305,7.100209035085146,True,True,True,0.8413001912045889,0.9598470363288719,0.8451242829827916,0.9541108986615678,0.887189292543021,0.9732313575525813,0.04588910133843216,0.7330754352030948,0.9516441005802708,0.7195357833655706,0.9458413926499033,0.7833655705996132,0.97678916827853,0.05029013539651839,10
4625010012,819.0,230.958,28.2,35.6,792.5046352060565,10.566728469414086,14.676011763075119,True,True,True,0.8413001912045889,0.9598470363288719,0.8451242829827916,0.9541108986615678,0.875717017208413,0.9694072657743786,0.03441682600382412,0.7330754352030948,0.9516441005802708,0.7195357833655706,0.9458413926499033,0.769825918762089,0.9709864603481625,0.03675048355899413,10
4625010013,1711.0,213.875,12.5,35.3,833.8401672548353,11.117868896731135,15.441484578793245,True,False,False,0.8413001912045889,0.9598470363288719,0.8451242829827916,0.9541108986615678,0.8718929254302104,0.9674952198852772,0.030592734225621476,0.7330754352030948,0.9516441005802708,0.7195357833655706,0.9458413926499033,0.7601547388781431,0.9613152804642167,0.027079303675048294,10
4625010014,1107.0,236.898,21.4,33.9,883.6107582326141,11.781476776434856,16.363162189492854,True,False,False,0.8413001912045889,0.9598470363288719,0.8451242829827916,0.9541108986615678,0.858508604206501,0.9636711281070746,0.017208413001912115,0.7330754352030948,0.9516441005802708,0.7195357833655706,0.9458413926499033,0.7543520309477756,0.9555125725338491,0.02127659574468077,10
4625010015,1002.0,227.45399999999998,22.7,35.4,953.0980501435796,12.707974001914396,17.64996389154777,True,False,False,0.8413001912045889,0.9598470363288719,0.8451242829827916,0.9541108986615678,0.858508604206501,0.9636711281070746,0.017208413001912115,0.7330754352030948,0.9516441005802708,0.7195357833655706,0.9458413926499033,0.7562862669245648,0.9555125725338491,0.023210831721469982,10
4625010016,1372.0,319.67600000000004,23.3,35.7,1186.3919803658212,15.818559738210949,21.970221858626317,False,False,False,0.8413001912045889,0.9598470363288719,0.8451242829827916,0.9541108986615678,0.858508604206501,0.9636711281070746,0.017208413001912115,0.7330754352030948,0.9516441005802708,0.7195357833655706,0.9458413926499033,0.7543520309477756,0.9555125725338491,0.02127659574468077,10
4625010017,1191.0,252.49200000000002,21.2,35.8,800.664229701216,10.67552306268288,14.827115364837333,True,True,True,0.8413001912045889,0.9598470363288719,0.8451242829827916,0.9541108986615678,0.8718929254302104,0.9655831739961759,0.030592734225621476,0.7330754352030948,0.9516441005802708,0.7195357833655706,0.9458413926499033,0.7601547388781431,0.9613152804642167,0.027079303675048294,10
4625010018,1638.0,321.048,19.6,25.2,983.5406149220456,13.113874865627276,18.21371509114899,True,False,False,0.8413001912045889,0.9598470363288719,0.8451242829827916,0.9541108986615678,0.8738049713193117,0.9694072657743786,0.0325047801147228,0.7330754352030948,0.9516441005802708,0.7195357833655706,0.9458413926499033,0.7640232108317214,0.9671179883945842,0.030947775628626606,10
4625010019,1328.0,285.52,21.5,31.1,944.3367831343696,12.59115710845826,17.487718206192028,True,False,False,0.8413001912045889,0.9598470363288719,0.8451242829827916,0.9541108986615678,0.8738049713193117,0.9694072657743786,0.0325047801147228,0.7330754352030948,0.9516441005802708,0.7195357833655706,0.9458413926499033,0.7640232108317214,0.9671179883945842,0.030947775628626606,10
4625010021,1796.0,335.852,18.7,34.5,860.4831970606341,11.473109294141787,15.934874019641372,True,False,False,0.8413001912045889,0.9598470363288719,0.8451242829827916,0.9541108986615678,0.858508604206501,0.9636711281070746,0.017208413001912115,0.7330754352030948,0.9516441005802708,0.7195357833655706,0.9458413926499033,0.7562862669245648,0.9555125725338491,0.023210831721469982,10
4625010022,2199.0,534.3570000000001,24.3,30.4,700.2120946898667,9.336161262531556,12.96689064240494,True,True,True,0.8413001912045889,0.9598470363288719,0.8451242829827916,0.9541108986615678,0.8565965583173997,0.9636711281070746,0.015296367112810794,0.7330754352030948,0.9516441005802708,0.7195357833655706,0.9458413926499033,0.7524177949709865,0.9555125725338491,0.01934235976789167,10
4625010023,1143.0,355.473,31.1,25.6,429.20863215340194,5.722781762045359,7.948308002840776,True,True,True,0.8413001912045889,0.9598470363288719,0.8451242829827916,0.9541108986615678,0.8546845124282982,0.9617590822179732,0.013384321223709361,0.7330754352030948,0.9516441005802708,0.7195357833655706,0.9458413926499033,0.7446808510638298,0.9555125725338491,0.011605415860734936,10
4625010024,2211.0,539.4839999999999,24.4,30.4,446.0385136797387,5.947180182396516,8.259972475550716,True,True,True,0.8413001912045889,0.9598470363288719,0.8451242829827916,0.9541108986615678,0.847036328871893,0.9598470363288719,0.005736137667304075,0.7330754352030948,0.9516441005802708,0.7195357833655706,0.9458413926499033,0.7388781431334622,0.9535783365570599,0.005802707930367412,10
4625010025,1439.0,233.118,16.2,29.1,321.44111505865425,4.28588153411539,5.95261324182693,True,True,True,0.8413001912045889,0.9598470363288719,0.8451242829827916,0.9541108986615678,0.8489483747609943,0.9598470363288719,0.007648183556405397,0.7330754352030948,0.9516441005802708,0.7195357833655706,0.9458413926499033,0.7427466150870407,0.9555125725338491,0.009671179883945835,10
4625010026,1786.0,501.86600000000004,28.1,25.5,556.8091462256386,7.424121949675182,10.311280485659974,True,True,True,0.8413001912045889,0.9598470363288719,0.8451242829827916,0.9541108986615678,0.8604206500956023,0.9655831739961759,0.019120458891013437,0.7330754352030948,0.9516441005802708,0.7195357833655706,0.9458413926499033,0.7601547388781431,0.9555125725338491,0.027079303675048294,10
4625010027,938.0,287.028,30.6,27.9,756.0882581784151,10.081176775712201,14.001634410711391,True,True,True,0.8413001912045889,0.9598470363288719,0.8451242829827916,0.9541108986615678,0.8680688336520076,0.9655831739961759,0.026768642447418722,0.7330754352030948,0.9516441005802708,0.7195357833655706,0.9458413926499033,0.7601547388781431,0.9613152804642167,0.027079303675048294,10
4625010029,1926.0,375.57,19.5,24.2,845.365326415402,11.271537685538695,15.654913452137073,True,False,False,0.8413001912045889,0.9598470363288719,0.8451242829827916,0.9541108986615678,0.8527724665391969,0.9598470363288719,0.01147227533460804,0.7330754352030948,0.9516441005802708,0.7195357833655706,0.9458413926499033,0.7446808510638298,0.9555125725338491,0.011605415860734936,10
4625010030,1211.0,194.97100000000003,16.1,26.3,1598.441995191461,21.31255993588615,29.60077768873076,False,False,False,0.8413001912045889,0.9598470363288719,0.8451242829827916,0.9541108986615678,0.875717017208413,0.9694072657743786,0.03441682600382412,0.7330754352030948,0.9516441005802708,0.7195357833655706,0.9458413926499033,0.7678916827852998,0.9690522243713733,0.03481624758220503,10
4625010031,1915.0,448.11,23.4,27.3,1839.2815354100771,24.523753805467695,34.060769174260685,False,False,False,0.8413001912045889,0.9598470363288719,0.8451242829827916,0.9541108986615678,0.875717017208413,0.9694072657743786,0.03441682600382412,0.7330754352030948,0.9516441005802708,0.7195357833655706,0.9458413926499033,0.7678916827852998,0.9690522243713733,0.03481624758220503,10
4625010032,1644.0,376.476,22.9,30.1,1063.6819584473894,14.18242611263186,19.697814045322026,True,False,False,0.8413001912045889,0.9598470363288719,0.8451242829827916,0.9541108986615678,0.8738049713193117,0.9694072657743786,0.0325047801147228,0.7330754352030948,0.9516441005802708,0.7195357833655706,0.9458413926499033,0.7640232108317214,0.9671179883945842,0.030947775628626606,10
4625010033,1203.0,227.36699999999996,18.9,25.4,1183.218281797667,15.776243757302227,21.91144966291976,False,False,False,0.8413001912045889,0.9598470363288719,0.8451242829827916,0.9541108986615678,0.875717017208413,0.9694072657743786,0.03441682600382412,0.7330754352030948,0.9516441005802708,0.7195357833655706,0.9458413926499033,0.769825918762089,0.9729206963249516,0.03675048355899413,10
4625010034,1517.0,324.638,21.4,27.6,941.7600002169909,12.55680000289321,17.44000000401835,True,False,False,0.8413001912045889,0.9598470363288719,0.8451242829827916,0.9541108986615678,0.875717017208413,0.9694072657743786,0.03441682600382412,0.7330754352030948,0.9516441005802708,0.7195357833655706,0.9458413926499033,0.769825918762089,0.9729206963249516,0.03675048355899413,10
4625010035,1106.0,234.472,21.2,22.7,833.1031636387601,11.108042181850134,15.427836363680742,True,False,False,0.8413001912045889,0.9598470363288719,0.8451242829827916,0.9541108986615678,0.875717017208413,0.9694072657743786,0.03441682600382412,0.7330754352030948,0.9516441005802708,0.7195357833655706,0.9458413926499033,0.7678916827852998,0.9709864603481625,0.03481624758220503,10
4625010036,881.0,212.32100000000003,24.1,29.4,441.90354355014756,5.8920472473353005,8.183398954632361,True,True,True,0.8413001912045889,0.9598470363288719,0.8451242829827916,0.9541108986615678,0.8776290630975143,0.97131931166348,0.03632887189292544,0.7330754352030948,0.9516441005802708,0.7195357833655706,0.9458413926499033,0.7736943907156673,0.9748549323017408,0.04061895551257244,10
4625010037,1121.0,255.588,22.8,29.1,131.4843197056088,1.753124262741451,2.434894809363126,True,True,True,0.8413001912045889,0.9598470363288719,0.8451242829827916,0.9541108986615678,0.887189292543021,0.9732313575525813,0.04588910133843216,0.7330754352030948,0.9516441005802708,0.7195357833655706,0.9458413926499033,0.7794970986460348,0.97678916827853,0.046421663442939964,10
4625010041,794.0,215.968,27.2,30.7,3073.256780174046,40.976757068987276,56.912162595815666,False,False,False,0.8413001912045889,0.9598470363288719,0.8451242829827916,0.9541108986615678,0.8833652007648184,0.97131931166348,0.042065009560229516,0.7330754352030948,0.9516441005802708,0.7195357833655706,0.9458413926499033,0.7756286266924565,0.97678916827853,0.04255319148936165,10
4625010044,1268.0,277.69199999999995,21.9,26.8,615.7775281137832,8.21036704151711,11.403287557662651,True,True,True,0.8413001912045889,0.9598470363288719,0.8451242829827916,0.9541108986615678,0.875717017208413,0.9694072657743786,0.03441682600382412,0.7330754352030948,0.9516441005802708,0.7195357833655706,0.9458413926499033,0.7678916827852998,0.9729206963249516,0.03481624758220503,10
4625010045,822.0,249.888,30.4,38.5,706.5406151136743,9.42054153484899,13.084085465068044,True,True,True,0.8413001912045889,0.9598470363288719,0.8451242829827916,0.9541108986615678,0.8852772466539197,0.97131931166348,0.04397705544933084,0.7330754352030948,0.9516441005802708,0.7195357833655706,0.9458413926499033,0.7794970986460348,0.9787234042553191,0.046421663442939964,10
4625010046,904.0,252.21599999999998,27.9,28.5,905.849153692703,12.077988715902707,16.77498432764265,True,False,False,0.8413001912045889,0.9598470363288719,0.8451242829827916,0.9541108986615678,0.8565965583173997,0.9636711281070746,0.015296367112810794,0.7330754352030948,0.9516441005802708,0.7195357833655706,0.9458413926499033,0.7524177949709865,0.9555125725338491,0.01934235976789167,10
4625010047,1257.0,321.79200000000003,25.6,25.6,512.885516946388,6.838473559285173,9.497879943451629,True,True,True,0.8413001912045889,0.9598470363288719,0.8451242829827916,0.9541108986615678,0.8508604206500956,0.9598470363288719,0.009560229445506718,0.7330754352030948,0.9516441005802708,0.7195357833655706,0.9458413926499033,0.7427466150870407,0.9555125725338491,0.009671179883945835,10
4625012001,1834.0,394.31,21.5,36.2,318.7298489564234,4.249731319418979,5.902404610304136,True,True,True,0.8413001912045889,0.9598470363288719,0.8451242829827916,0.9541108986615678,0.9101338432122371,0.9732313575525813,0.06883365200764824,0.7330754352030948,0.9516441005802708,0.7195357833655706,0.9458413926499033,0.8704061895551257,0.9845261121856866,0.1373307543520309,12
4625012002,1193.0,249.33699999999996,20.9,31.0,559.8151561641166,7.464202082188222,10.36694733637253,True,True,True,0.8413001912045889,0.9598470363288719,0.8451242829827916,0.9541108986615678,0.9082217973231358,0.9732313575525813,0.06692160611854692,0.7330754352030948,0.9516441005802708,0.7195357833655706,0.9458413926499033,0.8626692456479691,0.9825918762088974,0.12959381044487428,12
4625012003,1568.0,373.184,23.8,30.3,612.7636431843712,8.170181909124949,11.347474873784652,True,True,True,0.8413001912045889,0.9598470363288719,0.8451242829827916,0.9541108986615678,0.9101338432122371,0.9732313575525813,0.06883365200764824,0.7330754352030948,0.9516441005802708,0.7195357833655706,0.9458413926499033,0.8723404255319149,0.9825918762088974,0.13926499032882012,12
4625012006,1993.0,450.418,22.6,32.0,616.3933973106948,8.218578630809265,11.414692542790645,True,True,True,0.8413001912045889,0.9598470363288719,0.8451242829827916,0.9541108986615678,0.9082217973231358,0.9732313575525813,0.06692160611854692,0.7330754352030948,0.9516441005802708,0.7195357833655706,0.9458413926499033,0.8800773694390716,0.9845261121856866,0.14700193423597674,12
4625012008,1332.0,330.336,24.8,30.6,847.6891446342556,11.302521928456741,15.697947122856586,True,False,False,0.8413001912045889,0.9598470363288719,0.8451242829827916,0.9541108986615678,0.9101338432122371,0.9732313575525813,0.06883365200764824,0.7330754352030948,0.9516441005802708,0.7195357833655706,0.9458413926499033,0.8762088974854932,0.9845261121856866,0.14313346228239843,12
4625012009,1005.0,294.465,29.3,37.6,766.2294729366304,10.216392972488404,14.189434684011673,True,True,True,0.8413001912045889,0.9598470363288719,0.8451242829827916,0.9541108986615678,0.9082217973231358,0.9732313575525813,0.06692160611854692,0.7330754352030948,0.9516441005802708,0.7195357833655706,0.9458413926499033,0.8820116054158608,0.9845261121856866,0.14893617021276595,12
4625012010,1441.0,393.39300000000003,27.3,33.4,797.7955057832365,10.637273410443154,14.773990847837714,True,True,True,0.8413001912045889,0.9598470363288719,0.8451242829827916,0.9541108986615678,0.9101338432122371,0.9732313575525813,0.06883365200764824,0.7330754352030948,0.9516441005802708,0.7195357833655706,0.9458413926499033,0.8800773694390716,0.9845261121856866,0.14700193423597674,12
4625012011,1063.0,197.71800000000002,18.6,35.7,871.1815594923909,11.61575412656521,16.132991842451684,True,False,False,0.8413001912045889,0.9598470363288719,0.8451242829827916,0.9541108986615678,0.9082217973231358,0.9732313575525813,0.06692160611854692,0.7330754352030948,0.9516441005802708,0.7195357833655706,0.9458413926499033,0.8820116054158608,0.9845261121856866,0.14893617021276595,12
4625012012,1646.0,314.386,19.1,30.5,792.1838896483599,10.562451861978133,14.670072030525183,True,True,True,0.8413001912045889,0.9598470363288719,0.8451242829827916,0.9541108986615678,0.9101338432122371,0.9732313575525813,0.06883365200764824,0.7330754352030948,0.9516441005802708,0.7195357833655706,0.9458413926499033,0.8762088974854932,0.9845261121856866,0.14313346228239843,12
4625012013,2064.0,400.416,19.4,24.9,509.1734840329801,6.788979787106402,9.429138593203335,True,True,True,0.8413001912045889,0.9598470363288719,0.8451242829827916,0.9541108986615678,0.9101338432122371,0.9732313575525813,0.06883365200764824,0.7330754352030948,0.9516441005802708,0.7195357833655706,0.9458413926499033,0.8626692456479691,0.9825918762088974,0.12959381044487428,12
4625012014,1688.0,254.888,15.1,24.2,656.0992563981482,8.747990085308642,12.149986229595337,True,True,True,0.8413001912045889,0.9598470363288719,0.8451242829827916,0.9541108986615678,0.9101338432122371,0.9732313575525813,0.06883365200764824,0.7330754352030948,0.9516441005802708,0.7195357833655706,0.9458413926499033,0.8665377176015474,0.9825918762088974,0.1334622823984526,12
4625012015,1209.0,213.993,17.7,29.3,706.878455917688,9.425046078902508,13.090341776253483,True,True,True,0.8413001912045889,0.9598470363288719,0.8451242829827916,0.9541108986615678,0.904397705544933,0.9732313575525813,0.06309751434034416,0.7330754352030948,0.9516441005802708,0.7195357833655706,0.9458413926499033,0.851063829787234,0.9825918762088974,0.11798839458413923,12
4625012016,1862.0,193.648,10.4,21.6,602.6664395806006,8.035552527741341,11.160489621862974,True,True,True,0.8413001912045889,0.9598470363288719,0.8451242829827916,0.9541108986615678,0.904397705544933,0.9732313575525813,0.06309751434034416,0.7330754352030948,0.9516441005802708,0.7195357833655706,0.9458413926499033,0.8529980657640233,0.9825918762088974,0.11992263056092844,12
4625012018,1470.0,295.47,20.1,33.6,319.60845885439403,4.261446118058587,5.91867516397026,True,True,True,0.8413001912045889,0.9598470363288719,0.8451242829827916,0.9541108986615678,0.892925430210325,0.9732313575525813,0.05162523900573612,0.7330754352030948,0.9516441005802708,0.7195357833655706,0.9458413926499033,0.8201160541586073,0.9787234042553191,0.08704061895551252,12
4625012019,1209.0,224.87400000000002,18.6,35.0,202.7872185733337,2.7038295809777826,3.7553188624691427,True,True,True,0.8413001912045889,0.9598470363288719,0.8451242829827916,0.9541108986615678,0.892925430210325,0.9732313575525813,0.05162523900573612,0.7330754352030948,0.9516441005802708,0.7195357833655706,0.9458413926499033,0.8336557059961315,0.9806576402321083,0.10058027079303666,12
4625010049,1511.0,306.733,20.3,23.6,174.84262992680078,2.3312350656906773,3.2378264801259404,True,True,True,0.8413001912045889,0.9598470363288719,0.8451242829827916,0.9541108986615678,0.8489483747609943,0.9598470363288719,0.007648183556405397,0.7330754352030948,0.9516441005802708,0.7195357833655706,0.9458413926499033,0.7408123791102514,0.9555125725338491,0.007736943907156624,10
4625010050,1214.0,280.434,23.1,28.3,842.8759060008382,11.23834541334451,15.608813074089596,True,False,False,0.8413001912045889,0.9598470363288719,0.8451242829827916,0.9541108986615678,0.8738049713193117,0.9674952198852772,0.0325047801147228,0.7330754352030948,0.9516441005802708,0.7195357833655706,0.9458413926499033,0.7601547388781431,0.9613152804642167,0.027079303675048294,10
4625010052,2117.0,357.77299999999997,16.9,23.6,375.8925870782165,5.0119011610428865,6.960973834781786,True,True,True,0.8413001912045889,0.9598470363288719,0.8451242829827916,0.9541108986615678,0.887189292543021,0.9732313575525813,0.04588910133843216,0.7330754352030948,0.9516441005802708,0.7195357833655706,0.9458413926499033,0.7794970986460348,0.97678916827853,0.046421663442939964,10
4625010053,2311.0,342.028,14.8,29.7,242.26404138357123,3.2301872184476164,4.4863711367328,True,True,True,0.8413001912045889,0.9598470363288719,0.8451242829827916,0.9541108986615678,0.8891013384321224,0.9732313575525813,0.04780114722753348,0.7330754352030948,0.9516441005802708,0.7195357833655706,0.9458413926499033,0.781431334622824,0.97678916827853,0.048355899419729176,10
4625010054,2570.0,316.11,12.3,35.6,1229.5311862440424,16.393749149920566,22.769096041556338,False,False,False,0.8413001912045889,0.9598470363288719,0.8451242829827916,0.9541108986615678,0.8891013384321224,0.97131931166348,0.04780114722753348,0.7330754352030948,0.9516441005802708,0.7195357833655706,0.9458413926499033,0.7911025145067698,0.97678916827853,0.05802707930367501,10
4625011001,1576.0,253.73600000000002,16.1,29.6,885.4619293034038,11.806159057378718,16.39744313524822,True,False,False,0.8413001912045889,0.9598470363288719,0.8451242829827916,0.9541108986615678,0.9024856596558317,0.9732313575525813,0.06118546845124284,0.7330754352030948,0.9516441005802708,0.7195357833655706,0.9458413926499033,0.8278529980657641,0.9806576402321083,0.09477756286266925,11
4625011002,1463.0,162.393,11.1,28.7,1104.5803393848737,14.727737858464984,20.455191470090252,True,False,False,0.8413001912045889,0.9598470363288719,0.8451242829827916,0.9541108986615678,0.8967495219885278,0.9732313575525813,0.05544933078393888,0.7330754352030948,0.9516441005802708,0.7195357833655706,0.9458413926499033,0.804642166344294,0.9787234042553191,0.07156673114119916,11
4625011004,1255.0,263.55,21.0,30.2,675.9147454430852,9.012196605907802,12.516939730427504,True,True,True,0.8413001912045889,0.9598470363288719,0.8451242829827916,0.9541108986615678,0.9024856596558317,0.9732313575525813,0.06118546845124284,0.7330754352030948,0.9516441005802708,0.7195357833655706,0.9458413926499033,0.8317214700193424,0.9806576402321083,0.09864603481624756,11
4625011005,1682.0,304.442,18.1,33.1,577.5196872048803,7.700262496065069,10.694809022312597,True,True,True,0.8413001912045889,0.9598470363288719,0.8451242829827916,0.9541108986615678,0.904397705544933,0.9732313575525813,0.06309751434034416,0.7330754352030948,0.9516441005802708,0.7195357833655706,0.9458413926499033,0.8413926499032882,0.9806576402321083,0.1083172147001934,11
4625011006,1239.0,271.341,21.9,32.5,4096.012418921113,54.61349891894817,75.85208183187247,False,False,False,0.8413001912045889,0.9598470363288719,0.8451242829827916,0.9541108986615678,0.887189292543021,0.97131931166348,0.04588910133843216,0.7330754352030948,0.9516441005802708,0.7195357833655706,0.9458413926499033,0.7949709864603481,0.9787234042553191,0.06189555125725332,11
4625011008,1986.0,383.298,19.3,36.2,173.66890512126892,2.3155854016169193,3.216090835579054,True,True,True,0.8413001912045889,0.9598470363288719,0.8451242829827916,0.9541108986615678,0.8986615678776291,0.9732313575525813,0.0573613766730402,0.7330754352030948,0.9516441005802708,0.7195357833655706,0.9458413926499033,0.8336557059961315,0.9806576402321083,0.10058027079303666,11
4625011009,2276.0,375.54,16.5,29.4,172.94316052374225,2.30590880698323,3.2026511208100414,True,True,True,0.8413001912045889,0.9598470363288719,0.8451242829827916,0.9541108986615678,0.904397705544933,0.9732313575525813,0.06309751434034416,0.7330754352030948,0.9516441005802708,0.7195357833655706,0.9458413926499033,0.8433268858800773,0.9806576402321083,0.1102514506769825,11
4625011011,1483.0,341.09,23.0,36.2,351.165826348059,4.6822110179741205,6.503070858297389,True,True,True,0.8413001912045889,0.9598470363288719,0.8451242829827916,0.9541108986615678,0.892925430210325,0.9732313575525813,0.05162523900573612,0.7330754352030948,0.9516441005802708,0.7195357833655706,0.9458413926499033,0.8259187620889749,0.9806576402321083,0.09284332688588004,11
4625011015,813.0,244.71300000000002,30.1,42.1,443.76060200055144,5.916808026674019,8.217788925936137,True,True,True,0.8413001912045889,0.9598470363288719,0.8451242829827916,0.9541108986615678,0.892925430210325,0.9732313575525813,0.05162523900573612,0.7330754352030948,0.9516441005802708,0.7195357833655706,0.9458413926499033,0.8259187620889749,0.9806576402321083,0.09284332688588004,11
4625011017,778.0,140.04,18.0,36.5,154.648200749769,2.0619760099969198,2.8638555694401666,True,True,True,0.8413001912045889,0.9598470363288719,0.8451242829827916,0.9541108986615678,0.8967495219885278,0.9732313575525813,0.05544933078393888,0.7330754352030948,0.9516441005802708,0.7195357833655706,0.9458413926499033,0.8336557059961315,0.9806576402321083,0.10058027079303666,11
4625011018,831.0,200.27100000000002,24.1,37.9,293.78986070725983,3.9171981427634646,5.440552976060368,True,True,True,0.8413001912045889,0.9598470363288719,0.8451242829827916,0.9541108986615678,0.8967495219885278,0.9732313575525813,0.05544933078393888,0.7330754352030948,0.9516441005802708,0.7195357833655706,0.9458413926499033,0.8336557059961315,0.9806576402321083,0.10058027079303666,11
4625011019,861.0,212.667,24.7,43.0,600.0230426032483,8.000307234709977,11.11153782598608,True,True,True,0.8413001912045889,0.9598470363288719,0.8451242829827916,0.9541108986615678,0.8910133843212237,0.9732313575525813,0.0497131931166348,0.7330754352030948,0.9516441005802708,0.7195357833655706,0.9458413926499033,0.8181818181818182,0.9787234042553191,0.08510638297872342,11
4625011021,1120.0,232.96,20.8,44.7,742.8374481970357,9.90449930929381,13.756249040685844,True,True,True,0.8413001912045889,0.9598470363288719,0.8451242829827916,0.9541108986615678,0.892925430210325,0.9732313575525813,0.05162523900573612,0.7330754352030948,0.9516441005802708,0.7195357833655706,0.9458413926499033,0.8259187620889749,0.9806576402321083,0.09284332688588004,11
4625011022,937.0,166.78600000000003,17.8,37.6,574.9824692474803,7.666432923299737,10.647823504582966,True,True,True,0.8413001912045889,0.9598470363288719,0.8451242829827916,0.9541108986615678,0.892925430210325,0.9732313575525813,0.05162523900573612,0.7330754352030948,0.9516441005802708,0.7195357833655706,0.9458413926499033,0.8259187620889749,0.9806576402321083,0.09284332688588004,11
4625011024,820.0,137.76,16.8,37.1,325.3123809911089,4.337498413214786,6.024303351687203,True,True,True,0.8413001912045889,0.9598470363288719,0.8451242829827916,0.9541108986615678,0.8967495219885278,0.9732313575525813,0.05544933078393888,0.7330754352030948,0.9516441005802708,0.7195357833655706,0.9458413926499033,0.8375241779497099,0.9806576402321083,0.10444874274661509,11
4625011026,1439.0,326.653,22.7,35.0,480.389053036295,6.4051873738172675,8.896093574746203,True,True,True,0.8413001912045889,0.9598470363288719,0.8451242829827916,0.9541108986615678,0.892925430210325,0.9732313575525813,0.05162523900573612,0.7330754352030948,0.9516441005802708,0.7195357833655706,0.9458413926499033,0.8336557059961315,0.9806576402321083,0.10058027079303666,11
4625011030,1186.0,264.478,22.3,38.8,643.0041802759762,8.573389070346348,11.907484819925484,True,True,True,0.8413001912045889,0.9598470363288719,0.8451242829827916,0.9541108986615678,0.892925430210325,0.9732313575525813,0.05162523900573612,0.7330754352030948,0.9516441005802708,0.7195357833655706,0.9458413926499033,0.8201160541586073,0.9787234042553191,0.08704061895551252,11
4625011031,963.0,204.15599999999998,21.2,32.2,664.9088048556512,8.865450731408682,12.313126015845393,True,True,True,0.8413001912045889,0.9598470363288719,0.8451242829827916,0.9541108986615678,0.8910133843212237,0.9732313575525813,0.0497131931166348,0.7330754352030948,0.9516441005802708,0.7195357833655706,0.9458413926499033,0.8201160541586073,0.9787234042553191,0.08704061895551252,11
4625011032,1108.0,168.416,15.2,31.0,439.05390756144317,5.854052100819242,8.130627917804503,True,True,True,0.8413001912045889,0.9598470363288719,0.8451242829827916,0.9541108986615678,0.8891013384321224,0.97131931166348,0.04780114722753348,0.7330754352030948,0.9516441005802708,0.7195357833655706,0.9458413926499033,0.8143133462282398,0.97678916827853,0.081237911025145,11
4625011033,1735.0,496.21,28.6,23.7,1022.5459123265354,13.633945497687138,18.93603541345436,True,False,False,0.8413001912045889,0.9598470363288719,0.8451242829827916,0.9541108986615678,0.8833652007648184,0.9674952198852772,0.042065009560229516,0.7330754352030948,0.9516441005802708,0.7195357833655706,0.9458413926499033,0.7969052224371374,0.97678916827853,0.06382978723404253,11
4625011034,1571.0,460.30300000000005,29.3,35.0,171.96364644735286,2.2928486192980384,3.184511971247275,True,True,True,0.8413001912045889,0.9598470363288719,0.8451242829827916,0.9541108986615678,0.8891013384321224,0.97131931166348,0.04780114722753348,0.7330754352030948,0.9516441005802708,0.7195357833655706,0.9458413926499033,0.8143133462282398,0.97678916827853,0.081237911025145,11
4625011035,998.0,273.452,27.4,34.3,435.10758412944045,5.801434455059206,8.057547854248897,True,True,True,0.8413001912045889,0.9598470363288719,0.8451242829827916,0.9541108986615678,0.8852772466539197,0.97131931166348,0.04397705544933084,0.7330754352030948,0.9516441005802708,0.7195357833655706,0.9458413926499033,0.804642166344294,0.97678916827853,0.07156673114119916,11
4625011036,912.0,165.072,18.1,30.3,592.8000634102987,7.904000845470649,10.977778952042568,True,True,True,0.8413001912045889,0.9598470363288719,0.8451242829827916,0.9541108986615678,0.8852772466539197,0.97131931166348,0.04397705544933084,0.7330754352030948,0.9516441005802708,0.7195357833655706,0.9458413926499033,0.8027079303675049,0.97678916827853,0.06963249516441006,11
4625011037,930.0,174.84,18.8,33.9,777.3026302185423,10.364035069580563,14.394493152195226,True,True,True,0.8413001912045889,0.9598470363288719,0.8451242829827916,0.9541108986615678,0.8833652007648184,0.9694072657743786,0.042065009560229516,0.7330754352030948,0.9516441005802708,0.7195357833655706,0.9458413926499033,0.7988394584139265,0.97678916827853,0.06576402321083163,11
4625011038,1401.0,347.44800000000004,24.8,32.3,380.1106764079934,5.0681423521065785,7.039086600148026,True,True,True,0.8413001912045889,0.9598470363288719,0.8451242829827916,0.9541108986615678,0.8852772466539197,0.97131931166348,0.04397705544933084,0.7330754352030948,0.9516441005802708,0.7195357833655706,0.9458413926499033,0.7988394584139265,0.97678916827853,0.06576402321083163,11
4625011039,1270.0,317.5,25.0,38.0,858.6610330180022,11.448813773573363,15.901130241074116,True,False,False,0.8413001912045889,0.9598470363288719,0.8451242829827916,0.9541108986615678,0.8795411089866156,0.9674952198852772,0.03824091778202676,0.7330754352030948,0.9516441005802708,0.7195357833655706,0.9458413926499033,0.7949709864603481,0.97678916827853,0.06189555125725332,11
4625011040,1129.0,273.218,24.2,28.1,377.88067953967885,5.038409060529051,6.9977903618459045,True,True,True,0.8413001912045889,0.9598470363288719,0.8451242829827916,0.9541108986615678,0.9005736137667304,0.9732313575525813,0.05927342256214152,0.7330754352030948,0.9516441005802708,0.7195357833655706,0.9458413926499033,0.8529980657640233,0.9825918762088974,0.11992263056092844,11
4625011041,2488.0,507.55199999999996,20.4,29.5,532.3215819654196,7.097621092872261,9.857807073433696,True,True,True,0.8413001912045889,0.9598470363288719,0.8451242829827916,0.9541108986615678,0.8986615678776291,0.9732313575525813,0.0573613766730402,0.7330754352030948,0.9516441005802708,0.7195357833655706,0.9458413926499033,0.839458413926499,0.9806576402321083,0.10638297872340419,11
4625011042,1306.0,231.162,17.7,34.6,863.6280589228526,11.515040785638034,15.993112202275048,True,False,False,0.8413001912045889,0.9598470363288719,0.8451242829827916,0.9541108986615678,0.892925430210325,0.9732313575525813,0.05162523900573612,0.7330754352030948,0.9516441005802708,0.7195357833655706,0.9458413926499033,0.8278529980657641,0.9806576402321083,0.09477756286266925,11
4625011044,981.0,172.65600000000003,17.6,27.9,2171.9534594532147,28.959379459376194,40.22136036024472,False,False,False,0.8413001912045889,0.9598470363288719,0.8451242829827916,0.9541108986615678,0.8852772466539197,0.97131931166348,0.04397705544933084,0.7330754352030948,0.9516441005802708,0.7195357833655706,0.9458413926499033,0.7852998065764023,0.9787234042553191,0.05222437137330749,11
4625011045,1082.0,177.44799999999998,16.4,29.9,167.16399824953135,2.2288533099937515,3.0956295972135437,True,True,True,0.8413001912045889,0.9598470363288719,0.8451242829827916,0.9541108986615678,0.8891013384321224,0.97131931166348,0.04780114722753348,0.7330754352030948,0.9516441005802708,0.7195357833655706,0.9458413926499033,0.7969052224371374,0.9787234042553191,0.06382978723404253,11
4625011046,1515.0,292.395,19.3,29.1,402.24600214308236,5.363280028574432,7.44900003968671,True,True,True,0.8413001912045889,0.9598470363288719,0.8451242829827916,0.9541108986615678,0.8891013384321224,0.97131931166348,0.04780114722753348,0.7330754352030948,0.9516441005802708,0.7195357833655706,0.9458413926499033,0.7949709864603481,0.9787234042553191,0.06189555125725332,11
4625011047,1427.0,275.411,19.3,27.5,600.6904833535204,8.009206444713605,11.123897839880009,True,True,True,0.8413001912045889,0.9598470363288719,0.8451242829827916,0.9541108986615678,0.8910133843212237,0.97131931166348,0.0497131931166348,0.7330754352030948,0.9516441005802708,0.7195357833655706,0.9458413926499033,0.7988394584139265,0.9787234042553191,0.06576402321083163,11
4625011048,1252.0,241.63600000000002,19.3,27.0,571.0307432160845,7.613743242881126,10.574643392890454,True,True,True,0.8413001912045889,0.9598470363288719,0.8451242829827916,0.9541108986615678,0.8891013384321224,0.97131931166348,0.04780114722753348,0.7330754352030948,0.9516441005802708,0.7195357833655706,0.9458413926499033,0.7949709864603481,0.9787234042553191,0.06189555125725332,11
4625011050,1217.0,428.384,35.2,29.3,992.4476190394079,13.232634920525438,18.378659611840884,True,False,False,0.8413001912045889,0.9598470363288719,0.8451242829827916,0.9541108986615678,0.8795411089866156,0.9674952198852772,0.03824091778202676,0.7330754352030948,0.9516441005802708,0.7195357833655706,0.9458413926499033,0.7911025145067698,0.97678916827853,0.05802707930367501,11
4625011051,1105.0,312.715,28.3,24.7,346.6096148797775,4.6214615317303664,6.418696571847732,True,True,True,0.8413001912045889,0.9598470363288719,0.8451242829827916,0.9541108986615678,0.9024856596558317,0.9732313575525813,0.06118546845124284,0.7330754352030948,0.9516441005802708,0.7195357833655706,0.9458413926499033,0.8607350096711799,0.9825918762088974,0.12765957446808507,11
4625011052,1857.0,386.256,20.8,22.1,263.3021672543316,3.510695563391088,4.8759660602654,True,True,True,0.8413001912045889,0.9598470363288719,0.8451242829827916,0.9541108986615678,0.904397705544933,0.9732313575525813,0.06309751434034416,0.7330754352030948,0.9516441005802708,0.7195357833655706,0.9458413926499033,0.8549323017408124,0.9825918762088974,0.12185686653771755,11
4625011053,1707.0,310.674,18.2,23.2,624.8939354287719,8.331919139050292,11.572109915347628,True,True,True,0.8413001912045889,0.9598470363288719,0.8451242829827916,0.9541108986615678,0.8891013384321224,0.97131931166348,0.04780114722753348,0.7330754352030948,0.9516441005802708,0.7195357833655706,0.9458413926499033,0.8143133462282398,0.9787234042553191,0.081237911025145,11
4625011054,1192.0,187.14399999999998,15.7,23.3,665.7964291770231,8.877285722360309,12.329563503278205,True,True,True,0.8413001912045889,0.9598470363288719,0.8451242829827916,0.9541108986615678,0.904397705544933,0.9732313575525813,0.06309751434034416,0.7330754352030948,0.9516441005802708,0.7195357833655706,0.9458413926499033,0.8317214700193424,0.9806576402321083,0.09864603481624756,11
4625011055,1239.0,301.077,24.3,26.0,855.9456755567485,11.412609007423312,15.85084584364349,True,False,False,0.8413001912045889,0.9598470363288719,0.8451242829827916,0.9541108986615678,0.9024856596558317,0.9732313575525813,0.06118546845124284,0.7330754352030948,0.9516441005802708,0.7195357833655706,0.9458413926499033,0.8123791102514507,0.9806576402321083,0.07930367504835589,11
4625012020,1212.0,328.45200000000006,27.1,28.7,255.21557668776998,3.4028743558369334,4.726214383106852,True,True,True,0.8413001912045889,0.9598470363288719,0.8451242829827916,0.9541108986615678,0.8967495219885278,0.9732313575525813,0.05544933078393888,0.7330754352030948,0.9516441005802708,0.7195357833655706,0.9458413926499033,0.839458413926499,0.9806576402321083,0.10638297872340419,12
4625012021,2006.0,427.278,21.3,31.7,793.7418579634043,10.58322477284539,14.698923295618597,True,True,True,0.8413001912045889,0.9598470363288719,0.8451242829827916,0.9541108986615678,0.8986615678776291,0.9732313575525813,0.0573613766730402,0.7330754352030948,0.9516441005802708,0.7195357833655706,0.9458413926499033,0.8336557059961315,0.9806576402321083,0.10058027079303666,12
4625012023,1131.0,266.916,23.6,32.4,164.91704314570683,2.1988939086094246,3.0540193175130894,True,True,True,0.8413001912045889,0.9598470363288719,0.8451242829827916,0.9541108986615678,0.9024856596558317,0.9732313575525813,0.06118546845124284,0.7330754352030948,0.9516441005802708,0.7195357833655706,0.9458413926499033,0.8607350096711799,0.9825918762088974,0.12765957446808507,12
4625012024,1888.0,405.92,21.5,26.9,593.5562371047193,7.914083161396258,10.991782168605914,True,True,True,0.8413001912045889,0.9598470363288719,0.8451242829827916,0.9541108986615678,0.904397705544933,0.9732313575525813,0.06309751434034416,0.7330754352030948,0.9516441005802708,0.7195357833655706,0.9458413926499033,0.8529980657640233,0.9825918762088974,0.11992263056092844,12
4625012025,2389.0,391.796,16.4,26.8,894.636056885001,11.928480758466682,16.567334386759278,True,False,False,0.8413001912045889,0.9598470363288719,0.8451242829827916,0.9541108986615678,0.9024856596558317,0.9751434034416826,0.06118546845124284,0.7330754352030948,0.9516441005802708,0.7195357833655706,0.9458413926499033,0.804642166344294,0.9825918762088974,0.07156673114119916,12
4625012026,1400.0,306.59999999999997,21.9,31.7,730.0571810277488,9.734095747036651,13.519577426439792,True,True,True,0.8413001912045889,0.9598470363288719,0.8451242829827916,0.9541108986615678,0.904397705544933,0.9732313575525813,0.06309751434034416,0.7330754352030948,0.9516441005802708,0.7195357833655706,0.9458413926499033,0.816247582205029,0.9825918762088974,0.0831721470019342,12
4625012027,1218.0,197.31599999999997,16.2,30.6,0.0,0.0,0.0,True,True,True,0.8413001912045889,0.9598470363288719,0.8451242829827916,0.9541108986615678,0.9082217973231358,0.9732313575525813,0.06692160611854692,0.7330754352030948,0.9516441005802708,0.7195357833655706,0.9458413926499033,0.8588007736943907,0.9845261121856866,0.12572533849129586,12
4625012028,1598.0,429.86199999999997,26.9,29.0,523.2057700638366,6.976076934184488,9.688995741922898,True,True,True,0.8413001912045889,0.9598470363288719,0.8451242829827916,0.9541108986615678,0.9101338432122371,0.9732313575525813,0.06883365200764824,0.7330754352030948,0.9516441005802708,0.7195357833655706,0.9458413926499033,0.8607350096711799,0.9845261121856866,0.12765957446808507,12
4625012029,1330.0,244.71999999999997,18.4,30.7,840.3435569010901,11.204580758681201,15.561917720390557,True,False,False,0.8413001912045889,0.9598470363288719,0.8451242829827916,0.9541108986615678,0.904397705544933,0.9751434034416826,0.06309751434034416,0.7330754352030948,0.9516441005802708,0.7195357833655706,0.9458413926499033,0.8085106382978723,0.9825918762088974,0.07543520309477747,12
4625012030,1514.0,319.454,21.1,32.1,232.14544034476404,3.095272537930187,4.2989896360141495,True,True,True,0.8413001912045889,0.9598470363288719,0.8451242829827916,0.9541108986615678,0.9063097514340345,0.9732313575525813,0.0650095602294456,0.7330754352030948,0.9516441005802708,0.7195357833655706,0.9458413926499033,0.8317214700193424,0.9825918762088974,0.09864603481624756,12
4625012031,1373.0,260.87,19.0,29.8,343.80494601043756,4.5840659468058345,6.366758259452547,True,True,True,0.8413001912045889,0.9598470363288719,0.8451242829827916,0.9541108986615678,0.904397705544933,0.9732313575525813,0.06309751434034416,0.7330754352030948,0.9516441005802708,0.7195357833655706,0.9458413926499033,0.8297872340425532,0.9825918762088974,0.09671179883945835,12
4625012032,928.0,204.16,22.0,36.7,614.1073226527685,8.188097635370246,11.37235782690312,True,True,True,0.8413001912045889,0.9598470363288719,0.8451242829827916,0.9541108986615678,0.9024856596558317,0.9732313575525813,0.06118546845124284,0.7330754352030948,0.9516441005802708,0.7195357833655706,0.9458413926499033,0.8104448742746615,0.9825918762088974,0.07736943907156668,12
4625012033,1379.0,353.024,25.6,29.3,516.3620662574124,6.884827550098832,9.562260486248379,True,True,True,0.8413001912045889,0.9598470363288719,0.8451242829827916,0.9541108986615678,0.904397705544933,0.9732313575525813,0.06309751434034416,0.7330754352030948,0.9516441005802708,0.7195357833655706,0.9458413926499033,0.8413926499032882,0.9806576402321083,0.1083172147001934,12
4625012034,1052.0,191.46399999999997,18.2,31.8,729.2901266744652,9.723868355659537,13.505372716193799,True,True,True,0.8413001912045889,0.9598470363288719,0.8451242829827916,0.9541108986615678,0.892925430210325,0.9732313575525813,0.05162523900573612,0.7330754352030948,0.9516441005802708,0.7195357833655706,0.9458413926499033,0.8085106382978723,0.9787234042553191,0.07543520309477747,12
4625012035,923.0,208.59800000000004,22.6,33.4,626.0413264610227,8.34721768614697,11.593357897426346,True,True,True,0.8413001912045889,0.9598470363288719,0.8451242829827916,0.9541108986615678,0.8967495219885278,0.9732313575525813,0.05544933078393888,0.7330754352030948,0.9516441005802708,0.7195357833655706,0.9458413926499033,0.8123791102514507,0.9806576402321083,0.07930367504835589,12
4625012036,1500.0,310.5,20.7,28.3,595.3827576721678,7.938436768962237,11.025606623558664,True,True,True,0.8413001912045889,0.9598470363288719,0.8451242829827916,0.9541108986615678,0.9024856596558317,0.9732313575525813,0.06118546845124284,0.7330754352030948,0.9516441005802708,0.7195357833655706,0.9458413926499033,0.8278529980657641,0.9806576402321083,0.09477756286266925,12
4625012037,2504.0,415.664,16.6,24.8,974.8467630129087,12.997956840172117,18.052717833572384,True,False,False,0.8413001912045889,0.9598470363288719,0.8451242829827916,0.9541108986615678,0.892925430210325,0.9732313575525813,0.05162523900573612,0.7330754352030948,0.9516441005802708,0.7195357833655706,0.9458413926499033,0.7891682785299806,0.9787234042553191,0.0560928433268858,12
4625012038,1937.0,323.479,16.7,22.5,426.6811098239473,5.6890814643192975,7.901502033776802,True,True,True,0.8413001912045889,0.9598470363288719,0.8451242829827916,0.9541108986615678,0.9082217973231358,0.9732313575525813,0.06692160611854692,0.7330754352030948,0.9516441005802708,0.7195357833655706,0.9458413926499033,0.8626692456479691,0.9825918762088974,0.12959381044487428,12
4625012039,1497.0,393.711,26.3,22.8,603.1059324634366,8.04141243284582,11.168628378952528,True,True,True,0.8413001912045889,0.9598470363288719,0.8451242829827916,0.9541108986615678,0.9082217973231358,0.9732313575525813,0.06692160611854692,0.7330754352030948,0.9516441005802708,0.7195357833655706,0.9458413926499033,0.8665377176015474,0.9825918762088974,0.1334622823984526,12
4625012040,1778.0,266.7,15.0,26.6,864.1984959935539,11.522646613247385,16.003675851732478,True,False,False,0.8413001912045889,0.9598470363288719,0.8451242829827916,0.9541108986615678,0.9082217973231358,0.9732313575525813,0.06692160611854692,0.7330754352030948,0.9516441005802708,0.7195357833655706,0.9458413926499033,0.8588007736943907,0.9845261121856866,0.12572533849129586,12
4625012041,2363.0,342.635,14.5,21.0,1111.3405074953725,14.817873433271634,20.580379768432824,True,False,False,0.8413001912045889,0.9598470363288719,0.8451242829827916,0.9541108986615678,0.8986615678776291,0.9770554493307839,0.0573613766730402,0.7330754352030948,0.9516441005802708,0.7195357833655706,0.9458413926499033,0.7756286266924565,0.9787234042553191,0.04255319148936165,12
4625012043,1180.0,351.64,29.8,25.7,444.0897991715252,5.921197322287003,8.22388516984306,True,True,True,0.8413001912045889,0.9598470363288719,0.8451242829827916,0.9541108986615678,0.904397705544933,0.9732313575525813,0.06309751434034416,0.7330754352030948,0.9516441005802708,0.7195357833655706,0.9458413926499033,0.8549323017408124,0.9825918762088974,0.12185686653771755,12
4625012044,1582.0,278.432,17.6,24.5,1041.0507363645302,13.880676484860402,19.278717340083894,True,False,False,0.8413001912045889,0.9598470363288719,0.8451242829827916,0.9541108986615678,0.8967495219885278,0.9732313575525813,0.05544933078393888,0.7330754352030948,0.9516441005802708,0.7195357833655706,0.9458413926499033,0.8027079303675049,0.9787234042553191,0.06963249516441006,12
4625012045,2076.0,209.676,10.1,19.7,999.743019089991,13.32990692119988,18.513759612777612,True,False,False,0.8413001912045889,0.9598470363288719,0.8451242829827916,0.9541108986615678,0.9005736137667304,0.9770554493307839,0.05927342256214152,0.7330754352030948,0.9516441005802708,0.7195357833655706,0.9458413926499033,0.781431334622824,0.9787234042553191,0.048355899419729176,12
4625012046,1859.0,213.785,11.5,21.6,1051.1658722247741,14.015544962996989,19.466034670829153,True,False,False,0.8413001912045889,0.9598470363288719,0.8451242829827916,0.9541108986615678,0.9005736137667304,0.9770554493307839,0.05927342256214152,0.7330754352030948,0.9516441005802708,0.7195357833655706,0.9458413926499033,0.7756286266924565,0.9787234042553191,0.04255319148936165,12
4625012047,1013.0,194.49599999999998,19.2,32.9,800.215559327303,10.669540791030707,14.818806654209315,True,True,True,0.8413001912045889,0.9598470363288719,0.8451242829827916,0.9541108986615678,0.904397705544933,0.9732313575525813,0.06309751434034416,0.7330754352030948,0.9516441005802708,0.7195357833655706,0.9458413926499033,0.8297872340425532,0.9825918762088974,0.09671179883945835,12
4625013001,1896.0,434.18399999999997,22.9,29.6,383.8088898554089,5.117451864738785,7.107572034359424,True,True,True,0.8413001912045889,0.9598470363288719,0.8451242829827916,0.9541108986615678,0.9063097514340345,0.9732313575525813,0.0650095602294456,0.7330754352030948,0.9516441005802708,0.7195357833655706,0.9458413926499033,0.8607350096711799,0.9825918762088974,0.12765957446808507,13
4625013002,2007.0,594.072,29.6,29.9,60.63477911225495,0.8084637214967326,1.1228662798565732,True,True,True,0.8413001912045889,0.9598470363288719,0.8451242829827916,0.9541108986615678,0.904397705544933,0.9732313575525813,0.06309751434034416,0.7330754352030948,0.9516441005802708,0.7195357833655706,0.9458413926499033,0.8588007736943907,0.9825918762088974,0.12572533849129586,13
4625013003,789.0,227.232,28.8,30.1,355.74074639452886,4.743209951927052,6.587791599898682,True,True,True,0.8413001912045889,0.9598470363288719,0.8451242829827916,0.9541108986615678,0.9063097514340345,0.9732313575525813,0.0650095602294456,0.7330754352030948,0.9516441005802708,0.7195357833655706,0.9458413926499033,0.8665377176015474,0.9825918762088974,0.1334622823984526,13
4625013004,1212.0,248.46,20.5,41.6,646.773256947238,8.623643425963174,11.977282536059963,True,True,True,0.8413001912045889,0.9598470363288719,0.8451242829827916,0.9541108986615678,0.9024856596558317,0.9732313575525813,0.06118546845124284,0.7330754352030948,0.9516441005802708,0.7195357833655706,0.9458413926499033,0.8607350096711799,0.9825918762088974,0.12765957446808507,13
4625013005,1458.0,348.462,23.9,27.2,509.24200706962927,6.789893427595057,9.430407538326468,True,True,True,0.8413001912045889,0.9598470363288719,0.8451242829827916,0.9541108986615678,0.9063097514340345,0.9732313575525813,0.0650095602294456,0.7330754352030948,0.9516441005802708,0.7195357833655706,0.9458413926499033,0.8665377176015474,0.9825918762088974,0.1334622823984526,13
4625013007,899.0,229.245,25.5,35.2,379.4472633084841,5.059296844113121,7.026801172379335,True,True,True,0.8413001912045889,0.9598470363288719,0.8451242829827916,0.9541108986615678,0.9063097514340345,0.9732313575525813,0.0650095602294456,0.7330754352030948,0.9516441005802708,0.7195357833655706,0.9458413926499033,0.8665377176015474,0.9825918762088974,0.1334622823984526,13
4625013008,1338.0,416.11800000000005,31.1,34.4,528.0793799081688,7.041058398775585,9.779247776077199,True,True,True,0.8413001912045889,0.9598470363288719,0.8451242829827916,0.9541108986615678,0.9005736137667304,0.9732313575525813,0.05927342256214152,0.7330754352030948,0.9516441005802708,0.7195357833655706,0.9458413926499033,0.8607350096711799,0.9825918762088974,0.12765957446808507,13
4625013009,948.0,243.636,25.7,29.7,423.61406819073034,5.648187575876404,7.844704966495006,True,True,True,0.8413001912045889,0.9598470363288719,0.8451242829827916,0.9541108986615678,0.904397705544933,0.9732313575525813,0.06309751434034416,0.7330754352030948,0.9516441005802708,0.7195357833655706,0.9458413926499033,0.8626692456479691,0.9825918762088974,0.12959381044487428,13
4625013010,1335.0,452.565,33.9,26.4,665.1020504719056,8.868027339625408,12.316704638368623,True,True,True,0.8413001912045889,0.9598470363288719,0.8451242829827916,0.9541108986615678,0.9082217973231358,0.9732313575525813,0.06692160611854692,0.7330754352030948,0.9516441005802708,0.7195357833655706,0.9458413926499033,0.8762088974854932,0.9845261121856866,0.14313346228239843,13
4625013011,692.0,247.044,35.7,35.5,508.19569056829863,6.775942540910648,9.411031306820345,True,True,True,0.8413001912045889,0.9598470363288719,0.8451242829827916,0.9541108986615678,0.8986615678776291,0.9732313575525813,0.0573613766730402,0.7330754352030948,0.9516441005802708,0.7195357833655706,0.9458413926499033,0.8529980657640233,0.9825918762088974,0.11992263056092844,13
4625013012,1914.0,547.404,28.6,34.8,804.3517796666823,10.724690395555765,14.895403327160784,True,True,True,0.8413001912045889,0.9598470363288719,0.8451242829827916,0.9541108986615678,0.9005736137667304,0.9732313575525813,0.05927342256214152,0.7330754352030948,0.9516441005802708,0.7195357833655706,0.9458413926499033,0.8607350096711799,0.9825918762088974,0.12765957446808507,13
4625013013,855.0,265.905,31.1,39.6,711.5778103707829,9.487704138277106,13.177366858718203,True,True,True,0.8413001912045889,0.9598470363288719,0.8451242829827916,0.9541108986615678,0.892925430210325,0.9732313575525813,0.05162523900573612,0.7330754352030948,0.9516441005802708,0.7195357833655706,0.9458413926499033,0.839458413926499,0.9806576402321083,0.10638297872340419,13
4625013014,1529.0,392.953,25.7,39.3,814.0579065538584,10.854105420718112,15.075146417664046,True,False,False,0.8413001912045889,0.9598470363288719,0.8451242829827916,0.9541108986615678,0.8986615678776291,0.9732313575525813,0.0573613766730402,0.7330754352030948,0.9516441005802708,0.7195357833655706,0.9458413926499033,0.8529980657640233,0.9825918762088974,0.11992263056092844,13
4625013015,1017.0,267.471,26.3,43.6,349.01865727074824,4.6535820969433095,6.463308467976819,True,True,True,0.8413001912045889,0.9598470363288719,0.8451242829827916,0.9541108986615678,0.8891013384321224,0.9732313575525813,0.04780114722753348,0.7330754352030948,0.9516441005802708,0.7195357833655706,0.9458413926499033,0.8181818181818182,0.9787234042553191,0.08510638297872342,13
4625013016,1886.0,247.06599999999997,13.1,32.5,253.16551514091836,3.3755402018789114,4.688250280387377,True,True,True,0.8413001912045889,0.9598470363288719,0.8451242829827916,0.9541108986615678,0.892925430210325,0.9732313575525813,0.05162523900573612,0.7330754352030948,0.9516441005802708,0.7195357833655706,0.9458413926499033,0.8220502901353965,0.9787234042553191,0.08897485493230173,13
4625013017,1356.0,339.0,25.0,35.7,117.58797635390533,1.5678396847187377,2.1775551176649137,True,True,True,0.8413001912045889,0.9598470363288719,0.8451242829827916,0.9541108986615678,0.892925430210325,0.9732313575525813,0.05162523900573612,0.7330754352030948,0.9516441005802708,0.7195357833655706,0.9458413926499033,0.8297872340425532,0.9806576402321083,0.09671179883945835,13
4625013019,952.0,277.984,29.2,30.0,153.9501917403204,2.052669223204272,2.8509294766726,True,True,True,0.8413001912045889,0.9598470363288719,0.8451242829827916,0.9541108986615678,0.9005736137667304,0.9732313575525813,0.05927342256214152,0.7330754352030948,0.9516441005802708,0.7195357833655706,0.9458413926499033,0.8529980657640233,0.9825918762088974,0.11992263056092844,13
4625013020,731.0,209.797,28.7,33.3,175.44846641163957,2.3393128854885274,3.249045674289621,True,True,True,0.8413001912045889,0.9598470363288719,0.8451242829827916,0.9541108986615678,0.9005736137667304,0.9732313575525813,0.05927342256214152,0.7330754352030948,0.9516441005802708,0.7195357833655706,0.9458413926499033,0.8471953578336557,0.9825918762088974,0.11411992263056092,13
4625013021,1090.0,382.59,35.1,32.7,290.96159245091616,3.879487899345549,5.388177637979928,True,True,True,0.8413001912045889,0.9598470363288719,0.8451242829827916,0.9541108986615678,0.8967495219885278,0.9732313575525813,0.05544933078393888,0.7330754352030948,0.9516441005802708,0.7195357833655706,0.9458413926499033,0.8433268858800773,0.9806576402321083,0.1102514506769825,13
4625013022,1149.0,312.528,27.2,30.5,673.1030947050255,8.97470792940034,12.464872124167137,True,True,True,0.8413001912045889,0.9598470363288719,0.8451242829827916,0.9541108986615678,0.8833652007648184,0.9694072657743786,0.042065009560229516,0.7330754352030948,0.9516441005802708,0.7195357833655706,0.9458413926499033,0.804642166344294,0.97678916827853,0.07156673114119916,13
4625013023,1579.0,388.434,24.6,34.2,675.4773718529477,9.006364958039304,12.508840219499032,True,True,True,0.8413001912045889,0.9598470363288719,0.8451242829827916,0.9541108986615678,0.887189292543021,0.9694072657743786,0.04588910133843216,0.7330754352030948,0.9516441005802708,0.7195357833655706,0.9458413926499033,0.8143133462282398,0.97678916827853,0.081237911025145,13
4625013024,1653.0,421.515,25.5,34.9,752.9701156833237,10.039601542444315,13.94389103117266,True,True,True,0.8413001912045889,0.9598470363288719,0.8451242829827916,0.9541108986615678,0.892925430210325,0.9732313575525813,0.05162523900573612,0.7330754352030948,0.9516441005802708,0.7195357833655706,0.9458413926499033,0.8278529980657641,0.9787234042553191,0.09477756286266925,13
4625013025,1865.0,511.01,27.4,31.5,200.9477634061805,2.6793035120824067,3.7212548778922314,True,True,True,0.8413001912045889,0.9598470363288719,0.8451242829827916,0.9541108986615678,0.8833652007648184,0.9694072657743786,0.042065009560229516,0.7330754352030948,0.9516441005802708,0.7195357833655706,0.9458413926499033,0.804642166344294,0.97678916827853,0.07156673114119916,13
4625013026,1039.0,297.154,28.6,26.8,666.5454341281709,8.887272455042279,12.343433965336496,True,True,True,0.8413001912045889,0.9598470363288719,0.8451242829827916,0.9541108986615678,0.8833652007648184,0.9674952198852772,0.042065009560229516,0.7330754352030948,0.9516441005802708,0.7195357833655706,0.9458413926499033,0.7969052224371374,0.97678916827853,0.06382978723404253,13
4625013027,1401.0,347.44800000000004,24.8,38.3,936.792141996272,12.490561893283626,17.348002629560593,True,False,False,0.8413001912045889,0.9598470363288719,0.8451242829827916,0.9541108986615678,0.8986615678776291,0.9732313575525813,0.0573613766730402,0.7330754352030948,0.9516441005802708,0.7195357833655706,0.9458413926499033,0.8529980657640233,0.9825918762088974,0.11992263056092844,13
4625013028,1303.0,329.659,25.3,33.6,966.4537877394193,12.886050503192257,17.8972923655448,True,False,False,0.8413001912045889,0.9598470363288719,0.8451242829827916,0.9541108986615678,0.875717017208413,0.9674952198852772,0.03441682600382412,0.7330754352030948,0.9516441005802708,0.7195357833655706,0.9458413926499033,0.7775628626692457,0.9729206963249516,0.044487427466150864,13
4625013029,859.0,306.663,35.7,36.2,767.3645213818907,10.231526951758543,14.210454099664641,True,True,True,0.8413001912045889,0.9598470363288719,0.8451242829827916,0.9541108986615678,0.9101338432122371,0.9732313575525813,0.06883365200764824,0.7330754352030948,0.9516441005802708,0.7195357833655706,0.9458413926499033,0.8704061895551257,0.9825918762088974,0.1373307543520309,13
4625013030,1047.0,283.737,27.1,29.3,613.2082425503679,8.176109900671571,11.355708195377185,True,True,True,0.8413001912045889,0.9598470363288719,0.8451242829827916,0.9541108986615678,0.9101338432122371,0.9732313575525813,0.06883365200764824,0.7330754352030948,0.9516441005802708,0.7195357833655706,0.9458413926499033,0.8762088974854932,0.9845261121856866,0.14313346228239843,13
4625014001,1875.0,570.0,30.4,30.7,119.6110409843912,1.5948138797918825,2.215019277488726,True,True,True,0.8413001912045889,0.9598470363288719,0.8451242829827916,0.9541108986615678,0.8546845124282982,0.9636711281070746,0.013384321223709361,0.7330754352030948,0.9516441005802708,0.7195357833655706,0.9458413926499033,0.7524177949709865,0.9593810444874274,0.01934235976789167,14
4625014002,1437.0,356.376,24.8,33.7,306.22792048459826,4.083038939794643,5.670887416381449,True,True,True,0.8413001912045889,0.9598470363288719,0.8451242829827916,0.9541108986615678,0.847036328871893,0.9598470363288719,0.005736137667304075,0.7330754352030948,0.9516441005802708,0.7195357833655706,0.9458413926499033,0.7388781431334622,0.9535783365570599,0.005802707930367412,14
4625014003,790.0,165.9,21.0,41.9,398.34925941035254,5.3113234588047,7.37683813722875,True,True,True,0.8413001912045889,0.9598470363288719,0.8451242829827916,0.9541108986615678,0.847036328871893,0.9598470363288719,0.005736137667304075,0.7330754352030948,0.9516441005802708,0.7195357833655706,0.9458413926499033,0.7427466150870407,0.9535783365570599,0.009671179883945835,14
4625014004,1160.0,349.16,30.1,35.5,501.06654619756125,6.68088728263415,9.279010114769653,True,True,True,0.8413001912045889,0.9598470363288719,0.8451242829827916,0.9541108986615678,0.8565965583173997,0.9636711281070746,0.015296367112810794,0.7330754352030948,0.9516441005802708,0.7195357833655706,0.9458413926499033,0.7524177949709865,0.9613152804642167,0.01934235976789167,14
4625014005,863.0,183.81900000000002,21.3,41.6,315.8482258023573,4.211309677364764,5.8490412185621725,True,True,True,0.8413001912045889,0.9598470363288719,0.8451242829827916,0.9541108986615678,0.8565965583173997,0.9655831739961759,0.015296367112810794,0.7330754352030948,0.9516441005802708,0.7195357833655706,0.9458413926499033,0.7543520309477756,0.9632495164410058,0.02127659574468077,14
4625014006,1027.0,205.4,20.0,41.2,533.9334703626196,7.119112938168261,9.887656858567029,True,True,True,0.8413001912045889,0.9598470363288719,0.8451242829827916,0.9541108986615678,0.8489483747609943,0.9617590822179732,0.007648183556405397,0.7330754352030948,0.9516441005802708,0.7195357833655706,0.9458413926499033,0.7485493230174082,0.9555125725338491,0.015473887814313358,14
4625014007,1023.0,173.91,17.0,34.8,393.09677399975914,5.241290319996788,7.279569888884428,True,True,True,0.8413001912045889,0.9598470363288719,0.8451242829827916,0.9541108986615678,0.847036328871893,0.9598470363288719,0.005736137667304075,0.7330754352030948,0.9516441005802708,0.7195357833655706,0.9458413926499033,0.746615087040619,0.9535783365570599,0.013539651837524147,14
4625014008,984.0,204.672,20.8,36.9,525.6903769658411,7.009205026211215,9.735006980848908,True,True,True,0.8413001912045889,0.9598470363288719,0.8451242829827916,0.9541108986615678,0.847036328871893,0.9598470363288719,0.005736137667304075,0.7330754352030948,0.9516441005802708,0.7195357833655706,0.9458413926499033,0.7485493230174082,0.9535783365570599,0.015473887814313358,14
4625014009,1183.0,256.711,21.7,31.4,697.4801668146141,9.299735557528187,12.916299385455817,True,True,True,0.8413001912045889,0.9598470363288719,0.8451242829827916,0.9541108986615678,0.847036328871893,0.9598470363288719,0.005736137667304075,0.7330754352030948,0.9516441005802708,0.7195357833655706,0.9458413926499033,0.7408123791102514,0.9535783365570599,0.007736943907156624,14
4625014010,1544.0,369.01599999999996,23.9,35.5,734.8284395773481,9.797712527697975,13.607934066247187,True,True,True,0.8413001912045889,0.9598470363288719,0.8451242829827916,0.9541108986615678,0.8432122370936902,0.9579349904397706,0.0019120458891013214,0.7330754352030948,0.9516441005802708,0.7195357833655706,0.9458413926499033,0.7330754352030948,0.9535783365570599,0.0,14
4625014012,1000.0,202.0,20.2,37.6,742.0486039015608,9.893981385354145,13.741640812991866,True,True,True,0.8413001912045889,0.9598470363288719,0.8451242829827916,0.9541108986615678,0.8393881453154876,0.9579349904397706,-0.0019120458891013214,0.7330754352030948,0.9516441005802708,0.7195357833655706,0.9458413926499033,0.7253384912959381,0.9497098646034816,-0.007736943907156735,14
4625014013,1473.0,319.64099999999996,21.7,37.5,894.3855922540771,11.925141230054361,16.56269615285328,True,False,False,0.8413001912045889,0.9598470363288719,0.8451242829827916,0.9541108986615678,0.8260038240917782,0.9579349904397706,-0.015296367112810683,0.7330754352030948,0.9516441005802708,0.7195357833655706,0.9458413926499033,0.7137330754352031,0.9497098646034816,-0.01934235976789167,14
4625014014,1206.0,301.5,25.0,26.0,779.6054654979791,10.394739539973054,14.437138249962576,True,True,True,0.8413001912045889,0.9598470363288719,0.8451242829827916,0.9541108986615678,0.8260038240917782,0.9579349904397706,-0.015296367112810683,0.7330754352030948,0.9516441005802708,0.7195357833655706,0.9458413926499033,0.7098646034816247,0.9477756286266924,-0.023210831721470093,14
4625014015,1173.0,226.389,19.3,36.8,112.49090823512782,1.499878776468371,2.083164967317182,True,True,True,0.8413001912045889,0.9598470363288719,0.8451242829827916,0.9541108986615678,0.847036328871893,0.9598470363288719,0.005736137667304075,0.7330754352030948,0.9516441005802708,0.7195357833655706,0.9458413926499033,0.7485493230174082,0.9535783365570599,0.015473887814313358,14
4625014016,1502.0,331.94200000000006,22.1,38.1,833.0093597467661,11.106791463290214,15.426099254569742,True,False,False,0.8413001912045889,0.9598470363288719,0.8451242829827916,0.9541108986615678,0.8413001912045889,0.9579349904397706,0.0,0.7330754352030948,0.9516441005802708,0.7195357833655706,0.9458413926499033,0.7292069632495164,0.9516441005802708,-0.003868471953578423,14
4625014018,1386.0,429.66,31.0,30.2,952.2142490982837,12.696189987977116,17.63359720552377,True,False,False,0.8413001912045889,0.9598470363288719,0.8451242829827916,0.9541108986615678,0.8451242829827916,0.9598470363288719,0.003824091778202754,0.7330754352030948,0.9516441005802708,0.7195357833655706,0.9458413926499033,0.7388781431334622,0.9535783365570599,0.005802707930367412,14
4625014019,1658.0,356.47,21.5,23.8,1142.677753138343,15.235703375177906,21.160699132191535,False,False,False,0.8413001912045889,0.9598470363288719,0.8451242829827916,0.9541108986615678,0.8451242829827916,0.9598470363288719,0.003824091778202754,0.7330754352030948,0.9516441005802708,0.7195357833655706,0.9458413926499033,0.7446808510638298,0.9535783365570599,0.011605415860734936,14
4625014020,2188.0,555.752,25.4,25.7,1020.3037556176436,13.604050074901915,18.894513992919325,True,False,False,0.8413001912045889,0.9598470363288719,0.8451242829827916,0.9541108986615678,0.8661567877629063,0.9655831739961759,0.0248565965583174,0.7330754352030948,0.9516441005802708,0.7195357833655706,0.9458413926499033,0.7620889748549323,0.965183752417795,0.029013539651837505,14
4625014021,1338.0,322.458,24.1,29.1,703.9751169892713,9.386334893190284,13.036576240542063,True,True,True,0.8413001912045889,0.9598470363288719,0.8451242829827916,0.9541108986615678,0.869980879541109,0.9674952198852772,0.028680688336520155,0.7330754352030948,0.9516441005802708,0.7195357833655706,0.9458413926499033,0.7659574468085106,0.9671179883945842,0.03288201160541582,14
4625014022,937.0,250.17899999999997,26.7,31.0,789.8070486523875,10.5307606486985,14.626056456525694,True,True,True,0.8413001912045889,0.9598470363288719,0.8451242829827916,0.9541108986615678,0.847036328871893,0.9598470363288719,0.005736137667304075,0.7330754352030948,0.9516441005802708,0.7195357833655706,0.9458413926499033,0.746615087040619,0.9535783365570599,0.013539651837524147,14
4625014023,967.0,238.849,24.7,34.2,869.2501903663018,11.590002538217357,16.097225747524107,True,False,False,0.8413001912045889,0.9598470363288719,0.8451242829827916,0.9541108986615678,0.8260038240917782,0.9579349904397706,-0.015296367112810683,0.7330754352030948,0.9516441005802708,0.7195357833655706,0.9458413926499033,0.7079303675048356,0.9458413926499033,-0.025145067698259194,14
4625014024,1253.0,310.744,24.8,30.1,284.65628374766135,3.7954171166354844,5.271412661993728,True,True,True,0.8413001912045889,0.9598470363288719,0.8451242829827916,0.9541108986615678,0.8680688336520076,0.9674952198852772,0.026768642447418722,0.7330754352030948,0.9516441005802708,0.7195357833655706,0.9458413926499033,0.7601547388781431,0.9632495164410058,0.027079303675048294,14
4625015001,1197.0,175.95899999999997,14.7,29.1,200.68996478674515,2.675866197156602,3.716480829384169,True,True,True,0.8413001912045889,0.9598470363288719,0.8451242829827916,0.9541108986615678,0.8202676864244742,0.9560229445506692,-0.021032504780114647,0.7330754352030948,0.9516441005802708,0.7195357833655706,0.9458413926499033,0.7059961315280464,0.9458413926499033,-0.027079303675048405,15
4625015002,1053.0,186.38099999999997,17.7,33.3,605.483726421719,8.073116352289587,11.212661600402203,True,True,True,0.8413001912045889,0.9598470363288719,0.8451242829827916,0.9541108986615678,0.8240917782026769,0.9579349904397706,-0.017208413001912004,0.7330754352030948,0.9516441005802708,0.7195357833655706,0.9458413926499033,0.7079303675048356,0.9458413926499033,-0.025145067698259194,15
4625015003,1168.0,286.16,24.5,32.3,408.69849844042085,5.449313312538945,7.568490711859645,True,True,True,0.8413001912045889,0.9598470363288719,0.8451242829827916,0.9541108986615678,0.8202676864244742,0.9560229445506692,-0.021032504780114647,0.7330754352030948,0.9516441005802708,0.7195357833655706,0.9458413926499033,0.7079303675048356,0.9458413926499033,-0.025145067698259194,15
4625015004,1008.0,214.704,21.3,30.5,447.1583209243796,5.962110945658395,8.28070964674777,True,True,True,0.8413001912045889,0.9598470363288719,0.8451242829827916,0.9541108986615678,0.8183556405353728,0.9541108986615678,-0.02294455066921608,0.7330754352030948,0.9516441005802708,0.7195357833655706,0.9458413926499033,0.7021276595744681,0.9458413926499033,-0.030947775628626717,15
4625015005,1684.0,225.65600000000003,13.4,30.1,281.2454366694979,3.7499391555933053,5.208248827212924,True,True,True,0.8413001912045889,0.9598470363288719,0.8451242829827916,0.9541108986615678,0.8221797323135756,0.9560229445506692,-0.019120458891013326,0.7330754352030948,0.9516441005802708,0.7195357833655706,0.9458413926499033,0.7079303675048356,0.9458413926499033,-0.025145067698259194,15
4625015006,1649.0,293.522,17.8,28.9,153.54179374743916,2.047223916632522,2.843366550878503,True,True,True,0.8413001912045889,0.9598470363288719,0.8451242829827916,0.9541108986615678,0.8240917782026769,0.9579349904397706,-0.017208413001912004,0.7330754352030948,0.9516441005802708,0.7195357833655706,0.9458413926499033,0.7079303675048356,0.9477756286266924,-0.025145067698259194,15
4625015007,1100.0,147.4,13.4,27.1,234.86751593203684,3.1315668790938247,4.3493984431858665,True,True,True,0.8413001912045889,0.9598470363288719,0.8451242829827916,0.9541108986615678,0.8240917782026769,0.9579349904397706,-0.017208413001912004,0.7330754352030948,0.9516441005802708,0.7195357833655706,0.9458413926499033,0.7079303675048356,0.9477756286266924,-0.025145067698259194,15
4625015008,1406.0,147.63,10.5,27.6,412.85547235812425,5.504739631441656,7.6454717103356336,True,True,True,0.8413001912045889,0.9598470363288719,0.8451242829827916,0.9541108986615678,0.8240917782026769,0.9579349904397706,-0.017208413001912004,0.7330754352030948,0.9516441005802708,0.7195357833655706,0.9458413926499033,0.7098646034816247,0.9477756286266924,-0.023210831721470093,15
4625015010,1151.0,168.046,14.6,26.8,428.97458720694243,5.719661162759233,7.943973837165601,True,True,True,0.8413001912045889,0.9598470363288719,0.8451242829827916,0.9541108986615678,0.8240917782026769,0.9579349904397706,-0.017208413001912004,0.7330754352030948,0.9516441005802708,0.7195357833655706,0.9458413926499033,0.7079303675048356,0.9477756286266924,-0.025145067698259194,15
4625015011,1161.0,168.345,14.5,29.7,283.04690581231387,3.773958744164185,5.241609366894702,True,True,True,0.8413001912045889,0.9598470363288719,0.8451242829827916,0.9541108986615678,0.8240917782026769,0.9579349904397706,-0.017208413001912004,0.7330754352030948,0.9516441005802708,0.7195357833655706,0.9458413926499033,0.7079303675048356,0.9477756286266924,-0.025145067698259194,15
4625015012,1472.0,251.71200000000002,17.1,27.3,219.3874517493214,2.9251660233242855,4.062730587950396,True,True,True,0.8413001912045889,0.9598470363288719,0.8451242829827916,0.9541108986615678,0.8202676864244742,0.9541108986615678,-0.021032504780114647,0.7330754352030948,0.9516441005802708,0.7195357833655706,0.9458413926499033,0.7021276595744681,0.9458413926499033,-0.030947775628626717,15
4625015013,1233.0,288.522,23.4,26.7,693.7329705667282,9.24977294088971,12.846906862346819,True,True,True,0.8413001912045889,0.9598470363288719,0.8451242829827916,0.9541108986615678,0.8240917782026769,0.9579349904397706,-0.017208413001912004,0.7330754352030948,0.9516441005802708,0.7195357833655706,0.9458413926499033,0.7098646034816247,0.9477756286266924,-0.023210831721470093,15
4625015014,1493.0,319.50199999999995,21.4,28.9,281.42964573094514,3.7523952764126016,5.211660106128614,True,True,True,0.8413001912045889,0.9598470363288719,0.8451242829827916,0.9541108986615678,0.8107074569789675,0.9521988527724665,-0.030592734225621365,0.7330754352030948,0.9516441005802708,0.7195357833655706,0.9458413926499033,0.6982591876208898,0.9458413926499033,-0.03481624758220503,15
4625015015,1492.0,287.956,19.3,28.9,237.3508714377214,3.1646782858362856,4.395386508105952,True,True,True,0.8413001912045889,0.9598470363288719,0.8451242829827916,0.9541108986615678,0.8221797323135756,0.9560229445506692,-0.019120458891013326,0.7330754352030948,0.9516441005802708,0.7195357833655706,0.9458413926499033,0.7079303675048356,0.9458413926499033,-0.025145067698259194,15
4625015016,1626.0,284.55,17.5,30.3,88.5400975523955,1.1805346340319398,1.639631436155472,True,True,True,0.8413001912045889,0.9598470363288719,0.8451242829827916,0.9541108986615678,0.8202676864244742,0.9541108986615678,-0.021032504780114647,0.7330754352030948,0.9516441005802708,0.7195357833655706,0.9458413926499033,0.7021276595744681,0.9458413926499033,-0.030947775628626717,15
4625015017,1515.0,274.21500000000003,18.1,29.6,371.63465538442466,4.9551287384589955,6.882123247859715,True,True,True,0.8413001912045889,0.9598470363288719,0.8451242829827916,0.9541108986615678,0.8240917782026769,0.9560229445506692,-0.017208413001912004,0.7330754352030948,0.9516441005802708,0.7195357833655706,0.9458413926499033,0.7059961315280464,0.9477756286266924,-0.027079303675048405,15
4625015018,1993.0,566.012,28.4,28.2,518.9682366366605,6.919576488488807,9.610522900678898,True,True,True,0.8413001912045889,0.9598470363288719,0.8451242829827916,0.9541108986615678,0.8202676864244742,0.9541108986615678,-0.021032504780114647,0.7330754352030948,0.9516441005802708,0.7195357833655706,0.9458413926499033,0.7059961315280464,0.9458413926499033,-0.027079303675048405,15
4625015019,1053.0,280.098,26.6,26.5,693.0069997439876,9.240093329919835,12.833462958221993,True,True,True,0.8413001912045889,0.9598470363288719,0.8451242829827916,0.9541108986615678,0.8183556405353728,0.9541108986615678,-0.02294455066921608,0.7330754352030948,0.9516441005802708,0.7195357833655706,0.9458413926499033,0.7021276595744681,0.9458413926499033,-0.030947775628626717,15
4625015020,1511.0,296.156,19.6,25.6,481.6915443570918,6.422553924761224,8.920213784390588,True,True,True,0.8413001912045889,0.9598470363288719,0.8451242829827916,0.9541108986615678,0.8126195028680688,0.9521988527724665,-0.028680688336520044,0.7330754352030948,0.9516441005802708,0.7195357833655706,0.9458413926499033,0.6982591876208898,0.9458413926499033,-0.03481624758220503,15
4625015021,2221.0,435.31600000000003,19.6,26.2,525.1451412836002,7.001935217114669,9.724910023770374,True,True,True,0.8413001912045889,0.9598470363288719,0.8451242829827916,0.9541108986615678,0.8087954110898662,0.9521988527724665,-0.03250478011472269,0.7330754352030948,0.9516441005802708,0.7195357833655706,0.9458413926499033,0.6982591876208898,0.9439071566731141,-0.03481624758220503,15
4625015022,1446.0,227.02200000000002,15.7,25.3,443.06921418497967,5.907589522466395,8.204985447869994,True,True,True,0.8413001912045889,0.9598470363288719,0.8451242829827916,0.9541108986615678,0.8068833652007649,0.9483747609942639,-0.03441682600382401,0.7330754352030948,0.9516441005802708,0.7195357833655706,0.9458413926499033,0.6963249516441006,0.941972920696325,-0.03675048355899424,15
4625015023,1571.0,386.46600000000007,24.6,24.4,540.9252534132813,7.212336712177085,10.017134322468172,True,True,True,0.8413001912045889,0.9598470363288719,0.8451242829827916,0.9541108986615678,0.8068833652007649,0.9483747609942639,-0.03441682600382401,0.7330754352030948,0.9516441005802708,0.7195357833655706,0.9458413926499033,0.6963249516441006,0.941972920696325,-0.03675048355899424,15
4625015024,1680.0,384.72,22.9,24.3,525.5476007351268,7.007301343135024,9.732362976576422,True,True,True,0.8413001912045889,0.9598470363288719,0.8451242829827916,0.9541108986615678,0.8068833652007649,0.9483747609942639,-0.03441682600382401,0.7330754352030948,0.9516441005802708,0.7195357833655706,0.9458413926499033,0.690522243713733,0.9400386847195358,-0.042553191489361764,15
4625015025,1398.0,237.66,17.0,30.1,408.88999787138636,5.451866638285152,7.572036997618266,True,True,True,0.8413001912045889,0.9598470363288719,0.8451242829827916,0.9541108986615678,0.8068833652007649,0.9483747609942639,-0.03441682600382401,0.7330754352030948,0.9516441005802708,0.7195357833655706,0.9458413926499033,0.688588007736944,0.9361702127659575,-0.044487427466150864,15
4625015026,1416.0,198.24,14.0,29.0,339.90480460974874,4.532064061463316,6.29453341869905,True,True,True,0.8413001912045889,0.9598470363288719,0.8451242829827916,0.9541108986615678,0.8087954110898662,0.9521988527724665,-0.03250478011472269,0.7330754352030948,0.9516441005802708,0.7195357833655706,0.9458413926499033,0.6982591876208898,0.9458413926499033,-0.03481624758220503,15
4625015027,977.0,158.274,16.2,35.5,411.47555815406724,5.486340775387563,7.619917743593837,True,True,True,0.8413001912045889,0.9598470363288719,0.8451242829827916,0.9541108986615678,0.8087954110898662,0.9521988527724665,-0.03250478011472269,0.7330754352030948,0.9516441005802708,0.7195357833655706,0.9458413926499033,0.6982591876208898,0.9458413926499033,-0.03481624758220503,15
4625015028,1176.0,129.36,11.0,24.8,737.1549587082704,9.828732782776939,13.65101775385686,True,True,True,0.8413001912045889,0.9598470363288719,0.8451242829827916,0.9541108986615678,0.8126195028680688,0.9521988527724665,-0.028680688336520044,0.7330754352030948,0.9516441005802708,0.7195357833655706,0.9458413926499033,0.6982591876208898,0.9458413926499033,-0.03481624758220503,15
4625015029,1048.0,293.44,28.0,22.0,967.3317314558315,12.897756419411087,17.913550582515395,True,False,False,0.8413001912045889,0.9598470363288719,0.8451242829827916,0.9541108986615678,0.8432122370936902,0.9579349904397706,0.0019120458891013214,0.7330754352030948,0.9516441005802708,0.7195357833655706,0.9458413926499033,0.7350096711798839,0.9535783365570599,0.0019342359767891004,15
4625015030,1878.0,516.45,27.5,30.1,247.48156113530118,3.2997541484706825,4.582991872875948,True,True,True,0.8413001912045889,0.9598470363288719,0.8451242829827916,0.9541108986615678,0.8068833652007649,0.9483747609942639,-0.03441682600382401,0.7330754352030948,0.9516441005802708,0.7195357833655706,0.9458413926499033,0.690522243713733,0.9400386847195358,-0.042553191489361764,15
4625015031,926.0,275.022,29.7,31.1,272.4869534646281,3.633159379528374,5.046054693789409,True,True,True,0.8413001912045889,0.9598470363288719,0.8451242829827916,0.9541108986615678,0.8240917782026769,0.9579349904397706,-0.017208413001912004,0.7330754352030948,0.9516441005802708,0.7195357833655706,0.9458413926499033,0.7079303675048356,0.9458413926499033,-0.025145067698259194,15
4625015032,929.0,172.794,18.6,28.1,609.3983599479527,8.125311465972704,11.285154813850975,True,True,True,0.8413001912045889,0.9598470363288719,0.8451242829827916,0.9541108986615678,0.8068833652007649,0.9483747609942639,-0.03441682600382401,0.7330754352030948,0.9516441005802708,0.7195357833655706,0.9458413926499033,0.6943907156673114,0.9400386847195358,-0.03868471953578345,15
4625015033,1317.0,271.302,20.6,24.9,342.7150451650668,4.569533935534224,6.3465749104641995,True,True,True,0.8413001912045889,0.9598470363288719,0.8451242829827916,0.9541108986615678,0.8260038240917782,0.9579349904397706,-0.015296367112810683,0.7330754352030948,0.9516441005802708,0.7195357833655706,0.9458413926499033,0.7137330754352031,0.9477756286266924,-0.01934235976789167,15
4625015034,1840.0,215.28,11.7,22.1,780.0717643740682,10.400956858320908,14.445773414334594,True,True,True,0.8413001912045889,0.9598470363288719,0.8451242829827916,0.9541108986615678,0.8317399617590823,0.9579349904397706,-0.009560229445506607,0.7330754352030948,0.9516441005802708,0.7195357833655706,0.9458413926499033,0.7176015473887815,0.9497098646034816,-0.015473887814313358,15
4625015035,1510.0,155.53000000000003,10.3,22.6,343.7175108014219,4.582900144018959,6.36513908891522,True,True,True,0.8413001912045889,0.9598470363288719,0.8451242829827916,0.9541108986615678,0.8240917782026769,0.9579349904397706,-0.017208413001912004,0.7330754352030948,0.9516441005802708,0.7195357833655706,0.9458413926499033,0.7098646034816247,0.9477756286266924,-0.023210831721470093,15
4625015036,1171.0,241.22600000000003,20.6,26.5,372.833566511288,4.971114220150507,6.9043253057645915,True,True,True,0.8413001912045889,0.9598470363288719,0.8451242829827916,0.9541108986615678,0.8240917782026769,0.9579349904397706,-0.017208413001912004,0.7330754352030948,0.9516441005802708,0.7195357833655706,0.9458413926499033,0.7098646034816247,0.9477756286266924,-0.023210831721470093,15
4625015037,1869.0,291.56399999999996,15.6,26.6,719.6244141021714,9.594992188028952,13.3263780389291,True,True,True,0.8413001912045889,0.9598470363288719,0.8451242829827916,0.9541108986615678,0.8413001912045889,0.9579349904397706,0.0,0.7330754352030948,0.9516441005802708,0.7195357833655706,0.9458413926499033,0.7292069632495164,0.9535783365570599,-0.003868471953578423,15
4625015038,2242.0,186.086,8.3,26.0,1172.6159871325003,15.634879828433338,21.71511087282408,False,False,False,0.8413001912045889,0.9598470363288719,0.8451242829827916,0.9541108986615678,0.8355640535372849,0.9579349904397706,-0.005736137667303964,0.7330754352030948,0.9516441005802708,0.7195357833655706,0.9458413926499033,0.7253384912959381,0.9516441005802708,-0.007736943907156735,15
4625015039,1294.0,260.094,20.1,27.8,844.2761062414039,11.257014749885384,15.634742708174146,True,False,False,0.8413001912045889,0.9598470363288719,0.8451242829827916,0.9541108986615678,0.8164435946462715,0.9541108986615678,-0.0248565965583174,0.7330754352030948,0.9516441005802708,0.7195357833655706,0.9458413926499033,0.7021276595744681,0.9458413926499033,-0.030947775628626717,15
4625015040,1525.0,135.725,8.9,25.0,371.4413348263699,4.952551131018265,6.878543237525368,True,True,True,0.8413001912045889,0.9598470363288719,0.8451242829827916,0.9541108986615678,0.8260038240917782,0.9579349904397706,-0.015296367112810683,0.7330754352030948,0.9516441005802708,0.7195357833655706,0.9458413926499033,0.7117988394584139,0.9477756286266924,-0.021276595744680882,15
4625016001,1694.0,372.68,22.0,28.6,755.8518297415798,10.078024396554396,13.997256106325551,True,True,True,0.8413001912045889,0.9598470363288719,0.8451242829827916,0.9541108986615678,0.8126195028680688,0.9502868068833652,-0.028680688336520044,0.7330754352030948,0.9516441005802708,0.7195357833655706,0.9458413926499033,0.6924564796905223,0.9439071566731141,-0.04061895551257255,16
4625016002,1935.0,410.22,21.2,29.7,643.3914233813374,8.578552311751166,11.914655988543284,True,True,True,0.8413001912045889,0.9598470363288719,0.8451242829827916,0.9541108986615678,0.8068833652007649,0.9464627151051626,-0.03441682600382401,0.7330754352030948,0.9516441005802708,0.7195357833655706,0.9458413926499033,0.6866537717601547,0.9400386847195358,-0.046421663442940075,16
4625016003,1953.0,408.17699999999996,20.9,27.1,708.3549414786087,9.444732553048116,13.117684101455716,True,True,True,0.8413001912045889,0.9598470363288719,0.8451242829827916,0.9541108986615678,0.8107074569789675,0.9483747609942639,-0.030592734225621365,0.7330754352030948,0.9516441005802708,0.7195357833655706,0.9458413926499033,0.688588007736944,0.9400386847195358,-0.044487427466150864,16
4625016004,844.0,130.82,15.5,35.0,558.8770840437971,7.451694453917296,10.349575630440688,True,True,True,0.8413001912045889,0.9598470363288719,0.8451242829827916,0.9541108986615678,0.8126195028680688,0.9483747609942639,-0.028680688336520044,0.7330754352030948,0.9516441005802708,0.7195357833655706,0.9458413926499033,0.688588007736944,0.941972920696325,-0.044487427466150864,16
4625016005,1700.0,300.9,17.7,26.2,745.9666102888841,9.946221470518454,13.814196486831186,True,True,True,0.8413001912045889,0.9598470363288719,0.8451242829827916,0.9541108986615678,0.8145315487571702,0.9521988527724665,-0.026768642447418722,0.7330754352030948,0.9516441005802708,0.7195357833655706,0.9458413926499033,0.6924564796905223,0.9458413926499033,-0.04061895551257255,16
4625016006,1934.0,404.20599999999996,20.9,29.0,574.0069985438093,7.653426647250791,10.629759232292766,True,True,True,0.8413001912045889,0.9598470363288719,0.8451242829827916,0.9541108986615678,0.8049713193116634,0.9445506692160612,-0.03632887189292544,0.7330754352030948,0.9516441005802708,0.7195357833655706,0.9458413926499033,0.6866537717601547,0.9323017408123792,-0.046421663442940075,16
4625016008,1721.0,263.31300000000005,15.3,27.8,451.78990379930207,6.023865383990694,8.366479699987075,True,True,True,0.8413001912045889,0.9598470363288719,0.8451242829827916,0.9541108986615678,0.8068833652007649,0.9464627151051626,-0.03441682600382401,0.7330754352030948,0.9516441005802708,0.7195357833655706,0.9458413926499033,0.6866537717601547,0.9361702127659575,-0.046421663442940075,16
4625016009,1333.0,186.62,14.0,26.6,679.4036480658674,9.0587153075449,12.581549038256805,True,True,True,0.8413001912045889,0.9598470363288719,0.8451242829827916,0.9541108986615678,0.8068833652007649,0.9445506692160612,-0.03441682600382401,0.7330754352030948,0.9516441005802708,0.7195357833655706,0.9458413926499033,0.6866537717601547,0.9342359767891683,-0.046421663442940075,16
4625016010,1090.0,210.37,19.3,29.6,535.6822883773456,7.142430511697941,9.92004237735825,True,True,True,0.8413001912045889,0.9598470363288719,0.8451242829827916,0.9541108986615678,0.8068833652007649,0.9464627151051626,-0.03441682600382401,0.7330754352030948,0.9516441005802708,0.7195357833655706,0.9458413926499033,0.6866537717601547,0.9361702127659575,-0.046421663442940075,16
4625016011,1456.0,269.36,18.5,28.7,331.72876366012105,4.423050182134947,6.143125252965205,True,True,True,0.8413001912045889,0.9598470363288719,0.8451242829827916,0.9541108986615678,0.8068833652007649,0.9464627151051626,-0.03441682600382401,0.7330754352030948,0.9516441005802708,0.7195357833655706,0.9458413926499033,0.688588007736944,0.9400386847195358,-0.044487427466150864,16
4625016012,1004.0,175.7,17.5,23.8,310.0914505850688,4.134552674467584,5.742434270093867,True,True,True,0.8413001912045889,0.9598470363288719,0.8451242829827916,0.9541108986615678,0.8107074569789675,0.9483747609942639,-0.030592734225621365,0.7330754352030948,0.9516441005802708,0.7195357833655706,0.9458413926499033,0.688588007736944,0.9400386847195358,-0.044487427466150864,16
4625016013,1369.0,279.276,20.4,29.1,500.5034886948731,6.6733798492649745,9.268583123979132,True,True,True,0.8413001912045889,0.9598470363288719,0.8451242829827916,0.9541108986615678,0.8126195028680688,0.9521988527724665,-0.028680688336520044,0.7330754352030948,0.9516441005802708,0.7195357833655706,0.9458413926499033,0.6924564796905223,0.9439071566731141,-0.04061895551257255,16
4625016014,1377.0,337.365,24.5,20.8,554.754992630298,7.3967332350706405,10.273240604264778,True,True,True,0.8413001912045889,0.9598470363288719,0.8451242829827916,0.9541108986615678,0.8126195028680688,0.9521988527724665,-0.028680688336520044,0.7330754352030948,0.9516441005802708,0.7195357833655706,0.9458413926499033,0.6924564796905223,0.9458413926499033,-0.04061895551257255,16
4625016015,1446.0,455.49,31.5,21.9,231.96028928875023,3.0928038571833363,4.295560912754634,True,True,True,0.8413001912045889,0.9598470363288719,0.8451242829827916,0.9541108986615678,0.8068833652007649,0.9483747609942639,-0.03441682600382401,0.7330754352030948,0.9516441005802708,0.7195357833655706,0.9458413926499033,0.688588007736944,0.9400386847195358,-0.044487427466150864,16
4625016016,1335.0,435.21,32.6,27.0,297.0889917716133,3.9611865569548437,5.5016479957706155,True,True,True,0.8413001912045889,0.9598470363288719,0.8451242829827916,0.9541108986615678,0.8068833652007649,0.9483747609942639,-0.03441682600382401,0.7330754352030948,0.9516441005802708,0.7195357833655706,0.9458413926499033,0.6866537717601547,0.9400386847195358,-0.046421663442940075,16
4625016018,898.0,233.48,26.0,24.9,130.59962789357857,1.741328371914381,2.4185116276588627,True,True,True,0.8413001912045889,0.9598470363288719,0.8451242829827916,0.9541108986615678,0.8087954110898662,0.9502868068833652,-0.03250478011472269,0.7330754352030948,0.9516441005802708,0.7195357833655706,0.9458413926499033,0.688588007736944,0.941972920696325,-0.044487427466150864,16
4625016019,1816.0,177.96800000000002,9.8,32.7,914.0554452573947,12.187405936765263,16.926952689951754,True,False,False,0.8413001912045889,0.9598470363288719,0.8451242829827916,0.9541108986615678,0.8126195028680688,0.9502868068833652,-0.028680688336520044,0.7330754352030948,0.9516441005802708,0.7195357833655706,0.9458413926499033,0.6924564796905223,0.9458413926499033,-0.04061895551257255,16
4625016020,1569.0,335.76599999999996,21.4,26.8,1056.392486590234,14.085233154536455,19.562823825745074,True,False,False,0.8413001912045889,0.9598470363288719,0.8451242829827916,0.9541108986615678,0.8202676864244742,0.9541108986615678,-0.021032504780114647,0.7330754352030948,0.9516441005802708,0.7195357833655706,0.9458413926499033,0.6963249516441006,0.9458413926499033,-0.03675048355899424,16
4625016021,1331.0,319.44,24.0,24.9,916.044099505755,12.2139213267434,16.963779620476945,True,False,False,0.8413001912045889,0.9598470363288719,0.8451242829827916,0.9541108986615678,0.8164435946462715,0.9541108986615678,-0.0248565965583174,0.7330754352030948,0.9516441005802708,0.7195357833655706,0.9458413926499033,0.6963249516441006,0.9458413926499033,-0.03675048355899424,16
4625016022,1058.0,208.426,19.7,29.0,747.6244648886403,9.968326198515204,13.844897497937783,True,True,True,0.8413001912045889,0.9598470363288719,0.8451242829827916,0.9541108986615678,0.8145315487571702,0.9521988527724665,-0.026768642447418722,0.7330754352030948,0.9516441005802708,0.7195357833655706,0.9458413926499033,0.6963249516441006,0.9458413926499033,-0.03675048355899424,16
4625016023,2386.0,384.1460000000001,16.1,24.3,2602.6985614990977,34.702647486654634,48.19812150924255,False,False,False,0.8413001912045889,0.9598470363288719,0.8451242829827916,0.9541108986615678,0.8260038240917782,0.9541108986615678,-0.015296367112810683,0.7330754352030948,0.9516441005802708,0.7195357833655706,0.9458413926499033,0.7059961315280464,0.9477756286266924,-0.027079303675048405,16
4625016024,1393.0,352.42900000000003,25.3,24.3,125.52968084671195,1.6737290779561595,2.3246237193835544,True,True,True,0.8413001912045889,0.9598470363288719,0.8451242829827916,0.9541108986615678,0.8068833652007649,0.9483747609942639,-0.03441682600382401,0.7330754352030948,0.9516441005802708,0.7195357833655706,0.9458413926499033,0.690522243713733,0.9400386847195358,-0.042553191489361764,16
4625016025,1245.0,271.41,21.8,28.4,173.65432912952497,2.3153910550603327,3.215820909806018,True,True,True,0.8413001912045889,0.9598470363288719,0.8451242829827916,0.9541108986615678,0.8068833652007649,0.9464627151051626,-0.03441682600382401,0.7330754352030948,0.9516441005802708,0.7195357833655706,0.9458413926499033,0.688588007736944,0.9400386847195358,-0.044487427466150864,16
4625016026,1400.0,362.6,25.9,26.3,310.702801030541,4.142704013740547,5.753755574639649,True,True,True,0.8413001912045889,0.9598470363288719,0.8451242829827916,0.9541108986615678,0.8126195028680688,0.9521988527724665,-0.028680688336520044,0.7330754352030948,0.9516441005802708,0.7195357833655706,0.9458413926499033,0.6924564796905223,0.9439071566731141,-0.04061895551257255,16
4625016027,1319.0,357.449,27.1,34.4,359.93191809377146,4.799092241250286,6.665405890625397,True,True,True,0.8413001912045889,0.9598470363288719,0.8451242829827916,0.9541108986615678,0.8107074569789675,0.9464627151051626,-0.030592734225621365,0.7330754352030948,0.9516441005802708,0.7195357833655706,0.9458413926499033,0.688588007736944,0.9400386847195358,-0.044487427466150864,16
4625016028,1390.0,351.67,25.3,28.2,75.75505656737937,1.0100674208983915,1.4028714179144328,True,True,True,0.8413001912045889,0.9598470363288719,0.8451242829827916,0.9541108986615678,0.8107074569789675,0.9483747609942639,-0.030592734225621365,0.7330754352030948,0.9516441005802708,0.7195357833655706,0.9458413926499033,0.688588007736944,0.9400386847195358,-0.044487427466150864,16
4625016029,1847.0,90.50300000000001,4.9,21.9,337.8713298336575,4.5049510644487665,6.2568764784010655,True,True,True,0.8413001912045889,0.9598470363288719,0.8451242829827916,0.9541108986615678,0.8087954110898662,0.9502868068833652,-0.03250478011472269,0.7330754352030948,0.9516441005802708,0.7195357833655706,0.9458413926499033,0.6943907156673114,0.941972920696325,-0.03868471953578345,16
4625016030,1980.0,209.88,10.6,23.7,413.5885679037451,5.514514238716601,7.659047553773058,True,True,True,0.8413001912045889,0.9598470363288719,0.8451242829827916,0.9541108986615678,0.8068833652007649,0.9483747609942639,-0.03441682600382401,0.7330754352030948,0.9516441005802708,0.7195357833655706,0.9458413926499033,0.690522243713733,0.941972920696325,-0.042553191489361764,16
4625016031,1537.0,325.844,21.2,31.9,418.8774080406645,5.58503210720886,7.756989037790082,True,True,True,0.8413001912045889,0.9598470363288719,0.8451242829827916,0.9541108986615678,0.8068833652007649,0.9464627151051626,-0.03441682600382401,0.7330754352030948,0.9516441005802708,0.7195357833655706,0.9458413926499033,0.6866537717601547,0.9400386847195358,-0.046421663442940075,16
4625016032,2679.0,176.81399999999996,6.6,29.3,695.5243759304019,9.273658345738692,12.880081035748184,True,True,True,0.8413001912045889,0.9598470363288719,0.8451242829827916,0.9541108986615678,0.8145315487571702,0.9521988527724665,-0.026768642447418722,0.7330754352030948,0.9516441005802708,0.7195357833655706,0.9458413926499033,0.6943907156673114,0.9458413926499033,-0.03868471953578345,16
4625017001,1437.0,326.19899999999996,22.7,32.3,916.6347272685596,12.221796363580795,16.97471717163999,True,False,False,0.8413001912045889,0.9598470363288719,0.8451242829827916,0.9541108986615678,0.847036328871893,0.9598470363288719,0.005736137667304075,0.7330754352030948,0.9516441005802708,0.7195357833655706,0.9458413926499033,0.746615087040619,0.9535783365570599,0.013539651837524147,17
4625017002,691.0,134.054,19.4,26.2,2070.207534563992,27.60276712751989,38.33717656599985,False,False,False,0.8413001912045889,0.9598470363288719,0.8451242829827916,0.9541108986615678,0.8260038240917782,0.9579349904397706,-0.015296367112810683,0.7330754352030948,0.9516441005802708,0.7195357833655706,0.9458413926499033,0.7059961315280464,0.9477756286266924,-0.027079303675048405,17
4625017003,1206.0,328.032,27.2,27.6,1397.018624764321,18.626914996857614,25.87071527341335,False,False,False,0.8413001912045889,0.9598470363288719,0.8451242829827916,0.9541108986615678,0.8298279158699808,0.9579349904397706,-0.01147227533460804,0.7330754352030948,0.9516441005802708,0.7195357833655706,0.9458413926499033,0.7156673114119922,0.9497098646034816,-0.01740812379110257,17
4625017006,2569.0,357.091,13.9,22.1,1897.9501400123568,25.306001866831423,35.14722481504364,False,False,False,0.8413001912045889,0.9598470363288719,0.8451242829827916,0.9541108986615678,0.8355640535372849,0.9579349904397706,-0.005736137667303964,0.7330754352030948,0.9516441005802708,0.7195357833655706,0.9458413926499033,0.723404255319149,0.9516441005802708,-0.009671179883945835,17
4625017007,739.0,175.143,23.7,29.0,2910.9850685374477,38.81313424716597,53.90713089884162,False,False,False,0.8413001912045889,0.9598470363288719,0.8451242829827916,0.9541108986615678,0.8298279158699808,0.9579349904397706,-0.01147227533460804,0.7330754352030948,0.9516441005802708,0.7195357833655706,0.9458413926499033,0.7117988394584139,0.9497098646034816,-0.021276595744680882,17
4625018001,1520.0,320.72,21.1,24.9,197.45222713269726,2.632696361769297,3.6565227246795784,True,True,True,0.8413001912045889,0.9598470363288719,0.8451242829827916,0.9541108986615678,0.8298279158699808,0.9560229445506692,-0.01147227533460804,0.7330754352030948,0.9516441005802708,0.7195357833655706,0.9458413926499033,0.7059961315280464,0.9477756286266924,-0.027079303675048405,18
4625018002,1071.0,220.62600000000003,20.6,28.0,262.85149391354133,3.5046865855138845,4.867620257658173,True,True,True,0.8413001912045889,0.9598470363288719,0.8451242829827916,0.9541108986615678,0.8298279158699808,0.9560229445506692,-0.01147227533460804,0.7330754352030948,0.9516441005802708,0.7195357833655706,0.9458413926499033,0.7059961315280464,0.9477756286266924,-0.027079303675048405,18
4625018003,1005.0,256.275,25.5,22.1,751.3018407306597,10.017357876408797,13.912997050567773,True,True,True,0.8413001912045889,0.9598470363288719,0.8451242829827916,0.9541108986615678,0.8298279158699808,0.9560229445506692,-0.01147227533460804,0.7330754352030948,0.9516441005802708,0.7195357833655706,0.9458413926499033,0.7098646034816247,0.9477756286266924,-0.023210831721470093,18
4625018004,2391.0,466.245,19.5,26.0,2387.0573639160707,31.827431518880942,44.20476599844575,False,False,False,0.8413001912045889,0.9598470363288719,0.8451242829827916,0.9541108986615678,0.8260038240917782,0.9541108986615678,-0.015296367112810683,0.7330754352030948,0.9516441005802708,0.7195357833655706,0.9458413926499033,0.7059961315280464,0.9458413926499033,-0.027079303675048405,18
4625018005,1255.0,248.49,19.8,31.7,636.4375536750726,8.48583404900097,11.785880623612456,True,True,True,0.8413001912045889,0.9598470363288719,0.8451242829827916,0.9541108986615678,0.8298279158699808,0.9560229445506692,-0.01147227533460804,0.7330754352030948,0.9516441005802708,0.7195357833655706,0.9458413926499033,0.7059961315280464,0.9477756286266924,-0.027079303675048405,18
4625018006,1451.0,281.49399999999997,19.4,28.9,581.3275534856532,7.751034046475376,10.765325064549133,True,True,True,0.8413001912045889,0.9598470363288719,0.8451242829827916,0.9541108986615678,0.8298279158699808,0.9560229445506692,-0.01147227533460804,0.7330754352030948,0.9516441005802708,0.7195357833655706,0.9458413926499033,0.7059961315280464,0.9477756286266924,-0.027079303675048405,18
4625018007,1764.0,252.252,14.3,31.4,1257.472722150577,16.766302962007693,23.286531891677352,False,False,False,0.8413001912045889,0.9598470363288719,0.8451242829827916,0.9541108986615678,0.8298279158699808,0.9560229445506692,-0.01147227533460804,0.7330754352030948,0.9516441005802708,0.7195357833655706,0.9458413926499033,0.7098646034816247,0.9477756286266924,-0.023210831721470093,18
4625018008,1971.0,374.49,19.0,27.6,440.08201714259917,5.867760228567989,8.149666984122208,True,True,True,0.8413001912045889,0.9598470363288719,0.8451242829827916,0.9541108986615678,0.8298279158699808,0.9560229445506692,-0.01147227533460804,0.7330754352030948,0.9516441005802708,0.7195357833655706,0.9458413926499033,0.7059961315280464,0.9477756286266924,-0.027079303675048405,18
4625018009,1610.0,333.27,20.7,25.5,588.4362108365145,7.845816144486861,10.896966867342861,True,True,True,0.8413001912045889,0.9598470363288719,0.8451242829827916,0.9541108986615678,0.8298279158699808,0.9560229445506692,-0.01147227533460804,0.7330754352030948,0.9516441005802708,0.7195357833655706,0.9458413926499033,0.7098646034816247,0.9477756286266924,-0.023210831721470093,18
4625018010,1039.0,187.02,18.0,25.1,81.95550594090467,1.0927400792120623,1.5176945544611975,True,True,True,0.8413001912045889,0.9598470363288719,0.8451242829827916,0.9541108986615678,0.8298279158699808,0.9560229445506692,-0.01147227533460804,0.7330754352030948,0.9516441005802708,0.7195357833655706,0.9458413926499033,0.7059961315280464,0.9477756286266924,-0.027079303675048405,18
4625019001,1356.0,283.404,20.9,26.4,1442.7243664339985,19.236324885786647,26.7171178969259,False,False,False,0.8413001912045889,0.9598470363288719,0.8451242829827916,0.9541108986615678,0.858508604206501,0.9636711281070746,0.017208413001912115,0.7330754352030948,0.9516441005802708,0.7195357833655706,0.9458413926499033,0.7601547388781431,0.9555125725338491,0.027079303675048294,19
4625019002,717.0,184.98600000000002,25.8,29.7,2782.1352053308656,37.09513607107821,51.52102232094195,False,False,False,0.8413001912045889,0.9598470363288719,0.8451242829827916,0.9541108986615678,0.8738049713193117,0.9694072657743786,0.0325047801147228,0.7330754352030948,0.9516441005802708,0.7195357833655706,0.9458413926499033,0.7659574468085106,0.9690522243713733,0.03288201160541582,19
4625019003,1686.0,347.31600000000003,20.6,26.2,2624.575027308829,34.99433369745105,48.60324124645979,False,False,False,0.8413001912045889,0.9598470363288719,0.8451242829827916,0.9541108986615678,0.8738049713193117,0.9674952198852772,0.0325047801147228,0.7330754352030948,0.9516441005802708,0.7195357833655706,0.9458413926499033,0.7620889748549323,0.9632495164410058,0.029013539651837505,19
4625019004,1189.0,278.226,23.4,26.8,2882.0926835162495,38.42790244688332,53.372086731782396,False,False,False,0.8413001912045889,0.9598470363288719,0.8451242829827916,0.9541108986615678,0.8738049713193117,0.9694072657743786,0.0325047801147228,0.7330754352030948,0.9516441005802708,0.7195357833655706,0.9458413926499033,0.7659574468085106,0.9690522243713733,0.03288201160541582,19
4625019005,2224.0,502.624,22.6,22.5,4348.0868874191765,57.97449183225569,80.52012754479956,False,False,False,0.8413001912045889,0.9598470363288719,0.8451242829827916,0.9541108986615678,0.875717017208413,0.9694072657743786,0.03441682600382412,0.7330754352030948,0.9516441005802708,0.7195357833655706,0.9458413926499033,0.7659574468085106,0.9690522243713733,0.03288201160541582,19
4625019006,1801.0,405.225,22.5,27.8,3736.4924688028773,49.81989958403836,69.19430497783105,False,False,False,0.8413001912045889,0.9598470363288719,0.8451242829827916,0.9541108986615678,0.875717017208413,0.9694072657743786,0.03441682600382412,0.7330754352030948,0.9516441005802708,0.7195357833655706,0.9458413926499033,0.7736943907156673,0.9709864603481625,0.04061895551257244,19
4625019009,750.0,216.75,28.9,26.0,4648.666654697094,61.98222206262791,86.08641953142767,False,False,False,0.8413001912045889,0.9598470363288719,0.8451242829827916,0.9541108986615678,0.8565965583173997,0.9636711281070746,0.015296367112810794,0.7330754352030948,0.9516441005802708,0.7195357833655706,0.9458413926499033,0.758220502901354,0.9555125725338491,0.025145067698259194,19
4625019011,1039.0,171.435,16.5,29.7,292.75347951030716,3.9033797268040957,5.421360731672355,True,True,True,0.8413001912045889,0.9598470363288719,0.8451242829827916,0.9541108986615678,0.847036328871893,0.9598470363288719,0.005736137667304075,0.7330754352030948,0.9516441005802708,0.7195357833655706,0.9458413926499033,0.746615087040619,0.9555125725338491,0.013539651837524147,19
4625019012,2552.0,273.06399999999996,10.7,37.4,2542.0647545127035,33.89419672683605,47.075273231716736,False,False,False,0.8413001912045889,0.9598470363288719,0.8451242829827916,0.9541108986615678,0.8374760994263862,0.9598470363288719,-0.003824091778202643,0.7330754352030948,0.9516441005802708,0.7195357833655706,0.9458413926499033,0.7292069632495164,0.9516441005802708,-0.003868471953578423,19
4625019013,1633.0,365.792,22.4,27.5,384.8354799868414,5.131139733157885,7.126582962719285,True,True,True,0.8413001912045889,0.9598470363288719,0.8451242829827916,0.9541108986615678,0.8489483747609943,0.9598470363288719,0.007648183556405397,0.7330754352030948,0.9516441005802708,0.7195357833655706,0.9458413926499033,0.746615087040619,0.9555125725338491,0.013539651837524147,19
4625019014,1573.0,424.71,27.0,27.3,690.6049815646921,9.208066420862561,12.788981140086891,True,True,True,0.8413001912045889,0.9598470363288719,0.8451242829827916,0.9541108986615678,0.8508604206500956,0.9598470363288719,0.009560229445506718,0.7330754352030948,0.9516441005802708,0.7195357833655706,0.9458413926499033,0.7485493230174082,0.9555125725338491,0.015473887814313358,19
4625019015,1033.0,279.94300000000004,27.1,25.6,3169.322806289725,42.257637417196335,58.69116307943935,False,False,False,0.8413001912045889,0.9598470363288719,0.8451242829827916,0.9541108986615678,0.875717017208413,0.9694072657743786,0.03441682600382412,0.7330754352030948,0.9516441005802708,0.7195357833655706,0.9458413926499033,0.7678916827852998,0.9690522243713733,0.03481624758220503,19
4625019016,1507.0,313.456,20.8,45.4,8449.644901060983,112.66193201414644,156.4749055752034,False,False,False,0.8413001912045889,0.9598470363288719,0.8451242829827916,0.9541108986615678,0.8565965583173997,0.9636711281070746,0.015296367112810794,0.7330754352030948,0.9516441005802708,0.7195357833655706,0.9458413926499033,0.758220502901354,0.9555125725338491,0.025145067698259194,19
4625004019,1431.0,161.703,11.3,23.3,199.8511330126176,2.664681773501568,3.7009469076410664,True,True,True,0.8413001912045889,0.9598470363288719,0.8451242829827916,0.9541108986615678,0.8298279158699808,0.9560229445506692,-0.01147227533460804,0.7330754352030948,0.9516441005802708,0.7195357833655706,0.9458413926499033,0.7137330754352031,0.9497098646034816,-0.01934235976789167,04
4625004025,1792.0,281.344,15.7,26.0,713.2723859263218,9.510298479017624,13.208747887524478,True,True,True,0.8413001912045889,0.9598470363288719,0.8451242829827916,0.9541108986615678,0.8298279158699808,0.9560229445506692,-0.01147227533460804,0.7330754352030948,0.9516441005802708,0.7195357833655706,0.9458413926499033,0.7098646034816247,0.9477756286266924,-0.023210831721470093,04
4625004030,1923.0,171.14700000000002,8.9,20.5,600.1487014872163,8.001982686496216,11.113864842355857,True,True,True,0.8413001912045889,0.9598470363288719,0.8451242829827916,0.9541108986615678,0.8260038240917782,0.9521988527724665,-0.015296367112810683,0.7330754352030948,0.9516441005802708,0.7195357833655706,0.9458413926499033,0.7001934235976789,0.9439071566731141,-0.03288201160541593,04
4625004029,1283.0,201.43099999999998,15.7,23.4,278.48043576891916,3.7130724769189225,5.157045106831836,True,True,True,0.8413001912045889,0.9598470363288719,0.8451242829827916,0.9541108986615678,0.8260038240917782,0.9521988527724665,-0.015296367112810683,0.7330754352030948,0.9516441005802708,0.7195357833655706,0.9458413926499033,0.7001934235976789,0.9439071566731141,-0.03288201160541593,04
4625005041,1385.0,289.465,20.9,29.9,885.9540510238152,11.812720680317536,16.40655650044102,True,False,False,0.8413001912045889,0.9598470363288719,0.8451242829827916,0.9541108986615678,0.8087954110898662,0.9483747609942639,-0.03250478011472269,0.7330754352030948,0.9516441005802708,0.7195357833655706,0.9458413926499033,0.6963249516441006,0.941972920696325,-0.03675048355899424,05
4625005044,878.0,237.93800000000002,27.1,30.3,730.6837713843955,9.742450285125274,13.53118095156288,True,True,True,0.8413001912045889,0.9598470363288719,0.8451242829827916,0.9541108986615678,0.8107074569789675,0.9521988527724665,-0.030592734225621365,0.7330754352030948,0.9516441005802708,0.7195357833655706,0.9458413926499033,0.7001934235976789,0.9458413926499033,-0.03288201160541593,05
4625010040,1916.0,337.21600000000007,17.6,28.1,775.287692892833,10.337169238571107,14.357179498015425,True,True,True,0.8413001912045889,0.9598470363288719,0.8451242829827916,0.9541108986615678,0.8986615678776291,0.9732313575525813,0.0573613766730402,0.7330754352030948,0.9516441005802708,0.7195357833655706,0.9458413926499033,0.781431334622824,0.9787234042553191,0.048355899419729176,10
4625010055,2578.0,152.102,5.9,30.0,959.1941837957556,12.789255783943409,17.762855255476957,True,False,False,0.8413001912045889,0.9598470363288719,0.8451242829827916,0.9541108986615678,0.8795411089866156,0.97131931166348,0.03824091778202676,0.7330754352030948,0.9516441005802708,0.7195357833655706,0.9458413926499033,0.7736943907156673,0.9748549323017408,0.04061895551257244,10
4625012042,1492.0,177.548,11.9,24.9,764.9095073244948,10.198793430993264,14.164990876379534,True,True,True,0.8413001912045889,0.9598470363288719,0.8451242829827916,0.9541108986615678,0.9024856596558317,0.9751434034416826,0.06118546845124284,0.7330754352030948,0.9516441005802708,0.7195357833655706,0.9458413926499033,0.7949709864603481,0.9787234042553191,0.06189555125725332,12
4625012048,1670.0,225.45,13.5,21.6,1154.7719698269239,15.39695959769232,21.384666107905996,False,False,False,0.8413001912045889,0.9598470363288719,0.8451242829827916,0.9541108986615678,0.9024856596558317,0.9751434034416826,0.06118546845124284,0.7330754352030948,0.9516441005802708,0.7195357833655706,0.9458413926499033,0.7852998065764023,0.9787234042553191,0.05222437137330749,12
4625016017,1868.0,259.652,13.9,24.5,280.2511189705223,3.7366815862736313,5.189835536491154,True,True,True,0.8413001912045889,0.9598470363288719,0.8451242829827916,0.9541108986615678,0.8068833652007649,0.9483747609942639,-0.03441682600382401,0.7330754352030948,0.9516441005802708,0.7195357833655706,0.9458413926499033,0.6943907156673114,0.941972920696325,-0.03868471953578345,16
4625016033,1819.0,143.701,7.9,29.4,872.1793708592941,11.629058278123921,16.151469830727667,True,False,False,0.8413001912045889,0.9598470363288719,0.8451242829827916,0.9541108986615678,0.8145315487571702,0.9541108986615678,-0.026768642447418722,0.7330754352030948,0.9516441005802708,0.7195357833655706,0.9458413926499033,0.7001934235976789,0.9458413926499033,-0.03288201160541593,16
4625019007,765.0,212.67,27.8,32.0,5727.91837541508,76.3722450055344,106.07256250768665,False,False,False,0.8413001912045889,0.9598470363288719,0.8451242829827916,0.9541108986615678,0.8738049713193117,0.9694072657743786,0.0325047801147228,0.7330754352030948,0.9516441005802708,0.7195357833655706,0.9458413926499033,0.7640232108317214,0.9671179883945842,0.030947775628626606,19
4625019008,1986.0,395.21399999999994,19.9,38.0,2722.297987902176,36.29730650536235,50.41292570189215,False,False,False,0.8413001912045889,0.9598470363288719,0.8451242829827916,0.9541108986615678,0.8565965583173997,0.9636711281070746,0.015296367112810794,0.7330754352030948,0.9516441005802708,0.7195357833655706,0.9458413926499033,0.758220502901354,0.9555125725338491,0.025145067698259194,19
4625011012,1755.0,401.895,22.9,38.3,859.5623272480992,11.460831029974656,15.9178208749648,True,False,False,0.8413001912045889,0.9598470363288719,0.8451242829827916,0.9541108986615678,0.8910133843212237,0.9732313575525813,0.0497131931166348,0.7330754352030948,0.9516441005802708,0.7195357833655706,0.9458413926499033,0.816247582205029,0.9787234042553191,0.0831721470019342,11
4625002039,1558.0,428.45,27.5,33.2,1103.8762265844593,14.718349687792792,20.442152344156657,True,False,False,0.8413001912045889,0.9598470363288719,0.8451242829827916,0.9541108986615678,0.8432122370936902,0.9598470363288719,0.0019120458891013214,0.7330754352030948,0.9516441005802708,0.7195357833655706,0.9458413926499033,0.7311411992263056,0.9516441005802708,-0.0019342359767892114,02
4625007027,3664.0,527.616,14.4,30.2,484.50085049051165,6.460011339873489,8.972237972046512,True,True,True,0.8413001912045889,0.9598470363288719,0.8451242829827916,0.9541108986615678,0.8432122370936902,0.9579349904397706,0.0019120458891013214,0.7330754352030948,0.9516441005802708,0.7195357833655706,0.9458413926499033,0.7272727272727273,0.9497098646034816,-0.005802707930367523,07
4625008001,1881.0,411.93899999999996,21.9,37.1,903.8198342816145,12.050931123754859,16.737404338548416,True,False,False,0.8413001912045889,0.9598470363288719,0.8451242829827916,0.9541108986615678,0.8298279158699808,0.9560229445506692,-0.01147227533460804,0.7330754352030948,0.9516441005802708,0.7195357833655706,0.9458413926499033,0.7117988394584139,0.9477756286266924,-0.021276595744680882,08
4625011028,1466.0,322.52,22.0,35.1,737.848605469161,9.837981406255482,13.663863064243722,True,True,True,0.8413001912045889,0.9598470363288719,0.8451242829827916,0.9541108986615678,0.892925430210325,0.9732313575525813,0.05162523900573612,0.7330754352030948,0.9516441005802708,0.7195357833655706,0.9458413926499033,0.8278529980657641,0.9806576402321083,0.09477756286266925,11
4625010043,2432.0,362.36800000000005,14.9,25.4,989.8434420518784,13.197912560691712,18.33043411207182,True,False,False,0.8413001912045889,0.9598470363288719,0.8451242829827916,0.9541108986615678,0.8738049713193117,0.9674952198852772,0.0325047801147228,0.7330754352030948,0.9516441005802708,0.7195357833655706,0.9458413926499033,0.7620889748549323,0.9613152804642167,0.029013539651837505,10
4625010039,1949.0,76.011,3.9,24.8,1612.5086265342766,21.50011502045702,29.86127086174586,False,False,False,0.8413001912045889,0.9598470363288719,0.8451242829827916,0.9541108986615678,0.8604206500956023,0.9655831739961759,0.019120458891013437,0.7330754352030948,0.9516441005802708,0.7195357833655706,0.9458413926499033,0.7620889748549323,0.9555125725338491,0.029013539651837505,10
4625010051,1340.0,234.5,17.5,28.3,559.5723405366354,7.4609645404884715,10.362450750678432,True,True,True,0.8413001912045889,0.9598470363288719,0.8451242829827916,0.9541108986615678,0.858508604206501,0.9636711281070746,0.017208413001912115,0.7330754352030948,0.9516441005802708,0.7195357833655706,0.9458413926499033,0.758220502901354,0.9555125725338491,0.025145067698259194,10
4625010028,1281.0,338.184,26.4,28.8,244.4085300835351,3.2587804011138015,4.526083890435836,True,True,True,0.8413001912045889,0.9598470363288719,0.8451242829827916,0.9541108986615678,0.858508604206501,0.9636711281070746,0.017208413001912115,0.7330754352030948,0.9516441005802708,0.7195357833655706,0.9458413926499033,0.7524177949709865,0.9555125725338491,0.01934235976789167,10
4625009038,2230.0,254.22,11.4,30.1,465.2572240035955,6.203429653381274,8.615874518585104,True,True,True,0.8413001912045889,0.9598470363288719,0.8451242829827916,0.9541108986615678,0.8489483747609943,0.9598470363288719,0.007648183556405397,0.7330754352030948,0.9516441005802708,0.7195357833655706,0.9458413926499033,0.746615087040619,0.9555125725338491,0.013539651837524147,09
4625010048,2154.0,454.494,21.1,24.1,617.642618398578,8.23523491198104,11.437826266640332,True,True,True,0.8413001912045889,0.9598470363288719,0.8451242829827916,0.9541108986615678,0.858508604206501,0.9636711281070746,0.017208413001912115,0.7330754352030948,0.9516441005802708,0.7195357833655706,0.9458413926499033,0.7543520309477756,0.9555125725338491,0.02127659574468077,10
