CUSEC,poblacion,pob_65,pct_65,pct_unipersonal,dist_m,t_min_A,t_min_B,servida_A,servida_B,alcanzable,frac_C_uniforme_manana_10_12,frac_C_uniforme_manana_10_12_u32,frac_C2_uniforme_diaria_manana_10_12,frac_C2_uniforme_diaria_manana_10_12_u32,frac_D_observada_manana_10_12,frac_D_observada_manana_10_12_u32,delta_manana_10_12,frac_C_uniforme_tarde_16_18,frac_C_uniforme_tarde_16_18_u32,frac_C2_uniforme_diaria_tarde_16_18,frac_C2_uniforme_diaria_tarde_16_18_u32,frac_D_observada_tarde_16_18,frac_D_observada_tarde_16_18_u32,delta_tarde_16_18,distrito
4625001001,873.0,186.82199999999997,21.4,45.7,211.30947910816258,2.8174597214421677,3.9131385020030103,True,True,True,0.8413001912045889,0.9598470363288719,0.8451242829827916,0.9541108986615678,0.8298279158699808,0.9598470363288719,-0.01147227533460804,0.7330754352030948,0.9516441005802708,0.7195357833655706,0.9458413926499033,0.7059961315280464,0.941972920696325,-0.027079303675048405,01
4625001002,1067.0,195.26100000000002,18.3,39.7,408.32771795120357,5.444369572682715,7.561624406503769,True,True,True,0.8413001912045889,0.9598470363288719,0.8451242829827916,0.9541108986615678,0.8298279158699808,0.9598470363288719,-0.01147227533460804,0.7330754352030948,0.9516441005802708,0.7195357833655706,0.9458413926499033,0.7059961315280464,0.941972920696325,-0.027079303675048405,01
4625001003,1000.0,196.0,19.6,44.9,453.97763637578817,6.053035151677176,8.406993266218299,True,True,True,0.8413001912045889,0.9598470363288719,0.8451242829827916,0.9541108986615678,0.8279158699808795,0.9598470363288719,-0.013384321223709361,0.7330754352030948,0.9516441005802708,0.7195357833655706,0.9458413926499033,0.7040618955512572,0.941972920696325,-0.029013539651837617,01
4625001005,1074.0,245.946,22.9,43.0,116.13501354507781,1.5484668472677041,2.1506483989829226,True,True,True,0.8413001912045889,0.9598470363288719,0.8451242829827916,0.9541108986615678,0.8298279158699808,0.9598470363288719,-0.01147227533460804,0.7330754352030948,0.9516441005802708,0.7195357833655706,0.9458413926499033,0.7059961315280464,0.941972920696325,-0.027079303675048405,01
4625001007,803.0,186.296,23.2,40.4,478.1318516695837,6.375091355594449,8.854293549436735,True,True,True,0.8413001912045889,0.9598470363288719,0.8451242829827916,0.9541108986615678,0.8317399617590823,0.9598470363288719,-0.009560229445506607,0.7330754352030948,0.9516441005802708,0.7195357833655706,0.9458413926499033,0.7059961315280464,0.9439071566731141,-0.027079303675048405,01
4625001008,997.0,199.4,20.0,37.3,285.92014070789975,3.8122685427719967,5.2948174205166625,True,True,True,0.8413001912045889,0.9598470363288719,0.8451242829827916,0.9541108986615678,0.8317399617590823,0.9598470363288719,-0.009560229445506607,0.7330754352030948,0.9516441005802708,0.7195357833655706,0.9458413926499033,0.7117988394584139,0.9439071566731141,-0.021276595744680882,01
4625001009,1102.0,281.01,25.5,32.4,643.7849796534429,8.58379972871257,11.921944067656348,True,True,True,0.8413001912045889,0.9598470363288719,0.8451242829827916,0.9541108986615678,0.8393881453154876,0.9598470363288719,-0.0019120458891013214,0.7330754352030948,0.9516441005802708,0.7195357833655706,0.9458413926499033,0.7195357833655706,0.9477756286266924,-0.013539651837524258,01
4625001010,1043.0,193.99800000000002,18.6,44.0,720.8091352320499,9.610788469760667,13.348317319112034,True,True,True,0.8413001912045889,0.9598470363288719,0.8451242829827916,0.9541108986615678,0.8049713193116634,0.9445506692160612,-0.03632887189292544,0.7330754352030948,0.9516441005802708,0.7195357833655706,0.9458413926499033,0.6847195357833655,0.9303675048355899,-0.04835589941972929,01
4625001011,1430.0,278.85,19.5,44.9,676.7281410975044,9.023041881300058,12.532002612916747,True,True,True,0.8413001912045889,0.9598470363288719,0.8451242829827916,0.9541108986615678,0.8240917782026769,0.9579349904397706,-0.017208413001912004,0.7330754352030948,0.9516441005802708,0.7195357833655706,0.9458413926499033,0.7001934235976789,0.941972920696325,-0.03288201160541593,01
4625001012,885.0,93.81,10.6,43.1,411.23165486399176,5.4830887315198895,7.615401015999847,True,True,True,0.8413001912045889,0.9598470363288719,0.8451242829827916,0.9541108986615678,0.8068833652007649,0.9464627151051626,-0.03441682600382401,0.7330754352030948,0.9516441005802708,0.7195357833655706,0.9458413926499033,0.6866537717601547,0.9342359767891683,-0.046421663442940075,01
4625001013,1429.0,328.67,23.0,38.6,301.1415350492258,4.015220467323011,5.576695093504182,True,True,True,0.8413001912045889,0.9598470363288719,0.8451242829827916,0.9541108986615678,0.8202676864244742,0.9502868068833652,-0.021032504780114647,0.7330754352030948,0.9516441005802708,0.7195357833655706,0.9458413926499033,0.6924564796905223,0.9400386847195358,-0.04061895551257255,01
4625001014,874.0,106.62799999999999,12.2,47.0,553.8991331246239,7.385321774994984,10.2573913541597,True,True,True,0.8413001912045889,0.9598470363288719,0.8451242829827916,0.9541108986615678,0.8202676864244742,0.9541108986615678,-0.021032504780114647,0.7330754352030948,0.9516441005802708,0.7195357833655706,0.9458413926499033,0.6963249516441006,0.941972920696325,-0.03675048355899424,01
4625001017,726.0,198.92399999999998,27.4,44.4,291.4975915004133,3.886634553338844,5.3981035463039495,True,True,True,0.8413001912045889,0.9598470363288719,0.8451242829827916,0.9541108986615678,0.8164435946462715,0.9521988527724665,-0.0248565965583174,0.7330754352030948,0.9516441005802708,0.7195357833655706,0.9458413926499033,0.690522243713733,0.9381044487427466,-0.042553191489361764,01
4625001019,2084.0,268.836,12.9,40.1,393.1368351908539,5.241824469211385,7.28031176279359,True,True,True,0.8413001912045889,0.9598470363288719,0.8451242829827916,0.9541108986615678,0.8202676864244742,0.9541108986615678,-0.021032504780114647,0.7330754352030948,0.9516441005802708,0.7195357833655706,0.9458413926499033,0.6924564796905223,0.941972920696325,-0.04061895551257255,01
4625001022,1438.0,312.046,21.7,41.8,693.4255673059906,9.245674230746541,12.841214209370197,True,True,True,0.8413001912045889,0.9598470363288719,0.8451242829827916,0.9541108986615678,0.8260038240917782,0.9541108986615678,-0.015296367112810683,0.7330754352030948,0.9516441005802708,0.7195357833655706,0.9458413926499033,0.6982591876208898,0.9458413926499033,-0.03481624758220503,01
4625001023,948.0,157.36800000000002,16.6,44.4,804.9384466926924,10.732512622569232,14.906267531346154,True,True,True,0.8413001912045889,0.9598470363288719,0.8451242829827916,0.9541108986615678,0.8240917782026769,0.9579349904397706,-0.017208413001912004,0.7330754352030948,0.9516441005802708,0.7195357833655706,0.9458413926499033,0.7059961315280464,0.9439071566731141,-0.027079303675048405,01
4625001024,1162.0,226.59,19.5,40.6,544.6029517075225,7.261372689433633,10.085239846435602,True,True,True,0.8413001912045889,0.9598470363288719,0.8451242829827916,0.9541108986615678,0.8260038240917782,0.9598470363288719,-0.015296367112810683,0.7330754352030948,0.9516441005802708,0.7195357833655706,0.9458413926499033,0.7021276595744681,0.941972920696325,-0.030947775628626717,01
4625001025,1028.0,188.12400000000002,18.3,48.3,563.4094854191014,7.512126472254686,10.43350898924262,True,True,True,0.8413001912045889,0.9598470363288719,0.8451242829827916,0.9541108986615678,0.8279158699808795,0.9598470363288719,-0.013384321223709361,0.7330754352030948,0.9516441005802708,0.7195357833655706,0.9458413926499033,0.7059961315280464,0.941972920696325,-0.027079303675048405,01
4625001026,1639.0,275.35200000000003,16.8,42.4,763.1977457093728,10.175969942791637,14.133291587210607,True,True,True,0.8413001912045889,0.9598470363288719,0.8451242829827916,0.9541108986615678,0.8279158699808795,0.9598470363288719,-0.013384321223709361,0.7330754352030948,0.9516441005802708,0.7195357833655706,0.9458413926499033,0.7059961315280464,0.941972920696325,-0.027079303675048405,01
4625001028,874.0,202.768,23.2,41.1,673.8118093459227,8.984157457945635,12.47799646936894,True,True,True,0.8413001912045889,0.9598470363288719,0.8451242829827916,0.9541108986615678,0.8317399617590823,0.9598470363288719,-0.009560229445506607,0.7330754352030948,0.9516441005802708,0.7195357833655706,0.9458413926499033,0.7059961315280464,0.9439071566731141,-0.027079303675048405,01
4625001030,900.0,243.9,27.1,35.3,630.7738066594055,8.410317422125408,11.680996419618621,True,True,True,0.8413001912045889,0.9598470363288719,0.8451242829827916,0.9541108986615678,0.8355640535372849,0.9598470363288719,-0.005736137667303964,0.7330754352030948,0.9516441005802708,0.7195357833655706,0.9458413926499033,0.7117988394584139,0.9458413926499033,-0.021276595744680882,01
4625001031,858.0,205.06199999999998,23.9,38.3,729.154848481661,9.722064646422147,13.502867564475203,True,True,True,0.8413001912045889,0.9598470363288719,0.8451242829827916,0.9541108986615678,0.8355640535372849,0.9598470363288719,-0.005736137667303964,0.7330754352030948,0.9516441005802708,0.7195357833655706,0.9458413926499033,0.7117988394584139,0.9458413926499033,-0.021276595744680882,01
4625001032,1468.0,384.616,26.2,36.3,940.2307564835793,12.536410086447724,17.411680675621838,True,False,False,0.8413001912045889,0.9598470363288719,0.8451242829827916,0.9541108986615678,0.8317399617590823,0.9598470363288719,-0.009560229445506607,0.7330754352030948,0.9516441005802708,0.7195357833655706,0.9458413926499033,0.7117988394584139,0.9477756286266924,-0.021276595744680882,01
4625001034,1801.0,401.62300000000005,22.3,33.6,1008.6952063306185,13.449269417741581,18.679540857974416,True,False,False,0.8413001912045889,0.9598470363288719,0.8451242829827916,0.9541108986615678,0.8279158699808795,0.9560229445506692,-0.013384321223709361,0.7330754352030948,0.9516441005802708,0.7195357833655706,0.9458413926499033,0.7098646034816247,0.9458413926499033,-0.023210831721470093,01
4625002001,1038.0,271.95599999999996,26.2,38.1,658.4529418347561,8.779372557796746,12.193572996939928,True,True,True,0.8413001912045889,0.9598470363288719,0.8451242829827916,0.9541108986615678,0.8374760994263862,0.9598470363288719,-0.003824091778202643,0.7330754352030948,0.9516441005802708,0.7195357833655706,0.9458413926499033,0.7253384912959381,0.9497098646034816,-0.007736943907156735,02
4625002003,1032.0,234.26399999999998,22.7,35.7,716.9271074340611,9.559028099120814,13.276427915445575,True,True,True,0.8413001912045889,0.9598470363288719,0.8451242829827916,0.9541108986615678,0.8355640535372849,0.9598470363288719,-0.005736137667303964,0.7330754352030948,0.9516441005802708,0.7195357833655706,0.9458413926499033,0.7253384912959381,0.9497098646034816,-0.007736943907156735,02
4625002004,1576.0,340.41600000000005,21.6,33.2,347.278435152636,4.6303791353684804,6.431082132456222,True,True,True,0.8413001912045889,0.9598470363288719,0.8451242829827916,0.9541108986615678,0.875717017208413,0.9694072657743786,0.03441682600382412,0.7330754352030948,0.9516441005802708,0.7195357833655706,0.9458413926499033,0.7678916827852998,0.9690522243713733,0.03481624758220503,02
4625002006,1353.0,320.661,23.7,34.4,455.8804464989785,6.078405953319713,8.442230490721823,True,True,True,0.8413001912045889,0.9598470363288719,0.8451242829827916,0.9541108986615678,0.8738049713193117,0.9694072657743786,0.0325047801147228,0.7330754352030948,0.9516441005802708,0.7195357833655706,0.9458413926499033,0.7620889748549323,0.9671179883945842,0.029013539651837505,02
4625002008,1288.0,275.63199999999995,21.4,36.8,122.14341289964447,1.6285788386619264,2.26191505369712,True,True,True,0.8413001912045889,0.9598470363288719,0.8451242829827916,0.9541108986615678,0.8527724665391969,0.9598470363288719,0.01147227533460804,0.7330754352030948,0.9516441005802708,0.7195357833655706,0.9458413926499033,0.7485493230174082,0.9555125725338491,0.015473887814313358,02
4625002009,1139.0,197.047,17.3,37.4,368.8653947116327,4.918205262821769,6.830840642808012,True,True,True,0.8413001912045889,0.9598470363288719,0.8451242829827916,0.9541108986615678,0.864244741873805,0.9636711281070746,0.02294455066921608,0.7330754352030948,0.9516441005802708,0.7195357833655706,0.9458413926499033,0.758220502901354,0.9593810444874274,0.025145067698259194,02
4625002010,965.0,208.44,21.6,31.6,527.971685409517,7.039622472126894,9.777253433509575,True,True,True,0.8413001912045889,0.9598470363288719,0.8451242829827916,0.9541108986615678,0.8738049713193117,0.9694072657743786,0.0325047801147228,0.7330754352030948,0.9516441005802708,0.7195357833655706,0.9458413926499033,0.7601547388781431,0.9671179883945842,0.027079303675048294,02
4625002013,1410.0,246.75,17.5,42.2,126.27037460947379,1.6836049947929839,2.338340270545811,True,True,True,0.8413001912045889,0.9598470363288719,0.8451242829827916,0.9541108986615678,0.847036328871893,0.9598470363288719,0.005736137667304075,0.7330754352030948,0.9516441005802708,0.7195357833655706,0.9458413926499033,0.7369439071566731,0.9535783365570599,0.003868471953578312,02
4625002014,865.0,185.975,21.5,31.6,185.48762405106007,2.473168320680801,3.4349560009455566,True,True,True,0.8413001912045889,0.9598470363288719,0.8451242829827916,0.9541108986615678,0.8451242829827916,0.9598470363288719,0.003824091778202754,0.7330754352030948,0.9516441005802708,0.7195357833655706,0.9458413926499033,0.7330754352030948,0.9535783365570599,0.0,02
4625002015,1186.0,180.27200000000002,15.2,42.4,429.44210868015057,5.725894782402007,7.95263164222501,True,True,True,0.8413001912045889,0.9598470363288719,0.8451242829827916,0.9541108986615678,0.8451242829827916,0.9598470363288719,0.003824091778202754,0.7330754352030948,0.9516441005802708,0.7195357833655706,0.9458413926499033,0.7330754352030948,0.9516441005802708,0.0,02
4625002016,1467.0,315.405,21.5,39.6,461.11297077657787,6.1481729436877055,8.539129088455146,True,True,True,0.8413001912045889,0.9598470363288719,0.8451242829827916,0.9541108986615678,0.8451242829827916,0.9598470363288719,0.003824091778202754,0.7330754352030948,0.9516441005802708,0.7195357833655706,0.9458413926499033,0.7272727272727273,0.9516441005802708,-0.005802707930367523,02
4625002018,613.0,180.222,29.4,35.3,301.96010108281905,4.026134681104254,5.591853723755908,True,True,True,0.8413001912045889,0.9598470363288719,0.8451242829827916,0.9541108986615678,0.8565965583173997,0.9636711281070746,0.015296367112810794,0.7330754352030948,0.9516441005802708,0.7195357833655706,0.9458413926499033,0.7524177949709865,0.9555125725338491,0.01934235976789167,02
4625002019,1150.0,198.95,17.3,45.3,452.3925629278018,6.031900839037358,8.377640054218551,True,True,True,0.8413001912045889,0.9598470363288719,0.8451242829827916,0.9541108986615678,0.8451242829827916,0.9598470363288719,0.003824091778202754,0.7330754352030948,0.9516441005802708,0.7195357833655706,0.9458413926499033,0.7369439071566731,0.9535783365570599,0.003868471953578312,02
4625002020,1032.0,205.368,19.9,32.9,882.4076849775477,11.765435799700636,16.34088305513977,True,False,False,0.8413001912045889,0.9598470363288719,0.8451242829827916,0.9541108986615678,0.847036328871893,0.9598470363288719,0.005736137667304075,0.7330754352030948,0.9516441005802708,0.7195357833655706,0.9458413926499033,0.7369439071566731,0.9535783365570599,0.003868471953578312,02
4625002021,820.0,146.77999999999997,17.9,33.0,316.6587517316295,4.22211668975506,5.864050957993139,True,True,True,0.8413001912045889,0.9598470363288719,0.8451242829827916,0.9541108986615678,0.8604206500956023,0.9636711281070746,0.019120458891013437,0.7330754352030948,0.9516441005802708,0.7195357833655706,0.9458413926499033,0.7543520309477756,0.9593810444874274,0.02127659574468077,02
4625002022,1239.0,308.51099999999997,24.9,32.4,561.3587975953658,7.484783967938211,10.39553328880307,True,True,True,0.8413001912045889,0.9598470363288719,0.8451242829827916,0.9541108986615678,0.8604206500956023,0.9636711281070746,0.019120458891013437,0.7330754352030948,0.9516441005802708,0.7195357833655706,0.9458413926499033,0.7543520309477756,0.9574468085106383,0.02127659574468077,02
4625002023,1224.0,243.576,19.9,35.0,709.3162882814952,9.457550510419935,13.135486820027689,True,True,True,0.8413001912045889,0.9598470363288719,0.8451242829827916,0.9541108986615678,0.8565965583173997,0.9636711281070746,0.015296367112810794,0.7330754352030948,0.9516441005802708,0.7195357833655706,0.9458413926499033,0.7524177949709865,0.9555125725338491,0.01934235976789167,02
4625002024,740.0,150.22,20.3,40.0,956.997887522054,12.759971833627388,17.72218310226026,True,False,False,0.8413001912045889,0.9598470363288719,0.8451242829827916,0.9541108986615678,0.8489483747609943,0.9598470363288719,0.007648183556405397,0.7330754352030948,0.9516441005802708,0.7195357833655706,0.9458413926499033,0.7408123791102514,0.9535783365570599,0.007736943907156624,02
4625002025,781.0,138.237,17.7,37.5,461.90863440519314,6.1587817920692425,8.55386360009617,True,True,True,0.8413001912045889,0.9598470363288719,0.8451242829827916,0.9541108986615678,0.8527724665391969,0.9598470363288719,0.01147227533460804,0.7330754352030948,0.9516441005802708,0.7195357833655706,0.9458413926499033,0.7446808510638298,0.9555125725338491,0.011605415860734936,02
4625002026,1042.0,187.56,18.0,41.3,341.21112637897244,4.549481685052966,6.318724562573563,True,True,True,0.8413001912045889,0.9598470363288719,0.8451242829827916,0.9541108986615678,0.8527724665391969,0.9617590822179732,0.01147227533460804,0.7330754352030948,0.9516441005802708,0.7195357833655706,0.9458413926499033,0.7504835589941973,0.9555125725338491,0.01740812379110246,02
4625002030,822.0,157.002,19.1,43.4,707.449010552426,9.432653474032346,13.100907602822703,True,True,True,0.8413001912045889,0.9598470363288719,0.8451242829827916,0.9541108986615678,0.8432122370936902,0.9598470363288719,0.0019120458891013214,0.7330754352030948,0.9516441005802708,0.7195357833655706,0.9458413926499033,0.7292069632495164,0.9516441005802708,-0.003868471953578423,02
4625002031,1097.0,181.005,16.5,38.0,810.5316358905028,10.807088478540038,15.009845109083384,True,False,False,0.8413001912045889,0.9598470363288719,0.8451242829827916,0.9541108986615678,0.8451242829827916,0.9598470363288719,0.003824091778202754,0.7330754352030948,0.9516441005802708,0.7195357833655706,0.9458413926499033,0.7369439071566731,0.9535783365570599,0.003868471953578312,02
4625002032,864.0,240.192,27.8,33.1,935.9764451544206,12.479685935392274,17.332897132489272,True,False,False,0.8413001912045889,0.9598470363288719,0.8451242829827916,0.9541108986615678,0.847036328871893,0.9598470363288719,0.005736137667304075,0.7330754352030948,0.9516441005802708,0.7195357833655706,0.9458413926499033,0.7369439071566731,0.9535783365570599,0.003868471953578312,02
4625002033,1591.0,435.93399999999997,27.4,32.6,431.7300230499138,5.756400307332185,7.995000426850256,True,True,True,0.8413001912045889,0.9598470363288719,0.8451242829827916,0.9541108986615678,0.8413001912045889,0.9598470363288719,0.0,0.7330754352030948,0.9516441005802708,0.7195357833655706,0.9458413926499033,0.7253384912959381,0.9497098646034816,-0.007736943907156735,02
4625002035,1048.0,280.86400000000003,26.8,33.4,729.1656992793528,9.722209323724705,13.503068505173198,True,True,True,0.8413001912045889,0.9598470363288719,0.8451242829827916,0.9541108986615678,0.8432122370936902,0.9598470363288719,0.0019120458891013214,0.7330754352030948,0.9516441005802708,0.7195357833655706,0.9458413926499033,0.7292069632495164,0.9497098646034816,-0.003868471953578423,02
4625002036,786.0,209.07600000000002,26.6,27.4,780.927440897526,10.41236587863368,14.46161927588011,True,True,True,0.8413001912045889,0.9598470363288719,0.8451242829827916,0.9541108986615678,0.8413001912045889,0.9598470363288719,0.0,0.7330754352030948,0.9516441005802708,0.7195357833655706,0.9458413926499033,0.7253384912959381,0.9497098646034816,-0.007736943907156735,02
4625002037,1340.0,321.6,24.0,35.5,948.4826744984097,12.646435659978795,17.56449397219277,True,False,False,0.8413001912045889,0.9598470363288719,0.8451242829827916,0.9541108986615678,0.8451242829827916,0.9598470363288719,0.003824091778202754,0.7330754352030948,0.9516441005802708,0.7195357833655706,0.9458413926499033,0.7330754352030948,0.9535783365570599,0.0,02
4625002041,763.0,211.351,27.7,36.0,967.2894633647581,12.897192844863442,17.912767840088115,True,False,False,0.8413001912045889,0.9598470363288719,0.8451242829827916,0.9541108986615678,0.8527724665391969,0.9636711281070746,0.01147227533460804,0.7330754352030948,0.9516441005802708,0.7195357833655706,0.9458413926499033,0.7524177949709865,0.9555125725338491,0.01934235976789167,02
4625002042,1072.0,284.08,26.5,40.2,581.2250323338772,7.7496670977850295,10.763426524701428,True,True,True,0.8413001912045889,0.9598470363288719,0.8451242829827916,0.9541108986615678,0.8604206500956023,0.9636711281070746,0.019120458891013437,0.7330754352030948,0.9516441005802708,0.7195357833655706,0.9458413926499033,0.7524177949709865,0.9574468085106383,0.01934235976789167,02
4625002043,706.0,196.268,27.8,35.0,164.71977486012983,2.196263664801731,3.050366201113515,True,True,True,0.8413001912045889,0.9598470363288719,0.8451242829827916,0.9541108986615678,0.8451242829827916,0.9598470363288719,0.003824091778202754,0.7330754352030948,0.9516441005802708,0.7195357833655706,0.9458413926499033,0.7330754352030948,0.9535783365570599,0.0,02
4625002044,733.0,197.91,27.0,31.3,408.13371191510527,5.4417828255347365,7.558031702131578,True,True,True,0.8413001912045889,0.9598470363288719,0.8451242829827916,0.9541108986615678,0.8489483747609943,0.9598470363288719,0.007648183556405397,0.7330754352030948,0.9516441005802708,0.7195357833655706,0.9458413926499033,0.7427466150870407,0.9535783365570599,0.009671179883945835,02
4625002045,1391.0,339.404,24.4,30.6,783.9083496383902,10.452111328511869,14.516821289599818,True,True,True,0.8413001912045889,0.9598470363288719,0.8451242829827916,0.9541108986615678,0.869980879541109,0.9674952198852772,0.028680688336520155,0.7330754352030948,0.9516441005802708,0.7195357833655706,0.9458413926499033,0.7640232108317214,0.965183752417795,0.030947775628626606,02
4625002046,950.0,240.35,25.3,30.8,968.3225211217322,12.910966948289763,17.931898539291335,True,False,False,0.8413001912045889,0.9598470363288719,0.8451242829827916,0.9541108986615678,0.864244741873805,0.9636711281070746,0.02294455066921608,0.7330754352030948,0.9516441005802708,0.7195357833655706,0.9458413926499033,0.7562862669245648,0.9632495164410058,0.023210831721469982,02
4625002047,827.0,200.961,24.3,32.6,833.3709853334001,11.111613137778669,15.432796024692594,True,False,False,0.8413001912045889,0.9598470363288719,0.8451242829827916,0.9541108986615678,0.8508604206500956,0.9598470363288719,0.009560229445506718,0.7330754352030948,0.9516441005802708,0.7195357833655706,0.9458413926499033,0.7485493230174082,0.9555125725338491,0.015473887814313358,02
4625002050,1131.0,268.047,23.7,35.9,408.13371191510527,5.4417828255347365,7.558031702131578,True,True,True,0.8413001912045889,0.9598470363288719,0.8451242829827916,0.9541108986615678,0.8527724665391969,0.9636711281070746,0.01147227533460804,0.7330754352030948,0.9516441005802708,0.7195357833655706,0.9458413926499033,0.7504835589941973,0.9555125725338491,0.01740812379110246,02
4625002051,1408.0,322.43199999999996,22.9,32.5,581.2250323338772,7.7496670977850295,10.763426524701428,True,True,True,0.8413001912045889,0.9598470363288719,0.8451242829827916,0.9541108986615678,0.869980879541109,0.9674952198852772,0.028680688336520155,0.7330754352030948,0.9516441005802708,0.7195357833655706,0.9458413926499033,0.7601547388781431,0.9632495164410058,0.027079303675048294,02
4625002053,946.0,204.336,21.6,32.4,410.32095099326335,5.470946013243511,7.598536129504877,True,True,True,0.8413001912045889,0.9598470363288719,0.8451242829827916,0.9541108986615678,0.875717017208413,0.9694072657743786,0.03441682600382412,0.7330754352030948,0.9516441005802708,0.7195357833655706,0.9458413926499033,0.7678916827852998,0.9690522243713733,0.03481624758220503,02
4625002054,731.0,170.32299999999998,23.3,28.0,383.43039828669316,5.112405310489242,7.100562931235059,True,True,True,0.8413001912045889,0.9598470363288719,0.8451242829827916,0.9541108986615678,0.875717017208413,0.9694072657743786,0.03441682600382412,0.7330754352030948,0.9516441005802708,0.7195357833655706,0.9458413926499033,0.769825918762089,0.9729206963249516,0.03675048355899413,02
4625002055,1300.0,338.0,26.0,32.4,731.924604864329,9.758994731524387,13.554159349339425,True,True,True,0.8413001912045889,0.9598470363288719,0.8451242829827916,0.9541108986615678,0.875717017208413,0.9694072657743786,0.03441682600382412,0.7330754352030948,0.9516441005802708,0.7195357833655706,0.9458413926499033,0.769825918762089,0.9690522243713733,0.03675048355899413,02
4625002057,996.0,241.032,24.2,28.0,462.29721714289263,6.163962895238568,8.561059576720233,True,True,True,0.8413001912045889,0.9598470363288719,0.8451242829827916,0.9541108986615678,0.8795411089866156,0.97131931166348,0.03824091778202676,0.7330754352030948,0.9516441005802708,0.7195357833655706,0.9458413926499033,0.7736943907156673,0.9748549323017408,0.04061895551257244,02
4625003001,858.0,227.37,26.5,34.4,819.2889210855382,10.923852281140508,15.172017057139595,True,False,False,0.8413001912045889,0.9598470363288719,0.8451242829827916,0.9541108986615678,0.8240917782026769,0.9541108986615678,-0.017208413001912004,0.7330754352030948,0.9516441005802708,0.7195357833655706,0.9458413926499033,0.7001934235976789,0.9477756286266924,-0.03288201160541593,03
4625003002,1655.0,321.06999999999994,19.4,38.7,528.5293613594182,7.047058151458909,9.787580765915152,True,True,True,0.8413001912045889,0.9598470363288719,0.8451242829827916,0.9541108986615678,0.8202676864244742,0.9521988527724665,-0.021032504780114647,0.7330754352030948,0.9516441005802708,0.7195357833655706,0.9458413926499033,0.6943907156673114,0.9400386847195358,-0.03868471953578345,03
4625003004,1790.0,318.62,17.8,44.4,389.9228295969228,5.198971061292303,7.220793140683755,True,True,True,0.8413001912045889,0.9598470363288719,0.8451242829827916,0.9541108986615678,0.8202676864244742,0.9464627151051626,-0.021032504780114647,0.7330754352030948,0.9516441005802708,0.7195357833655706,0.9458413926499033,0.688588007736944,0.9381044487427466,-0.044487427466150864,03
4625003007,882.0,228.438,25.9,37.8,1045.2340166099054,13.936453554798739,19.356185492776028,True,False,False,0.8413001912045889,0.9598470363288719,0.8451242829827916,0.9541108986615678,0.8183556405353728,0.9464627151051626,-0.02294455066921608,0.7330754352030948,0.9516441005802708,0.7195357833655706,0.9458413926499033,0.6789168278529981,0.9361702127659575,-0.0541586073500967,03
4625003008,1277.0,213.259,16.7,40.1,276.8713879426927,3.6916185059025692,5.12724792486468,True,True,True,0.8413001912045889,0.9598470363288719,0.8451242829827916,0.9541108986615678,0.8068833652007649,0.9426386233269598,-0.03441682600382401,0.7330754352030948,0.9516441005802708,0.7195357833655706,0.9458413926499033,0.6789168278529981,0.9361702127659575,-0.0541586073500967,03
4625003010,1849.0,327.27299999999997,17.7,39.8,665.491556235633,8.87322074980844,12.323917708067277,True,True,True,0.8413001912045889,0.9598470363288719,0.8451242829827916,0.9541108986615678,0.8279158699808795,0.9598470363288719,-0.013384321223709361,0.7330754352030948,0.9516441005802708,0.7195357833655706,0.9458413926499033,0.7117988394584139,0.9477756286266924,-0.021276595744680882,03
4625003013,1824.0,417.69599999999997,22.9,40.3,569.4059511857873,7.592079349143831,10.544554651588653,True,True,True,0.8413001912045889,0.9598470363288719,0.8451242829827916,0.9541108986615678,0.8279158699808795,0.9560229445506692,-0.013384321223709361,0.7330754352030948,0.9516441005802708,0.7195357833655706,0.9458413926499033,0.7098646034816247,0.9477756286266924,-0.023210831721470093,03
4625003015,1201.0,241.401,20.1,38.5,896.8627698137753,11.958170264183671,16.60856981136621,True,False,False,0.8413001912045889,0.9598470363288719,0.8451242829827916,0.9541108986615678,0.8279158699808795,0.9560229445506692,-0.013384321223709361,0.7330754352030948,0.9516441005802708,0.7195357833655706,0.9458413926499033,0.7059961315280464,0.9477756286266924,-0.027079303675048405,03
4625003017,1303.0,274.93300000000005,21.1,37.5,1029.7055073057816,13.729406764077087,19.068620505662622,True,False,False,0.8413001912045889,0.9598470363288719,0.8451242829827916,0.9541108986615678,0.8240917782026769,0.9521988527724665,-0.017208413001912004,0.7330754352030948,0.9516441005802708,0.7195357833655706,0.9458413926499033,0.7021276595744681,0.9439071566731141,-0.030947775628626717,03
4625003018,891.0,190.67399999999998,21.4,36.8,845.9896803168085,11.279862404224113,15.666475561422379,True,False,False,0.8413001912045889,0.9598470363288719,0.8451242829827916,0.9541108986615678,0.8202676864244742,0.9502868068833652,-0.021032504780114647,0.7330754352030948,0.9516441005802708,0.7195357833655706,0.9458413926499033,0.6943907156673114,0.941972920696325,-0.03868471953578345,03
4625003019,1200.0,240.0,20.0,35.5,782.4411037494912,10.432548049993215,14.48965006943502,True,True,True,0.8413001912045889,0.9598470363288719,0.8451242829827916,0.9541108986615678,0.8202676864244742,0.9464627151051626,-0.021032504780114647,0.7330754352030948,0.9516441005802708,0.7195357833655706,0.9458413926499033,0.688588007736944,0.941972920696325,-0.044487427466150864,03
4625003020,1542.0,368.53799999999995,23.9,33.1,912.761359367938,12.170151458239172,16.902988136443295,True,False,False,0.8413001912045889,0.9598470363288719,0.8451242829827916,0.9541108986615678,0.8202676864244742,0.9483747609942639,-0.021032504780114647,0.7330754352030948,0.9516441005802708,0.7195357833655706,0.9458413926499033,0.6924564796905223,0.941972920696325,-0.04061895551257255,03
4625003021,1361.0,250.42399999999998,18.4,34.3,808.6473003185775,10.781964004247701,14.974950005899585,True,True,True,0.8413001912045889,0.9598470363288719,0.8451242829827916,0.9541108986615678,0.8183556405353728,0.9464627151051626,-0.02294455066921608,0.7330754352030948,0.9516441005802708,0.7195357833655706,0.9458413926499033,0.6827852998065764,0.9361702127659575,-0.05029013539651839,03
4625003023,1417.0,379.756,26.8,33.0,769.6812175428388,10.262416233904519,14.253355880422939,True,True,True,0.8413001912045889,0.9598470363288719,0.8451242829827916,0.9541108986615678,0.8164435946462715,0.9464627151051626,-0.0248565965583174,0.7330754352030948,0.9516441005802708,0.7195357833655706,0.9458413926499033,0.6808510638297872,0.9342359767891683,-0.0522243713733076,03
4625003025,998.0,227.544,22.8,32.1,929.8028020766965,12.397370694355953,17.218570408827713,True,False,False,0.8413001912045889,0.9598470363288719,0.8451242829827916,0.9541108986615678,0.8183556405353728,0.9464627151051626,-0.02294455066921608,0.7330754352030948,0.9516441005802708,0.7195357833655706,0.9458413926499033,0.690522243713733,0.941972920696325,-0.042553191489361764,03
4625003026,1165.0,322.705,27.7,33.5,928.1378375465546,12.375171167287395,17.187737732343603,True,False,False,0.8413001912045889,0.9598470363288719,0.8451242829827916,0.9541108986615678,0.8183556405353728,0.9464627151051626,-0.02294455066921608,0.7330754352030948,0.9516441005802708,0.7195357833655706,0.9458413926499033,0.688588007736944,0.9400386847195358,-0.044487427466150864,03
4625003027,2294.0,601.0279999999999,26.2,28.8,746.5114875658152,9.953486500877537,13.824286806774355,True,True,True,0.8413001912045889,0.9598470363288719,0.8451242829827916,0.9541108986615678,0.8202676864244742,0.9521988527724665,-0.021032504780114647,0.7330754352030948,0.9516441005802708,0.7195357833655706,0.9458413926499033,0.6963249516441006,0.9439071566731141,-0.03675048355899424,03
4625003029,927.0,197.45100000000002,21.3,33.9,595.1050729039898,7.934734305386531,11.020464313036848,True,True,True,0.8413001912045889,0.9598470363288719,0.8451242829827916,0.9541108986615678,0.8240917782026769,0.9521988527724665,-0.017208413001912004,0.7330754352030948,0.9516441005802708,0.7195357833655706,0.9458413926499033,0.7040618955512572,0.9458413926499033,-0.029013539651837617,03
4625003030,1081.0,230.253,21.3,27.8,835.5050817922543,11.140067757230058,15.472316329486189,True,False,False,0.8413001912045889,0.9598470363288719,0.8451242829827916,0.9541108986615678,0.8202676864244742,0.9521988527724665,-0.021032504780114647,0.7330754352030948,0.9516441005802708,0.7195357833655706,0.9458413926499033,0.7021276595744681,0.9439071566731141,-0.030947775628626717,03
4625003032,941.0,197.61,21.0,39.7,734.2106832682006,9.789475776909342,13.596494134596306,True,True,True,0.8413001912045889,0.9598470363288719,0.8451242829827916,0.9541108986615678,0.8240917782026769,0.9521988527724665,-0.017208413001912004,0.7330754352030948,0.9516441005802708,0.7195357833655706,0.9458413926499033,0.7021276595744681,0.9458413926499033,-0.030947775628626717,03
4625003033,1037.0,241.621,23.3,35.1,363.0604460245692,4.840805946994256,6.723341593047578,True,True,True,0.8413001912045889,0.9598470363288719,0.8451242829827916,0.9541108986615678,0.8393881453154876,0.9598470363288719,-0.0019120458891013214,0.7330754352030948,0.9516441005802708,0.7195357833655706,0.9458413926499033,0.7292069632495164,0.9516441005802708,-0.003868471953578423,03
4625003034,1293.0,355.575,27.5,31.2,695.0820425605405,9.267760567473873,12.871889677047045,True,True,True,0.8413001912045889,0.9598470363288719,0.8451242829827916,0.9541108986615678,0.8279158699808795,0.9560229445506692,-0.013384321223709361,0.7330754352030948,0.9516441005802708,0.7195357833655706,0.9458413926499033,0.7059961315280464,0.9477756286266924,-0.027079303675048405,03
4625003035,1621.0,427.94399999999996,26.4,35.8,425.6215932787541,5.674954577050055,7.881881357013965,True,True,True,0.8413001912045889,0.9598470363288719,0.8451242829827916,0.9541108986615678,0.8298279158699808,0.9579349904397706,-0.01147227533460804,0.7330754352030948,0.9516441005802708,0.7195357833655706,0.9458413926499033,0.7098646034816247,0.9497098646034816,-0.023210831721470093,03
4625003036,1527.0,390.91200000000003,25.6,30.3,226.52896164796,3.020386155306133,4.1949807712585185,True,True,True,0.8413001912045889,0.9598470363288719,0.8451242829827916,0.9541108986615678,0.8279158699808795,0.9598470363288719,-0.013384321223709361,0.7330754352030948,0.9516441005802708,0.7195357833655706,0.9458413926499033,0.7137330754352031,0.9497098646034816,-0.01934235976789167,03
4625003037,1205.0,285.585,23.7,34.2,175.59545949342635,2.3412727932456847,3.251767768396784,True,True,True,0.8413001912045889,0.9598470363288719,0.8451242829827916,0.9541108986615678,0.8317399617590823,0.9579349904397706,-0.009560229445506607,0.7330754352030948,0.9516441005802708,0.7195357833655706,0.9458413926499033,0.7137330754352031,0.9497098646034816,-0.01934235976789167,03
4625003038,693.0,173.94299999999998,25.1,34.1,218.59156698718326,2.9145542264957767,4.0479919812441345,True,True,True,0.8413001912045889,0.9598470363288719,0.8451242829827916,0.9541108986615678,0.8279158699808795,0.9579349904397706,-0.013384321223709361,0.7330754352030948,0.9516441005802708,0.7195357833655706,0.9458413926499033,0.7117988394584139,0.9497098646034816,-0.021276595744680882,03
4625003040,988.0,198.58800000000002,20.1,32.7,852.0363019740648,11.360484026320865,15.778450036556755,True,False,False,0.8413001912045889,0.9598470363288719,0.8451242829827916,0.9541108986615678,0.8279158699808795,0.9560229445506692,-0.013384321223709361,0.7330754352030948,0.9516441005802708,0.7195357833655706,0.9458413926499033,0.7040618955512572,0.9477756286266924,-0.029013539651837617,03
4625003041,1965.0,349.77,17.8,37.8,536.4427495251908,7.1525699936692115,9.934124991207236,True,True,True,0.8413001912045889,0.9598470363288719,0.8451242829827916,0.9541108986615678,0.8279158699808795,0.9560229445506692,-0.013384321223709361,0.7330754352030948,0.9516441005802708,0.7195357833655706,0.9458413926499033,0.7079303675048356,0.9477756286266924,-0.025145067698259194,03
4625003044,1545.0,421.785,27.3,32.7,414.88977889417845,5.5318637185890465,7.683144053595897,True,True,True,0.8413001912045889,0.9598470363288719,0.8451242829827916,0.9541108986615678,0.8279158699808795,0.9579349904397706,-0.013384321223709361,0.7330754352030948,0.9516441005802708,0.7195357833655706,0.9458413926499033,0.7098646034816247,0.9477756286266924,-0.023210831721470093,03
4625003046,1680.0,418.32,24.9,36.2,726.8217169252382,9.690956225669844,13.459661424541448,True,True,True,0.8413001912045889,0.9598470363288719,0.8451242829827916,0.9541108986615678,0.8279158699808795,0.9579349904397706,-0.013384321223709361,0.7330754352030948,0.9516441005802708,0.7195357833655706,0.9458413926499033,0.7059961315280464,0.9477756286266924,-0.027079303675048405,03
4625003047,1495.0,406.64,27.2,32.3,278.8630535187442,3.718174046916589,5.1641306207174855,True,True,True,0.8413001912045889,0.9598470363288719,0.8451242829827916,0.9541108986615678,0.8336520076481836,0.9579349904397706,-0.007648183556405286,0.7330754352030948,0.9516441005802708,0.7195357833655706,0.9458413926499033,0.7156673114119922,0.9497098646034816,-0.01740812379110257,03
4625003048,1753.0,496.099,28.3,31.2,868.0244068414651,11.5736587578862,16.074526052619724,True,False,False,0.8413001912045889,0.9598470363288719,0.8451242829827916,0.9541108986615678,0.8240917782026769,0.9560229445506692,-0.017208413001912004,0.7330754352030948,0.9516441005802708,0.7195357833655706,0.9458413926499033,0.7040618955512572,0.9477756286266924,-0.029013539651837617,03
4625003049,1138.0,264.01599999999996,23.2,31.1,946.332804050361,12.61777072067148,17.52468155648817,True,False,False,0.8413001912045889,0.9598470363288719,0.8451242829827916,0.9541108986615678,0.8240917782026769,0.9521988527724665,-0.017208413001912004,0.7330754352030948,0.9516441005802708,0.7195357833655706,0.9458413926499033,0.7021276595744681,0.9477756286266924,-0.030947775628626717,03
4625003050,1295.0,337.995,26.1,36.1,966.5547912135003,12.887397216180004,17.899162800250004,True,False,False,0.8413001912045889,0.9598470363288719,0.8451242829827916,0.9541108986615678,0.8240917782026769,0.9521988527724665,-0.017208413001912004,0.7330754352030948,0.9516441005802708,0.7195357833655706,0.9458413926499033,0.7021276595744681,0.9458413926499033,-0.030947775628626717,03
4625003052,2005.0,471.175,23.5,34.0,921.8055261270184,12.290740348360247,17.0704727060559,True,False,False,0.8413001912045889,0.9598470363288719,0.8451242829827916,0.9541108986615678,0.8240917782026769,0.9541108986615678,-0.017208413001912004,0.7330754352030948,0.9516441005802708,0.7195357833655706,0.9458413926499033,0.7021276595744681,0.9458413926499033,-0.030947775628626717,03
4625003053,890.0,180.67,20.3,36.6,872.6411316958954,11.635215089278605,16.160020957331394,True,False,False,0.8413001912045889,0.9598470363288719,0.8451242829827916,0.9541108986615678,0.8240917782026769,0.9521988527724665,-0.017208413001912004,0.7330754352030948,0.9516441005802708,0.7195357833655706,0.9458413926499033,0.7021276595744681,0.9458413926499033,-0.030947775628626717,03
4625003055,798.0,264.13800000000003,33.1,31.8,183.39687535062217,2.445291671341629,3.3962384324189285,True,True,True,0.8413001912045889,0.9598470363288719,0.8451242829827916,0.9541108986615678,0.8279158699808795,0.9579349904397706,-0.013384321223709361,0.7330754352030948,0.9516441005802708,0.7195357833655706,0.9458413926499033,0.7137330754352031,0.9497098646034816,-0.01934235976789167,03
4625004001,1204.0,372.036,30.9,33.4,502.207282932008,6.696097105760106,9.30013486911126,True,True,True,0.8413001912045889,0.9598470363288719,0.8451242829827916,0.9541108986615678,0.8126195028680688,0.9426386233269598,-0.028680688336520044,0.7330754352030948,0.9516441005802708,0.7195357833655706,0.9458413926499033,0.6827852998065764,0.9361702127659575,-0.05029013539651839,04
4625004002,763.0,176.253,23.1,36.9,636.2617945362479,8.483490593816638,11.782625824745331,True,True,True,0.8413001912045889,0.9598470363288719,0.8451242829827916,0.9541108986615678,0.8145315487571702,0.9502868068833652,-0.026768642447418722,0.7330754352030948,0.9516441005802708,0.7195357833655706,0.9458413926499033,0.690522243713733,0.941972920696325,-0.042553191489361764,04
4625004003,1481.0,379.13599999999997,25.6,28.7,778.1670140959981,10.37556018794664,14.410500261037003,True,True,True,0.8413001912045889,0.9598470363288719,0.8451242829827916,0.9541108986615678,0.8202676864244742,0.9521988527724665,-0.021032504780114647,0.7330754352030948,0.9516441005802708,0.7195357833655706,0.9458413926499033,0.6963249516441006,0.9439071566731141,-0.03675048355899424,04
4625004004,924.0,275.35200000000003,29.8,31.7,791.253904790151,10.55005206386868,14.652850088706497,True,True,True,0.8413001912045889,0.9598470363288719,0.8451242829827916,0.9541108986615678,0.8183556405353728,0.9502868068833652,-0.02294455066921608,0.7330754352030948,0.9516441005802708,0.7195357833655706,0.9458413926499033,0.6924564796905223,0.9439071566731141,-0.04061895551257255,04
4625004005,1170.0,442.26,37.8,26.4,593.4036751534996,7.912049002046662,10.98895694728703,True,True,True,0.8413001912045889,0.9598470363288719,0.8451242829827916,0.9541108986615678,0.8202676864244742,0.9464627151051626,-0.021032504780114647,0.7330754352030948,0.9516441005802708,0.7195357833655706,0.9458413926499033,0.688588007736944,0.9400386847195358,-0.044487427466150864,04
4625004006,1420.0,487.05999999999995,34.3,25.3,568.2250340311565,7.576333787082087,10.522685815391787,True,True,True,0.8413001912045889,0.9598470363288719,0.8451242829827916,0.9541108986615678,0.8202676864244742,0.9521988527724665,-0.021032504780114647,0.7330754352030948,0.9516441005802708,0.7195357833655706,0.9458413926499033,0.6982591876208898,0.9439071566731141,-0.03481624758220503,04
4625004007,1309.0,369.138,28.2,35.4,739.3703509769789,9.858271346359718,13.69204353661072,True,True,True,0.8413001912045889,0.9598470363288719,0.8451242829827916,0.9541108986615678,0.780114722753346,0.9311663479923518,-0.06118546845124284,0.7330754352030948,0.9516441005802708,0.7195357833655706,0.9458413926499033,0.6750483558994197,0.9226305609284333,-0.05802707930367512,04
4625004008,904.0,252.21599999999998,27.9,32.6,731.9730447348301,9.7596405964644,13.555056383978334,True,True,True,0.8413001912045889,0.9598470363288719,0.8451242829827916,0.9541108986615678,0.7877629063097514,0.9330783938814532,-0.053537284894837445,0.7330754352030948,0.9516441005802708,0.7195357833655706,0.9458413926499033,0.6750483558994197,0.9245647969052224,-0.05802707930367512,04
4625004009,1135.0,253.105,22.3,30.4,746.332080935365,9.951094412471532,13.820964461766017,True,True,True,0.8413001912045889,0.9598470363288719,0.8451242829827916,0.9541108986615678,0.7896749521988528,0.9330783938814532,-0.05162523900573612,0.7330754352030948,0.9516441005802708,0.7195357833655706,0.9458413926499033,0.6750483558994197,0.9245647969052224,-0.05802707930367512,04
4625004010,1134.0,315.252,27.8,29.2,832.6338730732667,11.101784974310222,15.419145797653089,True,False,False,0.8413001912045889,0.9598470363288719,0.8451242829827916,0.9541108986615678,0.780114722753346,0.9311663479923518,-0.06118546845124284,0.7330754352030948,0.9516441005802708,0.7195357833655706,0.9458413926499033,0.6750483558994197,0.9226305609284333,-0.05802707930367512,04
4625004011,858.0,205.92,24.0,34.8,532.0681988514222,7.094242651352295,9.853114793544854,True,True,True,0.8413001912045889,0.9598470363288719,0.8451242829827916,0.9541108986615678,0.7954110898661568,0.9330783938814532,-0.04588910133843205,0.7330754352030948,0.9516441005802708,0.7195357833655706,0.9458413926499033,0.6731141199226306,0.9264990328820116,-0.05996131528046422,04
4625004012,1709.0,338.38200000000006,19.8,33.0,467.6874584212179,6.235832778949572,8.660878859652183,True,True,True,0.8413001912045889,0.9598470363288719,0.8451242829827916,0.9541108986615678,0.8011472275334608,0.9407265774378585,-0.040152963671128084,0.7330754352030948,0.9516441005802708,0.7195357833655706,0.9458413926499033,0.6808510638297872,0.9303675048355899,-0.0522243713733076,04
4625004014,848.0,201.824,23.8,30.4,288.4413531766173,3.845884709021564,5.341506540307728,True,True,True,0.8413001912045889,0.9598470363288719,0.8451242829827916,0.9541108986615678,0.8011472275334608,0.9407265774378585,-0.040152963671128084,0.7330754352030948,0.9516441005802708,0.7195357833655706,0.9458413926499033,0.6808510638297872,0.9284332688588007,-0.0522243713733076,04
4625004015,1150.0,287.5,25.0,36.1,450.3417836559597,6.004557115412796,8.33966266029555,True,True,True,0.8413001912045889,0.9598470363288719,0.8451242829827916,0.9541108986615678,0.8068833652007649,0.9426386233269598,-0.03441682600382401,0.7330754352030948,0.9516441005802708,0.7195357833655706,0.9458413926499033,0.6847195357833655,0.9381044487427466,-0.04835589941972929,04
4625004016,1429.0,300.09,21.0,37.4,277.9523911864972,3.7060318824866294,5.147266503453652,True,True,True,0.8413001912045889,0.9598470363288719,0.8451242829827916,0.9541108986615678,0.8068833652007649,0.9407265774378585,-0.03441682600382401,0.7330754352030948,0.9516441005802708,0.7195357833655706,0.9458413926499033,0.6847195357833655,0.9323017408123792,-0.04835589941972929,04
4625004017,1231.0,407.461,33.1,26.6,559.8784219470418,7.465045625960558,10.368118924945218,True,True,True,0.8413001912045889,0.9598470363288719,0.8451242829827916,0.9541108986615678,0.8164435946462715,0.9502868068833652,-0.0248565965583174,0.7330754352030948,0.9516441005802708,0.7195357833655706,0.9458413926499033,0.6924564796905223,0.9439071566731141,-0.04061895551257255,04
4625004018,2136.0,339.624,15.9,22.9,1378.8951947395658,18.38526926319421,25.535096198880847,False,False,False,0.8413001912045889,0.9598470363288719,0.8451242829827916,0.9541108986615678,0.8298279158699808,0.9541108986615678,-0.01147227533460804,0.7330754352030948,0.9516441005802708,0.7195357833655706,0.9458413926499033,0.7040618955512572,0.9458413926499033,-0.029013539651837617,04
4625004020,1246.0,411.18,33.0,31.9,740.9879502113993,9.87983933615199,13.721999077988874,True,True,True,0.8413001912045889,0.9598470363288719,0.8451242829827916,0.9541108986615678,0.8202676864244742,0.9464627151051626,-0.021032504780114647,0.7330754352030948,0.9516441005802708,0.7195357833655706,0.9458413926499033,0.688588007736944,0.941972920696325,-0.044487427466150864,04
4625004021,2017.0,540.556,26.8,25.7,464.227304789126,6.189697397188346,8.59680194053937,True,True,True,0.8413001912045889,0.9598470363288719,0.8451242829827916,0.9541108986615678,0.8260038240917782,0.9521988527724665,-0.015296367112810683,0.7330754352030948,0.9516441005802708,0.7195357833655706,0.9458413926499033,0.7021276595744681,0.9439071566731141,-0.030947775628626717,04
4625004022,1229.0,369.92900000000003,30.1,25.9,708.2715380742576,9.443620507656767,13.116139593967734,True,True,True,0.8413001912045889,0.9598470363288719,0.8451242829827916,0.9541108986615678,0.8145315487571702,0.9483747609942639,-0.026768642447418722,0.7330754352030948,0.9516441005802708,0.7195357833655706,0.9458413926499033,0.6866537717601547,0.941972920696325,-0.046421663442940075,04
4625004023,916.0,292.20399999999995,31.9,32.5,333.80668403913523,4.45075578718847,6.181605259983986,True,True,True,0.8413001912045889,0.9598470363288719,0.8451242829827916,0.9541108986615678,0.8317399617590823,0.9560229445506692,-0.009560229445506607,0.7330754352030948,0.9516441005802708,0.7195357833655706,0.9458413926499033,0.7156673114119922,0.9516441005802708,-0.01740812379110257,04
4625004024,2425.0,324.95,13.4,23.4,799.5278098463048,10.66037079795073,14.806070552709347,True,True,True,0.8413001912045889,0.9598470363288719,0.8451242829827916,0.9541108986615678,0.8183556405353728,0.9521988527724665,-0.02294455066921608,0.7330754352030948,0.9516441005802708,0.7195357833655706,0.9458413926499033,0.6963249516441006,0.9458413926499033,-0.03675048355899424,04
4625004026,1867.0,194.168,10.4,24.1,1086.0403021320187,14.480537361760248,20.111857446889235,True,False,False,0.8413001912045889,0.9598470363288719,0.8451242829827916,0.9541108986615678,0.8240917782026769,0.9521988527724665,-0.017208413001912004,0.7330754352030948,0.9516441005802708,0.7195357833655706,0.9458413926499033,0.6963249516441006,0.9458413926499033,-0.03675048355899424,04
4625004027,1833.0,218.127,11.9,19.1,853.2347127552886,11.376462836737181,15.80064282880164,True,False,False,0.8413001912045889,0.9598470363288719,0.8451242829827916,0.9541108986615678,0.8202676864244742,0.9521988527724665,-0.021032504780114647,0.7330754352030948,0.9516441005802708,0.7195357833655706,0.9458413926499033,0.6963249516441006,0.9458413926499033,-0.03675048355899424,04
4625004028,1529.0,276.749,18.1,26.9,758.4852285374927,10.113136380499903,14.04602275069431,True,True,True,0.8413001912045889,0.9598470363288719,0.8451242829827916,0.9541108986615678,0.8164435946462715,0.9521988527724665,-0.0248565965583174,0.7330754352030948,0.9516441005802708,0.7195357833655706,0.9458413926499033,0.6943907156673114,0.9458413926499033,-0.03868471953578345,04
4625005001,1156.0,349.11199999999997,30.2,33.0,1048.942504699246,13.985900062656613,19.424861198134185,True,False,False,0.8413001912045889,0.9598470363288719,0.8451242829827916,0.9541108986615678,0.7973231357552581,0.9349904397705545,-0.043977055449330726,0.7330754352030948,0.9516441005802708,0.7195357833655706,0.9458413926499033,0.6808510638297872,0.9264990328820116,-0.0522243713733076,05
4625005002,942.0,195.93600000000004,20.8,28.9,1070.9829599577083,14.27977279943611,19.8330177769946,True,False,False,0.8413001912045889,0.9598470363288719,0.8451242829827916,0.9541108986615678,0.8011472275334608,0.9388145315487572,-0.040152963671128084,0.7330754352030948,0.9516441005802708,0.7195357833655706,0.9458413926499033,0.6827852998065764,0.9303675048355899,-0.05029013539651839,05
4625005003,842.0,173.452,20.6,31.7,770.9041472232116,10.278721962976155,14.276002726355769,True,True,True,0.8413001912045889,0.9598470363288719,0.8451242829827916,0.9541108986615678,0.8011472275334608,0.9407265774378585,-0.040152963671128084,0.7330754352030948,0.9516441005802708,0.7195357833655706,0.9458413926499033,0.6808510638297872,0.9303675048355899,-0.0522243713733076,05
4625005004,1493.0,338.911,22.7,26.4,654.1399263301888,8.721865684402518,12.11370233944794,True,True,True,0.8413001912045889,0.9598470363288719,0.8451242829827916,0.9541108986615678,0.8030592734225621,0.9407265774378585,-0.03824091778202676,0.7330754352030948,0.9516441005802708,0.7195357833655706,0.9458413926499033,0.6808510638297872,0.9303675048355899,-0.0522243713733076,05
4625005005,1297.0,290.528,22.4,33.1,753.9787147014833,10.05304952935311,13.96256879076821,True,True,True,0.8413001912045889,0.9598470363288719,0.8451242829827916,0.9541108986615678,0.7954110898661568,0.9330783938814532,-0.04588910133843205,0.7330754352030948,0.9516441005802708,0.7195357833655706,0.9458413926499033,0.6750483558994197,0.9264990328820116,-0.05802707930367512,05
4625005006,1292.0,372.096,28.8,34.0,1041.0951475972067,13.881268634629423,19.279539770318642,True,False,False,0.8413001912045889,0.9598470363288719,0.8451242829827916,0.9541108986615678,0.7877629063097514,0.9330783938814532,-0.053537284894837445,0.7330754352030948,0.9516441005802708,0.7195357833655706,0.9458413926499033,0.6750483558994197,0.9245647969052224,-0.05802707930367512,05
4625005007,1072.0,259.424,24.2,36.3,847.3346889272507,11.297795852363343,15.69138312828242,True,False,False,0.8413001912045889,0.9598470363288719,0.8451242829827916,0.9541108986615678,0.7915869980879541,0.9330783938814532,-0.0497131931166348,0.7330754352030948,0.9516441005802708,0.7195357833655706,0.9458413926499033,0.6731141199226306,0.9264990328820116,-0.05996131528046422,05
4625005008,1890.0,561.33,29.7,32.2,1084.1659997093057,14.455546662790741,20.07714814276492,True,False,False,0.8413001912045889,0.9598470363288719,0.8451242829827916,0.9541108986615678,0.7915869980879541,0.9330783938814532,-0.0497131931166348,0.7330754352030948,0.9516441005802708,0.7195357833655706,0.9458413926499033,0.6731141199226306,0.9245647969052224,-0.05996131528046422,05
4625005009,1040.0,248.56,23.9,29.6,1236.5556422996021,16.487408563994695,22.899178561103742,False,False,False,0.8413001912045889,0.9598470363288719,0.8451242829827916,0.9541108986615678,0.7954110898661568,0.9330783938814532,-0.04588910133843205,0.7330754352030948,0.9516441005802708,0.7195357833655706,0.9458413926499033,0.6789168278529981,0.9264990328820116,-0.0541586073500967,05
4625005010,879.0,266.337,30.3,31.9,680.5907723972568,9.074543631963424,12.603532822171422,True,True,True,0.8413001912045889,0.9598470363288719,0.8451242829827916,0.9541108986615678,0.8087954110898662,0.9502868068833652,-0.03250478011472269,0.7330754352030948,0.9516441005802708,0.7195357833655706,0.9458413926499033,0.6963249516441006,0.9400386847195358,-0.03675048355899424,05
4625005011,1207.0,242.607,20.1,38.8,841.2462035719368,11.216616047625823,15.57863339948031,True,False,False,0.8413001912045889,0.9598470363288719,0.8451242829827916,0.9541108986615678,0.8068833652007649,0.9483747609942639,-0.03441682600382401,0.7330754352030948,0.9516441005802708,0.7195357833655706,0.9458413926499033,0.688588007736944,0.9361702127659575,-0.044487427466150864,05
4625005013,1318.0,321.592,24.4,33.7,964.4422835137415,12.859230446849887,17.860042287291506,True,False,False,0.8413001912045889,0.9598470363288719,0.8451242829827916,0.9541108986615678,0.8068833652007649,0.9483747609942639,-0.03441682600382401,0.7330754352030948,0.9516441005802708,0.7195357833655706,0.9458413926499033,0.690522243713733,0.9381044487427466,-0.042553191489361764,05
4625005014,816.0,124.03199999999998,15.2,33.8,1088.4297808044591,14.512397077392789,20.15610705193443,True,False,False,0.8413001912045889,0.9598470363288719,0.8451242829827916,0.9541108986615678,0.8049713193116634,0.9483747609942639,-0.03632887189292544,0.7330754352030948,0.9516441005802708,0.7195357833655706,0.9458413926499033,0.6866537717601547,0.9342359767891683,-0.046421663442940075,05
4625005015,1319.0,258.524,19.6,35.3,987.405537241691,13.165407163222547,18.28528772669798,True,False,False,0.8413001912045889,0.9598470363288719,0.8451242829827916,0.9541108986615678,0.8068833652007649,0.9483747609942639,-0.03441682600382401,0.7330754352030948,0.9516441005802708,0.7195357833655706,0.9458413926499033,0.6943907156673114,0.9400386847195358,-0.03868471953578345,05
4625005016,1171.0,255.278,21.8,30.7,1033.3869578684523,13.778492771579364,19.136795516082447,True,False,False,0.8413001912045889,0.9598470363288719,0.8451242829827916,0.9541108986615678,0.8049713193116634,0.9483747609942639,-0.03632887189292544,0.7330754352030948,0.9516441005802708,0.7195357833655706,0.9458413926499033,0.688588007736944,0.9342359767891683,-0.044487427466150864,05
4625005017,540.0,99.9,18.5,39.1,634.3092256114674,8.457456341486232,11.746467140953099,True,True,True,0.8413001912045889,0.9598470363288719,0.8451242829827916,0.9541108986615678,0.8126195028680688,0.9521988527724665,-0.028680688336520044,0.7330754352030948,0.9516441005802708,0.7195357833655706,0.9458413926499033,0.7001934235976789,0.9439071566731141,-0.03288201160541593,05
4625005018,2431.0,607.75,25.0,34.5,794.9298110747652,10.599064147663537,14.720922427310466,True,True,True,0.8413001912045889,0.9598470363288719,0.8451242829827916,0.9541108986615678,0.8107074569789675,0.9521988527724665,-0.030592734225621365,0.7330754352030948,0.9516441005802708,0.7195357833655706,0.9458413926499033,0.7001934235976789,0.9439071566731141,-0.03288201160541593,05
4625005021,1295.0,253.82000000000005,19.6,43.1,694.0131877118332,9.25350916949111,12.852096068737653,True,True,True,0.8413001912045889,0.9598470363288719,0.8451242829827916,0.9541108986615678,0.8317399617590823,0.9579349904397706,-0.009560229445506607,0.7330754352030948,0.9516441005802708,0.7195357833655706,0.9458413926499033,0.7137330754352031,0.9497098646034816,-0.01934235976789167,05
4625005022,1687.0,411.62799999999993,24.4,40.0,695.5929207364892,9.274572276486522,12.881350384009059,True,True,True,0.8413001912045889,0.9598470363288719,0.8451242829827916,0.9541108986615678,0.8260038240917782,0.9579349904397706,-0.015296367112810683,0.7330754352030948,0.9516441005802708,0.7195357833655706,0.9458413926499033,0.7079303675048356,0.9458413926499033,-0.025145067698259194,05
4625005025,717.0,172.08,24.0,39.4,578.629665788436,7.71506221051248,10.715364181267335,True,True,True,0.8413001912045889,0.9598470363288719,0.8451242829827916,0.9541108986615678,0.8279158699808795,0.9579349904397706,-0.013384321223709361,0.7330754352030948,0.9516441005802708,0.7195357833655706,0.9458413926499033,0.7117988394584139,0.9477756286266924,-0.021276595744680882,05
4625005026,1466.0,416.344,28.4,37.5,181.43841131566992,2.419178817542266,3.359970579919813,True,True,True,0.8413001912045889,0.9598470363288719,0.8451242829827916,0.9541108986615678,0.8298279158699808,0.9579349904397706,-0.01147227533460804,0.7330754352030948,0.9516441005802708,0.7195357833655706,0.9458413926499033,0.7137330754352031,0.9477756286266924,-0.01934235976789167,05
4625005027,1791.0,440.58600000000007,24.6,31.4,533.0239314853942,7.10698575313859,9.870813546025818,True,True,True,0.8413001912045889,0.9598470363288719,0.8451242829827916,0.9541108986615678,0.8221797323135756,0.9560229445506692,-0.019120458891013326,0.7330754352030948,0.9516441005802708,0.7195357833655706,0.9458413926499033,0.7021276595744681,0.9458413926499033,-0.030947775628626717,05
4625005028,1131.0,290.66700000000003,25.7,31.6,219.8464875087087,2.9312865001161157,4.071231250161272,True,True,True,0.8413001912045889,0.9598470363288719,0.8451242829827916,0.9541108986615678,0.8240917782026769,0.9579349904397706,-0.017208413001912004,0.7330754352030948,0.9516441005802708,0.7195357833655706,0.9458413926499033,0.7001934235976789,0.9439071566731141,-0.03288201160541593,05
4625005029,1175.0,265.55,22.6,34.6,915.4179241833988,12.205572322445317,16.95218378117405,True,False,False,0.8413001912045889,0.9598470363288719,0.8451242829827916,0.9541108986615678,0.8049713193116634,0.9483747609942639,-0.03632887189292544,0.7330754352030948,0.9516441005802708,0.7195357833655706,0.9458413926499033,0.688588007736944,0.9342359767891683,-0.044487427466150864,05
4625005031,1057.0,126.84,12.0,28.3,701.3609334265713,9.351479112354282,12.988165433825394,True,True,True,0.8413001912045889,0.9598470363288719,0.8451242829827916,0.9541108986615678,0.8068833652007649,0.9483747609942639,-0.03441682600382401,0.7330754352030948,0.9516441005802708,0.7195357833655706,0.9458413926499033,0.6943907156673114,0.9400386847195358,-0.03868471953578345,05
4625005033,1730.0,392.71,22.7,25.7,731.9335501614376,9.7591140021525,13.554325002989582,True,True,True,0.8413001912045889,0.9598470363288719,0.8451242829827916,0.9541108986615678,0.8049713193116634,0.9483747609942639,-0.03632887189292544,0.7330754352030948,0.9516441005802708,0.7195357833655706,0.9458413926499033,0.688588007736944,0.9342359767891683,-0.044487427466150864,05
4625005034,1526.0,236.53,15.5,38.4,865.9411416696851,11.545881888929134,16.03594706795713,True,False,False,0.8413001912045889,0.9598470363288719,0.8451242829827916,0.9541108986615678,0.8049713193116634,0.9464627151051626,-0.03632887189292544,0.7330754352030948,0.9516441005802708,0.7195357833655706,0.9458413926499033,0.688588007736944,0.9342359767891683,-0.044487427466150864,05
4625005036,1226.0,252.556,20.6,27.5,571.5603790852899,7.620805054470533,10.584451464542406,True,True,True,0.8413001912045889,0.9598470363288719,0.8451242829827916,0.9541108986615678,0.8011472275334608,0.9407265774378585,-0.040152963671128084,0.7330754352030948,0.9516441005802708,0.7195357833655706,0.9458413926499033,0.6827852998065764,0.9303675048355899,-0.05029013539651839,05
4625005037,770.0,176.33,22.9,31.7,935.9155889065161,12.478874518753548,17.331770164935485,True,False,False,0.8413001912045889,0.9598470363288719,0.8451242829827916,0.9541108986615678,0.8068833652007649,0.9483747609942639,-0.03441682600382401,0.7330754352030948,0.9516441005802708,0.7195357833655706,0.9458413926499033,0.6924564796905223,0.9400386847195358,-0.04061895551257255,05
4625005038,1422.0,355.5,25.0,25.4,613.7852367680714,8.183803156907619,11.366393273482803,True,True,True,0.8413001912045889,0.9598470363288719,0.8451242829827916,0.9541108986615678,0.8068833652007649,0.9483747609942639,-0.03441682600382401,0.7330754352030948,0.9516441005802708,0.7195357833655706,0.9458413926499033,0.6963249516441006,0.941972920696325,-0.03675048355899424,05
4625005039,1683.0,430.848,25.6,34.2,848.5574601696886,11.314099468929182,15.714027040179419,True,False,False,0.8413001912045889,0.9598470363288719,0.8451242829827916,0.9541108986615678,0.8183556405353728,0.9560229445506692,-0.02294455066921608,0.7330754352030948,0.9516441005802708,0.7195357833655706,0.9458413926499033,0.7021276595744681,0.9458413926499033,-0.030947775628626717,05
4625005040,1857.0,447.53700000000003,24.1,30.2,969.155310497884,12.922070806638454,17.94732056477563,True,False,False,0.8413001912045889,0.9598470363288719,0.8451242829827916,0.9541108986615678,0.8087954110898662,0.9502868068833652,-0.03250478011472269,0.7330754352030948,0.9516441005802708,0.7195357833655706,0.9458413926499033,0.6963249516441006,0.9439071566731141,-0.03675048355899424,05
4625005042,1590.0,349.8,22.0,34.5,674.9706641389383,8.999608855185844,12.499456743313674,True,True,True,0.8413001912045889,0.9598470363288719,0.8451242829827916,0.9541108986615678,0.8087954110898662,0.9521988527724665,-0.03250478011472269,0.7330754352030948,0.9516441005802708,0.7195357833655706,0.9458413926499033,0.6982591876208898,0.9458413926499033,-0.03481624758220503,05
4625005043,1996.0,353.292,17.7,29.1,534.4006906974288,7.125342542632383,9.896309086989422,True,True,True,0.8413001912045889,0.9598470363288719,0.8451242829827916,0.9541108986615678,0.8068833652007649,0.9483747609942639,-0.03441682600382401,0.7330754352030948,0.9516441005802708,0.7195357833655706,0.9458413926499033,0.6963249516441006,0.941972920696325,-0.03675048355899424,05
4625006001,1373.0,354.23400000000004,25.8,32.4,837.7468186018342,11.169957581357789,15.51382997410804,True,False,False,0.8413001912045889,0.9598470363288719,0.8451242829827916,0.9541108986615678,0.8413001912045889,0.9598470363288719,0.0,0.7330754352030948,0.9516441005802708,0.7195357833655706,0.9458413926499033,0.7253384912959381,0.9497098646034816,-0.007736943907156735,06
4625006002,1547.0,417.69,27.0,25.7,886.7908281942088,11.823877709256116,16.422052373966828,True,False,False,0.8413001912045889,0.9598470363288719,0.8451242829827916,0.9541108986615678,0.8451242829827916,0.9598470363288719,0.003824091778202754,0.7330754352030948,0.9516441005802708,0.7195357833655706,0.9458413926499033,0.7408123791102514,0.9535783365570599,0.007736943907156624,06
4625006003,1033.0,206.6,20.0,30.7,835.1754182736386,11.135672243648514,15.466211449511825,True,False,False,0.8413001912045889,0.9598470363288719,0.8451242829827916,0.9541108986615678,0.8565965583173997,0.9636711281070746,0.015296367112810794,0.7330754352030948,0.9516441005802708,0.7195357833655706,0.9458413926499033,0.7543520309477756,0.9593810444874274,0.02127659574468077,06
4625006004,1615.0,373.065,23.1,32.3,913.3845163179176,12.178460217572233,16.914528079961435,True,False,False,0.8413001912045889,0.9598470363288719,0.8451242829827916,0.9541108986615678,0.8546845124282982,0.9636711281070746,0.013384321223709361,0.7330754352030948,0.9516441005802708,0.7195357833655706,0.9458413926499033,0.7543520309477756,0.9593810444874274,0.02127659574468077,06
4625006006,1204.0,374.444,31.1,24.9,764.8938036745282,10.198584048993707,14.164700068046818,True,True,True,0.8413001912045889,0.9598470363288719,0.8451242829827916,0.9541108986615678,0.8413001912045889,0.9598470363288719,0.0,0.7330754352030948,0.9516441005802708,0.7195357833655706,0.9458413926499033,0.723404255319149,0.9497098646034816,-0.009671179883945835,06
4625006007,1270.0,281.94,22.2,29.7,597.06304224404,7.960840563253868,11.05672300451926,True,True,True,0.8413001912045889,0.9598470363288719,0.8451242829827916,0.9541108986615678,0.8680688336520076,0.9674952198852772,0.026768642447418722,0.7330754352030948,0.9516441005802708,0.7195357833655706,0.9458413926499033,0.7640232108317214,0.965183752417795,0.030947775628626606,06
4625006008,1915.0,540.03,28.2,28.2,438.47876933300387,5.846383591106718,8.119977209870441,True,True,True,0.8413001912045889,0.9598470363288719,0.8451242829827916,0.9541108986615678,0.8738049713193117,0.9674952198852772,0.0325047801147228,0.7330754352030948,0.9516441005802708,0.7195357833655706,0.9458413926499033,0.7717601547388782,0.9690522243713733,0.03868471953578334,06
4625006009,1390.0,294.68,21.2,38.7,279.4176413882621,3.7255685518434944,5.174400766449298,True,True,True,0.8413001912045889,0.9598470363288719,0.8451242829827916,0.9541108986615678,0.8852772466539197,0.97131931166348,0.04397705544933084,0.7330754352030948,0.9516441005802708,0.7195357833655706,0.9458413926499033,0.8085106382978723,0.97678916827853,0.07543520309477747,06
4625006011,834.0,145.11599999999999,17.4,35.5,632.0274928725935,8.427033238301247,11.704212830973953,True,True,True,0.8413001912045889,0.9598470363288719,0.8451242829827916,0.9541108986615678,0.8833652007648184,0.9694072657743786,0.042065009560229516,0.7330754352030948,0.9516441005802708,0.7195357833655706,0.9458413926499033,0.804642166344294,0.97678916827853,0.07156673114119916,06
4625006012,1123.0,248.18300000000002,22.1,37.9,805.0052911592729,10.733403882123639,14.907505391838386,True,True,True,0.8413001912045889,0.9598470363288719,0.8451242829827916,0.9541108986615678,0.8852772466539197,0.97131931166348,0.04397705544933084,0.7330754352030948,0.9516441005802708,0.7195357833655706,0.9458413926499033,0.7911025145067698,0.97678916827853,0.05802707930367501,06
4625006013,1430.0,306.02,21.4,29.3,397.20976326844493,5.296130176912599,7.355736356823054,True,True,True,0.8413001912045889,0.9598470363288719,0.8451242829827916,0.9541108986615678,0.8891013384321224,0.97131931166348,0.04780114722753348,0.7330754352030948,0.9516441005802708,0.7195357833655706,0.9458413926499033,0.8027079303675049,0.9787234042553191,0.06963249516441006,06
4625006014,1579.0,356.85400000000004,22.6,32.2,446.79734406451314,5.957297920860175,8.274024890083576,True,True,True,0.8413001912045889,0.9598470363288719,0.8451242829827916,0.9541108986615678,0.8833652007648184,0.97131931166348,0.042065009560229516,0.7330754352030948,0.9516441005802708,0.7195357833655706,0.9458413926499033,0.7949709864603481,0.97678916827853,0.06189555125725332,06
4625006015,2117.0,474.20799999999997,22.4,32.2,59.81899981440223,0.7975866641920298,1.1077592558222635,True,True,True,0.8413001912045889,0.9598470363288719,0.8451242829827916,0.9541108986615678,0.8852772466539197,0.97131931166348,0.04397705544933084,0.7330754352030948,0.9516441005802708,0.7195357833655706,0.9458413926499033,0.8027079303675049,0.97678916827853,0.06963249516441006,06
4625006016,862.0,212.914,24.7,31.1,408.4276541742867,5.445702055657156,7.5634750773016055,True,True,True,0.8413001912045889,0.9598470363288719,0.8451242829827916,0.9541108986615678,0.8432122370936902,0.9598470363288719,0.0019120458891013214,0.7330754352030948,0.9516441005802708,0.7195357833655706,0.9458413926499033,0.7330754352030948,0.9535783365570599,0.0,06
4625006017,1757.0,444.52099999999996,25.3,27.0,432.20646760011255,5.762752901334834,8.003823474076158,True,True,True,0.8413001912045889,0.9598470363288719,0.8451242829827916,0.9541108986615678,0.8451242829827916,0.9598470363288719,0.003824091778202754,0.7330754352030948,0.9516441005802708,0.7195357833655706,0.9458413926499033,0.7350096711798839,0.9535783365570599,0.0019342359767891004,06
4625006018,1021.0,286.901,28.1,25.7,724.360348521182,9.658137980282426,13.414080528170038,True,True,True,0.8413001912045889,0.9598470363288719,0.8451242829827916,0.9541108986615678,0.8413001912045889,0.9579349904397706,0.0,0.7330754352030948,0.9516441005802708,0.7195357833655706,0.9458413926499033,0.723404255319149,0.9497098646034816,-0.009671179883945835,06
4625006019,1011.0,232.53,23.0,30.9,499.19263790602605,6.655901838747014,9.244308109370852,True,True,True,0.8413001912045889,0.9598470363288719,0.8451242829827916,0.9541108986615678,0.8413001912045889,0.9579349904397706,0.0,0.7330754352030948,0.9516441005802708,0.7195357833655706,0.9458413926499033,0.723404255319149,0.9497098646034816,-0.009671179883945835,06
4625006021,811.0,223.025,27.5,27.5,508.6629312440178,6.782172416586904,9.419683911926255,True,True,True,0.8413001912045889,0.9598470363288719,0.8451242829827916,0.9541108986615678,0.8451242829827916,0.9598470363288719,0.003824091778202754,0.7330754352030948,0.9516441005802708,0.7195357833655706,0.9458413926499033,0.7350096711798839,0.9535783365570599,0.0019342359767891004,06
4625006022,1014.0,269.724,26.6,27.3,287.53769830811666,3.8338359774415554,5.324772190891049,True,True,True,0.8413001912045889,0.9598470363288719,0.8451242829827916,0.9541108986615678,0.847036328871893,0.9598470363288719,0.005736137667304075,0.7330754352030948,0.9516441005802708,0.7195357833655706,0.9458413926499033,0.746615087040619,0.9535783365570599,0.013539651837524147,06
4625006023,1205.0,307.275,25.5,29.6,804.2644881577253,10.723526508769671,14.893786817735652,True,True,True,0.8413001912045889,0.9598470363288719,0.8451242829827916,0.9541108986615678,0.875717017208413,0.9674952198852772,0.03441682600382412,0.7330754352030948,0.9516441005802708,0.7195357833655706,0.9458413926499033,0.7794970986460348,0.9729206963249516,0.046421663442939964,06
4625006024,1562.0,374.88,24.0,33.4,649.3132744021563,8.657510325362084,12.024319896336227,True,True,True,0.8413001912045889,0.9598470363288719,0.8451242829827916,0.9541108986615678,0.8546845124282982,0.9636711281070746,0.013384321223709361,0.7330754352030948,0.9516441005802708,0.7195357833655706,0.9458413926499033,0.7504835589941973,0.9593810444874274,0.01740812379110246,06
4625006026,1666.0,411.50199999999995,24.7,33.4,519.5502897931165,6.927337197241553,9.62130166283549,True,True,True,0.8413001912045889,0.9598470363288719,0.8451242829827916,0.9541108986615678,0.8795411089866156,0.9674952198852772,0.03824091778202676,0.7330754352030948,0.9516441005802708,0.7195357833655706,0.9458413926499033,0.793036750483559,0.9748549323017408,0.05996131528046422,06
4625006027,1253.0,294.455,23.5,30.5,306.3274745210611,4.084366326947481,5.67273100964928,True,True,True,0.8413001912045889,0.9598470363288719,0.8451242829827916,0.9541108986615678,0.8814531548757171,0.9674952198852772,0.040152963671128195,0.7330754352030948,0.9516441005802708,0.7195357833655706,0.9458413926499033,0.7969052224371374,0.97678916827853,0.06382978723404253,06
4625007001,1216.0,284.544,23.4,34.7,641.9628835348012,8.55950511379735,11.888201546940763,True,True,True,0.8413001912045889,0.9598470363288719,0.8451242829827916,0.9541108986615678,0.8279158699808795,0.9560229445506692,-0.013384321223709361,0.7330754352030948,0.9516441005802708,0.7195357833655706,0.9458413926499033,0.7117988394584139,0.9458413926499033,-0.021276595744680882,07
4625007002,1892.0,361.37200000000007,19.1,31.0,314.06760551505545,4.187568073534073,5.816066768797323,True,True,True,0.8413001912045889,0.9598470363288719,0.8451242829827916,0.9541108986615678,0.8336520076481836,0.9560229445506692,-0.007648183556405286,0.7330754352030948,0.9516441005802708,0.7195357833655706,0.9458413926499033,0.7195357833655706,0.9497098646034816,-0.013539651837524258,07
4625007003,1404.0,341.172,24.3,31.5,538.3796439742553,7.17839525299007,9.969993406930653,True,True,True,0.8413001912045889,0.9598470363288719,0.8451242829827916,0.9541108986615678,0.8317399617590823,0.9560229445506692,-0.009560229445506607,0.7330754352030948,0.9516441005802708,0.7195357833655706,0.9458413926499033,0.7176015473887815,0.9516441005802708,-0.015473887814313358,07
4625007004,960.0,211.2,22.0,36.2,554.2256284303996,7.389675045738661,10.263437563525919,True,True,True,0.8413001912045889,0.9598470363288719,0.8451242829827916,0.9541108986615678,0.8298279158699808,0.9560229445506692,-0.01147227533460804,0.7330754352030948,0.9516441005802708,0.7195357833655706,0.9458413926499033,0.7117988394584139,0.9477756286266924,-0.021276595744680882,07
4625007005,1151.0,189.915,16.5,28.4,479.17658892021103,6.389021185602814,8.873640535559463,True,True,True,0.8413001912045889,0.9598470363288719,0.8451242829827916,0.9541108986615678,0.8298279158699808,0.9560229445506692,-0.01147227533460804,0.7330754352030948,0.9516441005802708,0.7195357833655706,0.9458413926499033,0.7117988394584139,0.9477756286266924,-0.021276595744680882,07
4625007006,1156.0,223.108,19.3,35.3,496.12267401604055,6.614968986880541,9.187456926222973,True,True,True,0.8413001912045889,0.9598470363288719,0.8451242829827916,0.9541108986615678,0.8279158699808795,0.9560229445506692,-0.013384321223709361,0.7330754352030948,0.9516441005802708,0.7195357833655706,0.9458413926499033,0.7079303675048356,0.9458413926499033,-0.025145067698259194,07
4625007007,1118.0,269.43800000000005,24.1,37.1,593.3874365237924,7.911832486983899,10.988656231922082,True,True,True,0.8413001912045889,0.9598470363288719,0.8451242829827916,0.9541108986615678,0.8298279158699808,0.9560229445506692,-0.01147227533460804,0.7330754352030948,0.9516441005802708,0.7195357833655706,0.9458413926499033,0.7117988394584139,0.9477756286266924,-0.021276595744680882,07
4625007008,778.0,182.83,23.5,33.2,644.0531631916185,8.58737550922158,11.926910429474416,True,True,True,0.8413001912045889,0.9598470363288719,0.8451242829827916,0.9541108986615678,0.8298279158699808,0.9560229445506692,-0.01147227533460804,0.7330754352030948,0.9516441005802708,0.7195357833655706,0.9458413926499033,0.7079303675048356,0.9458413926499033,-0.025145067698259194,07
4625007009,1158.0,251.28599999999997,21.7,42.3,799.2784000796528,10.65704533439537,14.801451853326903,True,True,True,0.8413001912045889,0.9598470363288719,0.8451242829827916,0.9541108986615678,0.8279158699808795,0.9560229445506692,-0.013384321223709361,0.7330754352030948,0.9516441005802708,0.7195357833655706,0.9458413926499033,0.7079303675048356,0.9458413926499033,-0.025145067698259194,07
4625007010,2009.0,423.899,21.1,30.9,704.0229746424529,9.386972995232705,13.037462493378758,True,True,True,0.8413001912045889,0.9598470363288719,0.8451242829827916,0.9541108986615678,0.8489483747609943,0.9579349904397706,0.007648183556405397,0.7330754352030948,0.9516441005802708,0.7195357833655706,0.9458413926499033,0.7272727272727273,0.9497098646034816,-0.005802707930367523,07
4625007012,1124.0,213.56,19.0,32.4,393.6543104771027,5.248724139694702,7.2898946384648635,True,True,True,0.8413001912045889,0.9598470363288719,0.8451242829827916,0.9541108986615678,0.8489483747609943,0.9579349904397706,0.007648183556405397,0.7330754352030948,0.9516441005802708,0.7195357833655706,0.9458413926499033,0.7292069632495164,0.9497098646034816,-0.003868471953578423,07
4625007013,1004.0,187.748,18.7,40.5,215.29720798427252,2.8706294397903003,3.9869853330420835,True,True,True,0.8413001912045889,0.9598470363288719,0.8451242829827916,0.9541108986615678,0.8489483747609943,0.9579349904397706,0.007648183556405397,0.7330754352030948,0.9516441005802708,0.7195357833655706,0.9458413926499033,0.7292069632495164,0.9497098646034816,-0.003868471953578423,07
4625007014,1036.0,224.812,21.7,33.2,344.9929451066502,4.599905934755337,6.3887582427157446,True,True,True,0.8413001912045889,0.9598470363288719,0.8451242829827916,0.9541108986615678,0.8489483747609943,0.9579349904397706,0.007648183556405397,0.7330754352030948,0.9516441005802708,0.7195357833655706,0.9458413926499033,0.7292069632495164,0.9497098646034816,-0.003868471953578423,07
4625007015,1138.0,190.046,16.7,27.6,514.8921725070788,6.865228966761051,9.535040231612571,True,True,True,0.8413001912045889,0.9598470363288719,0.8451242829827916,0.9541108986615678,0.8489483747609943,0.9579349904397706,0.007648183556405397,0.7330754352030948,0.9516441005802708,0.7195357833655706,0.9458413926499033,0.7292069632495164,0.9497098646034816,-0.003868471953578423,07
4625007016,1927.0,470.18799999999993,24.4,31.7,300.4529064755,4.006038753006667,5.5639427125092595,True,True,True,0.8413001912045889,0.9598470363288719,0.8451242829827916,0.9541108986615678,0.8489483747609943,0.9579349904397706,0.007648183556405397,0.7330754352030948,0.9516441005802708,0.7195357833655706,0.9458413926499033,0.7292069632495164,0.9497098646034816,-0.003868471953578423,07
4625007017,2063.0,439.41900000000004,21.3,34.4,264.3209084550953,3.524278779401271,4.894831638057321,True,True,True,0.8413001912045889,0.9598470363288719,0.8451242829827916,0.9541108986615678,0.8451242829827916,0.9579349904397706,0.003824091778202754,0.7330754352030948,0.9516441005802708,0.7195357833655706,0.9458413926499033,0.7272727272727273,0.9497098646034816,-0.005802707930367523,07
4625007018,1250.0,302.5,24.2,33.1,264.2965567923244,3.523954090564325,4.8943806813393405,True,True,True,0.8413001912045889,0.9598470363288719,0.8451242829827916,0.9541108986615678,0.8336520076481836,0.9560229445506692,-0.007648183556405286,0.7330754352030948,0.9516441005802708,0.7195357833655706,0.9458413926499033,0.723404255319149,0.9516441005802708,-0.009671179883945835,07
4625007019,1680.0,339.36,20.2,27.7,217.82223150978425,2.9042964201304566,4.033745027958967,True,True,True,0.8413001912045889,0.9598470363288719,0.8451242829827916,0.9541108986615678,0.8451242829827916,0.9579349904397706,0.003824091778202754,0.7330754352030948,0.9516441005802708,0.7195357833655706,0.9458413926499033,0.7272727272727273,0.9497098646034816,-0.005802707930367523,07
4625007020,1722.0,430.5,25.0,31.3,454.8123967768586,6.0641652903581145,8.422451792164047,True,True,True,0.8413001912045889,0.9598470363288719,0.8451242829827916,0.9541108986615678,0.8317399617590823,0.9560229445506692,-0.009560229445506607,0.7330754352030948,0.9516441005802708,0.7195357833655706,0.9458413926499033,0.7195357833655706,0.9497098646034816,-0.013539651837524258,07
4625007021,1394.0,299.71,21.5,33.1,1325.947489799234,17.679299863989787,24.554583144430257,False,False,False,0.8413001912045889,0.9598470363288719,0.8451242829827916,0.9541108986615678,0.8336520076481836,0.9560229445506692,-0.007648183556405286,0.7330754352030948,0.9516441005802708,0.7195357833655706,0.9458413926499033,0.7214700193423598,0.9516441005802708,-0.011605415860735047,07
4625007022,1424.0,361.69599999999997,25.4,33.0,1024.2053578804844,13.656071438406459,18.96676588667564,True,False,False,0.8413001912045889,0.9598470363288719,0.8451242829827916,0.9541108986615678,0.8336520076481836,0.9560229445506692,-0.007648183556405286,0.7330754352030948,0.9516441005802708,0.7195357833655706,0.9458413926499033,0.723404255319149,0.9516441005802708,-0.009671179883945835,07
4625007023,767.0,201.72100000000003,26.3,36.8,906.9056403233237,12.092075204310984,16.794548894876364,True,False,False,0.8413001912045889,0.9598470363288719,0.8451242829827916,0.9541108986615678,0.8393881453154876,0.9560229445506692,-0.0019120458891013214,0.7330754352030948,0.9516441005802708,0.7195357833655706,0.9458413926499033,0.723404255319149,0.9516441005802708,-0.009671179883945835,07
4625007024,1430.0,228.8,16.0,33.1,791.7017286560961,10.556023048747948,14.661143123261038,True,True,True,0.8413001912045889,0.9598470363288719,0.8451242829827916,0.9541108986615678,0.8432122370936902,0.9579349904397706,0.0019120458891013214,0.7330754352030948,0.9516441005802708,0.7195357833655706,0.9458413926499033,0.7272727272727273,0.9497098646034816,-0.005802707930367523,07
4625007025,1025.0,244.975,23.9,33.7,553.107808377169,7.374770778362254,10.242737192169797,True,True,True,0.8413001912045889,0.9598470363288719,0.8451242829827916,0.9541108986615678,0.8336520076481836,0.9560229445506692,-0.007648183556405286,0.7330754352030948,0.9516441005802708,0.7195357833655706,0.9458413926499033,0.723404255319149,0.9516441005802708,-0.009671179883945835,07
4625007026,1197.0,154.413,12.9,29.5,570.7687039212481,7.61024938561664,10.569790813356445,True,True,True,0.8413001912045889,0.9598470363288719,0.8451242829827916,0.9541108986615678,0.8432122370936902,0.9579349904397706,0.0019120458891013214,0.7330754352030948,0.9516441005802708,0.7195357833655706,0.9458413926499033,0.7272727272727273,0.9497098646034816,-0.005802707930367523,07
4625007030,1668.0,236.856,14.2,30.5,529.799051049615,7.063987347328199,9.811093537955832,True,True,True,0.8413001912045889,0.9598470363288719,0.8451242829827916,0.9541108986615678,0.8489483747609943,0.9579349904397706,0.007648183556405397,0.7330754352030948,0.9516441005802708,0.7195357833655706,0.9458413926499033,0.7272727272727273,0.9497098646034816,-0.005802707930367523,07
4625007031,1069.0,275.802,25.8,34.1,423.04323496670196,5.640576466222693,7.834133980864851,True,True,True,0.8413001912045889,0.9598470363288719,0.8451242829827916,0.9541108986615678,0.8336520076481836,0.9560229445506692,-0.007648183556405286,0.7330754352030948,0.9516441005802708,0.7195357833655706,0.9458413926499033,0.723404255319149,0.9516441005802708,-0.009671179883945835,07
4625007032,1172.0,378.556,32.3,30.8,167.13313901494524,2.228441853532603,3.095058129906393,True,True,True,0.8413001912045889,0.9598470363288719,0.8451242829827916,0.9541108986615678,0.8355640535372849,0.9560229445506692,-0.005736137667303964,0.7330754352030948,0.9516441005802708,0.7195357833655706,0.9458413926499033,0.723404255319149,0.9516441005802708,-0.009671179883945835,07
4625007036,1714.0,311.948,18.2,28.8,486.60478418471405,6.488063789129521,9.011199707124335,True,True,True,0.8413001912045889,0.9598470363288719,0.8451242829827916,0.9541108986615678,0.8336520076481836,0.9560229445506692,-0.007648183556405286,0.7330754352030948,0.9516441005802708,0.7195357833655706,0.9458413926499033,0.7253384912959381,0.9516441005802708,-0.007736943907156735,07
4625007037,2008.0,327.30400000000003,16.3,25.8,827.1048329729002,11.028064439638671,15.316756166164819,True,False,False,0.8413001912045889,0.9598470363288719,0.8451242829827916,0.9541108986615678,0.8336520076481836,0.9560229445506692,-0.007648183556405286,0.7330754352030948,0.9516441005802708,0.7195357833655706,0.9458413926499033,0.7253384912959381,0.9516441005802708,-0.007736943907156735,07
4625007039,1377.0,380.052,27.6,19.8,1285.8981884335542,17.145309179114058,23.81292941543619,False,False,False,0.8413001912045889,0.9598470363288719,0.8451242829827916,0.9541108986615678,0.8336520076481836,0.9560229445506692,-0.007648183556405286,0.7330754352030948,0.9516441005802708,0.7195357833655706,0.9458413926499033,0.7214700193423598,0.9516441005802708,-0.011605415860735047,07
4625007040,1245.0,347.355,27.9,29.1,1551.6108264895947,20.6881443531946,28.733533823881384,False,False,False,0.8413001912045889,0.9598470363288719,0.8451242829827916,0.9541108986615678,0.8336520076481836,0.9560229445506692,-0.007648183556405286,0.7330754352030948,0.9516441005802708,0.7195357833655706,0.9458413926499033,0.7214700193423598,0.9497098646034816,-0.011605415860735047,07
4625007041,1077.0,252.018,23.4,30.3,81.71410505967954,1.0895214007957272,1.5132241677718432,True,True,True,0.8413001912045889,0.9598470363288719,0.8451242829827916,0.9541108986615678,0.8489483747609943,0.9579349904397706,0.007648183556405397,0.7330754352030948,0.9516441005802708,0.7195357833655706,0.9458413926499033,0.7272727272727273,0.9497098646034816,-0.005802707930367523,07
4625007042,2243.0,444.11400000000003,19.8,28.8,1307.4254558530984,17.432339411374645,24.211582515798117,False,False,False,0.8413001912045889,0.9598470363288719,0.8451242829827916,0.9541108986615678,0.8336520076481836,0.9560229445506692,-0.007648183556405286,0.7330754352030948,0.9516441005802708,0.7195357833655706,0.9458413926499033,0.723404255319149,0.9516441005802708,-0.009671179883945835,07
4625008002,825.0,235.95,28.6,30.3,881.7073576310812,11.75609810174775,16.327914030205207,True,False,False,0.8413001912045889,0.9598470363288719,0.8451242829827916,0.9541108986615678,0.8298279158699808,0.9560229445506692,-0.01147227533460804,0.7330754352030948,0.9516441005802708,0.7195357833655706,0.9458413926499033,0.7098646034816247,0.9458413926499033,-0.023210831721470093,08
4625008003,823.0,199.989,24.3,26.6,742.7320236635909,9.903093648847879,13.754296734510943,True,True,True,0.8413001912045889,0.9598470363288719,0.8451242829827916,0.9541108986615678,0.8298279158699808,0.9560229445506692,-0.01147227533460804,0.7330754352030948,0.9516441005802708,0.7195357833655706,0.9458413926499033,0.7098646034816247,0.9477756286266924,-0.023210831721470093,08
4625008004,1755.0,375.57,21.4,34.1,764.5101140126425,10.193468186835235,14.157594703937823,True,True,True,0.8413001912045889,0.9598470363288719,0.8451242829827916,0.9541108986615678,0.8317399617590823,0.9560229445506692,-0.009560229445506607,0.7330754352030948,0.9516441005802708,0.7195357833655706,0.9458413926499033,0.7156673114119922,0.9497098646034816,-0.01740812379110257,08
4625008006,1028.0,302.23199999999997,29.4,32.4,644.2774304715912,8.590365739621214,11.93106352725169,True,True,True,0.8413001912045889,0.9598470363288719,0.8451242829827916,0.9541108986615678,0.8317399617590823,0.9560229445506692,-0.009560229445506607,0.7330754352030948,0.9516441005802708,0.7195357833655706,0.9458413926499033,0.7156673114119922,0.9497098646034816,-0.01740812379110257,08
4625008007,1100.0,280.5,25.5,29.6,179.28868342157887,2.390515778954385,3.320160804103312,True,True,True,0.8413001912045889,0.9598470363288719,0.8451242829827916,0.9541108986615678,0.8298279158699808,0.9579349904397706,-0.01147227533460804,0.7330754352030948,0.9516441005802708,0.7195357833655706,0.9458413926499033,0.7117988394584139,0.9497098646034816,-0.021276595744680882,08
4625008008,898.0,217.31599999999997,24.2,37.2,466.6796851011161,6.222395801348214,8.642216390761408,True,True,True,0.8413001912045889,0.9598470363288719,0.8451242829827916,0.9541108986615678,0.8298279158699808,0.9579349904397706,-0.01147227533460804,0.7330754352030948,0.9516441005802708,0.7195357833655706,0.9458413926499033,0.7059961315280464,0.9497098646034816,-0.027079303675048405,08
4625008009,851.0,182.965,21.5,33.7,622.4626655728987,8.29950220763865,11.527086399498124,True,True,True,0.8413001912045889,0.9598470363288719,0.8451242829827916,0.9541108986615678,0.8298279158699808,0.9579349904397706,-0.01147227533460804,0.7330754352030948,0.9516441005802708,0.7195357833655706,0.9458413926499033,0.7079303675048356,0.9477756286266924,-0.025145067698259194,08
4625008010,2266.0,335.36800000000005,14.8,29.1,712.4507682111292,9.499343576148389,13.193532744650541,True,True,True,0.8413001912045889,0.9598470363288719,0.8451242829827916,0.9541108986615678,0.8336520076481836,0.9560229445506692,-0.007648183556405286,0.7330754352030948,0.9516441005802708,0.7195357833655706,0.9458413926499033,0.7137330754352031,0.9497098646034816,-0.01934235976789167,08
4625008012,1389.0,391.698,28.2,33.8,578.5923923146582,7.714565230862109,10.71467393175293,True,True,True,0.8413001912045889,0.9598470363288719,0.8451242829827916,0.9541108986615678,0.8336520076481836,0.9560229445506692,-0.007648183556405286,0.7330754352030948,0.9516441005802708,0.7195357833655706,0.9458413926499033,0.7137330754352031,0.9497098646034816,-0.01934235976789167,08
4625008013,2093.0,542.087,25.9,26.3,733.6094102682489,9.781458803576651,13.585359449412016,True,True,True,0.8413001912045889,0.9598470363288719,0.8451242829827916,0.9541108986615678,0.8317399617590823,0.9560229445506692,-0.009560229445506607,0.7330754352030948,0.9516441005802708,0.7195357833655706,0.9458413926499033,0.7195357833655706,0.9497098646034816,-0.013539651837524258,08
4625008014,1804.0,483.47200000000004,26.8,32.2,388.1559518180514,5.1754126909073515,7.188073181815766,True,True,True,0.8413001912045889,0.9598470363288719,0.8451242829827916,0.9541108986615678,0.8336520076481836,0.9579349904397706,-0.007648183556405286,0.7330754352030948,0.9516441005802708,0.7195357833655706,0.9458413926499033,0.7117988394584139,0.9516441005802708,-0.021276595744680882,08
4625008015,1028.0,240.55199999999996,23.4,37.2,368.88835349622246,4.918511379949633,6.831265805485601,True,True,True,0.8413001912045889,0.9598470363288719,0.8451242829827916,0.9541108986615678,0.8317399617590823,0.9579349904397706,-0.009560229445506607,0.7330754352030948,0.9516441005802708,0.7195357833655706,0.9458413926499033,0.7079303675048356,0.9477756286266924,-0.025145067698259194,08
4625008016,735.0,124.95,17.0,43.8,351.17861343962363,4.682381512528314,6.503307656289326,True,True,True,0.8413001912045889,0.9598470363288719,0.8451242829827916,0.9541108986615678,0.8336520076481836,0.9579349904397706,-0.007648183556405286,0.7330754352030948,0.9516441005802708,0.7195357833655706,0.9458413926499033,0.7137330754352031,0.9516441005802708,-0.01934235976789167,08
4625008017,790.0,190.39,24.1,36.6,409.60213377771254,5.461361783702833,7.585224699587269,True,True,True,0.8413001912045889,0.9598470363288719,0.8451242829827916,0.9541108986615678,0.8336520076481836,0.9579349904397706,-0.007648183556405286,0.7330754352030948,0.9516441005802708,0.7195357833655706,0.9458413926499033,0.7137330754352031,0.9497098646034816,-0.01934235976789167,08
4625008018,2257.0,494.28299999999996,21.9,28.6,286.6029808159407,3.8213730775458763,5.307462607702606,True,True,True,0.8413001912045889,0.9598470363288719,0.8451242829827916,0.9541108986615678,0.8336520076481836,0.9579349904397706,-0.007648183556405286,0.7330754352030948,0.9516441005802708,0.7195357833655706,0.9458413926499033,0.7117988394584139,0.9516441005802708,-0.021276595744680882,08
4625008019,1998.0,351.648,17.6,27.2,569.4145355059511,7.592193806746015,10.544713620480575,True,True,True,0.8413001912045889,0.9598470363288719,0.8451242829827916,0.9541108986615678,0.8355640535372849,0.9579349904397706,-0.005736137667303964,0.7330754352030948,0.9516441005802708,0.7195357833655706,0.9458413926499033,0.7195357833655706,0.9516441005802708,-0.013539651837524258,08
4625008020,1840.0,309.12,16.8,22.5,616.9815899669005,8.226421199558674,11.425584999387047,True,True,True,0.8413001912045889,0.9598470363288719,0.8451242829827916,0.9541108986615678,0.8355640535372849,0.9579349904397706,-0.005736137667303964,0.7330754352030948,0.9516441005802708,0.7195357833655706,0.9458413926499033,0.7195357833655706,0.9497098646034816,-0.013539651837524258,08
4625008021,1445.0,294.78,20.4,23.7,916.1621137071077,12.215494849428103,16.965965068650142,True,False,False,0.8413001912045889,0.9598470363288719,0.8451242829827916,0.9541108986615678,0.8374760994263862,0.9579349904397706,-0.003824091778202643,0.7330754352030948,0.9516441005802708,0.7195357833655706,0.9458413926499033,0.7195357833655706,0.9516441005802708,-0.013539651837524258,08
4625008022,1384.0,388.904,28.1,27.4,476.0130849466082,6.346841132621443,8.815057128640893,True,True,True,0.8413001912045889,0.9598470363288719,0.8451242829827916,0.9541108986615678,0.8336520076481836,0.9560229445506692,-0.007648183556405286,0.7330754352030948,0.9516441005802708,0.7195357833655706,0.9458413926499033,0.7214700193423598,0.9516441005802708,-0.011605415860735047,08
4625008023,947.0,252.849,26.7,27.4,620.9969087020851,8.279958782694468,11.499942753742316,True,True,True,0.8413001912045889,0.9598470363288719,0.8451242829827916,0.9541108986615678,0.8355640535372849,0.9560229445506692,-0.005736137667303964,0.7330754352030948,0.9516441005802708,0.7195357833655706,0.9458413926499033,0.7214700193423598,0.9516441005802708,-0.011605415860735047,08
4625008024,1574.0,338.41,21.5,29.5,892.3598730326869,11.898131640435825,16.525182833938647,True,False,False,0.8413001912045889,0.9598470363288719,0.8451242829827916,0.9541108986615678,0.8355640535372849,0.9560229445506692,-0.005736137667303964,0.7330754352030948,0.9516441005802708,0.7195357833655706,0.9458413926499033,0.7195357833655706,0.9497098646034816,-0.013539651837524258,08
4625008025,798.0,200.29800000000003,25.1,33.1,119.44844083162667,1.5926458777550223,2.2120081635486417,True,True,True,0.8413001912045889,0.9598470363288719,0.8451242829827916,0.9541108986615678,0.8355640535372849,0.9560229445506692,-0.005736137667303964,0.7330754352030948,0.9516441005802708,0.7195357833655706,0.9458413926499033,0.7214700193423598,0.9516441005802708,-0.011605415860735047,08
4625008026,1465.0,471.7300000000001,32.2,32.7,49.406035605969016,0.6587471414129202,0.9149265852957225,True,True,True,0.8413001912045889,0.9598470363288719,0.8451242829827916,0.9541108986615678,0.8336520076481836,0.9560229445506692,-0.007648183556405286,0.7330754352030948,0.9516441005802708,0.7195357833655706,0.9458413926499033,0.723404255319149,0.9516441005802708,-0.009671179883945835,08
4625008027,2152.0,329.256,15.3,27.6,822.4374781562849,10.9658330420838,15.23032366956083,True,False,False,0.8413001912045889,0.9598470363288719,0.8451242829827916,0.9541108986615678,0.8355640535372849,0.9579349904397706,-0.005736137667303964,0.7330754352030948,0.9516441005802708,0.7195357833655706,0.9458413926499033,0.7176015473887815,0.9516441005802708,-0.015473887814313358,08
4625008028,750.0,243.75,32.5,25.5,811.3746448954923,10.818328598606564,15.025456386953561,True,False,False,0.8413001912045889,0.9598470363288719,0.8451242829827916,0.9541108986615678,0.8336520076481836,0.9560229445506692,-0.007648183556405286,0.7330754352030948,0.9516441005802708,0.7195357833655706,0.9458413926499033,0.7156673114119922,0.9497098646034816,-0.01740812379110257,08
4625008029,1952.0,302.56,15.5,29.0,872.4828782107979,11.633105042810639,16.157090337236998,True,False,False,0.8413001912045889,0.9598470363288719,0.8451242829827916,0.9541108986615678,0.8336520076481836,0.9579349904397706,-0.007648183556405286,0.7330754352030948,0.9516441005802708,0.7195357833655706,0.9458413926499033,0.7195357833655706,0.9497098646034816,-0.013539651837524258,08
4625008030,2052.0,437.07599999999996,21.3,25.6,914.0794820452957,12.187726427270608,16.927397815653624,True,False,False,0.8413001912045889,0.9598470363288719,0.8451242829827916,0.9541108986615678,0.8355640535372849,0.9579349904397706,-0.005736137667303964,0.7330754352030948,0.9516441005802708,0.7195357833655706,0.9458413926499033,0.7195357833655706,0.9497098646034816,-0.013539651837524258,08
4625008031,1715.0,322.42,18.8,29.1,742.6830326494578,9.902440435326104,13.753389493508477,True,True,True,0.8413001912045889,0.9598470363288719,0.8451242829827916,0.9541108986615678,0.8374760994263862,0.9579349904397706,-0.003824091778202643,0.7330754352030948,0.9516441005802708,0.7195357833655706,0.9458413926499033,0.7176015473887815,0.9516441005802708,-0.015473887814313358,08
4625008032,1838.0,371.276,20.2,31.7,1036.5628811962374,13.820838415949831,19.195608911041436,True,False,False,0.8413001912045889,0.9598470363288719,0.8451242829827916,0.9541108986615678,0.8374760994263862,0.9579349904397706,-0.003824091778202643,0.7330754352030948,0.9516441005802708,0.7195357833655706,0.9458413926499033,0.7214700193423598,0.9516441005802708,-0.011605415860735047,08
4625008033,1668.0,503.736,30.2,32.1,873.0147278543233,11.640196371390976,16.16693940470969,True,False,False,0.8413001912045889,0.9598470363288719,0.8451242829827916,0.9541108986615678,0.8279158699808795,0.9560229445506692,-0.013384321223709361,0.7330754352030948,0.9516441005802708,0.7195357833655706,0.9458413926499033,0.7059961315280464,0.9458413926499033,-0.027079303675048405,08
4625008034,1544.0,342.768,22.2,27.2,380.4409131360106,5.072545508480141,7.045202095111307,True,True,True,0.8413001912045889,0.9598470363288719,0.8451242829827916,0.9541108986615678,0.8374760994263862,0.9579349904397706,-0.003824091778202643,0.7330754352030948,0.9516441005802708,0.7195357833655706,0.9458413926499033,0.7195357833655706,0.9516441005802708,-0.013539651837524258,08
4625008035,2257.0,361.12,16.0,25.6,170.3935612059264,2.271914149412352,3.155436318628267,True,True,True,0.8413001912045889,0.9598470363288719,0.8451242829827916,0.9541108986615678,0.8374760994263862,0.9579349904397706,-0.003824091778202643,0.7330754352030948,0.9516441005802708,0.7195357833655706,0.9458413926499033,0.7195357833655706,0.9516441005802708,-0.013539651837524258,08
4625008036,1174.0,455.51199999999994,38.8,30.0,410.104203906948,5.468056052092639,7.59452229457311,True,True,True,0.8413001912045889,0.9598470363288719,0.8451242829827916,0.9541108986615678,0.8336520076481836,0.9560229445506692,-0.007648183556405286,0.7330754352030948,0.9516441005802708,0.7195357833655706,0.9458413926499033,0.7214700193423598,0.9516441005802708,-0.011605415860735047,08
4625008037,1378.0,472.65399999999994,34.3,22.6,208.78472093708567,2.7837962791611424,3.866383721057142,True,True,True,0.8413001912045889,0.9598470363288719,0.8451242829827916,0.9541108986615678,0.8355640535372849,0.9560229445506692,-0.005736137667303964,0.7330754352030948,0.9516441005802708,0.7195357833655706,0.9458413926499033,0.7214700193423598,0.9516441005802708,-0.011605415860735047,08
4625008038,1381.0,386.68,28.0,20.2,370.2151028615576,4.936201371487434,6.855835238176993,True,True,True,0.8413001912045889,0.9598470363288719,0.8451242829827916,0.9541108986615678,0.8355640535372849,0.9560229445506692,-0.005736137667303964,0.7330754352030948,0.9516441005802708,0.7195357833655706,0.9458413926499033,0.7214700193423598,0.9516441005802708,-0.011605415860735047,08
4625008039,1023.0,260.865,25.5,23.4,111.70486219401255,1.489398162586834,2.0686085591483807,True,True,True,0.8413001912045889,0.9598470363288719,0.8451242829827916,0.9541108986615678,0.8374760994263862,0.9579349904397706,-0.003824091778202643,0.7330754352030948,0.9516441005802708,0.7195357833655706,0.9458413926499033,0.7214700193423598,0.9516441005802708,-0.011605415860735047,08
4625008040,1114.0,246.19400000000002,22.1,37.2,359.62399660635424,4.794986621418057,6.659703640858411,True,True,True,0.8413001912045889,0.9598470363288719,0.8451242829827916,0.9541108986615678,0.8298279158699808,0.9579349904397706,-0.01147227533460804,0.7330754352030948,0.9516441005802708,0.7195357833655706,0.9458413926499033,0.7098646034816247,0.9497098646034816,-0.023210831721470093,08
4625008041,1270.0,360.68,28.4,28.4,744.7181232939175,9.929574977252233,13.791076357294768,True,True,True,0.8413001912045889,0.9598470363288719,0.8451242829827916,0.9541108986615678,0.8336520076481836,0.9560229445506692,-0.007648183556405286,0.7330754352030948,0.9516441005802708,0.7195357833655706,0.9458413926499033,0.7195357833655706,0.9497098646034816,-0.013539651837524258,08
4625008042,2441.0,322.212,13.2,23.0,512.0648540092712,6.827531386790283,9.482682481653171,True,True,True,0.8413001912045889,0.9598470363288719,0.8451242829827916,0.9541108986615678,0.8355640535372849,0.9579349904397706,-0.005736137667303964,0.7330754352030948,0.9516441005802708,0.7195357833655706,0.9458413926499033,0.7156673114119922,0.9516441005802708,-0.01740812379110257,08
4625009001,1299.0,341.63700000000006,26.3,31.3,365.4670644300313,4.872894192400418,6.767908600556136,True,True,True,0.8413001912045889,0.9598470363288719,0.8451242829827916,0.9541108986615678,0.8336520076481836,0.9579349904397706,-0.007648183556405286,0.7330754352030948,0.9516441005802708,0.7195357833655706,0.9458413926499033,0.7156673114119922,0.9516441005802708,-0.01740812379110257,09
4625009002,1024.0,326.656,31.9,35.3,307.4368059124628,4.0991574121661705,5.693274183564125,True,True,True,0.8413001912045889,0.9598470363288719,0.8451242829827916,0.9541108986615678,0.8298279158699808,0.9579349904397706,-0.01147227533460804,0.7330754352030948,0.9516441005802708,0.7195357833655706,0.9458413926499033,0.7137330754352031,0.9497098646034816,-0.01934235976789167,09
4625009003,1112.0,261.32,23.5,36.3,145.5326721992352,1.9404356293231362,2.695049485171022,True,True,True,0.8413001912045889,0.9598470363288719,0.8451242829827916,0.9541108986615678,0.8317399617590823,0.9579349904397706,-0.009560229445506607,0.7330754352030948,0.9516441005802708,0.7195357833655706,0.9458413926499033,0.7137330754352031,0.9516441005802708,-0.01934235976789167,09
4625009004,1045.0,242.44,23.2,34.0,291.53761871574915,3.887168249543322,5.398844791032391,True,True,True,0.8413001912045889,0.9598470363288719,0.8451242829827916,0.9541108986615678,0.8355640535372849,0.9579349904397706,-0.005736137667303964,0.7330754352030948,0.9516441005802708,0.7195357833655706,0.9458413926499033,0.7156673114119922,0.9516441005802708,-0.01740812379110257,09
4625009005,2207.0,322.222,14.6,34.9,447.09658130892757,5.961287750785701,8.279566320535697,True,True,True,0.8413001912045889,0.9598470363288719,0.8451242829827916,0.9541108986615678,0.8374760994263862,0.9579349904397706,-0.003824091778202643,0.7330754352030948,0.9516441005802708,0.7195357833655706,0.9458413926499033,0.7176015473887815,0.9516441005802708,-0.015473887814313358,09
4625009007,1630.0,311.33000000000004,19.1,30.2,675.7301093890217,9.009734791853623,12.513520544241143,True,True,True,0.8413001912045889,0.9598470363288719,0.8451242829827916,0.9541108986615678,0.8374760994263862,0.9598470363288719,-0.003824091778202643,0.7330754352030948,0.9516441005802708,0.7195357833655706,0.9458413926499033,0.7214700193423598,0.9516441005802708,-0.011605415860735047,09
4625009008,967.0,199.202,20.6,32.4,579.34033701651,7.724537826886801,10.728524759565001,True,True,True,0.8413001912045889,0.9598470363288719,0.8451242829827916,0.9541108986615678,0.8374760994263862,0.9598470363288719,-0.003824091778202643,0.7330754352030948,0.9516441005802708,0.7195357833655706,0.9458413926499033,0.7214700193423598,0.9516441005802708,-0.011605415860735047,09
4625009009,1814.0,293.868,16.2,29.7,695.9425772585749,9.279234363447666,12.887825504788424,True,True,True,0.8413001912045889,0.9598470363288719,0.8451242829827916,0.9541108986615678,0.8413001912045889,0.9598470363288719,0.0,0.7330754352030948,0.9516441005802708,0.7195357833655706,0.9458413926499033,0.7253384912959381,0.9516441005802708,-0.007736943907156735,09
4625009010,1722.0,332.346,19.3,35.5,726.6389614205593,9.688519485607458,13.456277063343691,True,True,True,0.8413001912045889,0.9598470363288719,0.8451242829827916,0.9541108986615678,0.8451242829827916,0.9598470363288719,0.003824091778202754,0.7330754352030948,0.9516441005802708,0.7195357833655706,0.9458413926499033,0.7350096711798839,0.9516441005802708,0.0019342359767891004,09
4625009012,1178.0,237.956,20.2,29.5,883.6972635317536,11.782630180423382,16.364764139476918,True,False,False,0.8413001912045889,0.9598470363288719,0.8451242829827916,0.9541108986615678,0.8432122370936902,0.9598470363288719,0.0019120458891013214,0.7330754352030948,0.9516441005802708,0.7195357833655706,0.9458413926499033,0.7311411992263056,0.9516441005802708,-0.0019342359767892114,09
4625009013,1805.0,344.755,19.1,33.5,800.0638448754111,10.667517931672148,14.815997127322426,True,True,True,0.8413001912045889,0.9598470363288719,0.8451242829827916,0.9541108986615678,0.8374760994263862,0.9579349904397706,-0.003824091778202643,0.7330754352030948,0.9516441005802708,0.7195357833655706,0.9458413926499033,0.723404255319149,0.9516441005802708,-0.009671179883945835,09
4625009015,1238.0,162.178,13.1,30.6,689.73865710477,9.1965154280636,12.772938094532778,True,True,True,0.8413001912045889,0.9598470363288719,0.8451242829827916,0.9541108986615678,0.8374760994263862,0.9579349904397706,-0.003824091778202643,0.7330754352030948,0.9516441005802708,0.7195357833655706,0.9458413926499033,0.7214700193423598,0.9516441005802708,-0.011605415860735047,09
4625009016,1449.0,360.801,24.9,31.5,914.956559405777,12.199420792077028,16.943639988995873,True,False,False,0.8413001912045889,0.9598470363288719,0.8451242829827916,0.9541108986615678,0.8432122370936902,0.9598470363288719,0.0019120458891013214,0.7330754352030948,0.9516441005802708,0.7195357833655706,0.9458413926499033,0.7330754352030948,0.9516441005802708,0.0,09
4625009017,933.0,209.925,22.5,23.7,214.0517709363049,2.8540236124840654,3.9639216840056464,True,True,True,0.8413001912045889,0.9598470363288719,0.8451242829827916,0.9541108986615678,0.8432122370936902,0.9598470363288719,0.0019120458891013214,0.7330754352030948,0.9516441005802708,0.7195357833655706,0.9458413926499033,0.7369439071566731,0.9516441005802708,0.003868471953578312,09
4625009018,1840.0,288.88,15.7,24.0,349.96051198899283,4.666140159853238,6.4807502220183855,True,True,True,0.8413001912045889,0.9598470363288719,0.8451242829827916,0.9541108986615678,0.8393881453154876,0.9598470363288719,-0.0019120458891013214,0.7330754352030948,0.9516441005802708,0.7195357833655706,0.9458413926499033,0.7330754352030948,0.9516441005802708,0.0,09
4625009019,1365.0,323.505,23.7,26.4,680.1986876985594,9.069315835980793,12.596271994417767,True,True,True,0.8413001912045889,0.9598470363288719,0.8451242829827916,0.9541108986615678,0.8374760994263862,0.9598470363288719,-0.003824091778202643,0.7330754352030948,0.9516441005802708,0.7195357833655706,0.9458413926499033,0.7272727272727273,0.9516441005802708,-0.005802707930367523,09
4625009020,1630.0,435.21,26.7,23.8,617.2685438742766,8.23024725165702,11.430898960634751,True,True,True,0.8413001912045889,0.9598470363288719,0.8451242829827916,0.9541108986615678,0.8432122370936902,0.9598470363288719,0.0019120458891013214,0.7330754352030948,0.9516441005802708,0.7195357833655706,0.9458413926499033,0.7330754352030948,0.9516441005802708,0.0,09
4625009021,1847.0,470.985,25.5,22.5,651.2081571061378,8.682775428081838,12.059410316780331,True,True,True,0.8413001912045889,0.9598470363288719,0.8451242829827916,0.9541108986615678,0.8432122370936902,0.9598470363288719,0.0019120458891013214,0.7330754352030948,0.9516441005802708,0.7195357833655706,0.9458413926499033,0.7330754352030948,0.9516441005802708,0.0,09
4625009022,1187.0,384.58799999999997,32.4,29.5,901.677203142319,12.022362708564254,16.697725984117017,True,False,False,0.8413001912045889,0.9598470363288719,0.8451242829827916,0.9541108986615678,0.8432122370936902,0.9598470363288719,0.0019120458891013214,0.7330754352030948,0.9516441005802708,0.7195357833655706,0.9458413926499033,0.7292069632495164,0.9516441005802708,-0.003868471953578423,09
4625009023,1211.0,395.99700000000007,32.7,27.7,934.2819714103417,12.45709295213789,17.301517989080402,True,False,False,0.8413001912045889,0.9598470363288719,0.8451242829827916,0.9541108986615678,0.8393881453154876,0.9598470363288719,-0.0019120458891013214,0.7330754352030948,0.9516441005802708,0.7195357833655706,0.9458413926499033,0.7292069632495164,0.9516441005802708,-0.003868471953578423,09
4625009024,1063.0,246.61599999999999,23.2,27.9,898.7935303665789,11.983913738221052,16.644324636418126,True,False,False,0.8413001912045889,0.9598470363288719,0.8451242829827916,0.9541108986615678,0.8374760994263862,0.9579349904397706,-0.003824091778202643,0.7330754352030948,0.9516441005802708,0.7195357833655706,0.9458413926499033,0.723404255319149,0.9516441005802708,-0.009671179883945835,09
4625009025,1394.0,282.982,20.3,27.0,1063.9307258955344,14.185743011940458,19.702420849917303,True,False,False,0.8413001912045889,0.9598470363288719,0.8451242829827916,0.9541108986615678,0.8451242829827916,0.9598470363288719,0.003824091778202754,0.7330754352030948,0.9516441005802708,0.7195357833655706,0.9458413926499033,0.7388781431334622,0.9535783365570599,0.005802707930367412,09
4625009026,1686.0,313.596,18.6,30.2,1076.3692304862977,14.351589739817303,19.932763527524035,True,False,False,0.8413001912045889,0.9598470363288719,0.8451242829827916,0.9541108986615678,0.8451242829827916,0.9598470363288719,0.003824091778202754,0.7330754352030948,0.9516441005802708,0.7195357833655706,0.9458413926499033,0.7350096711798839,0.9516441005802708,0.0019342359767891004,09
4625009028,1779.0,535.479,30.1,24.2,615.215756740985,8.202876756546466,11.392884384092314,True,True,True,0.8413001912045889,0.9598470363288719,0.8451242829827916,0.9541108986615678,0.8451242829827916,0.9598470363288719,0.003824091778202754,0.7330754352030948,0.9516441005802708,0.7195357833655706,0.9458413926499033,0.7369439071566731,0.9535783365570599,0.003868471953578312,09
4625009029,1144.0,281.42400000000004,24.6,27.0,641.636225553457,8.555149674046095,11.88215232506402,True,True,True,0.8413001912045889,0.9598470363288719,0.8451242829827916,0.9541108986615678,0.8451242829827916,0.9598470363288719,0.003824091778202754,0.7330754352030948,0.9516441005802708,0.7195357833655706,0.9458413926499033,0.7350096711798839,0.9516441005802708,0.0019342359767891004,09
4625009030,1921.0,466.80300000000005,24.3,25.3,207.13432144110917,2.7617909525481226,3.8358207674279474,True,True,True,0.8413001912045889,0.9598470363288719,0.8451242829827916,0.9541108986615678,0.8451242829827916,0.9598470363288719,0.003824091778202754,0.7330754352030948,0.9516441005802708,0.7195357833655706,0.9458413926499033,0.7427466150870407,0.9535783365570599,0.009671179883945835,09
4625009031,1894.0,308.722,16.3,28.3,376.8372898542446,5.0244971980565944,6.978468330634159,True,True,True,0.8413001912045889,0.9598470363288719,0.8451242829827916,0.9541108986615678,0.8451242829827916,0.9598470363288719,0.003824091778202754,0.7330754352030948,0.9516441005802708,0.7195357833655706,0.9458413926499033,0.7408123791102514,0.9535783365570599,0.007736943907156624,09
4625009032,1072.0,171.52,16.0,26.5,273.89195761019346,3.651892768135913,5.0720732890776565,True,True,True,0.8413001912045889,0.9598470363288719,0.8451242829827916,0.9541108986615678,0.847036328871893,0.9598470363288719,0.005736137667304075,0.7330754352030948,0.9516441005802708,0.7195357833655706,0.9458413926499033,0.7427466150870407,0.9555125725338491,0.009671179883945835,09
4625009033,898.0,165.23199999999997,18.4,33.7,235.2162983447756,3.136217311263674,4.355857376755103,True,True,True,0.8413001912045889,0.9598470363288719,0.8451242829827916,0.9541108986615678,0.8451242829827916,0.9598470363288719,0.003824091778202754,0.7330754352030948,0.9516441005802708,0.7195357833655706,0.9458413926499033,0.7427466150870407,0.9535783365570599,0.009671179883945835,09
4625009034,844.0,178.928,21.2,38.4,233.35216351831411,3.111362180244188,4.321336361450261,True,True,True,0.8413001912045889,0.9598470363288719,0.8451242829827916,0.9541108986615678,0.8451242829827916,0.9598470363288719,0.003824091778202754,0.7330754352030948,0.9516441005802708,0.7195357833655706,0.9458413926499033,0.7388781431334622,0.9535783365570599,0.005802707930367412,09
4625009035,994.0,345.912,34.8,26.8,323.6788213901097,4.315717618534796,5.994052247964995,True,True,True,0.8413001912045889,0.9598470363288719,0.8451242829827916,0.9541108986615678,0.8451242829827916,0.9598470363288719,0.003824091778202754,0.7330754352030948,0.9516441005802708,0.7195357833655706,0.9458413926499033,0.7369439071566731,0.9516441005802708,0.003868471953578312,09
4625009036,750.0,276.75,36.9,22.0,370.8414882325834,4.944553176434445,6.8674349672700625,True,True,True,0.8413001912045889,0.9598470363288719,0.8451242829827916,0.9541108986615678,0.8451242829827916,0.9598470363288719,0.003824091778202754,0.7330754352030948,0.9516441005802708,0.7195357833655706,0.9458413926499033,0.7388781431334622,0.9516441005802708,0.005802707930367412,09
4625009037,927.0,252.14399999999998,27.2,32.5,319.9825330037569,4.266433773383425,5.925602463032535,True,True,True,0.8413001912045889,0.9598470363288719,0.8451242829827916,0.9541108986615678,0.8451242829827916,0.9598470363288719,0.003824091778202754,0.7330754352030948,0.9516441005802708,0.7195357833655706,0.9458413926499033,0.7388781431334622,0.9535783365570599,0.005802707930367412,09
4625009039,1703.0,313.352,18.4,28.9,730.7847880621341,9.743797174161788,13.53305163078026,True,True,True,0.8413001912045889,0.9598470363288719,0.8451242829827916,0.9541108986615678,0.8432122370936902,0.9598470363288719,0.0019120458891013214,0.7330754352030948,0.9516441005802708,0.7195357833655706,0.9458413926499033,0.7369439071566731,0.9516441005802708,0.003868471953578312,09
4625009040,925.0,308.025,33.3,34.6,374.93814824345407,4.9991753099127205,6.943299041545445,True,True,True,0.8413001912045889,0.9598470363288719,0.8451242829827916,0.9541108986615678,0.8451242829827916,0.9598470363288719,0.003824091778202754,0.7330754352030948,0.9516441005802708,0.7195357833655706,0.9458413926499033,0.7388781431334622,0.9535783365570599,0.005802707930367412,09
4625009041,1622.0,313.04600000000005,19.3,29.5,506.45493560343385,6.752732474712451,9.378795103767294,True,True,True,0.8413001912045889,0.9598470363288719,0.8451242829827916,0.9541108986615678,0.8355640535372849,0.9598470363288719,-0.005736137667303964,0.7330754352030948,0.9516441005802708,0.7195357833655706,0.9458413926499033,0.7253384912959381,0.9516441005802708,-0.007736943907156735,09
4625009042,1372.0,307.328,22.4,25.5,289.7754976549226,3.863673302065635,5.366212919535603,True,True,True,0.8413001912045889,0.9598470363288719,0.8451242829827916,0.9541108986615678,0.8451242829827916,0.9598470363288719,0.003824091778202754,0.7330754352030948,0.9516441005802708,0.7195357833655706,0.9458413926499033,0.7369439071566731,0.9516441005802708,0.003868471953578312,09
4625010001,2025.0,506.25,25.0,33.5,176.98551477407833,2.3598068636543776,3.277509532853302,True,True,True,0.8413001912045889,0.9598470363288719,0.8451242829827916,0.9541108986615678,0.8833652007648184,0.97131931166348,0.042065009560229516,0.7330754352030948,0.9516441005802708,0.7195357833655706,0.9458413926499033,0.7756286266924565,0.9748549323017408,0.04255319148936165,10
4625010002,1601.0,315.397,19.7,32.4,517.2286776749306,6.896382368999075,9.57830884583205,True,True,True,0.8413001912045889,0.9598470363288719,0.8451242829827916,0.9541108986615678,0.8738049713193117,0.9694072657743786,0.0325047801147228,0.7330754352030948,0.9516441005802708,0.7195357833655706,0.9458413926499033,0.7640232108317214,0.9690522243713733,0.030947775628626606,10
4625010003,1941.0,329.97,17.0,32.0,619.4912311045141,8.259883081393522,11.472059835268778,True,True,True,0.8413001912045889,0.9598470363288719,0.8451242829827916,0.9541108986615678,0.875717017208413,0.9694072657743786,0.03441682600382412,0.7330754352030948,0.9516441005802708,0.7195357833655706,0.9458413926499033,0.7659574468085106,0.9690522243713733,0.03288201160541582,10
4625010004,1267.0,276.206,21.8,29.6,713.3561143958242,9.511414858610989,13.210298414737485,True,True,True,0.8413001912045889,0.9598470363288719,0.8451242829827916,0.9541108986615678,0.875717017208413,0.9694072657743786,0.03441682600382412,0.7330754352030948,0.9516441005802708,0.7195357833655706,0.9458413926499033,0.7678916827852998,0.9709864603481625,0.03481624758220503,10
4625010005,1422.0,428.02200000000005,30.1,33.0,522.9293715587539,6.972391620783386,9.683877251088035,True,True,True,0.8413001912045889,0.9598470363288719,0.8451242829827916,0.9541108986615678,0.875717017208413,0.97131931166348,0.03441682600382412,0.7330754352030948,0.9516441005802708,0.7195357833655706,0.9458413926499033,0.7736943907156673,0.9729206963249516,0.04061895551257244,10
4625010006,1364.0,240.06400000000002,17.6,34.9,275.25732188327476,3.67009762511033,5.097357812653237,True,True,True,0.8413001912045889,0.9598470363288719,0.8451242829827916,0.9541108986615678,0.875717017208413,0.97131931166348,0.03441682600382412,0.7330754352030948,0.9516441005802708,0.7195357833655706,0.9458413926499033,0.7736943907156673,0.9748549323017408,0.04061895551257244,10
4625010007,2109.0,423.909,20.1,25.7,313.6889283151111,4.182519044201482,5.809054228057613,True,True,True,0.8413001912045889,0.9598470363288719,0.8451242829827916,0.9541108986615678,0.8833652007648184,0.97131931166348,0.042065009560229516,0.7330754352030948,0.9516441005802708,0.7195357833655706,0.9458413926499033,0.7756286266924565,0.9748549323017408,0.04255319148936165,10
4625010008,1754.0,420.96,24.0,32.5,350.48303649562837,4.673107153275045,6.490426601770896,True,True,True,0.8413001912045889,0.9598470363288719,0.8451242829827916,0.9541108986615678,0.8833652007648184,0.97131931166348,0.042065009560229516,0.7330754352030948,0.9516441005802708,0.7195357833655706,0.9458413926499033,0.7756286266924565,0.9748549323017408,0.04255319148936165,10
4625010009,1104.0,235.15200000000002,21.3,36.5,250.819669774083,3.34426226365444,4.6448086995200555,True,True,True,0.8413001912045889,0.9598470363288719,0.8451242829827916,0.9541108986615678,0.887189292543021,0.97131931166348,0.04588910133843216,0.7330754352030948,0.9516441005802708,0.7195357833655706,0.9458413926499033,0.7794970986460348,0.97678916827853,0.046421663442939964,10
4625010010,1135.0,299.64,26.4,29.1,166.54481276418494,2.2205975035224657,3.084163199336758,True,True,True,0.8413001912045889,0.9598470363288719,0.8451242829827916,0.9541108986615678,0.887189292543021,0.97131931166348,0.04588910133843216,0.7330754352030948,0.9516441005802708,0.7195357833655706,0.9458413926499033,0.7833655705996132,0.97678916827853,0.05029013539651839,10
4625010011,926.0,276.87399999999997,29.9,34.8,275.1425336225893,3.668567114967858,5.095232104122024,True,True,True,0.8413001912045889,0.9598470363288719,0.8451242829827916,0.9541108986615678,0.887189292543021,0.9732313575525813,0.04588910133843216,0.7330754352030948,0.9516441005802708,0.7195357833655706,0.9458413926499033,0.7833655705996132,0.97678916827853,0.05029013539651839,10
4625010012,819.0,230.958,28.2,35.6,346.1668306940263,4.615557742587018,6.41049686470419,True,True,True,0.8413001912045889,0.9598470363288719,0.8451242829827916,0.9541108986615678,0.875717017208413,0.9694072657743786,0.03441682600382412,0.7330754352030948,0.9516441005802708,0.7195357833655706,0.9458413926499033,0.769825918762089,0.9709864603481625,0.03675048355899413,10
4625010013,1711.0,213.875,12.5,35.3,727.4142446604304,9.698856595472405,13.470634160378342,True,True,True,0.8413001912045889,0.9598470363288719,0.8451242829827916,0.9541108986615678,0.8718929254302104,0.9674952198852772,0.030592734225621476,0.7330754352030948,0.9516441005802708,0.7195357833655706,0.9458413926499033,0.7601547388781431,0.9613152804642167,0.027079303675048294,10
4625010014,1107.0,236.898,21.4,33.9,777.1848356382093,10.362464475176123,14.39231177107795,True,True,True,0.8413001912045889,0.9598470363288719,0.8451242829827916,0.9541108986615678,0.858508604206501,0.9636711281070746,0.017208413001912115,0.7330754352030948,0.9516441005802708,0.7195357833655706,0.9458413926499033,0.7543520309477756,0.9555125725338491,0.02127659574468077,10
4625010015,1002.0,227.45399999999998,22.7,35.4,846.6721275491747,11.288961700655664,15.679113473132864,True,False,False,0.8413001912045889,0.9598470363288719,0.8451242829827916,0.9541108986615678,0.858508604206501,0.9636711281070746,0.017208413001912115,0.7330754352030948,0.9516441005802708,0.7195357833655706,0.9458413926499033,0.7562862669245648,0.9555125725338491,0.023210831721469982,10
4625010016,1372.0,319.67600000000004,23.3,35.7,1079.9660577714162,14.399547436952217,19.999371440211412,True,False,False,0.8413001912045889,0.9598470363288719,0.8451242829827916,0.9541108986615678,0.858508604206501,0.9636711281070746,0.017208413001912115,0.7330754352030948,0.9516441005802708,0.7195357833655706,0.9458413926499033,0.7543520309477756,0.9555125725338491,0.02127659574468077,10
4625010017,1191.0,252.49200000000002,21.2,35.8,763.6208942739972,10.181611923653296,14.141127671740689,True,True,True,0.8413001912045889,0.9598470363288719,0.8451242829827916,0.9541108986615678,0.8718929254302104,0.9655831739961759,0.030592734225621476,0.7330754352030948,0.9516441005802708,0.7195357833655706,0.9458413926499033,0.7601547388781431,0.9613152804642167,0.027079303675048294,10
4625010018,1638.0,321.048,19.6,25.2,963.9553252861681,12.852737670482242,17.851024542336447,True,False,False,0.8413001912045889,0.9598470363288719,0.8451242829827916,0.9541108986615678,0.8738049713193117,0.9694072657743786,0.0325047801147228,0.7330754352030948,0.9516441005802708,0.7195357833655706,0.9458413926499033,0.7640232108317214,0.9671179883945842,0.030947775628626606,10
4625010019,1328.0,285.52,21.5,31.1,952.4541453634541,12.699388604846055,17.63803972895285,True,False,False,0.8413001912045889,0.9598470363288719,0.8451242829827916,0.9541108986615678,0.8738049713193117,0.9694072657743786,0.0325047801147228,0.7330754352030948,0.9516441005802708,0.7195357833655706,0.9458413926499033,0.7640232108317214,0.9671179883945842,0.030947775628626606,10
4625010021,1796.0,335.852,18.7,34.5,823.4398616334153,10.979198155112204,15.248886326544726,True,False,False,0.8413001912045889,0.9598470363288719,0.8451242829827916,0.9541108986615678,0.858508604206501,0.9636711281070746,0.017208413001912115,0.7330754352030948,0.9516441005802708,0.7195357833655706,0.9458413926499033,0.7562862669245648,0.9555125725338491,0.023210831721469982,10
4625010022,2199.0,534.3570000000001,24.3,30.4,663.1687592626479,8.842250123501971,12.280902949308294,True,True,True,0.8413001912045889,0.9598470363288719,0.8451242829827916,0.9541108986615678,0.8565965583173997,0.9636711281070746,0.015296367112810794,0.7330754352030948,0.9516441005802708,0.7195357833655706,0.9458413926499033,0.7524177949709865,0.9555125725338491,0.01934235976789167,10
4625010023,1143.0,355.473,31.1,25.6,392.1652967261832,5.228870623015776,7.262320309744134,True,True,True,0.8413001912045889,0.9598470363288719,0.8451242829827916,0.9541108986615678,0.8546845124282982,0.9617590822179732,0.013384321223709361,0.7330754352030948,0.9516441005802708,0.7195357833655706,0.9458413926499033,0.7446808510638298,0.9555125725338491,0.011605415860734936,10
4625010024,2211.0,539.4839999999999,24.4,30.4,408.99517825251985,5.453269043366931,7.573984782454072,True,True,True,0.8413001912045889,0.9598470363288719,0.8451242829827916,0.9541108986615678,0.847036328871893,0.9598470363288719,0.005736137667304075,0.7330754352030948,0.9516441005802708,0.7195357833655706,0.9458413926499033,0.7388781431334622,0.9535783365570599,0.005802707930367412,10
4625010025,1439.0,233.118,16.2,29.1,284.3977796314355,3.791970395085807,5.266625548730287,True,True,True,0.8413001912045889,0.9598470363288719,0.8451242829827916,0.9541108986615678,0.8489483747609943,0.9598470363288719,0.007648183556405397,0.7330754352030948,0.9516441005802708,0.7195357833655706,0.9458413926499033,0.7427466150870407,0.9555125725338491,0.009671179883945835,10
4625010026,1786.0,501.86600000000004,28.1,25.5,519.7658107984198,6.930210810645597,9.625292792563329,True,True,True,0.8413001912045889,0.9598470363288719,0.8451242829827916,0.9541108986615678,0.8604206500956023,0.9655831739961759,0.019120458891013437,0.7330754352030948,0.9516441005802708,0.7195357833655706,0.9458413926499033,0.7601547388781431,0.9555125725338491,0.027079303675048294,10
4625010027,938.0,287.028,30.6,27.9,719.0449227511965,9.58726563668262,13.31564671761475,True,True,True,0.8413001912045889,0.9598470363288719,0.8451242829827916,0.9541108986615678,0.8680688336520076,0.9655831739961759,0.026768642447418722,0.7330754352030948,0.9516441005802708,0.7195357833655706,0.9458413926499033,0.7601547388781431,0.9613152804642167,0.027079303675048294,10
4625010029,1926.0,375.57,19.5,24.2,808.3219909881833,10.777626546509111,14.968925759040433,True,True,True,0.8413001912045889,0.9598470363288719,0.8451242829827916,0.9541108986615678,0.8527724665391969,0.9598470363288719,0.01147227533460804,0.7330754352030948,0.9516441005802708,0.7195357833655706,0.9458413926499033,0.7446808510638298,0.9555125725338491,0.011605415860734936,10
4625010030,1211.0,194.97100000000003,16.1,26.3,1561.3986597642422,20.818648796856564,28.914789995634116,False,False,False,0.8413001912045889,0.9598470363288719,0.8451242829827916,0.9541108986615678,0.875717017208413,0.9694072657743786,0.03441682600382412,0.7330754352030948,0.9516441005802708,0.7195357833655706,0.9458413926499033,0.7678916827852998,0.9690522243713733,0.03481624758220503,10
4625010031,1915.0,448.11,23.4,27.3,1802.2381999828583,24.02984266643811,33.37478148116404,False,False,False,0.8413001912045889,0.9598470363288719,0.8451242829827916,0.9541108986615678,0.875717017208413,0.9694072657743786,0.03441682600382412,0.7330754352030948,0.9516441005802708,0.7195357833655706,0.9458413926499033,0.7678916827852998,0.9690522243713733,0.03481624758220503,10
4625010032,1644.0,376.476,22.9,30.1,1026.6386230201706,13.688514973602276,19.01182635222538,True,False,False,0.8413001912045889,0.9598470363288719,0.8451242829827916,0.9541108986615678,0.8738049713193117,0.9694072657743786,0.0325047801147228,0.7330754352030948,0.9516441005802708,0.7195357833655706,0.9458413926499033,0.7640232108317214,0.9671179883945842,0.030947775628626606,10
4625010033,1203.0,227.36699999999996,18.9,25.4,1245.3897814666066,16.60519708622142,23.062773730863082,False,False,False,0.8413001912045889,0.9598470363288719,0.8451242829827916,0.9541108986615678,0.875717017208413,0.9694072657743786,0.03441682600382412,0.7330754352030948,0.9516441005802708,0.7195357833655706,0.9458413926499033,0.769825918762089,0.9729206963249516,0.03675048355899413,10
4625010034,1517.0,324.638,21.4,27.6,1003.9314998859304,13.385753331812404,18.591324071961672,True,False,False,0.8413001912045889,0.9598470363288719,0.8451242829827916,0.9541108986615678,0.875717017208413,0.9694072657743786,0.03441682600382412,0.7330754352030948,0.9516441005802708,0.7195357833655706,0.9458413926499033,0.769825918762089,0.9729206963249516,0.03675048355899413,10
4625010035,1106.0,234.472,21.2,22.7,863.1262075181227,11.508349433574969,15.983818657743011,True,False,False,0.8413001912045889,0.9598470363288719,0.8451242829827916,0.9541108986615678,0.875717017208413,0.9694072657743786,0.03441682600382412,0.7330754352030948,0.9516441005802708,0.7195357833655706,0.9458413926499033,0.7678916827852998,0.9709864603481625,0.03481624758220503,10
4625010036,881.0,212.32100000000003,24.1,29.4,471.9265874295101,6.292354499060135,8.739381248694631,True,True,True,0.8413001912045889,0.9598470363288719,0.8451242829827916,0.9541108986615678,0.8776290630975143,0.97131931166348,0.03632887189292544,0.7330754352030948,0.9516441005802708,0.7195357833655706,0.9458413926499033,0.7736943907156673,0.9748549323017408,0.04061895551257244,10
4625010037,1121.0,255.588,22.8,29.1,88.26494264508328,1.1768659019344438,1.6345359749089496,True,True,True,0.8413001912045889,0.9598470363288719,0.8451242829827916,0.9541108986615678,0.887189292543021,0.9732313575525813,0.04588910133843216,0.7330754352030948,0.9516441005802708,0.7195357833655706,0.9458413926499033,0.7794970986460348,0.97678916827853,0.046421663442939964,10
4625010041,794.0,215.968,27.2,30.7,3034.67821285787,40.462376171438265,56.19774468255316,False,False,False,0.8413001912045889,0.9598470363288719,0.8451242829827916,0.9541108986615678,0.8833652007648184,0.97131931166348,0.042065009560229516,0.7330754352030948,0.9516441005802708,0.7195357833655706,0.9458413926499033,0.7756286266924565,0.97678916827853,0.04255319148936165,10
4625010044,1268.0,277.69199999999995,21.9,26.8,623.8948903428677,8.318598537904903,11.553609080423476,True,True,True,0.8413001912045889,0.9598470363288719,0.8451242829827916,0.9541108986615678,0.875717017208413,0.9694072657743786,0.03441682600382412,0.7330754352030948,0.9516441005802708,0.7195357833655706,0.9458413926499033,0.7678916827852998,0.9729206963249516,0.03481624758220503,10
4625010045,822.0,249.888,30.4,38.5,175.5708081843741,2.340944109124988,3.2513112626735943,True,True,True,0.8413001912045889,0.9598470363288719,0.8451242829827916,0.9541108986615678,0.8852772466539197,0.97131931166348,0.04397705544933084,0.7330754352030948,0.9516441005802708,0.7195357833655706,0.9458413926499033,0.7794970986460348,0.9787234042553191,0.046421663442939964,10
4625010046,904.0,252.21599999999998,27.9,28.5,868.8058182654842,11.584077576873122,16.088996634546003,True,False,False,0.8413001912045889,0.9598470363288719,0.8451242829827916,0.9541108986615678,0.8565965583173997,0.9636711281070746,0.015296367112810794,0.7330754352030948,0.9516441005802708,0.7195357833655706,0.9458413926499033,0.7524177949709865,0.9555125725338491,0.01934235976789167,10
4625010047,1257.0,321.79200000000003,25.6,25.6,475.8421815191692,6.344562420255588,8.811892250354985,True,True,True,0.8413001912045889,0.9598470363288719,0.8451242829827916,0.9541108986615678,0.8508604206500956,0.9598470363288719,0.009560229445506718,0.7330754352030948,0.9516441005802708,0.7195357833655706,0.9458413926499033,0.7427466150870407,0.9555125725338491,0.009671179883945835,10
4625012001,1834.0,394.31,21.5,36.2,318.7298489564234,4.249731319418979,5.902404610304136,True,True,True,0.8413001912045889,0.9598470363288719,0.8451242829827916,0.9541108986615678,0.9101338432122371,0.9732313575525813,0.06883365200764824,0.7330754352030948,0.9516441005802708,0.7195357833655706,0.9458413926499033,0.8704061895551257,0.9845261121856866,0.1373307543520309,12
4625012002,1193.0,249.33699999999996,20.9,31.0,559.8151561641166,7.464202082188222,10.36694733637253,True,True,True,0.8413001912045889,0.9598470363288719,0.8451242829827916,0.9541108986615678,0.9082217973231358,0.9732313575525813,0.06692160611854692,0.7330754352030948,0.9516441005802708,0.7195357833655706,0.9458413926499033,0.8626692456479691,0.9825918762088974,0.12959381044487428,12
4625012003,1568.0,373.184,23.8,30.3,612.7636431843712,8.170181909124949,11.347474873784652,True,True,True,0.8413001912045889,0.9598470363288719,0.8451242829827916,0.9541108986615678,0.9101338432122371,0.9732313575525813,0.06883365200764824,0.7330754352030948,0.9516441005802708,0.7195357833655706,0.9458413926499033,0.8723404255319149,0.9825918762088974,0.13926499032882012,12
4625012006,1993.0,450.418,22.6,32.0,616.3933973106948,8.218578630809265,11.414692542790645,True,True,True,0.8413001912045889,0.9598470363288719,0.8451242829827916,0.9541108986615678,0.9082217973231358,0.9732313575525813,0.06692160611854692,0.7330754352030948,0.9516441005802708,0.7195357833655706,0.9458413926499033,0.8800773694390716,0.9845261121856866,0.14700193423597674,12
4625012008,1332.0,330.336,24.8,30.6,847.6891446342556,11.302521928456741,15.697947122856586,True,False,False,0.8413001912045889,0.9598470363288719,0.8451242829827916,0.9541108986615678,0.9101338432122371,0.9732313575525813,0.06883365200764824,0.7330754352030948,0.9516441005802708,0.7195357833655706,0.9458413926499033,0.8762088974854932,0.9845261121856866,0.14313346228239843,12
4625012009,1005.0,294.465,29.3,37.6,766.2294729366304,10.216392972488404,14.189434684011673,True,True,True,0.8413001912045889,0.9598470363288719,0.8451242829827916,0.9541108986615678,0.9082217973231358,0.9732313575525813,0.06692160611854692,0.7330754352030948,0.9516441005802708,0.7195357833655706,0.9458413926499033,0.8820116054158608,0.9845261121856866,0.14893617021276595,12
4625012010,1441.0,393.39300000000003,27.3,33.4,853.4515907586514,11.379354543448686,15.804659088123174,True,False,False,0.8413001912045889,0.9598470363288719,0.8451242829827916,0.9541108986615678,0.9101338432122371,0.9732313575525813,0.06883365200764824,0.7330754352030948,0.9516441005802708,0.7195357833655706,0.9458413926499033,0.8800773694390716,0.9845261121856866,0.14700193423597674,12
4625012011,1063.0,197.71800000000002,18.6,35.7,871.1815594923909,11.61575412656521,16.132991842451684,True,False,False,0.8413001912045889,0.9598470363288719,0.8451242829827916,0.9541108986615678,0.9082217973231358,0.9732313575525813,0.06692160611854692,0.7330754352030948,0.9516441005802708,0.7195357833655706,0.9458413926499033,0.8820116054158608,0.9845261121856866,0.14893617021276595,12
4625012012,1646.0,314.386,19.1,30.5,792.1838896483599,10.562451861978133,14.670072030525183,True,True,True,0.8413001912045889,0.9598470363288719,0.8451242829827916,0.9541108986615678,0.9101338432122371,0.9732313575525813,0.06883365200764824,0.7330754352030948,0.9516441005802708,0.7195357833655706,0.9458413926499033,0.8762088974854932,0.9845261121856866,0.14313346228239843,12
4625012013,2064.0,400.416,19.4,24.9,509.1734840329801,6.788979787106402,9.429138593203335,True,True,True,0.8413001912045889,0.9598470363288719,0.8451242829827916,0.9541108986615678,0.9101338432122371,0.9732313575525813,0.06883365200764824,0.7330754352030948,0.9516441005802708,0.7195357833655706,0.9458413926499033,0.8626692456479691,0.9825918762088974,0.12959381044487428,12
4625012014,1688.0,254.888,15.1,24.2,656.0992563981482,8.747990085308642,12.149986229595337,True,True,True,0.8413001912045889,0.9598470363288719,0.8451242829827916,0.9541108986615678,0.9101338432122371,0.9732313575525813,0.06883365200764824,0.7330754352030948,0.9516441005802708,0.7195357833655706,0.9458413926499033,0.8665377176015474,0.9825918762088974,0.1334622823984526,12
4625012015,1209.0,213.993,17.7,29.3,762.5345408931029,10.167127211908037,14.121010016538943,True,True,True,0.8413001912045889,0.9598470363288719,0.8451242829827916,0.9541108986615678,0.904397705544933,0.9732313575525813,0.06309751434034416,0.7330754352030948,0.9516441005802708,0.7195357833655706,0.9458413926499033,0.851063829787234,0.9825918762088974,0.11798839458413923,12
4625012016,1862.0,193.648,10.4,21.6,658.3225245560154,8.777633660746874,12.191157862148433,True,True,True,0.8413001912045889,0.9598470363288719,0.8451242829827916,0.9541108986615678,0.904397705544933,0.9732313575525813,0.06309751434034416,0.7330754352030948,0.9516441005802708,0.7195357833655706,0.9458413926499033,0.8529980657640233,0.9825918762088974,0.11992263056092844,12
4625012018,1470.0,295.47,20.1,33.6,319.60845885439403,4.261446118058587,5.91867516397026,True,True,True,0.8413001912045889,0.9598470363288719,0.8451242829827916,0.9541108986615678,0.892925430210325,0.9732313575525813,0.05162523900573612,0.7330754352030948,0.9516441005802708,0.7195357833655706,0.9458413926499033,0.8201160541586073,0.9787234042553191,0.08704061895551252,12
4625012019,1209.0,224.87400000000002,18.6,35.0,202.7872185733337,2.7038295809777826,3.7553188624691427,True,True,True,0.8413001912045889,0.9598470363288719,0.8451242829827916,0.9541108986615678,0.892925430210325,0.9732313575525813,0.05162523900573612,0.7330754352030948,0.9516441005802708,0.7195357833655706,0.9458413926499033,0.8336557059961315,0.9806576402321083,0.10058027079303666,12
4625010049,1511.0,306.733,20.3,23.6,211.88596535401953,2.8251462047202605,3.9238141732225835,True,True,True,0.8413001912045889,0.9598470363288719,0.8451242829827916,0.9541108986615678,0.8489483747609943,0.9598470363288719,0.007648183556405397,0.7330754352030948,0.9516441005802708,0.7195357833655706,0.9458413926499033,0.7408123791102514,0.9555125725338491,0.007736943907156624,10
4625010050,1214.0,280.434,23.1,28.3,805.8325705736195,10.744434274314926,14.922825380992952,True,True,True,0.8413001912045889,0.9598470363288719,0.8451242829827916,0.9541108986615678,0.8738049713193117,0.9674952198852772,0.0325047801147228,0.7330754352030948,0.9516441005802708,0.7195357833655706,0.9458413926499033,0.7601547388781431,0.9613152804642167,0.027079303675048294,10
4625010052,2117.0,357.77299999999997,16.9,23.6,410.69540378870596,5.475938717182746,7.605470440531591,True,True,True,0.8413001912045889,0.9598470363288719,0.8451242829827916,0.9541108986615678,0.887189292543021,0.9732313575525813,0.04588910133843216,0.7330754352030948,0.9516441005802708,0.7195357833655706,0.9458413926499033,0.7794970986460348,0.97678916827853,0.046421663442939964,10
4625010053,2311.0,342.028,14.8,29.7,197.72233623840535,2.636297816512071,3.6615247451556545,True,True,True,0.8413001912045889,0.9598470363288719,0.8451242829827916,0.9541108986615678,0.8891013384321224,0.9732313575525813,0.04780114722753348,0.7330754352030948,0.9516441005802708,0.7195357833655706,0.9458413926499033,0.781431334622824,0.97678916827853,0.048355899419729176,10
4625010054,2570.0,316.11,12.3,35.6,1190.952618927867,15.87936825237156,22.054678128293833,False,False,False,0.8413001912045889,0.9598470363288719,0.8451242829827916,0.9541108986615678,0.8891013384321224,0.97131931166348,0.04780114722753348,0.7330754352030948,0.9516441005802708,0.7195357833655706,0.9458413926499033,0.7911025145067698,0.97678916827853,0.05802707930367501,10
4625011001,1576.0,253.73600000000002,16.1,29.6,955.8588680308137,12.744784907077515,17.701090148718773,True,False,False,0.8413001912045889,0.9598470363288719,0.8451242829827916,0.9541108986615678,0.9024856596558317,0.9732313575525813,0.06118546845124284,0.7330754352030948,0.9516441005802708,0.7195357833655706,0.9458413926499033,0.8278529980657641,0.9806576402321083,0.09477756286266925,11
4625011002,1463.0,162.393,11.1,28.7,1116.0689076331876,14.880918768442502,20.667942733947918,True,False,False,0.8413001912045889,0.9598470363288719,0.8451242829827916,0.9541108986615678,0.8967495219885278,0.9732313575525813,0.05544933078393888,0.7330754352030948,0.9516441005802708,0.7195357833655706,0.9458413926499033,0.804642166344294,0.9787234042553191,0.07156673114119916,11
4625011004,1255.0,263.55,21.0,30.2,898.4304317692227,11.979072423589635,16.637600588318936,True,False,False,0.8413001912045889,0.9598470363288719,0.8451242829827916,0.9541108986615678,0.9024856596558317,0.9732313575525813,0.06118546845124284,0.7330754352030948,0.9516441005802708,0.7195357833655706,0.9458413926499033,0.8317214700193424,0.9806576402321083,0.09864603481624756,11
4625011005,1682.0,304.442,18.1,33.1,742.1228992778906,9.894971990371875,13.74301665329427,True,True,True,0.8413001912045889,0.9598470363288719,0.8451242829827916,0.9541108986615678,0.904397705544933,0.9732313575525813,0.06309751434034416,0.7330754352030948,0.9516441005802708,0.7195357833655706,0.9458413926499033,0.8413926499032882,0.9806576402321083,0.1083172147001934,11
4625011006,1239.0,271.341,21.9,32.5,4017.1769466104884,53.562359288139845,74.39216567797202,False,False,False,0.8413001912045889,0.9598470363288719,0.8451242829827916,0.9541108986615678,0.887189292543021,0.97131931166348,0.04588910133843216,0.7330754352030948,0.9516441005802708,0.7195357833655706,0.9458413926499033,0.7949709864603481,0.9787234042553191,0.06189555125725332,11
4625011008,1986.0,383.298,19.3,36.2,667.8865891057491,8.905154521409989,12.368270168624981,True,True,True,0.8413001912045889,0.9598470363288719,0.8451242829827916,0.9541108986615678,0.8986615678776291,0.9732313575525813,0.0573613766730402,0.7330754352030948,0.9516441005802708,0.7195357833655706,0.9458413926499033,0.8336557059961315,0.9806576402321083,0.10058027079303666,11
4625011009,2276.0,375.54,16.5,29.4,352.5058863490294,4.700078484653726,6.527886784241286,True,True,True,0.8413001912045889,0.9598470363288719,0.8451242829827916,0.9541108986615678,0.904397705544933,0.9732313575525813,0.06309751434034416,0.7330754352030948,0.9516441005802708,0.7195357833655706,0.9458413926499033,0.8433268858800773,0.9806576402321083,0.1102514506769825,11
4625011011,1483.0,341.09,23.0,36.2,844.9626543492807,11.266168724657074,15.647456562023715,True,False,False,0.8413001912045889,0.9598470363288719,0.8451242829827916,0.9541108986615678,0.892925430210325,0.9732313575525813,0.05162523900573612,0.7330754352030948,0.9516441005802708,0.7195357833655706,0.9458413926499033,0.8259187620889749,0.9806576402321083,0.09284332688588004,11
4625011015,813.0,244.71300000000002,30.1,42.1,631.8285537872746,8.424380717163661,11.700528773838418,True,True,True,0.8413001912045889,0.9598470363288719,0.8451242829827916,0.9541108986615678,0.892925430210325,0.9732313575525813,0.05162523900573612,0.7330754352030948,0.9516441005802708,0.7195357833655706,0.9458413926499033,0.8259187620889749,0.9806576402321083,0.09284332688588004,11
4625011017,778.0,140.04,18.0,36.5,593.5835045573265,7.914446727431019,10.992287121431973,True,True,True,0.8413001912045889,0.9598470363288719,0.8451242829827916,0.9541108986615678,0.8967495219885278,0.9732313575525813,0.05544933078393888,0.7330754352030948,0.9516441005802708,0.7195357833655706,0.9458413926499033,0.8336557059961315,0.9806576402321083,0.10058027079303666,11
4625011018,831.0,200.27100000000002,24.1,37.9,337.21358844121534,4.4961811792162045,6.244696082244729,True,True,True,0.8413001912045889,0.9598470363288719,0.8451242829827916,0.9541108986615678,0.8967495219885278,0.9732313575525813,0.05544933078393888,0.7330754352030948,0.9516441005802708,0.7195357833655706,0.9458413926499033,0.8336557059961315,0.9806576402321083,0.10058027079303666,11
4625011019,861.0,212.667,24.7,43.0,738.9705776756578,9.852941035675435,13.684640327326996,True,True,True,0.8413001912045889,0.9598470363288719,0.8451242829827916,0.9541108986615678,0.8910133843212237,0.9732313575525813,0.0497131931166348,0.7330754352030948,0.9516441005802708,0.7195357833655706,0.9458413926499033,0.8181818181818182,0.9787234042553191,0.08510638297872342,11
4625011021,1120.0,232.96,20.8,44.7,753.0532589095701,10.040710118794268,13.945430720547593,True,True,True,0.8413001912045889,0.9598470363288719,0.8451242829827916,0.9541108986615678,0.892925430210325,0.9732313575525813,0.05162523900573612,0.7330754352030948,0.9516441005802708,0.7195357833655706,0.9458413926499033,0.8259187620889749,0.9806576402321083,0.09284332688588004,11
4625011022,937.0,166.78600000000003,17.8,37.6,599.892031517787,7.99856042023716,11.109111694773834,True,True,True,0.8413001912045889,0.9598470363288719,0.8451242829827916,0.9541108986615678,0.892925430210325,0.9732313575525813,0.05162523900573612,0.7330754352030948,0.9516441005802708,0.7195357833655706,0.9458413926499033,0.8259187620889749,0.9806576402321083,0.09284332688588004,11
4625011024,820.0,137.76,16.8,37.1,325.3123809911089,4.337498413214786,6.024303351687203,True,True,True,0.8413001912045889,0.9598470363288719,0.8451242829827916,0.9541108986615678,0.8967495219885278,0.9732313575525813,0.05544933078393888,0.7330754352030948,0.9516441005802708,0.7195357833655706,0.9458413926499033,0.8375241779497099,0.9806576402321083,0.10444874274661509,11
4625011026,1439.0,326.653,22.7,35.0,480.389053036295,6.4051873738172675,8.896093574746203,True,True,True,0.8413001912045889,0.9598470363288719,0.8451242829827916,0.9541108986615678,0.892925430210325,0.9732313575525813,0.05162523900573612,0.7330754352030948,0.9516441005802708,0.7195357833655706,0.9458413926499033,0.8336557059961315,0.9806576402321083,0.10058027079303666,11
4625011030,1186.0,264.478,22.3,38.8,781.9517153483857,10.42602287131181,14.480587321266402,True,True,True,0.8413001912045889,0.9598470363288719,0.8451242829827916,0.9541108986615678,0.892925430210325,0.9732313575525813,0.05162523900573612,0.7330754352030948,0.9516441005802708,0.7195357833655706,0.9458413926499033,0.8201160541586073,0.9787234042553191,0.08704061895551252,11
4625011031,963.0,204.15599999999998,21.2,32.2,803.8563399280608,10.718084532374144,14.88622851718631,True,True,True,0.8413001912045889,0.9598470363288719,0.8451242829827916,0.9541108986615678,0.8910133843212237,0.9732313575525813,0.0497131931166348,0.7330754352030948,0.9516441005802708,0.7195357833655706,0.9458413926499033,0.8201160541586073,0.9787234042553191,0.08704061895551252,11
4625011032,1108.0,168.416,15.2,31.0,578.0014426338528,7.706685901784704,10.70373041914542,True,True,True,0.8413001912045889,0.9598470363288719,0.8451242829827916,0.9541108986615678,0.8891013384321224,0.97131931166348,0.04780114722753348,0.7330754352030948,0.9516441005802708,0.7195357833655706,0.9458413926499033,0.8143133462282398,0.97678916827853,0.081237911025145,11
4625011033,1735.0,496.21,28.6,23.7,1016.1741708178726,13.5489889442383,18.818040200330973,True,False,False,0.8413001912045889,0.9598470363288719,0.8451242829827916,0.9541108986615678,0.8833652007648184,0.9674952198852772,0.042065009560229516,0.7330754352030948,0.9516441005802708,0.7195357833655706,0.9458413926499033,0.7969052224371374,0.97678916827853,0.06382978723404253,11
4625011034,1571.0,460.30300000000005,29.3,35.0,310.91118151976247,4.1454824202635,5.757614472588194,True,True,True,0.8413001912045889,0.9598470363288719,0.8451242829827916,0.9541108986615678,0.8891013384321224,0.97131931166348,0.04780114722753348,0.7330754352030948,0.9516441005802708,0.7195357833655706,0.9458413926499033,0.8143133462282398,0.97678916827853,0.081237911025145,11
4625011035,998.0,273.452,27.4,34.3,559.8167445296866,7.464223260395822,10.366976750549751,True,True,True,0.8413001912045889,0.9598470363288719,0.8451242829827916,0.9541108986615678,0.8852772466539197,0.97131931166348,0.04397705544933084,0.7330754352030948,0.9516441005802708,0.7195357833655706,0.9458413926499033,0.804642166344294,0.97678916827853,0.07156673114119916,11
4625011036,912.0,165.072,18.1,30.3,586.4283219016359,7.819044292021812,10.859783738919182,True,True,True,0.8413001912045889,0.9598470363288719,0.8451242829827916,0.9541108986615678,0.8852772466539197,0.97131931166348,0.04397705544933084,0.7330754352030948,0.9516441005802708,0.7195357833655706,0.9458413926499033,0.8027079303675049,0.97678916827853,0.06963249516441006,11
4625011037,930.0,174.84,18.8,33.9,770.9308887098795,10.279078516131726,14.276497939071842,True,True,True,0.8413001912045889,0.9598470363288719,0.8451242829827916,0.9541108986615678,0.8833652007648184,0.9694072657743786,0.042065009560229516,0.7330754352030948,0.9516441005802708,0.7195357833655706,0.9458413926499033,0.7988394584139265,0.97678916827853,0.06576402321083163,11
4625011038,1401.0,347.44800000000004,24.8,32.3,244.10165291735956,3.2546887055647944,4.520400979951103,True,True,True,0.8413001912045889,0.9598470363288719,0.8451242829827916,0.9541108986615678,0.8852772466539197,0.97131931166348,0.04397705544933084,0.7330754352030948,0.9516441005802708,0.7195357833655706,0.9458413926499033,0.7988394584139265,0.97678916827853,0.06576402321083163,11
4625011039,1270.0,317.5,25.0,38.0,852.2892915093394,11.363857220124524,15.783135027950728,True,False,False,0.8413001912045889,0.9598470363288719,0.8451242829827916,0.9541108986615678,0.8795411089866156,0.9674952198852772,0.03824091778202676,0.7330754352030948,0.9516441005802708,0.7195357833655706,0.9458413926499033,0.7949709864603481,0.97678916827853,0.06189555125725332,11
4625011040,1129.0,273.218,24.2,28.1,343.56477717415845,4.580863695655446,6.362310688410342,True,True,True,0.8413001912045889,0.9598470363288719,0.8451242829827916,0.9541108986615678,0.9005736137667304,0.9732313575525813,0.05927342256214152,0.7330754352030948,0.9516441005802708,0.7195357833655706,0.9458413926499033,0.8529980657640233,0.9825918762088974,0.11992263056092844,11
4625011041,2488.0,507.55199999999996,20.4,29.5,498.0056795998992,6.6400757279986555,9.222327399998134,True,True,True,0.8413001912045889,0.9598470363288719,0.8451242829827916,0.9541108986615678,0.8986615678776291,0.9732313575525813,0.0573613766730402,0.7330754352030948,0.9516441005802708,0.7195357833655706,0.9458413926499033,0.839458413926499,0.9806576402321083,0.10638297872340419,11
4625011042,1306.0,231.162,17.7,34.6,836.4000993696394,11.152001324928525,15.488890729067396,True,False,False,0.8413001912045889,0.9598470363288719,0.8451242829827916,0.9541108986615678,0.892925430210325,0.9732313575525813,0.05162523900573612,0.7330754352030948,0.9516441005802708,0.7195357833655706,0.9458413926499033,0.8278529980657641,0.9806576402321083,0.09477756286266925,11
4625011044,981.0,172.65600000000003,17.6,27.9,2093.11798714259,27.90823982856787,38.76144420634426,False,False,False,0.8413001912045889,0.9598470363288719,0.8451242829827916,0.9541108986615678,0.8852772466539197,0.97131931166348,0.04397705544933084,0.7330754352030948,0.9516441005802708,0.7195357833655706,0.9458413926499033,0.7852998065764023,0.9787234042553191,0.05222437137330749,11
4625011045,1082.0,177.44799999999998,16.4,29.9,245.99947056015577,3.2799929408020767,4.555545751113995,True,True,True,0.8413001912045889,0.9598470363288719,0.8451242829827916,0.9541108986615678,0.8891013384321224,0.97131931166348,0.04780114722753348,0.7330754352030948,0.9516441005802708,0.7195357833655706,0.9458413926499033,0.7969052224371374,0.9787234042553191,0.06382978723404253,11
4625011046,1515.0,292.395,19.3,29.1,385.4724757615236,5.139633010153648,7.138379180768955,True,True,True,0.8413001912045889,0.9598470363288719,0.8451242829827916,0.9541108986615678,0.8891013384321224,0.97131931166348,0.04780114722753348,0.7330754352030948,0.9516441005802708,0.7195357833655706,0.9458413926499033,0.7949709864603481,0.9787234042553191,0.06189555125725332,11
4625011047,1427.0,275.411,19.3,27.5,521.8550110428961,6.958066813905281,9.663981685979557,True,True,True,0.8413001912045889,0.9598470363288719,0.8451242829827916,0.9541108986615678,0.8910133843212237,0.97131931166348,0.0497131931166348,0.7330754352030948,0.9516441005802708,0.7195357833655706,0.9458413926499033,0.7988394584139265,0.9787234042553191,0.06576402321083163,11
4625011048,1252.0,241.63600000000002,19.3,27.0,561.6052569199082,7.488070092265444,10.400097350368672,True,True,True,0.8413001912045889,0.9598470363288719,0.8451242829827916,0.9541108986615678,0.8891013384321224,0.97131931166348,0.04780114722753348,0.7330754352030948,0.9516441005802708,0.7195357833655706,0.9458413926499033,0.7949709864603481,0.9787234042553191,0.06189555125725332,11
4625011050,1217.0,428.384,35.2,29.3,958.2479379381933,12.776639172509245,17.745332184040617,True,False,False,0.8413001912045889,0.9598470363288719,0.8451242829827916,0.9541108986615678,0.8795411089866156,0.9674952198852772,0.03824091778202676,0.7330754352030948,0.9516441005802708,0.7195357833655706,0.9458413926499033,0.7911025145067698,0.97678916827853,0.05802707930367501,11
4625011051,1105.0,312.715,28.3,24.7,402.26569985519234,5.363542664735898,7.449364812133192,True,True,True,0.8413001912045889,0.9598470363288719,0.8451242829827916,0.9541108986615678,0.9024856596558317,0.9732313575525813,0.06118546845124284,0.7330754352030948,0.9516441005802708,0.7195357833655706,0.9458413926499033,0.8607350096711799,0.9825918762088974,0.12765957446808507,11
4625011052,1857.0,386.256,20.8,22.1,294.8401566335427,3.9312020884472356,5.460002900621161,True,True,True,0.8413001912045889,0.9598470363288719,0.8451242829827916,0.9541108986615678,0.904397705544933,0.9732313575525813,0.06309751434034416,0.7330754352030948,0.9516441005802708,0.7195357833655706,0.9458413926499033,0.8549323017408124,0.9825918762088974,0.12185686653771755,11
4625011053,1707.0,310.674,18.2,23.2,763.8414705011814,10.184552940015752,14.145212416688544,True,True,True,0.8413001912045889,0.9598470363288719,0.8451242829827916,0.9541108986615678,0.8891013384321224,0.97131931166348,0.04780114722753348,0.7330754352030948,0.9516441005802708,0.7195357833655706,0.9458413926499033,0.8143133462282398,0.9787234042553191,0.081237911025145,11
4625011054,1192.0,187.14399999999998,15.7,23.3,665.7964291770231,8.877285722360309,12.329563503278205,True,True,True,0.8413001912045889,0.9598470363288719,0.8451242829827916,0.9541108986615678,0.904397705544933,0.9732313575525813,0.06309751434034416,0.7330754352030948,0.9516441005802708,0.7195357833655706,0.9458413926499033,0.8317214700193424,0.9806576402321083,0.09864603481624756,11
4625011055,1239.0,301.077,24.3,26.0,855.9456755567485,11.412609007423312,15.85084584364349,True,False,False,0.8413001912045889,0.9598470363288719,0.8451242829827916,0.9541108986615678,0.9024856596558317,0.9732313575525813,0.06118546845124284,0.7330754352030948,0.9516441005802708,0.7195357833655706,0.9458413926499033,0.8123791102514507,0.9806576402321083,0.07930367504835589,11
4625012020,1212.0,328.45200000000006,27.1,28.7,255.21557668776998,3.4028743558369334,4.726214383106852,True,True,True,0.8413001912045889,0.9598470363288719,0.8451242829827916,0.9541108986615678,0.8967495219885278,0.9732313575525813,0.05544933078393888,0.7330754352030948,0.9516441005802708,0.7195357833655706,0.9458413926499033,0.839458413926499,0.9806576402321083,0.10638297872340419,12
4625012021,2006.0,427.278,21.3,31.7,793.7418579634043,10.58322477284539,14.698923295618597,True,True,True,0.8413001912045889,0.9598470363288719,0.8451242829827916,0.9541108986615678,0.8986615678776291,0.9732313575525813,0.0573613766730402,0.7330754352030948,0.9516441005802708,0.7195357833655706,0.9458413926499033,0.8336557059961315,0.9806576402321083,0.10058027079303666,12
4625012023,1131.0,266.916,23.6,32.4,164.91704314570683,2.1988939086094246,3.0540193175130894,True,True,True,0.8413001912045889,0.9598470363288719,0.8451242829827916,0.9541108986615678,0.9024856596558317,0.9732313575525813,0.06118546845124284,0.7330754352030948,0.9516441005802708,0.7195357833655706,0.9458413926499033,0.8607350096711799,0.9825918762088974,0.12765957446808507,12
4625012024,1888.0,405.92,21.5,26.9,593.5562371047193,7.914083161396258,10.991782168605914,True,True,True,0.8413001912045889,0.9598470363288719,0.8451242829827916,0.9541108986615678,0.904397705544933,0.9732313575525813,0.06309751434034416,0.7330754352030948,0.9516441005802708,0.7195357833655706,0.9458413926499033,0.8529980657640233,0.9825918762088974,0.11992263056092844,12
4625012025,2389.0,391.796,16.4,26.8,894.636056885001,11.928480758466682,16.567334386759278,True,False,False,0.8413001912045889,0.9598470363288719,0.8451242829827916,0.9541108986615678,0.9024856596558317,0.9751434034416826,0.06118546845124284,0.7330754352030948,0.9516441005802708,0.7195357833655706,0.9458413926499033,0.804642166344294,0.9825918762088974,0.07156673114119916,12
4625012026,1400.0,306.59999999999997,21.9,31.7,730.0571810277488,9.734095747036651,13.519577426439792,True,True,True,0.8413001912045889,0.9598470363288719,0.8451242829827916,0.9541108986615678,0.904397705544933,0.9732313575525813,0.06309751434034416,0.7330754352030948,0.9516441005802708,0.7195357833655706,0.9458413926499033,0.816247582205029,0.9825918762088974,0.0831721470019342,12
4625012027,1218.0,197.31599999999997,16.2,30.6,0.0,0.0,0.0,True,True,True,0.8413001912045889,0.9598470363288719,0.8451242829827916,0.9541108986615678,0.9082217973231358,0.9732313575525813,0.06692160611854692,0.7330754352030948,0.9516441005802708,0.7195357833655706,0.9458413926499033,0.8588007736943907,0.9845261121856866,0.12572533849129586,12
4625012028,1598.0,429.86199999999997,26.9,29.0,523.2057700638366,6.976076934184488,9.688995741922898,True,True,True,0.8413001912045889,0.9598470363288719,0.8451242829827916,0.9541108986615678,0.9101338432122371,0.9732313575525813,0.06883365200764824,0.7330754352030948,0.9516441005802708,0.7195357833655706,0.9458413926499033,0.8607350096711799,0.9845261121856866,0.12765957446808507,12
4625012029,1330.0,244.71999999999997,18.4,30.7,840.3435569010901,11.204580758681201,15.561917720390557,True,False,False,0.8413001912045889,0.9598470363288719,0.8451242829827916,0.9541108986615678,0.904397705544933,0.9751434034416826,0.06309751434034416,0.7330754352030948,0.9516441005802708,0.7195357833655706,0.9458413926499033,0.8085106382978723,0.9825918762088974,0.07543520309477747,12
4625012030,1514.0,319.454,21.1,32.1,232.14544034476404,3.095272537930187,4.2989896360141495,True,True,True,0.8413001912045889,0.9598470363288719,0.8451242829827916,0.9541108986615678,0.9063097514340345,0.9732313575525813,0.0650095602294456,0.7330754352030948,0.9516441005802708,0.7195357833655706,0.9458413926499033,0.8317214700193424,0.9825918762088974,0.09864603481624756,12
4625012031,1373.0,260.87,19.0,29.8,343.80494601043756,4.5840659468058345,6.366758259452547,True,True,True,0.8413001912045889,0.9598470363288719,0.8451242829827916,0.9541108986615678,0.904397705544933,0.9732313575525813,0.06309751434034416,0.7330754352030948,0.9516441005802708,0.7195357833655706,0.9458413926499033,0.8297872340425532,0.9825918762088974,0.09671179883945835,12
4625012032,928.0,204.16,22.0,36.7,614.1073226527685,8.188097635370246,11.37235782690312,True,True,True,0.8413001912045889,0.9598470363288719,0.8451242829827916,0.9541108986615678,0.9024856596558317,0.9732313575525813,0.06118546845124284,0.7330754352030948,0.9516441005802708,0.7195357833655706,0.9458413926499033,0.8104448742746615,0.9825918762088974,0.07736943907156668,12
4625012033,1379.0,353.024,25.6,29.3,516.3620662574124,6.884827550098832,9.562260486248379,True,True,True,0.8413001912045889,0.9598470363288719,0.8451242829827916,0.9541108986615678,0.904397705544933,0.9732313575525813,0.06309751434034416,0.7330754352030948,0.9516441005802708,0.7195357833655706,0.9458413926499033,0.8413926499032882,0.9806576402321083,0.1083172147001934,12
4625012034,1052.0,191.46399999999997,18.2,31.8,729.2901266744652,9.723868355659537,13.505372716193799,True,True,True,0.8413001912045889,0.9598470363288719,0.8451242829827916,0.9541108986615678,0.892925430210325,0.9732313575525813,0.05162523900573612,0.7330754352030948,0.9516441005802708,0.7195357833655706,0.9458413926499033,0.8085106382978723,0.9787234042553191,0.07543520309477747,12
4625012035,923.0,208.59800000000004,22.6,33.4,626.0413264610227,8.34721768614697,11.593357897426346,True,True,True,0.8413001912045889,0.9598470363288719,0.8451242829827916,0.9541108986615678,0.8967495219885278,0.9732313575525813,0.05544933078393888,0.7330754352030948,0.9516441005802708,0.7195357833655706,0.9458413926499033,0.8123791102514507,0.9806576402321083,0.07930367504835589,12
4625012036,1500.0,310.5,20.7,28.3,595.3827576721678,7.938436768962237,11.025606623558664,True,True,True,0.8413001912045889,0.9598470363288719,0.8451242829827916,0.9541108986615678,0.9024856596558317,0.9732313575525813,0.06118546845124284,0.7330754352030948,0.9516441005802708,0.7195357833655706,0.9458413926499033,0.8278529980657641,0.9806576402321083,0.09477756286266925,12
4625012037,2504.0,415.664,16.6,24.8,619.2626292132871,8.256835056177161,11.467826466912724,True,True,True,0.8413001912045889,0.9598470363288719,0.8451242829827916,0.9541108986615678,0.892925430210325,0.9732313575525813,0.05162523900573612,0.7330754352030948,0.9516441005802708,0.7195357833655706,0.9458413926499033,0.7891682785299806,0.9787234042553191,0.0560928433268858,12
4625012038,1937.0,323.479,16.7,22.5,482.3371947993621,6.431162597324828,8.932170274062262,True,True,True,0.8413001912045889,0.9598470363288719,0.8451242829827916,0.9541108986615678,0.9082217973231358,0.9732313575525813,0.06692160611854692,0.7330754352030948,0.9516441005802708,0.7195357833655706,0.9458413926499033,0.8626692456479691,0.9825918762088974,0.12959381044487428,12
4625012039,1497.0,393.711,26.3,22.8,658.7620174388514,8.783493565851353,12.19929661923799,True,True,True,0.8413001912045889,0.9598470363288719,0.8451242829827916,0.9541108986615678,0.9082217973231358,0.9732313575525813,0.06692160611854692,0.7330754352030948,0.9516441005802708,0.7195357833655706,0.9458413926499033,0.8665377176015474,0.9825918762088974,0.1334622823984526,12
4625012040,1778.0,266.7,15.0,26.6,864.1984959935539,11.522646613247385,16.003675851732478,True,False,False,0.8413001912045889,0.9598470363288719,0.8451242829827916,0.9541108986615678,0.9082217973231358,0.9732313575525813,0.06692160611854692,0.7330754352030948,0.9516441005802708,0.7195357833655706,0.9458413926499033,0.8588007736943907,0.9845261121856866,0.12572533849129586,12
4625012041,2363.0,342.635,14.5,21.0,1039.4706904779803,13.85960920637307,19.24945723107371,True,False,False,0.8413001912045889,0.9598470363288719,0.8451242829827916,0.9541108986615678,0.8986615678776291,0.9770554493307839,0.0573613766730402,0.7330754352030948,0.9516441005802708,0.7195357833655706,0.9458413926499033,0.7756286266924565,0.9787234042553191,0.04255319148936165,12
4625012043,1180.0,351.64,29.8,25.7,469.49145854527865,6.259886113937048,8.694286269357011,True,True,True,0.8413001912045889,0.9598470363288719,0.8451242829827916,0.9541108986615678,0.904397705544933,0.9732313575525813,0.06309751434034416,0.7330754352030948,0.9516441005802708,0.7195357833655706,0.9458413926499033,0.8549323017408124,0.9825918762088974,0.12185686653771755,12
4625012044,1582.0,278.432,17.6,24.5,816.2423640181494,10.883231520241992,15.115599333669431,True,False,False,0.8413001912045889,0.9598470363288719,0.8451242829827916,0.9541108986615678,0.8967495219885278,0.9732313575525813,0.05544933078393888,0.7330754352030948,0.9516441005802708,0.7195357833655706,0.9458413926499033,0.8027079303675049,0.9787234042553191,0.06963249516441006,12
4625012045,2076.0,209.676,10.1,19.7,999.743019089991,13.32990692119988,18.513759612777612,True,False,False,0.8413001912045889,0.9598470363288719,0.8451242829827916,0.9541108986615678,0.9005736137667304,0.9770554493307839,0.05927342256214152,0.7330754352030948,0.9516441005802708,0.7195357833655706,0.9458413926499033,0.781431334622824,0.9787234042553191,0.048355899419729176,12
4625012046,1859.0,213.785,11.5,21.6,1051.1658722247741,14.015544962996989,19.466034670829153,True,False,False,0.8413001912045889,0.9598470363288719,0.8451242829827916,0.9541108986615678,0.9005736137667304,0.9770554493307839,0.05927342256214152,0.7330754352030948,0.9516441005802708,0.7195357833655706,0.9458413926499033,0.7756286266924565,0.9787234042553191,0.04255319148936165,12
4625012047,1013.0,194.49599999999998,19.2,32.9,800.215559327303,10.669540791030707,14.818806654209315,True,True,True,0.8413001912045889,0.9598470363288719,0.8451242829827916,0.9541108986615678,0.904397705544933,0.9732313575525813,0.06309751434034416,0.7330754352030948,0.9516441005802708,0.7195357833655706,0.9458413926499033,0.8297872340425532,0.9825918762088974,0.09671179883945835,12
4625013001,1896.0,434.18399999999997,22.9,29.6,439.46497483082385,5.859532997744318,8.138240274644886,True,True,True,0.8413001912045889,0.9598470363288719,0.8451242829827916,0.9541108986615678,0.9063097514340345,0.9732313575525813,0.0650095602294456,0.7330754352030948,0.9516441005802708,0.7195357833655706,0.9458413926499033,0.8607350096711799,0.9825918762088974,0.12765957446808507,13
4625013002,2007.0,594.072,29.6,29.9,116.29086408766982,1.5505448545022642,2.1535345201420335,True,True,True,0.8413001912045889,0.9598470363288719,0.8451242829827916,0.9541108986615678,0.904397705544933,0.9732313575525813,0.06309751434034416,0.7330754352030948,0.9516441005802708,0.7195357833655706,0.9458413926499033,0.8588007736943907,0.9825918762088974,0.12572533849129586,13
4625013003,789.0,227.232,28.8,30.1,411.3968313699437,5.485291084932583,7.618459840184142,True,True,True,0.8413001912045889,0.9598470363288719,0.8451242829827916,0.9541108986615678,0.9063097514340345,0.9732313575525813,0.0650095602294456,0.7330754352030948,0.9516441005802708,0.7195357833655706,0.9458413926499033,0.8665377176015474,0.9825918762088974,0.1334622823984526,13
4625013004,1212.0,248.46,20.5,41.6,702.429341922653,9.365724558968706,13.007950776345426,True,True,True,0.8413001912045889,0.9598470363288719,0.8451242829827916,0.9541108986615678,0.9024856596558317,0.9732313575525813,0.06118546845124284,0.7330754352030948,0.9516441005802708,0.7195357833655706,0.9458413926499033,0.8607350096711799,0.9825918762088974,0.12765957446808507,13
4625013005,1458.0,348.462,23.9,27.2,564.8980920450441,7.531974560600588,10.461075778611928,True,True,True,0.8413001912045889,0.9598470363288719,0.8451242829827916,0.9541108986615678,0.9063097514340345,0.9732313575525813,0.0650095602294456,0.7330754352030948,0.9516441005802708,0.7195357833655706,0.9458413926499033,0.8665377176015474,0.9825918762088974,0.1334622823984526,13
4625013007,899.0,229.245,25.5,35.2,379.4472633084841,5.059296844113121,7.026801172379335,True,True,True,0.8413001912045889,0.9598470363288719,0.8451242829827916,0.9541108986615678,0.9063097514340345,0.9732313575525813,0.0650095602294456,0.7330754352030948,0.9516441005802708,0.7195357833655706,0.9458413926499033,0.8665377176015474,0.9825918762088974,0.1334622823984526,13
4625013008,1338.0,416.11800000000005,31.1,34.4,544.9121159665577,7.265494879554103,10.09096511049181,True,True,True,0.8413001912045889,0.9598470363288719,0.8451242829827916,0.9541108986615678,0.9005736137667304,0.9732313575525813,0.05927342256214152,0.7330754352030948,0.9516441005802708,0.7195357833655706,0.9458413926499033,0.8607350096711799,0.9825918762088974,0.12765957446808507,13
4625013009,948.0,243.636,25.7,29.7,421.692276105322,5.6225636814042925,7.809116224172629,True,True,True,0.8413001912045889,0.9598470363288719,0.8451242829827916,0.9541108986615678,0.904397705544933,0.9732313575525813,0.06309751434034416,0.7330754352030948,0.9516441005802708,0.7195357833655706,0.9458413926499033,0.8626692456479691,0.9825918762088974,0.12959381044487428,13
4625013010,1335.0,452.565,33.9,26.4,663.3050635595482,8.84406751412731,12.283427102954596,True,True,True,0.8413001912045889,0.9598470363288719,0.8451242829827916,0.9541108986615678,0.9082217973231358,0.9732313575525813,0.06692160611854692,0.7330754352030948,0.9516441005802708,0.7195357833655706,0.9458413926499033,0.8762088974854932,0.9845261121856866,0.14313346228239843,13
4625013011,692.0,247.044,35.7,35.5,525.0284266266877,7.00037902168917,9.72274864123496,True,True,True,0.8413001912045889,0.9598470363288719,0.8451242829827916,0.9541108986615678,0.8986615678776291,0.9732313575525813,0.0573613766730402,0.7330754352030948,0.9516441005802708,0.7195357833655706,0.9458413926499033,0.8529980657640233,0.9825918762088974,0.11992263056092844,13
4625013012,1914.0,547.404,28.6,34.8,821.1845157250713,10.949126876334283,15.207120661575393,True,False,False,0.8413001912045889,0.9598470363288719,0.8451242829827916,0.9541108986615678,0.9005736137667304,0.9732313575525813,0.05927342256214152,0.7330754352030948,0.9516441005802708,0.7195357833655706,0.9458413926499033,0.8607350096711799,0.9825918762088974,0.12765957446808507,13
4625013013,855.0,265.905,31.1,39.6,738.9882966862858,9.853177289150477,13.684968457153442,True,True,True,0.8413001912045889,0.9598470363288719,0.8451242829827916,0.9541108986615678,0.892925430210325,0.9732313575525813,0.05162523900573612,0.7330754352030948,0.9516441005802708,0.7195357833655706,0.9458413926499033,0.839458413926499,0.9806576402321083,0.10638297872340419,13
4625013014,1529.0,392.953,25.7,39.3,837.4862339214353,11.16648311895247,15.509004331878431,True,False,False,0.8413001912045889,0.9598470363288719,0.8451242829827916,0.9541108986615678,0.8986615678776291,0.9732313575525813,0.0573613766730402,0.7330754352030948,0.9516441005802708,0.7195357833655706,0.9458413926499033,0.8529980657640233,0.9825918762088974,0.11992263056092844,13
4625013015,1017.0,267.471,26.3,43.6,392.0480042161305,5.22730672288174,7.260148226224639,True,True,True,0.8413001912045889,0.9598470363288719,0.8451242829827916,0.9541108986615678,0.8891013384321224,0.9732313575525813,0.04780114722753348,0.7330754352030948,0.9516441005802708,0.7195357833655706,0.9458413926499033,0.8181818181818182,0.9787234042553191,0.08510638297872342,13
4625013016,1886.0,247.06599999999997,13.1,32.5,305.5756862663891,4.074342483551854,5.658809004933131,True,True,True,0.8413001912045889,0.9598470363288719,0.8451242829827916,0.9541108986615678,0.892925430210325,0.9732313575525813,0.05162523900573612,0.7330754352030948,0.9516441005802708,0.7195357833655706,0.9458413926499033,0.8220502901353965,0.9787234042553191,0.08897485493230173,13
4625013017,1356.0,339.0,25.0,35.7,160.61732329928753,2.141564310657167,2.974394875912732,True,True,True,0.8413001912045889,0.9598470363288719,0.8451242829827916,0.9541108986615678,0.892925430210325,0.9732313575525813,0.05162523900573612,0.7330754352030948,0.9516441005802708,0.7195357833655706,0.9458413926499033,0.8297872340425532,0.9806576402321083,0.09671179883945835,13
4625013019,952.0,277.984,29.2,30.0,116.6673772099945,1.5555650294665933,2.1605069853702683,True,True,True,0.8413001912045889,0.9598470363288719,0.8451242829827916,0.9541108986615678,0.9005736137667304,0.9732313575525813,0.05927342256214152,0.7330754352030948,0.9516441005802708,0.7195357833655706,0.9458413926499033,0.8529980657640233,0.9825918762088974,0.11992263056092844,13
4625013020,731.0,209.797,28.7,33.3,151.27722628176593,2.017029683756879,2.8014301163289987,True,True,True,0.8413001912045889,0.9598470363288719,0.8451242829827916,0.9541108986615678,0.9005736137667304,0.9732313575525813,0.05927342256214152,0.7330754352030948,0.9516441005802708,0.7195357833655706,0.9458413926499033,0.8471953578336557,0.9825918762088974,0.11411992263056092,13
4625013021,1090.0,382.59,35.1,32.7,307.7943285093052,4.103924380124069,5.699894972394541,True,True,True,0.8413001912045889,0.9598470363288719,0.8451242829827916,0.9541108986615678,0.8967495219885278,0.9732313575525813,0.05544933078393888,0.7330754352030948,0.9516441005802708,0.7195357833655706,0.9458413926499033,0.8433268858800773,0.9806576402321083,0.1102514506769825,13
4625013022,1149.0,312.528,27.2,30.5,719.8004900859016,9.597339867812021,13.329638705294474,True,True,True,0.8413001912045889,0.9598470363288719,0.8451242829827916,0.9541108986615678,0.8833652007648184,0.9694072657743786,0.042065009560229516,0.7330754352030948,0.9516441005802708,0.7195357833655706,0.9458413926499033,0.804642166344294,0.97678916827853,0.07156673114119916,13
4625013023,1579.0,388.434,24.6,34.2,718.50671879833,9.580089583977733,13.30567997774685,True,True,True,0.8413001912045889,0.9598470363288719,0.8451242829827916,0.9541108986615678,0.887189292543021,0.9694072657743786,0.04588910133843216,0.7330754352030948,0.9516441005802708,0.7195357833655706,0.9458413926499033,0.8143133462282398,0.97678916827853,0.081237911025145,13
4625013024,1653.0,421.515,25.5,34.9,780.3806019988265,10.405074693317687,14.451492629607896,True,True,True,0.8413001912045889,0.9598470363288719,0.8451242829827916,0.9541108986615678,0.892925430210325,0.9732313575525813,0.05162523900573612,0.7330754352030948,0.9516441005802708,0.7195357833655706,0.9458413926499033,0.8278529980657641,0.9787234042553191,0.09477756286266925,13
4625013025,1865.0,511.01,27.4,31.5,1700.011263943109,22.66681685257479,31.481690073020538,False,False,False,0.8413001912045889,0.9598470363288719,0.8451242829827916,0.9541108986615678,0.8833652007648184,0.9694072657743786,0.042065009560229516,0.7330754352030948,0.9516441005802708,0.7195357833655706,0.9458413926499033,0.804642166344294,0.97678916827853,0.07156673114119916,13
4625013026,1039.0,297.154,28.6,26.8,718.9556052536416,9.586074736715222,13.31399268988225,True,True,True,0.8413001912045889,0.9598470363288719,0.8451242829827916,0.9541108986615678,0.8833652007648184,0.9674952198852772,0.042065009560229516,0.7330754352030948,0.9516441005802708,0.7195357833655706,0.9458413926499033,0.7969052224371374,0.97678916827853,0.06382978723404253,13
4625013027,1401.0,347.44800000000004,24.8,38.3,984.9355458946432,13.132473945261909,18.239547146197093,True,False,False,0.8413001912045889,0.9598470363288719,0.8451242829827916,0.9541108986615678,0.8986615678776291,0.9732313575525813,0.0573613766730402,0.7330754352030948,0.9516441005802708,0.7195357833655706,0.9458413926499033,0.8529980657640233,0.9825918762088974,0.11992263056092844,13
4625013028,1303.0,329.659,25.3,33.6,966.4537877394193,12.886050503192257,17.8972923655448,True,False,False,0.8413001912045889,0.9598470363288719,0.8451242829827916,0.9541108986615678,0.875717017208413,0.9674952198852772,0.03441682600382412,0.7330754352030948,0.9516441005802708,0.7195357833655706,0.9458413926499033,0.7775628626692457,0.9729206963249516,0.044487427466150864,13
4625013029,859.0,306.663,35.7,36.2,784.1972574402797,10.455963432537063,14.522171434079253,True,True,True,0.8413001912045889,0.9598470363288719,0.8451242829827916,0.9541108986615678,0.9101338432122371,0.9732313575525813,0.06883365200764824,0.7330754352030948,0.9516441005802708,0.7195357833655706,0.9458413926499033,0.8704061895551257,0.9825918762088974,0.1373307543520309,13
4625013030,1047.0,283.737,27.1,29.3,668.8643275257828,8.918191033677102,12.386376435662644,True,True,True,0.8413001912045889,0.9598470363288719,0.8451242829827916,0.9541108986615678,0.9101338432122371,0.9732313575525813,0.06883365200764824,0.7330754352030948,0.9516441005802708,0.7195357833655706,0.9458413926499033,0.8762088974854932,0.9845261121856866,0.14313346228239843,13
4625014001,1875.0,570.0,30.4,30.7,119.6110409843912,1.5948138797918825,2.215019277488726,True,True,True,0.8413001912045889,0.9598470363288719,0.8451242829827916,0.9541108986615678,0.8546845124282982,0.9636711281070746,0.013384321223709361,0.7330754352030948,0.9516441005802708,0.7195357833655706,0.9458413926499033,0.7524177949709865,0.9593810444874274,0.01934235976789167,14
4625014002,1437.0,356.376,24.8,33.7,306.22792048459826,4.083038939794643,5.670887416381449,True,True,True,0.8413001912045889,0.9598470363288719,0.8451242829827916,0.9541108986615678,0.847036328871893,0.9598470363288719,0.005736137667304075,0.7330754352030948,0.9516441005802708,0.7195357833655706,0.9458413926499033,0.7388781431334622,0.9535783365570599,0.005802707930367412,14
4625014003,790.0,165.9,21.0,41.9,398.34925941035254,5.3113234588047,7.37683813722875,True,True,True,0.8413001912045889,0.9598470363288719,0.8451242829827916,0.9541108986615678,0.847036328871893,0.9598470363288719,0.005736137667304075,0.7330754352030948,0.9516441005802708,0.7195357833655706,0.9458413926499033,0.7427466150870407,0.9535783365570599,0.009671179883945835,14
4625014004,1160.0,349.16,30.1,35.5,501.06654619756125,6.68088728263415,9.279010114769653,True,True,True,0.8413001912045889,0.9598470363288719,0.8451242829827916,0.9541108986615678,0.8565965583173997,0.9636711281070746,0.015296367112810794,0.7330754352030948,0.9516441005802708,0.7195357833655706,0.9458413926499033,0.7524177949709865,0.9613152804642167,0.01934235976789167,14
4625014005,863.0,183.81900000000002,21.3,41.6,315.8482258023573,4.211309677364764,5.8490412185621725,True,True,True,0.8413001912045889,0.9598470363288719,0.8451242829827916,0.9541108986615678,0.8565965583173997,0.9655831739961759,0.015296367112810794,0.7330754352030948,0.9516441005802708,0.7195357833655706,0.9458413926499033,0.7543520309477756,0.9632495164410058,0.02127659574468077,14
4625014006,1027.0,205.4,20.0,41.2,533.9334703626196,7.119112938168261,9.887656858567029,True,True,True,0.8413001912045889,0.9598470363288719,0.8451242829827916,0.9541108986615678,0.8489483747609943,0.9617590822179732,0.007648183556405397,0.7330754352030948,0.9516441005802708,0.7195357833655706,0.9458413926499033,0.7485493230174082,0.9555125725338491,0.015473887814313358,14
4625014007,1023.0,173.91,17.0,34.8,393.09677399975914,5.241290319996788,7.279569888884428,True,True,True,0.8413001912045889,0.9598470363288719,0.8451242829827916,0.9541108986615678,0.847036328871893,0.9598470363288719,0.005736137667304075,0.7330754352030948,0.9516441005802708,0.7195357833655706,0.9458413926499033,0.746615087040619,0.9535783365570599,0.013539651837524147,14
4625014008,984.0,204.672,20.8,36.9,525.6903769658411,7.009205026211215,9.735006980848908,True,True,True,0.8413001912045889,0.9598470363288719,0.8451242829827916,0.9541108986615678,0.847036328871893,0.9598470363288719,0.005736137667304075,0.7330754352030948,0.9516441005802708,0.7195357833655706,0.9458413926499033,0.7485493230174082,0.9535783365570599,0.015473887814313358,14
4625014009,1183.0,256.711,21.7,31.4,697.4801668146141,9.299735557528187,12.916299385455817,True,True,True,0.8413001912045889,0.9598470363288719,0.8451242829827916,0.9541108986615678,0.847036328871893,0.9598470363288719,0.005736137667304075,0.7330754352030948,0.9516441005802708,0.7195357833655706,0.9458413926499033,0.7408123791102514,0.9535783365570599,0.007736943907156624,14
4625014010,1544.0,369.01599999999996,23.9,35.5,734.8284395773481,9.797712527697975,13.607934066247187,True,True,True,0.8413001912045889,0.9598470363288719,0.8451242829827916,0.9541108986615678,0.8432122370936902,0.9579349904397706,0.0019120458891013214,0.7330754352030948,0.9516441005802708,0.7195357833655706,0.9458413926499033,0.7330754352030948,0.9535783365570599,0.0,14
4625014012,1000.0,202.0,20.2,37.6,742.0486039015608,9.893981385354145,13.741640812991866,True,True,True,0.8413001912045889,0.9598470363288719,0.8451242829827916,0.9541108986615678,0.8393881453154876,0.9579349904397706,-0.0019120458891013214,0.7330754352030948,0.9516441005802708,0.7195357833655706,0.9458413926499033,0.7253384912959381,0.9497098646034816,-0.007736943907156735,14
4625014013,1473.0,319.64099999999996,21.7,37.5,894.3855922540771,11.925141230054361,16.56269615285328,True,False,False,0.8413001912045889,0.9598470363288719,0.8451242829827916,0.9541108986615678,0.8260038240917782,0.9579349904397706,-0.015296367112810683,0.7330754352030948,0.9516441005802708,0.7195357833655706,0.9458413926499033,0.7137330754352031,0.9497098646034816,-0.01934235976789167,14
4625014014,1206.0,301.5,25.0,26.0,793.7044153029935,10.582725537373248,14.698229913018398,True,True,True,0.8413001912045889,0.9598470363288719,0.8451242829827916,0.9541108986615678,0.8260038240917782,0.9579349904397706,-0.015296367112810683,0.7330754352030948,0.9516441005802708,0.7195357833655706,0.9458413926499033,0.7098646034816247,0.9477756286266924,-0.023210831721470093,14
4625014015,1173.0,226.389,19.3,36.8,112.49090823512782,1.499878776468371,2.083164967317182,True,True,True,0.8413001912045889,0.9598470363288719,0.8451242829827916,0.9541108986615678,0.847036328871893,0.9598470363288719,0.005736137667304075,0.7330754352030948,0.9516441005802708,0.7195357833655706,0.9458413926499033,0.7485493230174082,0.9535783365570599,0.015473887814313358,14
4625014016,1502.0,331.94200000000006,22.1,38.1,712.8467694553767,9.504623592738357,13.200866101025495,True,True,True,0.8413001912045889,0.9598470363288719,0.8451242829827916,0.9541108986615678,0.8413001912045889,0.9579349904397706,0.0,0.7330754352030948,0.9516441005802708,0.7195357833655706,0.9458413926499033,0.7292069632495164,0.9516441005802708,-0.003868471953578423,14
4625014018,1386.0,429.66,31.0,30.2,446.52709596381527,5.95369461285087,8.269020295626209,True,True,True,0.8413001912045889,0.9598470363288719,0.8451242829827916,0.9541108986615678,0.8451242829827916,0.9598470363288719,0.003824091778202754,0.7330754352030948,0.9516441005802708,0.7195357833655706,0.9458413926499033,0.7388781431334622,0.9535783365570599,0.005802707930367412,14
4625014019,1658.0,356.47,21.5,23.8,309.7325912213265,4.12976788295102,5.735788726320862,True,True,True,0.8413001912045889,0.9598470363288719,0.8451242829827916,0.9541108986615678,0.8451242829827916,0.9598470363288719,0.003824091778202754,0.7330754352030948,0.9516441005802708,0.7195357833655706,0.9458413926499033,0.7446808510638298,0.9535783365570599,0.011605415860734936,14
4625014020,2188.0,555.752,25.4,25.7,1020.3037556176436,13.604050074901915,18.894513992919325,True,False,False,0.8413001912045889,0.9598470363288719,0.8451242829827916,0.9541108986615678,0.8661567877629063,0.9655831739961759,0.0248565965583174,0.7330754352030948,0.9516441005802708,0.7195357833655706,0.9458413926499033,0.7620889748549323,0.965183752417795,0.029013539651837505,14
4625014021,1338.0,322.458,24.1,29.1,703.9751169892713,9.386334893190284,13.036576240542063,True,True,True,0.8413001912045889,0.9598470363288719,0.8451242829827916,0.9541108986615678,0.869980879541109,0.9674952198852772,0.028680688336520155,0.7330754352030948,0.9516441005802708,0.7195357833655706,0.9458413926499033,0.7659574468085106,0.9671179883945842,0.03288201160541582,14
4625014022,937.0,250.17899999999997,26.7,31.0,660.4293793203137,8.805725057604183,12.23017369111692,True,True,True,0.8413001912045889,0.9598470363288719,0.8451242829827916,0.9541108986615678,0.847036328871893,0.9598470363288719,0.005736137667304075,0.7330754352030948,0.9516441005802708,0.7195357833655706,0.9458413926499033,0.746615087040619,0.9535783365570599,0.013539651837524147,14
4625014023,967.0,238.849,24.7,34.2,769.1149542040749,10.254866056054333,14.242869522297685,True,True,True,0.8413001912045889,0.9598470363288719,0.8451242829827916,0.9541108986615678,0.8260038240917782,0.9579349904397706,-0.015296367112810683,0.7330754352030948,0.9516441005802708,0.7195357833655706,0.9458413926499033,0.7079303675048356,0.9458413926499033,-0.025145067698259194,14
4625014024,1253.0,310.744,24.8,30.1,284.65628374766135,3.7954171166354844,5.271412661993728,True,True,True,0.8413001912045889,0.9598470363288719,0.8451242829827916,0.9541108986615678,0.8680688336520076,0.9674952198852772,0.026768642447418722,0.7330754352030948,0.9516441005802708,0.7195357833655706,0.9458413926499033,0.7601547388781431,0.9632495164410058,0.027079303675048294,14
4625015001,1197.0,175.95899999999997,14.7,29.1,219.42336565619252,2.9256448754159,4.063395660299862,True,True,True,0.8413001912045889,0.9598470363288719,0.8451242829827916,0.9541108986615678,0.8202676864244742,0.9560229445506692,-0.021032504780114647,0.7330754352030948,0.9516441005802708,0.7195357833655706,0.9458413926499033,0.7059961315280464,0.9458413926499033,-0.027079303675048405,15
4625015002,1053.0,186.38099999999997,17.7,33.3,846.8572176829069,11.291429569105425,15.68254106820198,True,False,False,0.8413001912045889,0.9598470363288719,0.8451242829827916,0.9541108986615678,0.8240917782026769,0.9579349904397706,-0.017208413001912004,0.7330754352030948,0.9516441005802708,0.7195357833655706,0.9458413926499033,0.7079303675048356,0.9458413926499033,-0.025145067698259194,15
4625015003,1168.0,286.16,24.5,32.3,635.8760146235575,8.478346861647433,11.775481752288101,True,True,True,0.8413001912045889,0.9598470363288719,0.8451242829827916,0.9541108986615678,0.8202676864244742,0.9560229445506692,-0.021032504780114647,0.7330754352030948,0.9516441005802708,0.7195357833655706,0.9458413926499033,0.7079303675048356,0.9458413926499033,-0.025145067698259194,15
4625015004,1008.0,214.704,21.3,30.5,530.1757751275476,7.069010335033967,9.8180699097694,True,True,True,0.8413001912045889,0.9598470363288719,0.8451242829827916,0.9541108986615678,0.8183556405353728,0.9541108986615678,-0.02294455066921608,0.7330754352030948,0.9516441005802708,0.7195357833655706,0.9458413926499033,0.7021276595744681,0.9458413926499033,-0.030947775628626717,15
4625015005,1684.0,225.65600000000003,13.4,30.1,320.3340752297614,4.271121003063485,5.9321125042548415,True,True,True,0.8413001912045889,0.9598470363288719,0.8451242829827916,0.9541108986615678,0.8221797323135756,0.9560229445506692,-0.019120458891013326,0.7330754352030948,0.9516441005802708,0.7195357833655706,0.9458413926499033,0.7079303675048356,0.9458413926499033,-0.025145067698259194,15
4625015006,1649.0,293.522,17.8,28.9,506.45544107278255,6.752739214303768,9.378804464310788,True,True,True,0.8413001912045889,0.9598470363288719,0.8451242829827916,0.9541108986615678,0.8240917782026769,0.9579349904397706,-0.017208413001912004,0.7330754352030948,0.9516441005802708,0.7195357833655706,0.9458413926499033,0.7079303675048356,0.9477756286266924,-0.025145067698259194,15
4625015007,1100.0,147.4,13.4,27.1,567.0075669709622,7.5601008929461635,10.500140129091893,True,True,True,0.8413001912045889,0.9598470363288719,0.8451242829827916,0.9541108986615678,0.8240917782026769,0.9579349904397706,-0.017208413001912004,0.7330754352030948,0.9516441005802708,0.7195357833655706,0.9458413926499033,0.7079303675048356,0.9477756286266924,-0.025145067698259194,15
4625015008,1406.0,147.63,10.5,27.6,536.24751166697,7.149966822226267,9.93050947531426,True,True,True,0.8413001912045889,0.9598470363288719,0.8451242829827916,0.9541108986615678,0.8240917782026769,0.9579349904397706,-0.017208413001912004,0.7330754352030948,0.9516441005802708,0.7195357833655706,0.9458413926499033,0.7098646034816247,0.9477756286266924,-0.023210831721470093,15
4625015010,1151.0,168.046,14.6,26.8,430.4569246749335,5.739425662332446,7.971424531017287,True,True,True,0.8413001912045889,0.9598470363288719,0.8451242829827916,0.9541108986615678,0.8240917782026769,0.9579349904397706,-0.017208413001912004,0.7330754352030948,0.9516441005802708,0.7195357833655706,0.9458413926499033,0.7079303675048356,0.9477756286266924,-0.025145067698259194,15
4625015011,1161.0,168.345,14.5,29.7,400.20287260663156,5.336038301421754,7.411164307530214,True,True,True,0.8413001912045889,0.9598470363288719,0.8451242829827916,0.9541108986615678,0.8240917782026769,0.9579349904397706,-0.017208413001912004,0.7330754352030948,0.9516441005802708,0.7195357833655706,0.9458413926499033,0.7079303675048356,0.9477756286266924,-0.025145067698259194,15
4625015012,1472.0,251.71200000000002,17.1,27.3,238.12085261876874,3.174944701583583,4.409645418866088,True,True,True,0.8413001912045889,0.9598470363288719,0.8451242829827916,0.9541108986615678,0.8202676864244742,0.9541108986615678,-0.021032504780114647,0.7330754352030948,0.9516441005802708,0.7195357833655706,0.9458413926499033,0.7021276595744681,0.9458413926499033,-0.030947775628626717,15
4625015013,1233.0,288.522,23.4,26.7,671.9282591983449,8.959043455977932,12.443115911080461,True,True,True,0.8413001912045889,0.9598470363288719,0.8451242829827916,0.9541108986615678,0.8240917782026769,0.9579349904397706,-0.017208413001912004,0.7330754352030948,0.9516441005802708,0.7195357833655706,0.9458413926499033,0.7098646034816247,0.9477756286266924,-0.023210831721470093,15
4625015014,1493.0,319.50199999999995,21.4,28.9,288.1366350292296,3.8418218003897278,5.3358636116524,True,True,True,0.8413001912045889,0.9598470363288719,0.8451242829827916,0.9541108986615678,0.8107074569789675,0.9521988527724665,-0.030592734225621365,0.7330754352030948,0.9516441005802708,0.7195357833655706,0.9458413926499033,0.6982591876208898,0.9458413926499033,-0.03481624758220503,15
4625015015,1492.0,287.956,19.3,28.9,205.70498485975028,2.7427331314633374,3.8093515714768573,True,True,True,0.8413001912045889,0.9598470363288719,0.8451242829827916,0.9541108986615678,0.8221797323135756,0.9560229445506692,-0.019120458891013326,0.7330754352030948,0.9516441005802708,0.7195357833655706,0.9458413926499033,0.7079303675048356,0.9458413926499033,-0.025145067698259194,15
4625015016,1626.0,284.55,17.5,30.3,120.25520288435285,1.6034027051247046,2.22694820156209,True,True,True,0.8413001912045889,0.9598470363288719,0.8451242829827916,0.9541108986615678,0.8202676864244742,0.9541108986615678,-0.021032504780114647,0.7330754352030948,0.9516441005802708,0.7195357833655706,0.9458413926499033,0.7021276595744681,0.9458413926499033,-0.030947775628626717,15
4625015017,1515.0,274.21500000000003,18.1,29.6,339.9195500524673,4.532260667366231,6.294806482453097,True,True,True,0.8413001912045889,0.9598470363288719,0.8451242829827916,0.9541108986615678,0.8240917782026769,0.9560229445506692,-0.017208413001912004,0.7330754352030948,0.9516441005802708,0.7195357833655706,0.9458413926499033,0.7059961315280464,0.9477756286266924,-0.027079303675048405,15
4625015018,1993.0,566.012,28.4,28.2,487.2531313047032,6.496708417396042,9.02320613527228,True,True,True,0.8413001912045889,0.9598470363288719,0.8451242829827916,0.9541108986615678,0.8202676864244742,0.9541108986615678,-0.021032504780114647,0.7330754352030948,0.9516441005802708,0.7195357833655706,0.9458413926499033,0.7059961315280464,0.9458413926499033,-0.027079303675048405,15
4625015019,1053.0,280.098,26.6,26.5,699.3149916711097,9.32419988894813,12.950277623539069,True,True,True,0.8413001912045889,0.9598470363288719,0.8451242829827916,0.9541108986615678,0.8183556405353728,0.9541108986615678,-0.02294455066921608,0.7330754352030948,0.9516441005802708,0.7195357833655706,0.9458413926499033,0.7021276595744681,0.9458413926499033,-0.030947775628626717,15
4625015020,1511.0,296.156,19.6,25.6,488.2720971194598,6.510294628259463,9.042075872582588,True,True,True,0.8413001912045889,0.9598470363288719,0.8451242829827916,0.9541108986615678,0.8126195028680688,0.9521988527724665,-0.028680688336520044,0.7330754352030948,0.9516441005802708,0.7195357833655706,0.9458413926499033,0.6982591876208898,0.9458413926499033,-0.03481624758220503,15
4625015021,2221.0,435.31600000000003,19.6,26.2,587.448084934937,7.8326411324658265,10.87866823953587,True,True,True,0.8413001912045889,0.9598470363288719,0.8451242829827916,0.9541108986615678,0.8087954110898662,0.9521988527724665,-0.03250478011472269,0.7330754352030948,0.9516441005802708,0.7195357833655706,0.9458413926499033,0.6982591876208898,0.9439071566731141,-0.03481624758220503,15
4625015022,1446.0,227.02200000000002,15.7,25.3,470.64086383789544,6.275211517838605,8.71557155255362,True,True,True,0.8413001912045889,0.9598470363288719,0.8451242829827916,0.9541108986615678,0.8068833652007649,0.9483747609942639,-0.03441682600382401,0.7330754352030948,0.9516441005802708,0.7195357833655706,0.9458413926499033,0.6963249516441006,0.941972920696325,-0.03675048355899424,15
4625015023,1571.0,386.46600000000007,24.6,24.4,584.6624466387128,7.7954992885161705,10.82708234516135,True,True,True,0.8413001912045889,0.9598470363288719,0.8451242829827916,0.9541108986615678,0.8068833652007649,0.9483747609942639,-0.03441682600382401,0.7330754352030948,0.9516441005802708,0.7195357833655706,0.9458413926499033,0.6963249516441006,0.941972920696325,-0.03675048355899424,15
4625015024,1680.0,384.72,22.9,24.3,587.8505443864638,7.838007258486184,10.886121192341921,True,True,True,0.8413001912045889,0.9598470363288719,0.8451242829827916,0.9541108986615678,0.8068833652007649,0.9483747609942639,-0.03441682600382401,0.7330754352030948,0.9516441005802708,0.7195357833655706,0.9458413926499033,0.690522243713733,0.9400386847195358,-0.042553191489361764,15
4625015025,1398.0,237.66,17.0,30.1,465.78947580831624,6.210526344110884,8.625731033487337,True,True,True,0.8413001912045889,0.9598470363288719,0.8451242829827916,0.9541108986615678,0.8068833652007649,0.9483747609942639,-0.03441682600382401,0.7330754352030948,0.9516441005802708,0.7195357833655706,0.9458413926499033,0.688588007736944,0.9361702127659575,-0.044487427466150864,15
4625015026,1416.0,198.24,14.0,29.0,371.6199099417061,4.954932132556081,6.8818501841056685,True,True,True,0.8413001912045889,0.9598470363288719,0.8451242829827916,0.9541108986615678,0.8087954110898662,0.9521988527724665,-0.03250478011472269,0.7330754352030948,0.9516441005802708,0.7195357833655706,0.9458413926499033,0.6982591876208898,0.9458413926499033,-0.03481624758220503,15
4625015027,977.0,158.274,16.2,35.5,439.047207806983,5.8539627707597734,8.130503848277463,True,True,True,0.8413001912045889,0.9598470363288719,0.8451242829827916,0.9541108986615678,0.8087954110898662,0.9521988527724665,-0.03250478011472269,0.7330754352030948,0.9516441005802708,0.7195357833655706,0.9458413926499033,0.6982591876208898,0.9458413926499033,-0.03481624758220503,15
4625015028,1176.0,129.36,11.0,24.8,811.6297194850071,10.821729593133428,15.030179990463093,True,False,False,0.8413001912045889,0.9598470363288719,0.8451242829827916,0.9541108986615678,0.8126195028680688,0.9521988527724665,-0.028680688336520044,0.7330754352030948,0.9516441005802708,0.7195357833655706,0.9458413926499033,0.6982591876208898,0.9458413926499033,-0.03481624758220503,15
4625015029,1048.0,293.44,28.0,22.0,107.10323921715802,1.4280431895621069,1.9833933188362596,True,True,True,0.8413001912045889,0.9598470363288719,0.8451242829827916,0.9541108986615678,0.8432122370936902,0.9579349904397706,0.0019120458891013214,0.7330754352030948,0.9516441005802708,0.7195357833655706,0.9458413926499033,0.7350096711798839,0.9535783365570599,0.0019342359767891004,15
4625015030,1878.0,516.45,27.5,30.1,309.7845047866381,4.130460063821841,5.736750088641446,True,True,True,0.8413001912045889,0.9598470363288719,0.8451242829827916,0.9541108986615678,0.8068833652007649,0.9483747609942639,-0.03441682600382401,0.7330754352030948,0.9516441005802708,0.7195357833655706,0.9458413926499033,0.690522243713733,0.9400386847195358,-0.042553191489361764,15
4625015031,926.0,275.022,29.7,31.1,526.9879442429273,7.02650592323903,9.759036004498652,True,True,True,0.8413001912045889,0.9598470363288719,0.8451242829827916,0.9541108986615678,0.8240917782026769,0.9579349904397706,-0.017208413001912004,0.7330754352030948,0.9516441005802708,0.7195357833655706,0.9458413926499033,0.7079303675048356,0.9458413926499033,-0.025145067698259194,15
4625015032,929.0,172.794,18.6,28.1,636.9700096008686,8.492933461344915,11.795740918534603,True,True,True,0.8413001912045889,0.9598470363288719,0.8451242829827916,0.9541108986615678,0.8068833652007649,0.9483747609942639,-0.03441682600382401,0.7330754352030948,0.9516441005802708,0.7195357833655706,0.9458413926499033,0.6943907156673114,0.9400386847195358,-0.03868471953578345,15
4625015033,1317.0,271.302,20.6,24.9,648.4732276232705,8.646309701643608,12.00876347450501,True,True,True,0.8413001912045889,0.9598470363288719,0.8451242829827916,0.9541108986615678,0.8260038240917782,0.9579349904397706,-0.015296367112810683,0.7330754352030948,0.9516441005802708,0.7195357833655706,0.9458413926499033,0.7137330754352031,0.9477756286266924,-0.01934235976789167,15
4625015034,1840.0,215.28,11.7,22.1,708.7082269718007,9.449443026290677,13.124226425403718,True,True,True,0.8413001912045889,0.9598470363288719,0.8451242829827916,0.9541108986615678,0.8317399617590823,0.9579349904397706,-0.009560229445506607,0.7330754352030948,0.9516441005802708,0.7195357833655706,0.9458413926499033,0.7176015473887815,0.9497098646034816,-0.015473887814313358,15
4625015035,1510.0,155.53000000000003,10.3,22.6,730.5234392047421,9.740312522729896,13.528211837124852,True,True,True,0.8413001912045889,0.9598470363288719,0.8451242829827916,0.9541108986615678,0.8240917782026769,0.9579349904397706,-0.017208413001912004,0.7330754352030948,0.9516441005802708,0.7195357833655706,0.9458413926499033,0.7098646034816247,0.9477756286266924,-0.023210831721470093,15
4625015036,1171.0,241.22600000000003,20.6,26.5,714.8394931148716,9.531193241531621,13.237768391016141,True,True,True,0.8413001912045889,0.9598470363288719,0.8451242829827916,0.9541108986615678,0.8240917782026769,0.9579349904397706,-0.017208413001912004,0.7330754352030948,0.9516441005802708,0.7195357833655706,0.9458413926499033,0.7098646034816247,0.9477756286266924,-0.023210831721470093,15
4625015037,1869.0,291.56399999999996,15.6,26.6,381.9984773596578,5.093313031462103,7.0740458770306995,True,True,True,0.8413001912045889,0.9598470363288719,0.8451242829827916,0.9541108986615678,0.8413001912045889,0.9579349904397706,0.0,0.7330754352030948,0.9516441005802708,0.7195357833655706,0.9458413926499033,0.7292069632495164,0.9535783365570599,-0.003868471953578423,15
4625015038,2242.0,186.086,8.3,26.0,875.8010546943175,11.677347395924233,16.218538049894768,True,False,False,0.8413001912045889,0.9598470363288719,0.8451242829827916,0.9541108986615678,0.8355640535372849,0.9579349904397706,-0.005736137667303964,0.7330754352030948,0.9516441005802708,0.7195357833655706,0.9458413926499033,0.7253384912959381,0.9516441005802708,-0.007736943907156735,15
4625015039,1294.0,260.094,20.1,27.8,850.5840981685261,11.341121308913682,15.751557373491226,True,False,False,0.8413001912045889,0.9598470363288719,0.8451242829827916,0.9541108986615678,0.8164435946462715,0.9541108986615678,-0.0248565965583174,0.7330754352030948,0.9516441005802708,0.7195357833655706,0.9458413926499033,0.7021276595744681,0.9458413926499033,-0.030947775628626717,15
4625015040,1525.0,135.725,8.9,25.0,654.9634974782061,8.73284663304275,12.128953657003818,True,True,True,0.8413001912045889,0.9598470363288719,0.8451242829827916,0.9541108986615678,0.8260038240917782,0.9579349904397706,-0.015296367112810683,0.7330754352030948,0.9516441005802708,0.7195357833655706,0.9458413926499033,0.7117988394584139,0.9477756286266924,-0.021276595744680882,15
4625016001,1694.0,372.68,22.0,28.6,755.8518297415798,10.078024396554396,13.997256106325551,True,True,True,0.8413001912045889,0.9598470363288719,0.8451242829827916,0.9541108986615678,0.8126195028680688,0.9502868068833652,-0.028680688336520044,0.7330754352030948,0.9516441005802708,0.7195357833655706,0.9458413926499033,0.6924564796905223,0.9439071566731141,-0.04061895551257255,16
4625016002,1935.0,410.22,21.2,29.7,463.6430114661989,6.18190681954932,8.585981693818498,True,True,True,0.8413001912045889,0.9598470363288719,0.8451242829827916,0.9541108986615678,0.8068833652007649,0.9464627151051626,-0.03441682600382401,0.7330754352030948,0.9516441005802708,0.7195357833655706,0.9458413926499033,0.6866537717601547,0.9400386847195358,-0.046421663442940075,16
4625016003,1953.0,408.17699999999996,20.9,27.1,496.0019918150613,6.613359890867484,9.185222070649282,True,True,True,0.8413001912045889,0.9598470363288719,0.8451242829827916,0.9541108986615678,0.8107074569789675,0.9483747609942639,-0.030592734225621365,0.7330754352030948,0.9516441005802708,0.7195357833655706,0.9458413926499033,0.688588007736944,0.9400386847195358,-0.044487427466150864,16
4625016004,844.0,130.82,15.5,35.0,558.8770840437971,7.451694453917296,10.349575630440688,True,True,True,0.8413001912045889,0.9598470363288719,0.8451242829827916,0.9541108986615678,0.8126195028680688,0.9483747609942639,-0.028680688336520044,0.7330754352030948,0.9516441005802708,0.7195357833655706,0.9458413926499033,0.688588007736944,0.941972920696325,-0.044487427466150864,16
4625016005,1700.0,300.9,17.7,26.2,745.9666102888841,9.946221470518454,13.814196486831186,True,True,True,0.8413001912045889,0.9598470363288719,0.8451242829827916,0.9541108986615678,0.8145315487571702,0.9521988527724665,-0.026768642447418722,0.7330754352030948,0.9516441005802708,0.7195357833655706,0.9458413926499033,0.6924564796905223,0.9458413926499033,-0.04061895551257255,16
4625016006,1934.0,404.20599999999996,20.9,29.0,517.1279031006978,6.895038708009305,9.576442650012922,True,True,True,0.8413001912045889,0.9598470363288719,0.8451242829827916,0.9541108986615678,0.8049713193116634,0.9445506692160612,-0.03632887189292544,0.7330754352030948,0.9516441005802708,0.7195357833655706,0.9458413926499033,0.6866537717601547,0.9323017408123792,-0.046421663442940075,16
4625016008,1721.0,263.31300000000005,15.3,27.8,451.78990379930207,6.023865383990694,8.366479699987075,True,True,True,0.8413001912045889,0.9598470363288719,0.8451242829827916,0.9541108986615678,0.8068833652007649,0.9464627151051626,-0.03441682600382401,0.7330754352030948,0.9516441005802708,0.7195357833655706,0.9458413926499033,0.6866537717601547,0.9361702127659575,-0.046421663442940075,16
4625016009,1333.0,186.62,14.0,26.6,622.5245526227557,8.300327368303408,11.528232455976957,True,True,True,0.8413001912045889,0.9598470363288719,0.8451242829827916,0.9541108986615678,0.8068833652007649,0.9445506692160612,-0.03441682600382401,0.7330754352030948,0.9516441005802708,0.7195357833655706,0.9458413926499033,0.6866537717601547,0.9342359767891683,-0.046421663442940075,16
4625016010,1090.0,210.37,19.3,29.6,535.6822883773456,7.142430511697941,9.92004237735825,True,True,True,0.8413001912045889,0.9598470363288719,0.8451242829827916,0.9541108986615678,0.8068833652007649,0.9464627151051626,-0.03441682600382401,0.7330754352030948,0.9516441005802708,0.7195357833655706,0.9458413926499033,0.6866537717601547,0.9361702127659575,-0.046421663442940075,16
4625016011,1456.0,269.36,18.5,28.7,331.72876366012105,4.423050182134947,6.143125252965205,True,True,True,0.8413001912045889,0.9598470363288719,0.8451242829827916,0.9541108986615678,0.8068833652007649,0.9464627151051626,-0.03441682600382401,0.7330754352030948,0.9516441005802708,0.7195357833655706,0.9458413926499033,0.688588007736944,0.9400386847195358,-0.044487427466150864,16
4625016012,1004.0,175.7,17.5,23.8,310.0914505850688,4.134552674467584,5.742434270093867,True,True,True,0.8413001912045889,0.9598470363288719,0.8451242829827916,0.9541108986615678,0.8107074569789675,0.9483747609942639,-0.030592734225621365,0.7330754352030948,0.9516441005802708,0.7195357833655706,0.9458413926499033,0.688588007736944,0.9400386847195358,-0.044487427466150864,16
4625016013,1369.0,279.276,20.4,29.1,500.5034886948731,6.6733798492649745,9.268583123979132,True,True,True,0.8413001912045889,0.9598470363288719,0.8451242829827916,0.9541108986615678,0.8126195028680688,0.9521988527724665,-0.028680688336520044,0.7330754352030948,0.9516441005802708,0.7195357833655706,0.9458413926499033,0.6924564796905223,0.9439071566731141,-0.04061895551257255,16
4625016014,1377.0,337.365,24.5,20.8,554.754992630298,7.3967332350706405,10.273240604264778,True,True,True,0.8413001912045889,0.9598470363288719,0.8451242829827916,0.9541108986615678,0.8126195028680688,0.9521988527724665,-0.028680688336520044,0.7330754352030948,0.9516441005802708,0.7195357833655706,0.9458413926499033,0.6924564796905223,0.9458413926499033,-0.04061895551257255,16
4625016015,1446.0,455.49,31.5,21.9,231.96028928875023,3.0928038571833363,4.295560912754634,True,True,True,0.8413001912045889,0.9598470363288719,0.8451242829827916,0.9541108986615678,0.8068833652007649,0.9483747609942639,-0.03441682600382401,0.7330754352030948,0.9516441005802708,0.7195357833655706,0.9458413926499033,0.688588007736944,0.9400386847195358,-0.044487427466150864,16
4625016016,1335.0,435.21,32.6,27.0,240.20989632850163,3.202798617713355,4.448331413490771,True,True,True,0.8413001912045889,0.9598470363288719,0.8451242829827916,0.9541108986615678,0.8068833652007649,0.9483747609942639,-0.03441682600382401,0.7330754352030948,0.9516441005802708,0.7195357833655706,0.9458413926499033,0.6866537717601547,0.9400386847195358,-0.046421663442940075,16
4625016018,898.0,233.48,26.0,24.9,130.59962789357857,1.741328371914381,2.4185116276588627,True,True,True,0.8413001912045889,0.9598470363288719,0.8451242829827916,0.9541108986615678,0.8087954110898662,0.9502868068833652,-0.03250478011472269,0.7330754352030948,0.9516441005802708,0.7195357833655706,0.9458413926499033,0.688588007736944,0.941972920696325,-0.044487427466150864,16
4625016019,1816.0,177.96800000000002,9.8,32.7,679.237601760035,9.056501356800466,12.578474106667313,True,True,True,0.8413001912045889,0.9598470363288719,0.8451242829827916,0.9541108986615678,0.8126195028680688,0.9502868068833652,-0.028680688336520044,0.7330754352030948,0.9516441005802708,0.7195357833655706,0.9458413926499033,0.6924564796905223,0.9458413926499033,-0.04061895551257255,16
4625016020,1569.0,335.76599999999996,21.4,26.8,1056.392486590234,14.085233154536455,19.562823825745074,True,False,False,0.8413001912045889,0.9598470363288719,0.8451242829827916,0.9541108986615678,0.8202676864244742,0.9541108986615678,-0.021032504780114647,0.7330754352030948,0.9516441005802708,0.7195357833655706,0.9458413926499033,0.6963249516441006,0.9458413926499033,-0.03675048355899424,16
4625016021,1331.0,319.44,24.0,24.9,916.044099505755,12.2139213267434,16.963779620476945,True,False,False,0.8413001912045889,0.9598470363288719,0.8451242829827916,0.9541108986615678,0.8164435946462715,0.9541108986615678,-0.0248565965583174,0.7330754352030948,0.9516441005802708,0.7195357833655706,0.9458413926499033,0.6963249516441006,0.9458413926499033,-0.03675048355899424,16
4625016022,1058.0,208.426,19.7,29.0,747.6244648886403,9.968326198515204,13.844897497937783,True,True,True,0.8413001912045889,0.9598470363288719,0.8451242829827916,0.9541108986615678,0.8145315487571702,0.9521988527724665,-0.026768642447418722,0.7330754352030948,0.9516441005802708,0.7195357833655706,0.9458413926499033,0.6963249516441006,0.9458413926499033,-0.03675048355899424,16
4625016023,2386.0,384.1460000000001,16.1,24.3,2677.1733222758344,35.69564429701112,49.57728374584879,False,False,False,0.8413001912045889,0.9598470363288719,0.8451242829827916,0.9541108986615678,0.8260038240917782,0.9541108986615678,-0.015296367112810683,0.7330754352030948,0.9516441005802708,0.7195357833655706,0.9458413926499033,0.7059961315280464,0.9477756286266924,-0.027079303675048405,16
4625016024,1393.0,352.42900000000003,25.3,24.3,84.35201162415069,1.1246934883220092,1.562074289336124,True,True,True,0.8413001912045889,0.9598470363288719,0.8451242829827916,0.9541108986615678,0.8068833652007649,0.9483747609942639,-0.03441682600382401,0.7330754352030948,0.9516441005802708,0.7195357833655706,0.9458413926499033,0.690522243713733,0.9400386847195358,-0.042553191489361764,16
4625016025,1245.0,271.41,21.8,28.4,173.65432912952497,2.3153910550603327,3.215820909806018,True,True,True,0.8413001912045889,0.9598470363288719,0.8451242829827916,0.9541108986615678,0.8068833652007649,0.9464627151051626,-0.03441682600382401,0.7330754352030948,0.9516441005802708,0.7195357833655706,0.9458413926499033,0.688588007736944,0.9400386847195358,-0.044487427466150864,16
4625016026,1400.0,362.6,25.9,26.3,310.702801030541,4.142704013740547,5.753755574639649,True,True,True,0.8413001912045889,0.9598470363288719,0.8451242829827916,0.9541108986615678,0.8126195028680688,0.9521988527724665,-0.028680688336520044,0.7330754352030948,0.9516441005802708,0.7195357833655706,0.9458413926499033,0.6924564796905223,0.9439071566731141,-0.04061895551257255,16
4625016027,1319.0,357.449,27.1,34.4,420.0729270579177,5.600972360772236,7.779128278850327,True,True,True,0.8413001912045889,0.9598470363288719,0.8451242829827916,0.9541108986615678,0.8107074569789675,0.9464627151051626,-0.030592734225621365,0.7330754352030948,0.9516441005802708,0.7195357833655706,0.9458413926499033,0.688588007736944,0.9400386847195358,-0.044487427466150864,16
4625016028,1390.0,351.67,25.3,28.2,604.0246449166145,8.053661932221527,11.1856415725299,True,True,True,0.8413001912045889,0.9598470363288719,0.8451242829827916,0.9541108986615678,0.8107074569789675,0.9483747609942639,-0.030592734225621365,0.7330754352030948,0.9516441005802708,0.7195357833655706,0.9458413926499033,0.688588007736944,0.9400386847195358,-0.044487427466150864,16
4625016029,1847.0,90.50300000000001,4.9,21.9,337.8713298336575,4.5049510644487665,6.2568764784010655,True,True,True,0.8413001912045889,0.9598470363288719,0.8451242829827916,0.9541108986615678,0.8087954110898662,0.9502868068833652,-0.03250478011472269,0.7330754352030948,0.9516441005802708,0.7195357833655706,0.9458413926499033,0.6943907156673114,0.941972920696325,-0.03868471953578345,16
4625016030,1980.0,209.88,10.6,23.7,374.46042967081553,4.992805728944207,6.934452401311399,True,True,True,0.8413001912045889,0.9598470363288719,0.8451242829827916,0.9541108986615678,0.8068833652007649,0.9483747609942639,-0.03441682600382401,0.7330754352030948,0.9516441005802708,0.7195357833655706,0.9458413926499033,0.690522243713733,0.941972920696325,-0.042553191489361764,16
4625016031,1537.0,325.844,21.2,31.9,358.06802930307003,4.7742403907076,6.630889431538334,True,True,True,0.8413001912045889,0.9598470363288719,0.8451242829827916,0.9541108986615678,0.8068833652007649,0.9464627151051626,-0.03441682600382401,0.7330754352030948,0.9516441005802708,0.7195357833655706,0.9458413926499033,0.6866537717601547,0.9400386847195358,-0.046421663442940075,16
4625016032,2679.0,176.81399999999996,6.6,29.3,695.5243759304019,9.273658345738692,12.880081035748184,True,True,True,0.8413001912045889,0.9598470363288719,0.8451242829827916,0.9541108986615678,0.8145315487571702,0.9521988527724665,-0.026768642447418722,0.7330754352030948,0.9516441005802708,0.7195357833655706,0.9458413926499033,0.6943907156673114,0.9458413926499033,-0.03868471953578345,16
4625017001,1437.0,326.19899999999996,22.7,32.3,1794.7808350828582,23.930411134438106,33.23668213116404,False,False,False,0.8413001912045889,0.9598470363288719,0.8451242829827916,0.9541108986615678,0.847036328871893,0.9598470363288719,0.005736137667304075,0.7330754352030948,0.9516441005802708,0.7195357833655706,0.9458413926499033,0.746615087040619,0.9535783365570599,0.013539651837524147,17
4625017002,691.0,134.054,19.4,26.2,2144.6822953407286,28.59576393787638,39.71633880260608,False,False,False,0.8413001912045889,0.9598470363288719,0.8451242829827916,0.9541108986615678,0.8260038240917782,0.9579349904397706,-0.015296367112810683,0.7330754352030948,0.9516441005802708,0.7195357833655706,0.9458413926499033,0.7059961315280464,0.9477756286266924,-0.027079303675048405,17
4625017003,1206.0,328.032,27.2,27.6,1479.983623157961,19.73311497543948,27.40710413255483,False,False,False,0.8413001912045889,0.9598470363288719,0.8451242829827916,0.9541108986615678,0.8298279158699808,0.9579349904397706,-0.01147227533460804,0.7330754352030948,0.9516441005802708,0.7195357833655706,0.9458413926499033,0.7156673114119922,0.9497098646034816,-0.01740812379110257,17
4625017006,2569.0,357.091,13.9,22.1,2686.402572044775,35.818700960597,49.74819577860694,False,False,False,0.8413001912045889,0.9598470363288719,0.8451242829827916,0.9541108986615678,0.8355640535372849,0.9579349904397706,-0.005736137667303964,0.7330754352030948,0.9516441005802708,0.7195357833655706,0.9458413926499033,0.723404255319149,0.9516441005802708,-0.009671179883945835,17
4625017007,739.0,175.143,23.7,29.0,3279.719141567126,43.72958855422835,60.73553965865048,False,False,False,0.8413001912045889,0.9598470363288719,0.8451242829827916,0.9541108986615678,0.8298279158699808,0.9579349904397706,-0.01147227533460804,0.7330754352030948,0.9516441005802708,0.7195357833655706,0.9458413926499033,0.7117988394584139,0.9497098646034816,-0.021276595744680882,17
4625018001,1520.0,320.72,21.1,24.9,197.45222713269726,2.632696361769297,3.6565227246795784,True,True,True,0.8413001912045889,0.9598470363288719,0.8451242829827916,0.9541108986615678,0.8298279158699808,0.9560229445506692,-0.01147227533460804,0.7330754352030948,0.9516441005802708,0.7195357833655706,0.9458413926499033,0.7059961315280464,0.9477756286266924,-0.027079303675048405,18
4625018002,1071.0,220.62600000000003,20.6,28.0,262.85149391354133,3.5046865855138845,4.867620257658173,True,True,True,0.8413001912045889,0.9598470363288719,0.8451242829827916,0.9541108986615678,0.8298279158699808,0.9560229445506692,-0.01147227533460804,0.7330754352030948,0.9516441005802708,0.7195357833655706,0.9458413926499033,0.7059961315280464,0.9477756286266924,-0.027079303675048405,18
4625018003,1005.0,256.275,25.5,22.1,751.3018407306597,10.017357876408797,13.912997050567773,True,True,True,0.8413001912045889,0.9598470363288719,0.8451242829827916,0.9541108986615678,0.8298279158699808,0.9560229445506692,-0.01147227533460804,0.7330754352030948,0.9516441005802708,0.7195357833655706,0.9458413926499033,0.7098646034816247,0.9477756286266924,-0.023210831721470093,18
4625018004,2391.0,466.245,19.5,26.0,2029.2632134275668,27.056842845700892,37.578948396806794,False,False,False,0.8413001912045889,0.9598470363288719,0.8451242829827916,0.9541108986615678,0.8260038240917782,0.9541108986615678,-0.015296367112810683,0.7330754352030948,0.9516441005802708,0.7195357833655706,0.9458413926499033,0.7059961315280464,0.9458413926499033,-0.027079303675048405,18
4625018005,1255.0,248.49,19.8,31.7,534.1415549298057,7.121887399064076,9.891510276477883,True,True,True,0.8413001912045889,0.9598470363288719,0.8451242829827916,0.9541108986615678,0.8298279158699808,0.9560229445506692,-0.01147227533460804,0.7330754352030948,0.9516441005802708,0.7195357833655706,0.9458413926499033,0.7059961315280464,0.9477756286266924,-0.027079303675048405,18
4625018006,1451.0,281.49399999999997,19.4,28.9,581.3275534856532,7.751034046475376,10.765325064549133,True,True,True,0.8413001912045889,0.9598470363288719,0.8451242829827916,0.9541108986615678,0.8298279158699808,0.9560229445506692,-0.01147227533460804,0.7330754352030948,0.9516441005802708,0.7195357833655706,0.9458413926499033,0.7059961315280464,0.9477756286266924,-0.027079303675048405,18
4625018007,1764.0,252.252,14.3,31.4,1257.472722150577,16.766302962007693,23.286531891677352,False,False,False,0.8413001912045889,0.9598470363288719,0.8451242829827916,0.9541108986615678,0.8298279158699808,0.9560229445506692,-0.01147227533460804,0.7330754352030948,0.9516441005802708,0.7195357833655706,0.9458413926499033,0.7098646034816247,0.9477756286266924,-0.023210831721470093,18
4625018008,1971.0,374.49,19.0,27.6,440.08201714259917,5.867760228567989,8.149666984122208,True,True,True,0.8413001912045889,0.9598470363288719,0.8451242829827916,0.9541108986615678,0.8298279158699808,0.9560229445506692,-0.01147227533460804,0.7330754352030948,0.9516441005802708,0.7195357833655706,0.9458413926499033,0.7059961315280464,0.9477756286266924,-0.027079303675048405,18
4625018009,1610.0,333.27,20.7,25.5,588.4362108365145,7.845816144486861,10.896966867342861,True,True,True,0.8413001912045889,0.9598470363288719,0.8451242829827916,0.9541108986615678,0.8298279158699808,0.9560229445506692,-0.01147227533460804,0.7330754352030948,0.9516441005802708,0.7195357833655706,0.9458413926499033,0.7098646034816247,0.9477756286266924,-0.023210831721470093,18
4625018010,1039.0,187.02,18.0,25.1,81.95550594090467,1.0927400792120623,1.5176945544611975,True,True,True,0.8413001912045889,0.9598470363288719,0.8451242829827916,0.9541108986615678,0.8298279158699808,0.9560229445506692,-0.01147227533460804,0.7330754352030948,0.9516441005802708,0.7195357833655706,0.9458413926499033,0.7059961315280464,0.9477756286266924,-0.027079303675048405,18
4625019001,1356.0,283.404,20.9,26.4,1442.7243664339985,19.236324885786647,26.7171178969259,False,False,False,0.8413001912045889,0.9598470363288719,0.8451242829827916,0.9541108986615678,0.858508604206501,0.9636711281070746,0.017208413001912115,0.7330754352030948,0.9516441005802708,0.7195357833655706,0.9458413926499033,0.7601547388781431,0.9555125725338491,0.027079303675048294,19
4625019002,717.0,184.98600000000002,25.8,29.7,1002.2503400644222,13.363337867525628,18.560191482674487,True,False,False,0.8413001912045889,0.9598470363288719,0.8451242829827916,0.9541108986615678,0.8738049713193117,0.9694072657743786,0.0325047801147228,0.7330754352030948,0.9516441005802708,0.7195357833655706,0.9458413926499033,0.7659574468085106,0.9690522243713733,0.03288201160541582,19
4625019003,1686.0,347.31600000000003,20.6,26.2,545.5704356497188,7.2742724753295835,10.103156215735533,True,True,True,0.8413001912045889,0.9598470363288719,0.8451242829827916,0.9541108986615678,0.8738049713193117,0.9674952198852772,0.0325047801147228,0.7330754352030948,0.9516441005802708,0.7195357833655706,0.9458413926499033,0.7620889748549323,0.9632495164410058,0.029013539651837505,19
4625019004,1189.0,278.226,23.4,26.8,50.359169926911314,0.6714555990254841,0.932577220868728,True,True,True,0.8413001912045889,0.9598470363288719,0.8451242829827916,0.9541108986615678,0.8738049713193117,0.9694072657743786,0.0325047801147228,0.7330754352030948,0.9516441005802708,0.7195357833655706,0.9458413926499033,0.7659574468085106,0.9690522243713733,0.03288201160541582,19
4625019005,2224.0,502.624,22.6,22.5,1799.6954772715756,23.99593969695434,33.32769402354769,False,False,False,0.8413001912045889,0.9598470363288719,0.8451242829827916,0.9541108986615678,0.875717017208413,0.9694072657743786,0.03441682600382412,0.7330754352030948,0.9516441005802708,0.7195357833655706,0.9458413926499033,0.7659574468085106,0.9690522243713733,0.03288201160541582,19
4625019006,1801.0,405.225,22.5,27.8,2602.85483554472,34.70473114059627,48.20101547305037,False,False,False,0.8413001912045889,0.9598470363288719,0.8451242829827916,0.9541108986615678,0.875717017208413,0.9694072657743786,0.03441682600382412,0.7330754352030948,0.9516441005802708,0.7195357833655706,0.9458413926499033,0.7736943907156673,0.9709864603481625,0.04061895551257244,19
4625019009,750.0,216.75,28.9,26.0,15202.784050867644,202.70378734490194,281.53303797903044,False,False,False,0.8413001912045889,0.9598470363288719,0.8451242829827916,0.9541108986615678,0.8565965583173997,0.9636711281070746,0.015296367112810794,0.7330754352030948,0.9516441005802708,0.7195357833655706,0.9458413926499033,0.758220502901354,0.9555125725338491,0.025145067698259194,19
4625019011,1039.0,171.435,16.5,29.7,1183.7305622387057,15.783074163182743,21.92093633775381,False,False,False,0.8413001912045889,0.9598470363288719,0.8451242829827916,0.9541108986615678,0.847036328871893,0.9598470363288719,0.005736137667304075,0.7330754352030948,0.9516441005802708,0.7195357833655706,0.9458413926499033,0.746615087040619,0.9555125725338491,0.013539651837524147,19
4625019012,2552.0,273.06399999999996,10.7,37.4,2670.614059759802,35.60818746346402,49.45581592147781,False,False,False,0.8413001912045889,0.9598470363288719,0.8451242829827916,0.9541108986615678,0.8374760994263862,0.9598470363288719,-0.003824091778202643,0.7330754352030948,0.9516441005802708,0.7195357833655706,0.9458413926499033,0.7292069632495164,0.9516441005802708,-0.003868471953578423,19
4625019013,1633.0,365.792,22.4,27.5,1119.3886343386625,14.925181791182167,20.729419154419677,True,False,False,0.8413001912045889,0.9598470363288719,0.8451242829827916,0.9541108986615678,0.8489483747609943,0.9598470363288719,0.007648183556405397,0.7330754352030948,0.9516441005802708,0.7195357833655706,0.9458413926499033,0.746615087040619,0.9555125725338491,0.013539651837524147,19
4625019014,1573.0,424.71,27.0,27.3,956.9363474191458,12.759151298921944,17.721043470724922,True,False,False,0.8413001912045889,0.9598470363288719,0.8451242829827916,0.9541108986615678,0.8508604206500956,0.9598470363288719,0.009560229445506718,0.7330754352030948,0.9516441005802708,0.7195357833655706,0.9458413926499033,0.7485493230174082,0.9555125725338491,0.015473887814313358,19
4625019015,1033.0,279.94300000000004,27.1,25.6,584.5831069168912,7.794441425558549,10.825613091053542,True,True,True,0.8413001912045889,0.9598470363288719,0.8451242829827916,0.9541108986615678,0.875717017208413,0.9694072657743786,0.03441682600382412,0.7330754352030948,0.9516441005802708,0.7195357833655706,0.9458413926499033,0.7678916827852998,0.9690522243713733,0.03481624758220503,19
4625019016,1507.0,313.456,20.8,45.4,16303.976994445491,217.38635992593987,301.92549989713876,False,False,False,0.8413001912045889,0.9598470363288719,0.8451242829827916,0.9541108986615678,0.8565965583173997,0.9636711281070746,0.015296367112810794,0.7330754352030948,0.9516441005802708,0.7195357833655706,0.9458413926499033,0.758220502901354,0.9555125725338491,0.025145067698259194,19
4625004019,1431.0,161.703,11.3,23.3,109.56928519904096,1.4609238026538796,2.0290608370192773,True,True,True,0.8413001912045889,0.9598470363288719,0.8451242829827916,0.9541108986615678,0.8298279158699808,0.9560229445506692,-0.01147227533460804,0.7330754352030948,0.9516441005802708,0.7195357833655706,0.9458413926499033,0.7137330754352031,0.9497098646034816,-0.01934235976789167,04
4625004025,1792.0,281.344,15.7,26.0,560.6988808933703,7.475985078578271,10.383312609136487,True,True,True,0.8413001912045889,0.9598470363288719,0.8451242829827916,0.9541108986615678,0.8298279158699808,0.9560229445506692,-0.01147227533460804,0.7330754352030948,0.9516441005802708,0.7195357833655706,0.9458413926499033,0.7098646034816247,0.9477756286266924,-0.023210831721470093,04
4625004030,1923.0,171.14700000000002,8.9,20.5,575.8764177159442,7.678352236212589,10.664378105850819,True,True,True,0.8413001912045889,0.9598470363288719,0.8451242829827916,0.9541108986615678,0.8260038240917782,0.9521988527724665,-0.015296367112810683,0.7330754352030948,0.9516441005802708,0.7195357833655706,0.9458413926499033,0.7001934235976789,0.9439071566731141,-0.03288201160541593,04
4625004029,1283.0,201.43099999999998,15.7,23.4,375.1795545630278,5.002394060840371,6.947769528944959,True,True,True,0.8413001912045889,0.9598470363288719,0.8451242829827916,0.9541108986615678,0.8260038240917782,0.9521988527724665,-0.015296367112810683,0.7330754352030948,0.9516441005802708,0.7195357833655706,0.9458413926499033,0.7001934235976789,0.9439071566731141,-0.03288201160541593,04
4625005041,1385.0,289.465,20.9,29.9,929.6017343610289,12.394689791480385,17.214846932611646,True,False,False,0.8413001912045889,0.9598470363288719,0.8451242829827916,0.9541108986615678,0.8087954110898662,0.9483747609942639,-0.03250478011472269,0.7330754352030948,0.9516441005802708,0.7195357833655706,0.9458413926499033,0.6963249516441006,0.941972920696325,-0.03675048355899424,05
4625005044,878.0,237.93800000000002,27.1,30.3,856.8285453466195,11.424380604621595,15.867195284196658,True,False,False,0.8413001912045889,0.9598470363288719,0.8451242829827916,0.9541108986615678,0.8107074569789675,0.9521988527724665,-0.030592734225621365,0.7330754352030948,0.9516441005802708,0.7195357833655706,0.9458413926499033,0.7001934235976789,0.9458413926499033,-0.03288201160541593,05
4625010040,1916.0,337.21600000000007,17.6,28.1,730.7459877476671,9.743279836635562,13.532333106438278,True,True,True,0.8413001912045889,0.9598470363288719,0.8451242829827916,0.9541108986615678,0.8986615678776291,0.9732313575525813,0.0573613766730402,0.7330754352030948,0.9516441005802708,0.7195357833655706,0.9458413926499033,0.781431334622824,0.9787234042553191,0.048355899419729176,10
4625010055,2578.0,152.102,5.9,30.0,1021.3656834646954,13.618209112862607,18.914179323420285,True,False,False,0.8413001912045889,0.9598470363288719,0.8451242829827916,0.9541108986615678,0.8795411089866156,0.97131931166348,0.03824091778202676,0.7330754352030948,0.9516441005802708,0.7195357833655706,0.9458413926499033,0.7736943907156673,0.9748549323017408,0.04061895551257244,10
4625012042,1492.0,177.548,11.9,24.9,764.9095073244948,10.198793430993264,14.164990876379534,True,True,True,0.8413001912045889,0.9598470363288719,0.8451242829827916,0.9541108986615678,0.9024856596558317,0.9751434034416826,0.06118546845124284,0.7330754352030948,0.9516441005802708,0.7195357833655706,0.9458413926499033,0.7949709864603481,0.9787234042553191,0.06189555125725332,12
4625012048,1670.0,225.45,13.5,21.6,1154.7719698269239,15.39695959769232,21.384666107905996,False,False,False,0.8413001912045889,0.9598470363288719,0.8451242829827916,0.9541108986615678,0.9024856596558317,0.9751434034416826,0.06118546845124284,0.7330754352030948,0.9516441005802708,0.7195357833655706,0.9458413926499033,0.7852998065764023,0.9787234042553191,0.05222437137330749,12
4625016017,1868.0,259.652,13.9,24.5,354.72587974725906,4.729678396630121,6.56899777309739,True,True,True,0.8413001912045889,0.9598470363288719,0.8451242829827916,0.9541108986615678,0.8068833652007649,0.9483747609942639,-0.03441682600382401,0.7330754352030948,0.9516441005802708,0.7195357833655706,0.9458413926499033,0.6943907156673114,0.941972920696325,-0.03868471953578345,16
4625016033,1819.0,143.701,7.9,29.4,946.654131636031,12.622055088480414,17.530632067333908,True,False,False,0.8413001912045889,0.9598470363288719,0.8451242829827916,0.9541108986615678,0.8145315487571702,0.9541108986615678,-0.026768642447418722,0.7330754352030948,0.9516441005802708,0.7195357833655706,0.9458413926499033,0.7001934235976789,0.9458413926499033,-0.03288201160541593,16
4625019007,765.0,212.67,27.8,32.0,3943.0927760629556,52.574570347506075,73.02023659375844,False,False,False,0.8413001912045889,0.9598470363288719,0.8451242829827916,0.9541108986615678,0.8738049713193117,0.9694072657743786,0.0325047801147228,0.7330754352030948,0.9516441005802708,0.7195357833655706,0.9458413926499033,0.7640232108317214,0.9671179883945842,0.030947775628626606,19
4625019008,1986.0,395.21399999999994,19.9,38.0,19735.438185790226,263.13917581053636,365.4710775146338,False,False,False,0.8413001912045889,0.9598470363288719,0.8451242829827916,0.9541108986615678,0.8565965583173997,0.9636711281070746,0.015296367112810794,0.7330754352030948,0.9516441005802708,0.7195357833655706,0.9458413926499033,0.758220502901354,0.9555125725338491,0.025145067698259194,19
4625011012,1755.0,401.895,22.9,38.3,914.7289729134831,12.196386305513107,16.939425424323762,True,False,False,0.8413001912045889,0.9598470363288719,0.8451242829827916,0.9541108986615678,0.8910133843212237,0.9732313575525813,0.0497131931166348,0.7330754352030948,0.9516441005802708,0.7195357833655706,0.9458413926499033,0.816247582205029,0.9787234042553191,0.0831721470019342,11
4625002039,1558.0,428.45,27.5,33.2,912.0801777496835,12.161069036662445,16.890373662031173,True,False,False,0.8413001912045889,0.9598470363288719,0.8451242829827916,0.9541108986615678,0.8432122370936902,0.9598470363288719,0.0019120458891013214,0.7330754352030948,0.9516441005802708,0.7195357833655706,0.9458413926499033,0.7311411992263056,0.9516441005802708,-0.0019342359767892114,02
4625007027,3664.0,527.616,14.4,30.2,564.5094936194672,7.526793248259563,10.453879511471616,True,True,True,0.8413001912045889,0.9598470363288719,0.8451242829827916,0.9541108986615678,0.8432122370936902,0.9579349904397706,0.0019120458891013214,0.7330754352030948,0.9516441005802708,0.7195357833655706,0.9458413926499033,0.7272727272727273,0.9497098646034816,-0.005802707930367523,07
4625008001,1881.0,411.93899999999996,21.9,37.1,755.5923267811045,10.074564357081393,13.992450495946379,True,True,True,0.8413001912045889,0.9598470363288719,0.8451242829827916,0.9541108986615678,0.8298279158699808,0.9560229445506692,-0.01147227533460804,0.7330754352030948,0.9516441005802708,0.7195357833655706,0.9458413926499033,0.7117988394584139,0.9477756286266924,-0.021276595744680882,08
4625011028,1466.0,322.52,22.0,35.1,737.848605469161,9.837981406255482,13.663863064243722,True,True,True,0.8413001912045889,0.9598470363288719,0.8451242829827916,0.9541108986615678,0.892925430210325,0.9732313575525813,0.05162523900573612,0.7330754352030948,0.9516441005802708,0.7195357833655706,0.9458413926499033,0.8278529980657641,0.9806576402321083,0.09477756286266925,11
4625010043,2432.0,362.36800000000005,14.9,25.4,952.8001066246596,12.704001421662129,17.64444641897518,True,False,False,0.8413001912045889,0.9598470363288719,0.8451242829827916,0.9541108986615678,0.8738049713193117,0.9674952198852772,0.0325047801147228,0.7330754352030948,0.9516441005802708,0.7195357833655706,0.9458413926499033,0.7620889748549323,0.9613152804642167,0.029013539651837505,10
4625010039,1949.0,76.011,3.9,24.8,1612.5086265342766,21.50011502045702,29.86127086174586,False,False,False,0.8413001912045889,0.9598470363288719,0.8451242829827916,0.9541108986615678,0.8604206500956023,0.9655831739961759,0.019120458891013437,0.7330754352030948,0.9516441005802708,0.7195357833655706,0.9458413926499033,0.7620889748549323,0.9555125725338491,0.029013539651837505,10
4625010051,1340.0,234.5,17.5,28.3,522.5290051094166,6.967053401458888,9.67646305758179,True,True,True,0.8413001912045889,0.9598470363288719,0.8451242829827916,0.9541108986615678,0.858508604206501,0.9636711281070746,0.017208413001912115,0.7330754352030948,0.9516441005802708,0.7195357833655706,0.9458413926499033,0.758220502901354,0.9555125725338491,0.025145067698259194,10
4625010028,1281.0,338.184,26.4,28.8,207.3651946563164,2.7648692620842183,3.8400961973391925,True,True,True,0.8413001912045889,0.9598470363288719,0.8451242829827916,0.9541108986615678,0.858508604206501,0.9636711281070746,0.017208413001912115,0.7330754352030948,0.9516441005802708,0.7195357833655706,0.9458413926499033,0.7524177949709865,0.9555125725338491,0.01934235976789167,10
4625009038,2230.0,254.22,11.4,30.1,465.2572240035955,6.203429653381274,8.615874518585104,True,True,True,0.8413001912045889,0.9598470363288719,0.8451242829827916,0.9541108986615678,0.8489483747609943,0.9598470363288719,0.007648183556405397,0.7330754352030948,0.9516441005802708,0.7195357833655706,0.9458413926499033,0.746615087040619,0.9555125725338491,0.013539651837524147,09
4625010048,2154.0,454.494,21.1,24.1,580.5992829713591,7.741323772951455,10.751838573543688,True,True,True,0.8413001912045889,0.9598470363288719,0.8451242829827916,0.9541108986615678,0.858508604206501,0.9636711281070746,0.017208413001912115,0.7330754352030948,0.9516441005802708,0.7195357833655706,0.9458413926499033,0.7543520309477756,0.9555125725338491,0.02127659574468077,10
